warning: rellich-kondrachov: repository 'E:\codex-build\RH-Zero-Free-Formalization\tmp\upstream-plain\.lake/packages\rellich-kondrachov' has local changes
OAI.SevenEighths.SourcePlainMarkedUniversalLowKappa.exists_source_slots_and_universal_plain_marked : ∀
  (M :
    @Ideal.{0} OAI.SevenEighths.HeckeFamily.O
      (@CommSemiring.toSemiring.{0} OAI.SevenEighths.HeckeFamily.O
        (@CommRing.toCommSemiring.{0} OAI.SevenEighths.HeckeFamily.O
          (@NumberField.instCommRingRingOfIntegers.{0} OAI.SevenEighths.HeckeFamily.K
            (@CyclotomicField.instField.{0} (@OfNat.ofNat.{0} Nat (nat_lit 3) (instOfNatNat (nat_lit 3))) Rat
              Rat.instField)))))
  [inst :
    @NeZero.{0}
      (@Ideal.{0} OAI.SevenEighths.HeckeFamily.O
        (@CommSemiring.toSemiring.{0} OAI.SevenEighths.HeckeFamily.O
          (@CommRing.toCommSemiring.{0} OAI.SevenEighths.HeckeFamily.O
            (@NumberField.instCommRingRingOfIntegers.{0} OAI.SevenEighths.HeckeFamily.K
              (@CyclotomicField.instField.{0} (@OfNat.ofNat.{0} Nat (nat_lit 3) (instOfNatNat (nat_lit 3))) Rat
                Rat.instField)))))
      (@Submodule.pointwiseZero.{0, 0} OAI.SevenEighths.HeckeFamily.O OAI.SevenEighths.HeckeFamily.O
        (@CommSemiring.toSemiring.{0} OAI.SevenEighths.HeckeFamily.O
          (@CommRing.toCommSemiring.{0} OAI.SevenEighths.HeckeFamily.O
            (@NumberField.instCommRingRingOfIntegers.{0} OAI.SevenEighths.HeckeFamily.K
              (@CyclotomicField.instField.{0} (@OfNat.ofNat.{0} Nat (nat_lit 3) (instOfNatNat (nat_lit 3))) Rat
                Rat.instField))))
        (@Semiring.toAddCommMonoid.{0} OAI.SevenEighths.HeckeFamily.O
          (@CommSemiring.toSemiring.{0} OAI.SevenEighths.HeckeFamily.O
            (@CommRing.toCommSemiring.{0} OAI.SevenEighths.HeckeFamily.O
              (@NumberField.instCommRingRingOfIntegers.{0} OAI.SevenEighths.HeckeFamily.K
                (@CyclotomicField.instField.{0} (@OfNat.ofNat.{0} Nat (nat_lit 3) (instOfNatNat (nat_lit 3))) Rat
                  Rat.instField)))))
        (@Semiring.toModule.{0} OAI.SevenEighths.HeckeFamily.O
          (@CommSemiring.toSemiring.{0} OAI.SevenEighths.HeckeFamily.O
            (@CommRing.toCommSemiring.{0} OAI.SevenEighths.HeckeFamily.O
              (@NumberField.instCommRingRingOfIntegers.{0} OAI.SevenEighths.HeckeFamily.K
                (@CyclotomicField.instField.{0} (@OfNat.ofNat.{0} Nat (nat_lit 3) (instOfNatNat (nat_lit 3))) Rat
                  Rat.instField))))))
      M]
  (H :
    @Subgroup.{0}
      (@Units.{0}
        (@HasQuotient.Quotient.{0, 0} OAI.SevenEighths.HeckeFamily.O
          (@Ideal.{0} OAI.SevenEighths.HeckeFamily.O
            (@CommSemiring.toSemiring.{0} OAI.SevenEighths.HeckeFamily.O
              (@CommRing.toCommSemiring.{0} OAI.SevenEighths.HeckeFamily.O
                (@NumberField.instCommRingRingOfIntegers.{0} OAI.SevenEighths.HeckeFamily.K
                  (@CyclotomicField.instField.{0} (@OfNat.ofNat.{0} Nat (nat_lit 3) (instOfNatNat (nat_lit 3))) Rat
                    Rat.instField)))))
          (@Ideal.instHasQuotient_1.{0} OAI.SevenEighths.HeckeFamily.O
            (@NumberField.instCommRingRingOfIntegers.{0} OAI.SevenEighths.HeckeFamily.K
              (@CyclotomicField.instField.{0} (@OfNat.ofNat.{0} Nat (nat_lit 3) (instOfNatNat (nat_lit 3))) Rat
                Rat.instField)))
          M)
        (@Semiring.toMonoid.{0}
          (@HasQuotient.Quotient.{0, 0} OAI.SevenEighths.HeckeFamily.O
            (@Ideal.{0} OAI.SevenEighths.HeckeFamily.O
              (@CommSemiring.toSemiring.{0} OAI.SevenEighths.HeckeFamily.O
                (@CommRing.toCommSemiring.{0} OAI.SevenEighths.HeckeFamily.O
                  (@NumberField.instCommRingRingOfIntegers.{0} OAI.SevenEighths.HeckeFamily.K
                    (@CyclotomicField.instField.{0} (@OfNat.ofNat.{0} Nat (nat_lit 3) (instOfNatNat (nat_lit 3))) Rat
                      Rat.instField)))))
            (@Ideal.instHasQuotient_1.{0} OAI.SevenEighths.HeckeFamily.O
              (@NumberField.instCommRingRingOfIntegers.{0} OAI.SevenEighths.HeckeFamily.K
                (@CyclotomicField.instField.{0} (@OfNat.ofNat.{0} Nat (nat_lit 3) (instOfNatNat (nat_lit 3))) Rat
                  Rat.instField)))
            M)
          (@Ideal.Quotient.semiring.{0} OAI.SevenEighths.HeckeFamily.O
            (@NumberField.instCommRingRingOfIntegers.{0} OAI.SevenEighths.HeckeFamily.K
              (@CyclotomicField.instField.{0} (@OfNat.ofNat.{0} Nat (nat_lit 3) (instOfNatNat (nat_lit 3))) Rat
                Rat.instField))
            M)))
      (@Units.instGroup.{0}
        (@HasQuotient.Quotient.{0, 0} OAI.SevenEighths.HeckeFamily.O
          (@Ideal.{0} OAI.SevenEighths.HeckeFamily.O
            (@CommSemiring.toSemiring.{0} OAI.SevenEighths.HeckeFamily.O
              (@CommRing.toCommSemiring.{0} OAI.SevenEighths.HeckeFamily.O
                (@NumberField.instCommRingRingOfIntegers.{0} OAI.SevenEighths.HeckeFamily.K
                  (@CyclotomicField.instField.{0} (@OfNat.ofNat.{0} Nat (nat_lit 3) (instOfNatNat (nat_lit 3))) Rat
                    Rat.instField)))))
          (@Ideal.instHasQuotient_1.{0} OAI.SevenEighths.HeckeFamily.O
            (@NumberField.instCommRingRingOfIntegers.{0} OAI.SevenEighths.HeckeFamily.K
              (@CyclotomicField.instField.{0} (@OfNat.ofNat.{0} Nat (nat_lit 3) (instOfNatNat (nat_lit 3))) Rat
                Rat.instField)))
          M)
        (@Semiring.toMonoid.{0}
          (@HasQuotient.Quotient.{0, 0} OAI.SevenEighths.HeckeFamily.O
            (@Ideal.{0} OAI.SevenEighths.HeckeFamily.O
              (@CommSemiring.toSemiring.{0} OAI.SevenEighths.HeckeFamily.O
                (@CommRing.toCommSemiring.{0} OAI.SevenEighths.HeckeFamily.O
                  (@NumberField.instCommRingRingOfIntegers.{0} OAI.SevenEighths.HeckeFamily.K
                    (@CyclotomicField.instField.{0} (@OfNat.ofNat.{0} Nat (nat_lit 3) (instOfNatNat (nat_lit 3))) Rat
                      Rat.instField)))))
            (@Ideal.instHasQuotient_1.{0} OAI.SevenEighths.HeckeFamily.O
              (@NumberField.instCommRingRingOfIntegers.{0} OAI.SevenEighths.HeckeFamily.K
                (@CyclotomicField.instField.{0} (@OfNat.ofNat.{0} Nat (nat_lit 3) (instOfNatNat (nat_lit 3))) Rat
                  Rat.instField)))
            M)
          (@Ideal.Quotient.semiring.{0} OAI.SevenEighths.HeckeFamily.O
            (@NumberField.instCommRingRingOfIntegers.{0} OAI.SevenEighths.HeckeFamily.K
              (@CyclotomicField.instField.{0} (@OfNat.ofNat.{0} Nat (nat_lit 3) (instOfNatNat (nat_lit 3))) Rat
                Rat.instField))
            M))))
  (hH :
    @LE.le.{0}
      (@Subgroup.{0}
        (@Units.{0}
          (@HasQuotient.Quotient.{0, 0} OAI.SevenEighths.HeckeFamily.O
            (@Ideal.{0} OAI.SevenEighths.HeckeFamily.O
              (@CommSemiring.toSemiring.{0} OAI.SevenEighths.HeckeFamily.O
                (@CommRing.toCommSemiring.{0} OAI.SevenEighths.HeckeFamily.O
                  (@NumberField.instCommRingRingOfIntegers.{0} OAI.SevenEighths.HeckeFamily.K
                    (@CyclotomicField.instField.{0} (@OfNat.ofNat.{0} Nat (nat_lit 3) (instOfNatNat (nat_lit 3))) Rat
                      Rat.instField)))))
            (@Ideal.instHasQuotient_1.{0} OAI.SevenEighths.HeckeFamily.O
              (@NumberField.instCommRingRingOfIntegers.{0} OAI.SevenEighths.HeckeFamily.K
                (@CyclotomicField.instField.{0} (@OfNat.ofNat.{0} Nat (nat_lit 3) (instOfNatNat (nat_lit 3))) Rat
                  Rat.instField)))
            M)
          (@Semiring.toMonoid.{0}
            (@HasQuotient.Quotient.{0, 0} OAI.SevenEighths.HeckeFamily.O
              (@Ideal.{0} OAI.SevenEighths.HeckeFamily.O
                (@CommSemiring.toSemiring.{0} OAI.SevenEighths.HeckeFamily.O
                  (@CommRing.toCommSemiring.{0} OAI.SevenEighths.HeckeFamily.O
                    (@NumberField.instCommRingRingOfIntegers.{0} OAI.SevenEighths.HeckeFamily.K
                      (@CyclotomicField.instField.{0} (@OfNat.ofNat.{0} Nat (nat_lit 3) (instOfNatNat (nat_lit 3))) Rat
                        Rat.instField)))))
              (@Ideal.instHasQuotient_1.{0} OAI.SevenEighths.HeckeFamily.O
                (@NumberField.instCommRingRingOfIntegers.{0} OAI.SevenEighths.HeckeFamily.K
                  (@CyclotomicField.instField.{0} (@OfNat.ofNat.{0} Nat (nat_lit 3) (instOfNatNat (nat_lit 3))) Rat
                    Rat.instField)))
              M)
            (@Ideal.Quotient.semiring.{0} OAI.SevenEighths.HeckeFamily.O
              (@NumberField.instCommRingRingOfIntegers.{0} OAI.SevenEighths.HeckeFamily.K
                (@CyclotomicField.instField.{0} (@OfNat.ofNat.{0} Nat (nat_lit 3) (instOfNatNat (nat_lit 3))) Rat
                  Rat.instField))
              M)))
        (@Units.instGroup.{0}
          (@HasQuotient.Quotient.{0, 0} OAI.SevenEighths.HeckeFamily.O
            (@Ideal.{0} OAI.SevenEighths.HeckeFamily.O
              (@CommSemiring.toSemiring.{0} OAI.SevenEighths.HeckeFamily.O
                (@CommRing.toCommSemiring.{0} OAI.SevenEighths.HeckeFamily.O
                  (@NumberField.instCommRingRingOfIntegers.{0} OAI.SevenEighths.HeckeFamily.K
                    (@CyclotomicField.instField.{0} (@OfNat.ofNat.{0} Nat (nat_lit 3) (instOfNatNat (nat_lit 3))) Rat
                      Rat.instField)))))
            (@Ideal.instHasQuotient_1.{0} OAI.SevenEighths.HeckeFamily.O
              (@NumberField.instCommRingRingOfIntegers.{0} OAI.SevenEighths.HeckeFamily.K
                (@CyclotomicField.instField.{0} (@OfNat.ofNat.{0} Nat (nat_lit 3) (instOfNatNat (nat_lit 3))) Rat
                  Rat.instField)))
            M)
          (@Semiring.toMonoid.{0}
            (@HasQuotient.Quotient.{0, 0} OAI.SevenEighths.HeckeFamily.O
              (@Ideal.{0} OAI.SevenEighths.HeckeFamily.O
                (@CommSemiring.toSemiring.{0} OAI.SevenEighths.HeckeFamily.O
                  (@CommRing.toCommSemiring.{0} OAI.SevenEighths.HeckeFamily.O
                    (@NumberField.instCommRingRingOfIntegers.{0} OAI.SevenEighths.HeckeFamily.K
                      (@CyclotomicField.instField.{0} (@OfNat.ofNat.{0} Nat (nat_lit 3) (instOfNatNat (nat_lit 3))) Rat
                        Rat.instField)))))
              (@Ideal.instHasQuotient_1.{0} OAI.SevenEighths.HeckeFamily.O
                (@NumberField.instCommRingRingOfIntegers.{0} OAI.SevenEighths.HeckeFamily.K
                  (@CyclotomicField.instField.{0} (@OfNat.ofNat.{0} Nat (nat_lit 3) (instOfNatNat (nat_lit 3))) Rat
                    Rat.instField)))
              M)
            (@Ideal.Quotient.semiring.{0} OAI.SevenEighths.HeckeFamily.O
              (@NumberField.instCommRingRingOfIntegers.{0} OAI.SevenEighths.HeckeFamily.K
                (@CyclotomicField.instField.{0} (@OfNat.ofNat.{0} Nat (nat_lit 3) (instOfNatNat (nat_lit 3))) Rat
                  Rat.instField))
              M))))
      (@Preorder.toLE.{0}
        (@Subgroup.{0}
          (@Units.{0}
            (@HasQuotient.Quotient.{0, 0} OAI.SevenEighths.HeckeFamily.O
              (@Ideal.{0} OAI.SevenEighths.HeckeFamily.O
                (@CommSemiring.toSemiring.{0} OAI.SevenEighths.HeckeFamily.O
                  (@CommRing.toCommSemiring.{0} OAI.SevenEighths.HeckeFamily.O
                    (@NumberField.instCommRingRingOfIntegers.{0} OAI.SevenEighths.HeckeFamily.K
                      (@CyclotomicField.instField.{0} (@OfNat.ofNat.{0} Nat (nat_lit 3) (instOfNatNat (nat_lit 3))) Rat
                        Rat.instField)))))
              (@Ideal.instHasQuotient_1.{0} OAI.SevenEighths.HeckeFamily.O
                (@NumberField.instCommRingRingOfIntegers.{0} OAI.SevenEighths.HeckeFamily.K
                  (@CyclotomicField.instField.{0} (@OfNat.ofNat.{0} Nat (nat_lit 3) (instOfNatNat (nat_lit 3))) Rat
                    Rat.instField)))
              M)
            (@Semiring.toMonoid.{0}
              (@HasQuotient.Quotient.{0, 0} OAI.SevenEighths.HeckeFamily.O
                (@Ideal.{0} OAI.SevenEighths.HeckeFamily.O
                  (@CommSemiring.toSemiring.{0} OAI.SevenEighths.HeckeFamily.O
                    (@CommRing.toCommSemiring.{0} OAI.SevenEighths.HeckeFamily.O
                      (@NumberField.instCommRingRingOfIntegers.{0} OAI.SevenEighths.HeckeFamily.K
                        (@CyclotomicField.instField.{0} (@OfNat.ofNat.{0} Nat (nat_lit 3) (instOfNatNat (nat_lit 3)))
                          Rat Rat.instField)))))
                (@Ideal.instHasQuotient_1.{0} OAI.SevenEighths.HeckeFamily.O
                  (@NumberField.instCommRingRingOfIntegers.{0} OAI.SevenEighths.HeckeFamily.K
                    (@CyclotomicField.instField.{0} (@OfNat.ofNat.{0} Nat (nat_lit 3) (instOfNatNat (nat_lit 3))) Rat
                      Rat.instField)))
                M)
              (@Ideal.Quotient.semiring.{0} OAI.SevenEighths.HeckeFamily.O
                (@NumberField.instCommRingRingOfIntegers.{0} OAI.SevenEighths.HeckeFamily.K
                  (@CyclotomicField.instField.{0} (@OfNat.ofNat.{0} Nat (nat_lit 3) (instOfNatNat (nat_lit 3))) Rat
                    Rat.instField))
                M)))
          (@Units.instGroup.{0}
            (@HasQuotient.Quotient.{0, 0} OAI.SevenEighths.HeckeFamily.O
              (@Ideal.{0} OAI.SevenEighths.HeckeFamily.O
                (@CommSemiring.toSemiring.{0} OAI.SevenEighths.HeckeFamily.O
                  (@CommRing.toCommSemiring.{0} OAI.SevenEighths.HeckeFamily.O
                    (@NumberField.instCommRingRingOfIntegers.{0} OAI.SevenEighths.HeckeFamily.K
                      (@CyclotomicField.instField.{0} (@OfNat.ofNat.{0} Nat (nat_lit 3) (instOfNatNat (nat_lit 3))) Rat
                        Rat.instField)))))
              (@Ideal.instHasQuotient_1.{0} OAI.SevenEighths.HeckeFamily.O
                (@NumberField.instCommRingRingOfIntegers.{0} OAI.SevenEighths.HeckeFamily.K
                  (@CyclotomicField.instField.{0} (@OfNat.ofNat.{0} Nat (nat_lit 3) (instOfNatNat (nat_lit 3))) Rat
                    Rat.instField)))
              M)
            (@Semiring.toMonoid.{0}
              (@HasQuotient.Quotient.{0, 0} OAI.SevenEighths.HeckeFamily.O
                (@Ideal.{0} OAI.SevenEighths.HeckeFamily.O
                  (@CommSemiring.toSemiring.{0} OAI.SevenEighths.HeckeFamily.O
                    (@CommRing.toCommSemiring.{0} OAI.SevenEighths.HeckeFamily.O
                      (@NumberField.instCommRingRingOfIntegers.{0} OAI.SevenEighths.HeckeFamily.K
                        (@CyclotomicField.instField.{0} (@OfNat.ofNat.{0} Nat (nat_lit 3) (instOfNatNat (nat_lit 3)))
                          Rat Rat.instField)))))
                (@Ideal.instHasQuotient_1.{0} OAI.SevenEighths.HeckeFamily.O
                  (@NumberField.instCommRingRingOfIntegers.{0} OAI.SevenEighths.HeckeFamily.K
                    (@CyclotomicField.instField.{0} (@OfNat.ofNat.{0} Nat (nat_lit 3) (instOfNatNat (nat_lit 3))) Rat
                      Rat.instField)))
                M)
              (@Ideal.Quotient.semiring.{0} OAI.SevenEighths.HeckeFamily.O
                (@NumberField.instCommRingRingOfIntegers.{0} OAI.SevenEighths.HeckeFamily.K
                  (@CyclotomicField.instField.{0} (@OfNat.ofNat.{0} Nat (nat_lit 3) (instOfNatNat (nat_lit 3))) Rat
                    Rat.instField))
                M))))
        (@PartialOrder.toPreorder.{0}
          (@Subgroup.{0}
            (@Units.{0}
              (@HasQuotient.Quotient.{0, 0} OAI.SevenEighths.HeckeFamily.O
                (@Ideal.{0} OAI.SevenEighths.HeckeFamily.O
                  (@CommSemiring.toSemiring.{0} OAI.SevenEighths.HeckeFamily.O
                    (@CommRing.toCommSemiring.{0} OAI.SevenEighths.HeckeFamily.O
                      (@NumberField.instCommRingRingOfIntegers.{0} OAI.SevenEighths.HeckeFamily.K
                        (@CyclotomicField.instField.{0} (@OfNat.ofNat.{0} Nat (nat_lit 3) (instOfNatNat (nat_lit 3)))
                          Rat Rat.instField)))))
                (@Ideal.instHasQuotient_1.{0} OAI.SevenEighths.HeckeFamily.O
                  (@NumberField.instCommRingRingOfIntegers.{0} OAI.SevenEighths.HeckeFamily.K
                    (@CyclotomicField.instField.{0} (@OfNat.ofNat.{0} Nat (nat_lit 3) (instOfNatNat (nat_lit 3))) Rat
                      Rat.instField)))
                M)
              (@Semiring.toMonoid.{0}
                (@HasQuotient.Quotient.{0, 0} OAI.SevenEighths.HeckeFamily.O
                  (@Ideal.{0} OAI.SevenEighths.HeckeFamily.O
                    (@CommSemiring.toSemiring.{0} OAI.SevenEighths.HeckeFamily.O
                      (@CommRing.toCommSemiring.{0} OAI.SevenEighths.HeckeFamily.O
                        (@NumberField.instCommRingRingOfIntegers.{0} OAI.SevenEighths.HeckeFamily.K
                          (@CyclotomicField.instField.{0} (@OfNat.ofNat.{0} Nat (nat_lit 3) (instOfNatNat (nat_lit 3)))
                            Rat Rat.instField)))))
                  (@Ideal.instHasQuotient_1.{0} OAI.SevenEighths.HeckeFamily.O
                    (@NumberField.instCommRingRingOfIntegers.{0} OAI.SevenEighths.HeckeFamily.K
                      (@CyclotomicField.instField.{0} (@OfNat.ofNat.{0} Nat (nat_lit 3) (instOfNatNat (nat_lit 3))) Rat
                        Rat.instField)))
                  M)
                (@Ideal.Quotient.semiring.{0} OAI.SevenEighths.HeckeFamily.O
                  (@NumberField.instCommRingRingOfIntegers.{0} OAI.SevenEighths.HeckeFamily.K
                    (@CyclotomicField.instField.{0} (@OfNat.ofNat.{0} Nat (nat_lit 3) (instOfNatNat (nat_lit 3))) Rat
                      Rat.instField))
                  M)))
            (@Units.instGroup.{0}
              (@HasQuotient.Quotient.{0, 0} OAI.SevenEighths.HeckeFamily.O
                (@Ideal.{0} OAI.SevenEighths.HeckeFamily.O
                  (@CommSemiring.toSemiring.{0} OAI.SevenEighths.HeckeFamily.O
                    (@CommRing.toCommSemiring.{0} OAI.SevenEighths.HeckeFamily.O
                      (@NumberField.instCommRingRingOfIntegers.{0} OAI.SevenEighths.HeckeFamily.K
                        (@CyclotomicField.instField.{0} (@OfNat.ofNat.{0} Nat (nat_lit 3) (instOfNatNat (nat_lit 3)))
                          Rat Rat.instField)))))
                (@Ideal.instHasQuotient_1.{0} OAI.SevenEighths.HeckeFamily.O
                  (@NumberField.instCommRingRingOfIntegers.{0} OAI.SevenEighths.HeckeFamily.K
                    (@CyclotomicField.instField.{0} (@OfNat.ofNat.{0} Nat (nat_lit 3) (instOfNatNat (nat_lit 3))) Rat
                      Rat.instField)))
                M)
              (@Semiring.toMonoid.{0}
                (@HasQuotient.Quotient.{0, 0} OAI.SevenEighths.HeckeFamily.O
                  (@Ideal.{0} OAI.SevenEighths.HeckeFamily.O
                    (@CommSemiring.toSemiring.{0} OAI.SevenEighths.HeckeFamily.O
                      (@CommRing.toCommSemiring.{0} OAI.SevenEighths.HeckeFamily.O
                        (@NumberField.instCommRingRingOfIntegers.{0} OAI.SevenEighths.HeckeFamily.K
                          (@CyclotomicField.instField.{0} (@OfNat.ofNat.{0} Nat (nat_lit 3) (instOfNatNat (nat_lit 3)))
                            Rat Rat.instField)))))
                  (@Ideal.instHasQuotient_1.{0} OAI.SevenEighths.HeckeFamily.O
                    (@NumberField.instCommRingRingOfIntegers.{0} OAI.SevenEighths.HeckeFamily.K
                      (@CyclotomicField.instField.{0} (@OfNat.ofNat.{0} Nat (nat_lit 3) (instOfNatNat (nat_lit 3))) Rat
                        Rat.instField)))
                  M)
                (@Ideal.Quotient.semiring.{0} OAI.SevenEighths.HeckeFamily.O
                  (@NumberField.instCommRingRingOfIntegers.{0} OAI.SevenEighths.HeckeFamily.K
                    (@CyclotomicField.instField.{0} (@OfNat.ofNat.{0} Nat (nat_lit 3) (instOfNatNat (nat_lit 3))) Rat
                      Rat.instField))
                  M))))
          (@Subgroup.instPartialOrder.{0}
            (@Units.{0}
              (@HasQuotient.Quotient.{0, 0} OAI.SevenEighths.HeckeFamily.O
                (@Ideal.{0} OAI.SevenEighths.HeckeFamily.O
                  (@CommSemiring.toSemiring.{0} OAI.SevenEighths.HeckeFamily.O
                    (@CommRing.toCommSemiring.{0} OAI.SevenEighths.HeckeFamily.O
                      (@NumberField.instCommRingRingOfIntegers.{0} OAI.SevenEighths.HeckeFamily.K
                        (@CyclotomicField.instField.{0} (@OfNat.ofNat.{0} Nat (nat_lit 3) (instOfNatNat (nat_lit 3)))
                          Rat Rat.instField)))))
                (@Ideal.instHasQuotient_1.{0} OAI.SevenEighths.HeckeFamily.O
                  (@NumberField.instCommRingRingOfIntegers.{0} OAI.SevenEighths.HeckeFamily.K
                    (@CyclotomicField.instField.{0} (@OfNat.ofNat.{0} Nat (nat_lit 3) (instOfNatNat (nat_lit 3))) Rat
                      Rat.instField)))
                M)
              (@Semiring.toMonoid.{0}
                (@HasQuotient.Quotient.{0, 0} OAI.SevenEighths.HeckeFamily.O
                  (@Ideal.{0} OAI.SevenEighths.HeckeFamily.O
                    (@CommSemiring.toSemiring.{0} OAI.SevenEighths.HeckeFamily.O
                      (@CommRing.toCommSemiring.{0} OAI.SevenEighths.HeckeFamily.O
                        (@NumberField.instCommRingRingOfIntegers.{0} OAI.SevenEighths.HeckeFamily.K
                          (@CyclotomicField.instField.{0} (@OfNat.ofNat.{0} Nat (nat_lit 3) (instOfNatNat (nat_lit 3)))
                            Rat Rat.instField)))))
                  (@Ideal.instHasQuotient_1.{0} OAI.SevenEighths.HeckeFamily.O
                    (@NumberField.instCommRingRingOfIntegers.{0} OAI.SevenEighths.HeckeFamily.K
                      (@CyclotomicField.instField.{0} (@OfNat.ofNat.{0} Nat (nat_lit 3) (instOfNatNat (nat_lit 3))) Rat
                        Rat.instField)))
                  M)
                (@Ideal.Quotient.semiring.{0} OAI.SevenEighths.HeckeFamily.O
                  (@NumberField.instCommRingRingOfIntegers.{0} OAI.SevenEighths.HeckeFamily.K
                    (@CyclotomicField.instField.{0} (@OfNat.ofNat.{0} Nat (nat_lit 3) (instOfNatNat (nat_lit 3))) Rat
                      Rat.instField))
                  M)))
            (@Units.instGroup.{0}
              (@HasQuotient.Quotient.{0, 0} OAI.SevenEighths.HeckeFamily.O
                (@Ideal.{0} OAI.SevenEighths.HeckeFamily.O
                  (@CommSemiring.toSemiring.{0} OAI.SevenEighths.HeckeFamily.O
                    (@CommRing.toCommSemiring.{0} OAI.SevenEighths.HeckeFamily.O
                      (@NumberField.instCommRingRingOfIntegers.{0} OAI.SevenEighths.HeckeFamily.K
                        (@CyclotomicField.instField.{0} (@OfNat.ofNat.{0} Nat (nat_lit 3) (instOfNatNat (nat_lit 3)))
                          Rat Rat.instField)))))
                (@Ideal.instHasQuotient_1.{0} OAI.SevenEighths.HeckeFamily.O
                  (@NumberField.instCommRingRingOfIntegers.{0} OAI.SevenEighths.HeckeFamily.K
                    (@CyclotomicField.instField.{0} (@OfNat.ofNat.{0} Nat (nat_lit 3) (instOfNatNat (nat_lit 3))) Rat
                      Rat.instField)))
                M)
              (@Semiring.toMonoid.{0}
                (@HasQuotient.Quotient.{0, 0} OAI.SevenEighths.HeckeFamily.O
                  (@Ideal.{0} OAI.SevenEighths.HeckeFamily.O
                    (@CommSemiring.toSemiring.{0} OAI.SevenEighths.HeckeFamily.O
                      (@CommRing.toCommSemiring.{0} OAI.SevenEighths.HeckeFamily.O
                        (@NumberField.instCommRingRingOfIntegers.{0} OAI.SevenEighths.HeckeFamily.K
                          (@CyclotomicField.instField.{0} (@OfNat.ofNat.{0} Nat (nat_lit 3) (instOfNatNat (nat_lit 3)))
                            Rat Rat.instField)))))
                  (@Ideal.instHasQuotient_1.{0} OAI.SevenEighths.HeckeFamily.O
                    (@NumberField.instCommRingRingOfIntegers.{0} OAI.SevenEighths.HeckeFamily.K
                      (@CyclotomicField.instField.{0} (@OfNat.ofNat.{0} Nat (nat_lit 3) (instOfNatNat (nat_lit 3))) Rat
                        Rat.instField)))
                  M)
                (@Ideal.Quotient.semiring.{0} OAI.SevenEighths.HeckeFamily.O
                  (@NumberField.instCommRingRingOfIntegers.{0} OAI.SevenEighths.HeckeFamily.K
                    (@CyclotomicField.instField.{0} (@OfNat.ofNat.{0} Nat (nat_lit 3) (instOfNatNat (nat_lit 3))) Rat
                      Rat.instField))
                  M))))))
      (@OAI.SevenEighths.RayOrthogonality.globalUnits.{0} OAI.SevenEighths.HeckeFamily.O
        (@NumberField.instCommRingRingOfIntegers.{0} OAI.SevenEighths.HeckeFamily.K
          (@CyclotomicField.instField.{0} (@OfNat.ofNat.{0} Nat (nat_lit 3) (instOfNatNat (nat_lit 3))) Rat
            Rat.instField))
        M)
      H)
  (S :
    Finset.{0}
      (@Ideal.{0} OAI.SevenEighths.HeckeFamily.O
        (@CommSemiring.toSemiring.{0} OAI.SevenEighths.HeckeFamily.O
          (@CommRing.toCommSemiring.{0} OAI.SevenEighths.HeckeFamily.O
            (@NumberField.instCommRingRingOfIntegers.{0} OAI.SevenEighths.HeckeFamily.K
              (@CyclotomicField.instField.{0} (@OfNat.ofNat.{0} Nat (nat_lit 3) (instOfNatNat (nat_lit 3))) Rat
                Rat.instField))))))
  (hS :
    ∀
      (P :
        @Ideal.{0} OAI.SevenEighths.HeckeFamily.O
          (@CommSemiring.toSemiring.{0} OAI.SevenEighths.HeckeFamily.O
            (@CommRing.toCommSemiring.{0} OAI.SevenEighths.HeckeFamily.O
              (@NumberField.instCommRingRingOfIntegers.{0} OAI.SevenEighths.HeckeFamily.K
                (@CyclotomicField.instField.{0} (@OfNat.ofNat.{0} Nat (nat_lit 3) (instOfNatNat (nat_lit 3))) Rat
                  Rat.instField))))),
      @Membership.mem.{0, 0}
          (@Ideal.{0} OAI.SevenEighths.HeckeFamily.O
            (@CommSemiring.toSemiring.{0} OAI.SevenEighths.HeckeFamily.O
              (@CommRing.toCommSemiring.{0} OAI.SevenEighths.HeckeFamily.O
                (@NumberField.instCommRingRingOfIntegers.{0} OAI.SevenEighths.HeckeFamily.K
                  (@CyclotomicField.instField.{0} (@OfNat.ofNat.{0} Nat (nat_lit 3) (instOfNatNat (nat_lit 3))) Rat
                    Rat.instField)))))
          (Finset.{0}
            (@Ideal.{0} OAI.SevenEighths.HeckeFamily.O
              (@CommSemiring.toSemiring.{0} OAI.SevenEighths.HeckeFamily.O
                (@CommRing.toCommSemiring.{0} OAI.SevenEighths.HeckeFamily.O
                  (@NumberField.instCommRingRingOfIntegers.{0} OAI.SevenEighths.HeckeFamily.K
                    (@CyclotomicField.instField.{0} (@OfNat.ofNat.{0} Nat (nat_lit 3) (instOfNatNat (nat_lit 3))) Rat
                      Rat.instField))))))
          (@SetLike.instMembership.{0, 0}
            (Finset.{0}
              (@Ideal.{0} OAI.SevenEighths.HeckeFamily.O
                (@CommSemiring.toSemiring.{0} OAI.SevenEighths.HeckeFamily.O
                  (@CommRing.toCommSemiring.{0} OAI.SevenEighths.HeckeFamily.O
                    (@NumberField.instCommRingRingOfIntegers.{0} OAI.SevenEighths.HeckeFamily.K
                      (@CyclotomicField.instField.{0} (@OfNat.ofNat.{0} Nat (nat_lit 3) (instOfNatNat (nat_lit 3))) Rat
                        Rat.instField))))))
            (@Ideal.{0} OAI.SevenEighths.HeckeFamily.O
              (@CommSemiring.toSemiring.{0} OAI.SevenEighths.HeckeFamily.O
                (@CommRing.toCommSemiring.{0} OAI.SevenEighths.HeckeFamily.O
                  (@NumberField.instCommRingRingOfIntegers.{0} OAI.SevenEighths.HeckeFamily.K
                    (@CyclotomicField.instField.{0} (@OfNat.ofNat.{0} Nat (nat_lit 3) (instOfNatNat (nat_lit 3))) Rat
                      Rat.instField)))))
            (@Finset.instSetLike.{0}
              (@Ideal.{0} OAI.SevenEighths.HeckeFamily.O
                (@CommSemiring.toSemiring.{0} OAI.SevenEighths.HeckeFamily.O
                  (@CommRing.toCommSemiring.{0} OAI.SevenEighths.HeckeFamily.O
                    (@NumberField.instCommRingRingOfIntegers.{0} OAI.SevenEighths.HeckeFamily.K
                      (@CyclotomicField.instField.{0} (@OfNat.ofNat.{0} Nat (nat_lit 3) (instOfNatNat (nat_lit 3))) Rat
                        Rat.instField)))))))
          S P →
        @Prime.{0}
          (@Ideal.{0} OAI.SevenEighths.HeckeFamily.O
            (@CommSemiring.toSemiring.{0} OAI.SevenEighths.HeckeFamily.O
              (@CommRing.toCommSemiring.{0} OAI.SevenEighths.HeckeFamily.O
                (@NumberField.instCommRingRingOfIntegers.{0} OAI.SevenEighths.HeckeFamily.K
                  (@CyclotomicField.instField.{0} (@OfNat.ofNat.{0} Nat (nat_lit 3) (instOfNatNat (nat_lit 3))) Rat
                    Rat.instField)))))
          (@CommSemiring.toCommMonoidWithZero.{0}
            (@Ideal.{0} OAI.SevenEighths.HeckeFamily.O
              (@CommSemiring.toSemiring.{0} OAI.SevenEighths.HeckeFamily.O
                (@CommRing.toCommSemiring.{0} OAI.SevenEighths.HeckeFamily.O
                  (@NumberField.instCommRingRingOfIntegers.{0} OAI.SevenEighths.HeckeFamily.K
                    (@CyclotomicField.instField.{0} (@OfNat.ofNat.{0} Nat (nat_lit 3) (instOfNatNat (nat_lit 3))) Rat
                      Rat.instField)))))
            (@IdemCommSemiring.toCommSemiring.{0}
              (@Ideal.{0} OAI.SevenEighths.HeckeFamily.O
                (@CommSemiring.toSemiring.{0} OAI.SevenEighths.HeckeFamily.O
                  (@CommRing.toCommSemiring.{0} OAI.SevenEighths.HeckeFamily.O
                    (@NumberField.instCommRingRingOfIntegers.{0} OAI.SevenEighths.HeckeFamily.K
                      (@CyclotomicField.instField.{0} (@OfNat.ofNat.{0} Nat (nat_lit 3) (instOfNatNat (nat_lit 3))) Rat
                        Rat.instField)))))
              (@Ideal.instIdemCommSemiring.{0} OAI.SevenEighths.HeckeFamily.O
                (@CommRing.toCommSemiring.{0} OAI.SevenEighths.HeckeFamily.O
                  (@NumberField.instCommRingRingOfIntegers.{0} OAI.SevenEighths.HeckeFamily.K
                    (@CyclotomicField.instField.{0} (@OfNat.ofNat.{0} Nat (nat_lit 3) (instOfNatNat (nat_lit 3))) Rat
                      Rat.instField))))))
          P)
  (hbad :
    @LE.le.{0}
      (Finset.{0}
        (@Ideal.{0} OAI.CanonicalQuadraticSieve.O
          (@CommSemiring.toSemiring.{0} OAI.CanonicalQuadraticSieve.O
            (@CommRing.toCommSemiring.{0} OAI.CanonicalQuadraticSieve.O
              (@NumberField.instCommRingRingOfIntegers.{0} OAI.ActualEisensteinCubic.K
                (@CyclotomicField.instField.{0} (@OfNat.ofNat.{0} Nat (nat_lit 3) (instOfNatNat (nat_lit 3))) Rat
                  Rat.instField))))))
      (@Preorder.toLE.{0}
        (Finset.{0}
          (@Ideal.{0} OAI.CanonicalQuadraticSieve.O
            (@CommSemiring.toSemiring.{0} OAI.CanonicalQuadraticSieve.O
              (@CommRing.toCommSemiring.{0} OAI.CanonicalQuadraticSieve.O
                (@NumberField.instCommRingRingOfIntegers.{0} OAI.ActualEisensteinCubic.K
                  (@CyclotomicField.instField.{0} (@OfNat.ofNat.{0} Nat (nat_lit 3) (instOfNatNat (nat_lit 3))) Rat
                    Rat.instField))))))
        (@PartialOrder.toPreorder.{0}
          (Finset.{0}
            (@Ideal.{0} OAI.CanonicalQuadraticSieve.O
              (@CommSemiring.toSemiring.{0} OAI.CanonicalQuadraticSieve.O
                (@CommRing.toCommSemiring.{0} OAI.CanonicalQuadraticSieve.O
                  (@NumberField.instCommRingRingOfIntegers.{0} OAI.ActualEisensteinCubic.K
                    (@CyclotomicField.instField.{0} (@OfNat.ofNat.{0} Nat (nat_lit 3) (instOfNatNat (nat_lit 3))) Rat
                      Rat.instField))))))
          (@Finset.instPartialOrder.{0}
            (@Ideal.{0} OAI.CanonicalQuadraticSieve.O
              (@CommSemiring.toSemiring.{0} OAI.CanonicalQuadraticSieve.O
                (@CommRing.toCommSemiring.{0} OAI.CanonicalQuadraticSieve.O
                  (@NumberField.instCommRingRingOfIntegers.{0} OAI.ActualEisensteinCubic.K
                    (@CyclotomicField.instField.{0} (@OfNat.ofNat.{0} Nat (nat_lit 3) (instOfNatNat (nat_lit 3))) Rat
                      Rat.instField))))))))
      OAI.CanonicalQuadraticSieve.fixedBadPrimes S)
  (hM :
    @Eq.{1}
      (@Ideal.{0} OAI.SevenEighths.HeckeFamily.O
        (@CommSemiring.toSemiring.{0} OAI.SevenEighths.HeckeFamily.O
          (@CommRing.toCommSemiring.{0} OAI.SevenEighths.HeckeFamily.O
            (@NumberField.instCommRingRingOfIntegers.{0} OAI.SevenEighths.HeckeFamily.K
              (@CyclotomicField.instField.{0} (@OfNat.ofNat.{0} Nat (nat_lit 3) (instOfNatNat (nat_lit 3))) Rat
                Rat.instField)))))
      M
      (@Finset.prod.{0, 0}
        (@Ideal.{0} OAI.SevenEighths.HeckeFamily.O
          (@CommSemiring.toSemiring.{0} OAI.SevenEighths.HeckeFamily.O
            (@CommRing.toCommSemiring.{0} OAI.SevenEighths.HeckeFamily.O
              (@NumberField.instCommRingRingOfIntegers.{0} OAI.SevenEighths.HeckeFamily.K
                (@CyclotomicField.instField.{0} (@OfNat.ofNat.{0} Nat (nat_lit 3) (instOfNatNat (nat_lit 3))) Rat
                  Rat.instField)))))
        (@Ideal.{0} OAI.SevenEighths.HeckeFamily.O
          (@CommSemiring.toSemiring.{0} OAI.SevenEighths.HeckeFamily.O
            (@CommRing.toCommSemiring.{0} OAI.SevenEighths.HeckeFamily.O
              (@NumberField.instCommRingRingOfIntegers.{0} OAI.SevenEighths.HeckeFamily.K
                (@CyclotomicField.instField.{0} (@OfNat.ofNat.{0} Nat (nat_lit 3) (instOfNatNat (nat_lit 3))) Rat
                  Rat.instField)))))
        (@CommSemiring.toCommMonoid.{0}
          (@Ideal.{0} OAI.SevenEighths.HeckeFamily.O
            (@CommSemiring.toSemiring.{0} OAI.SevenEighths.HeckeFamily.O
              (@CommRing.toCommSemiring.{0} OAI.SevenEighths.HeckeFamily.O
                (@NumberField.instCommRingRingOfIntegers.{0} OAI.SevenEighths.HeckeFamily.K
                  (@CyclotomicField.instField.{0} (@OfNat.ofNat.{0} Nat (nat_lit 3) (instOfNatNat (nat_lit 3))) Rat
                    Rat.instField)))))
          (@IdemCommSemiring.toCommSemiring.{0}
            (@Ideal.{0} OAI.SevenEighths.HeckeFamily.O
              (@CommSemiring.toSemiring.{0} OAI.SevenEighths.HeckeFamily.O
                (@CommRing.toCommSemiring.{0} OAI.SevenEighths.HeckeFamily.O
                  (@NumberField.instCommRingRingOfIntegers.{0} OAI.SevenEighths.HeckeFamily.K
                    (@CyclotomicField.instField.{0} (@OfNat.ofNat.{0} Nat (nat_lit 3) (instOfNatNat (nat_lit 3))) Rat
                      Rat.instField)))))
            (@Ideal.instIdemCommSemiring.{0} OAI.SevenEighths.HeckeFamily.O
              (@CommRing.toCommSemiring.{0} OAI.SevenEighths.HeckeFamily.O
                (@NumberField.instCommRingRingOfIntegers.{0} OAI.SevenEighths.HeckeFamily.K
                  (@CyclotomicField.instField.{0} (@OfNat.ofNat.{0} Nat (nat_lit 3) (instOfNatNat (nat_lit 3))) Rat
                    Rat.instField))))))
        S
        fun
          (P :
            @Ideal.{0} OAI.SevenEighths.HeckeFamily.O
              (@CommSemiring.toSemiring.{0} OAI.SevenEighths.HeckeFamily.O
                (@CommRing.toCommSemiring.{0} OAI.SevenEighths.HeckeFamily.O
                  (@NumberField.instCommRingRingOfIntegers.{0} OAI.SevenEighths.HeckeFamily.K
                    (@CyclotomicField.instField.{0} (@OfNat.ofNat.{0} Nat (nat_lit 3) (instOfNatNat (nat_lit 3))) Rat
                      Rat.instField))))) =>
        P))
  (W : Real → Complex)
  (aslot bslot total dmin dmax Mcap L rowExponent εm τ₀ κEnergy κPlain batchMesh physicalRange : Real)
  (haslot :
    @LT.lt.{0} Real Real.instLT (@OfNat.ofNat.{0} Real (nat_lit 0) (@Zero.toOfNat0.{0} Real Real.instZero)) aslot)
  (hWs :
    @LE.le.{0} (Set.{0} Real) (@Set.instLE.{0} Real) (@Function.support.{0, 0} Real Complex Complex.instZero W)
      (@Set.Icc.{0} Real Real.instPreorder aslot bslot))
  (hW :
    @ContDiff.{0, 0, 0} Real (@DenselyNormedField.toNontriviallyNormedField.{0} Real Real.denselyNormedField) Real
      Real.normedAddCommGroup
      (@InnerProductSpace.toNormedSpace.{0, 0} Real Real Real.instRCLike
        (@NormedAddCommGroup.toSeminormedAddCommGroup.{0} Real Real.normedAddCommGroup)
        (@RCLike.toInnerProductSpaceReal.{0} Real Real.instRCLike))
      Complex Complex.instNormedAddCommGroup
      (@InnerProductSpace.toNormedSpace.{0, 0} Real Complex Real.instRCLike
        (@NormedAddCommGroup.toSeminormedAddCommGroup.{0} Complex Complex.instNormedAddCommGroup)
        instInnerProductSpaceRealComplex)
      (@WithTop.some.{0} ENat (@Top.top.{0} ENat instTopENat)) W)
  (hbslot :
    @LE.le.{0} Real Real.instLE (@OfNat.ofNat.{0} Real (nat_lit 0) (@Zero.toOfNat0.{0} Real Real.instZero)) bslot)
  (htotal :
    @LT.lt.{0} Real Real.instLT (@OfNat.ofNat.{0} Real (nat_lit 0) (@Zero.toOfNat0.{0} Real Real.instZero)) total)
  (hdmin : @LT.lt.{0} Real Real.instLT (@OfNat.ofNat.{0} Real (nat_lit 0) (@Zero.toOfNat0.{0} Real Real.instZero)) dmin)
  (hdmax : @LE.le.{0} Real Real.instLE dmin dmax) (hcapMargin : @LT.lt.{0} Real Real.instLT dmax Mcap)
  (hL :
    @LE.le.{0} Real Real.instLE
      (@HDiv.hDiv.{0, 0, 0} Real Real Real (@instHDiv.{0} Real (@DivInvMonoid.toDiv.{0} Real Real.instDivInvMonoid))
        dmax
        (@OfNat.ofNat.{0} Real (nat_lit 2)
          (@instOfNatAtLeastTwo.{0} Real (nat_lit 2) Real.instNatCast
            (@Nat.instAtLeastTwoHAddOfNat (@OfNat.ofNat.{0} Nat (nat_lit 1) (instOfNatNat (nat_lit 1)))
              (@Nat.instNeZeroSucc (@OfNat.ofNat.{0} Nat (nat_lit 0) (instOfNatNat (nat_lit 0))))))))
      L)
  (hrowExponent :
    @LT.lt.{0} Real Real.instLT (@OfNat.ofNat.{0} Real (nat_lit 0) (@Zero.toOfNat0.{0} Real Real.instZero)) rowExponent)
  (hεm : @LT.lt.{0} Real Real.instLT (@OfNat.ofNat.{0} Real (nat_lit 0) (@Zero.toOfNat0.{0} Real Real.instZero)) εm)
  (hτ₀ : @LT.lt.{0} Real Real.instLT (@OfNat.ofNat.{0} Real (nat_lit 0) (@Zero.toOfNat0.{0} Real Real.instZero)) τ₀)
  (hκ0 :
    @LE.le.{0} Real Real.instLE
      (@HDiv.hDiv.{0, 0, 0} Real Real Real (@instHDiv.{0} Real (@DivInvMonoid.toDiv.{0} Real Real.instDivInvMonoid))
        (@OfNat.ofNat.{0} Real (nat_lit 37)
          (@instOfNatAtLeastTwo.{0} Real (nat_lit 37) Real.instNatCast
            (@Nat.instAtLeastTwoHAddOfNat (@OfNat.ofNat.{0} Nat (nat_lit 36) (instOfNatNat (nat_lit 36)))
              (@Nat.instNeZeroSucc (@OfNat.ofNat.{0} Nat (nat_lit 35) (instOfNatNat (nat_lit 35)))))))
        (@OfNat.ofNat.{0} Real (nat_lit 50)
          (@instOfNatAtLeastTwo.{0} Real (nat_lit 50) Real.instNatCast
            (@Nat.instAtLeastTwoHAddOfNat (@OfNat.ofNat.{0} Nat (nat_lit 49) (instOfNatNat (nat_lit 49)))
              (@Nat.instNeZeroSucc (@OfNat.ofNat.{0} Nat (nat_lit 48) (instOfNatNat (nat_lit 48))))))))
      κEnergy)
  (hκPlain : @LE.le.{0} Real Real.instLE κEnergy κPlain)
  (hbeta :
    @LE.le.{0} Real Real.instLE
      (@HDiv.hDiv.{0, 0, 0} Real Real Real (@instHDiv.{0} Real (@DivInvMonoid.toDiv.{0} Real Real.instDivInvMonoid))
        (@OfNat.ofNat.{0} Real (nat_lit 51)
          (@instOfNatAtLeastTwo.{0} Real (nat_lit 51) Real.instNatCast
            (@Nat.instAtLeastTwoHAddOfNat (@OfNat.ofNat.{0} Nat (nat_lit 50) (instOfNatNat (nat_lit 50)))
              (@Nat.instNeZeroSucc (@OfNat.ofNat.{0} Nat (nat_lit 49) (instOfNatNat (nat_lit 49)))))))
        (@OfNat.ofNat.{0} Real (nat_lit 100)
          (@instOfNatAtLeastTwo.{0} Real (nat_lit 100) Real.instNatCast
            (@Nat.instAtLeastTwoHAddOfNat (@OfNat.ofNat.{0} Nat (nat_lit 99) (instOfNatNat (nat_lit 99)))
              (@Nat.instNeZeroSucc (@OfNat.ofNat.{0} Nat (nat_lit 98) (instOfNatNat (nat_lit 98))))))))
      OAI.SevenEighths.HeckeZeroSupremum.beta)
  (hκ :
    @LE.le.{0} Real Real.instLE
      (@HSub.hSub.{0, 0, 0} Real Real Real (@instHSub.{0} Real Real.instSub)
        (@HMul.hMul.{0, 0, 0} Real Real Real (@instHMul.{0} Real Real.instMul)
          (@OfNat.ofNat.{0} Real (nat_lit 2)
            (@instOfNatAtLeastTwo.{0} Real (nat_lit 2) Real.instNatCast
              (@Nat.instAtLeastTwoHAddOfNat (@OfNat.ofNat.{0} Nat (nat_lit 1) (instOfNatNat (nat_lit 1)))
                (@Nat.instNeZeroSucc (@OfNat.ofNat.{0} Nat (nat_lit 0) (instOfNatNat (nat_lit 0)))))))
          OAI.SevenEighths.HeckeZeroSupremum.beta)
        (@OfNat.ofNat.{0} Real (nat_lit 1) (@One.toOfNat1.{0} Real Real.instOne)))
      κEnergy)
  (hbatchMesh :
    @LT.lt.{0} Real Real.instLT (@OfNat.ofNat.{0} Real (nat_lit 0) (@Zero.toOfNat0.{0} Real Real.instZero)) batchMesh)
  (hphysicalRange :
    @LT.lt.{0} Real Real.instLT (@OfNat.ofNat.{0} Real (nat_lit 0) (@Zero.toOfNat0.{0} Real Real.instZero))
      physicalRange),
  @Exists.{1} Real fun (ρ : Real) =>
    @Exists.{1} Real fun (εE : Real) =>
      And (@LT.lt.{0} Real Real.instLT (@OfNat.ofNat.{0} Real (nat_lit 0) (@Zero.toOfNat0.{0} Real Real.instZero)) ρ)
        (And
          (@LT.lt.{0} Real Real.instLT (@OfNat.ofNat.{0} Real (nat_lit 0) (@Zero.toOfNat0.{0} Real Real.instZero)) εE)
          (And
            (@LE.le.{0} Real Real.instLE ρ
              (@HSub.hSub.{0, 0, 0} Real Real Real (@instHSub.{0} Real Real.instSub) Mcap dmax))
            (@Exists.{1} Nat fun (N : Nat) =>
              And (@LT.lt.{0} Nat instLTNat (@OfNat.ofNat.{0} Nat (nat_lit 0) (instOfNatNat (nat_lit 0))) N)
                (@Exists.{1} (Fin N → Real) fun (ell : Fin N → Real) =>
                  @Exists.{1} Real fun (slotLower : Real) =>
                    And
                      (@LT.lt.{0} Real Real.instLT
                        (@OfNat.ofNat.{0} Real (nat_lit 0) (@Zero.toOfNat0.{0} Real Real.instZero)) slotLower)
                      (And (@Function.Injective.{1, 1} (Fin N) Real ell)
                        (And
                          (@Eq.{1} Real
                            (@Finset.sum.{0, 0} (Fin N) Real Real.instAddCommMonoid
                              (@Finset.univ.{0} (Fin N) (Fin.fintype N)) fun (s : Fin N) => ell s)
                            total)
                          (And
                            (∀ (s : Fin N),
                              And
                                (@LT.lt.{0} Real Real.instLT
                                  (@OfNat.ofNat.{0} Real (nat_lit 0) (@Zero.toOfNat0.{0} Real Real.instZero)) (ell s))
                                (And
                                  (@LE.le.{0} Real Real.instLE
                                    (@HMul.hMul.{0, 0, 0} Real Real Real (@instHMul.{0} Real Real.instMul) dmax
                                      slotLower)
                                    (ell s))
                                  (And
                                    (@LE.le.{0} Real Real.instLE (ell s)
                                      (@HMul.hMul.{0, 0, 0} Real Real Real (@instHMul.{0} Real Real.instMul) dmin
                                        batchMesh))
                                    (And
                                      (@LE.le.{0} Real Real.instLE (ell s)
                                        (@HMul.hMul.{0, 0, 0} Real Real Real (@instHMul.{0} Real Real.instMul) dmin
                                          physicalRange))
                                      (@LE.le.{0} Real Real.instLE (ell s)
                                        (OAI.SevenEighths.CenteredMomentEnergyWidthRanges.fineMesh Mcap
                                          (@OfNat.ofNat.{0} Real (nat_lit 0) (@Zero.toOfNat0.{0} Real Real.instZero)) L
                                          κEnergy εE))))))
                            (And
                              (∀ (d : Real),
                                @LE.le.{0} Real Real.instLE dmin d →
                                  @LE.le.{0} Real Real.instLE d dmax →
                                    ∀ (s : Fin N),
                                      And
                                        (@LE.le.{0} Real Real.instLE slotLower
                                          (@HDiv.hDiv.{0, 0, 0} Real Real Real
                                            (@instHDiv.{0} Real (@DivInvMonoid.toDiv.{0} Real Real.instDivInvMonoid))
                                            (ell s) d))
                                        (And
                                          (@LE.le.{0} Real Real.instLE
                                            (@HDiv.hDiv.{0, 0, 0} Real Real Real
                                              (@instHDiv.{0} Real (@DivInvMonoid.toDiv.{0} Real Real.instDivInvMonoid))
                                              (ell s) d)
                                            batchMesh)
                                          (@LE.le.{0} Real Real.instLE
                                            (@HDiv.hDiv.{0, 0, 0} Real Real Real
                                              (@instHDiv.{0} Real (@DivInvMonoid.toDiv.{0} Real Real.instDivInvMonoid))
                                              (ell s) d)
                                            physicalRange)))
                              (@Exists.{1} Nat fun (degree : Nat) =>
                                @Exists.{1} Nat fun (J : Nat) =>
                                  @Exists.{1} Real fun (τ : Real) =>
                                    And
                                      (@LT.lt.{0} Real Real.instLT
                                        (@OfNat.ofNat.{0} Real (nat_lit 0) (@Zero.toOfNat0.{0} Real Real.instZero)) τ)
                                      (And (@LE.le.{0} Real Real.instLE τ τ₀)
                                        (And
                                          (@LE.le.{0} Real Real.instLE
                                            (@HAdd.hAdd.{0, 0, 0} Real Real Real (@instHAdd.{0} Real Real.instAdd)
                                              (@HAdd.hAdd.{0, 0, 0} Real Real Real (@instHAdd.{0} Real Real.instAdd) ρ
                                                εE)
                                              (@HMul.hMul.{0, 0, 0} Real Real Real (@instHMul.{0} Real Real.instMul)
                                                (@HMul.hMul.{0, 0, 0} Real Real Real (@instHMul.{0} Real Real.instMul)
                                                  (@OfNat.ofNat.{0} Real (nat_lit 2)
                                                    (@instOfNatAtLeastTwo.{0} Real (nat_lit 2) Real.instNatCast
                                                      (@Nat.instAtLeastTwoHAddOfNat
                                                        (@OfNat.ofNat.{0} Nat (nat_lit 1) (instOfNatNat (nat_lit 1)))
                                                        (@Nat.instNeZeroSucc
                                                          (@OfNat.ofNat.{0} Nat (nat_lit 0)
                                                            (instOfNatNat (nat_lit 0)))))))
                                                  τ)
                                                (@Nat.cast.{0} Real Real.instNatCast
                                                  (@HAdd.hAdd.{0, 0, 0} Nat Nat Nat (@instHAdd.{0} Nat instAddNat)
                                                    degree
                                                    (@HMul.hMul.{0, 0, 0} Nat Nat Nat (@instHMul.{0} Nat instMulNat)
                                                      (@OfNat.ofNat.{0} Nat (nat_lit 4) (instOfNatNat (nat_lit 4)))
                                                      J)))))
                                            (@HMul.hMul.{0, 0, 0} Real Real Real (@instHMul.{0} Real Real.instMul) dmin
                                              εm))
                                          (∀ (η : OAI.SevenEighths.HeckeFamily.Character),
                                            @Exists.{1} Real fun (C : Real) =>
                                              And
                                                (@LT.lt.{0} Real Real.instLT
                                                  (@OfNat.ofNat.{0} Real (nat_lit 0)
                                                    (@Zero.toOfNat0.{0} Real Real.instZero))
                                                  C)
                                                (@Filter.Eventually.{0} Real
                                                  (fun (Z : Real) =>
                                                    And
                                                      (@LT.lt.{0} Real Real.instLT
                                                        (@OfNat.ofNat.{0} Real (nat_lit 1)
                                                          (@One.toOfNat1.{0} Real Real.instOne))
                                                        Z)
                                                      (∀ (τ' : Real),
                                                        @LT.lt.{0} Real Real.instLT
                                                            (@OfNat.ofNat.{0} Real (nat_lit 0)
                                                              (@Zero.toOfNat0.{0} Real Real.instZero))
                                                            τ' →
                                                          @LE.le.{0} Real Real.instLE τ' τ →
                                                            ∀ (d : Real),
                                                              @LE.le.{0} Real Real.instLE dmin d →
                                                                @LE.le.{0} Real Real.instLE d dmax →
                                                                  ∀
                                                                    (rows :
                                                                      Finset.{0}
                                                                        OAI.SevenEighths.HeckeInverseAmplification.FreeRow),
                                                                    (∀
                                                                        (u :
                                                                          OAI.SevenEighths.HeckeInverseAmplification.FreeRow),
                                                                        @Membership.mem.{0, 0}
                                                                            OAI.SevenEighths.HeckeInverseAmplification.FreeRow
                                                                            (Finset.{0}
                                                                              OAI.SevenEighths.HeckeInverseAmplification.FreeRow)
                                                                            (@SetLike.instMembership.{0, 0}
                                                                              (Finset.{0}
                                                                                OAI.SevenEighths.HeckeInverseAmplification.FreeRow)
                                                                              OAI.SevenEighths.HeckeInverseAmplification.FreeRow
                                                                              (@Finset.instSetLike.{0}
                                                                                OAI.SevenEighths.HeckeInverseAmplification.FreeRow))
                                                                            rows u →
                                                                          @LE.le.{0} Real Real.instLE
                                                                            (@HPow.hPow.{0, 0, 0} Real Real Real
                                                                              (@instHPow.{0, 0} Real Real Real.instPow)
                                                                              Z rowExponent)
                                                                            (@Nat.cast.{0} Real Real.instNatCast
                                                                              (@DFunLike.coe.{1, 1, 1}
                                                                                (@MonoidWithZeroHom.{0, 0}
                                                                                  (@Ideal.{0}
                                                                                    OAI.SevenEighths.HeckeFamily.O
                                                                                    (@CommSemiring.toSemiring.{0}
                                                                                      OAI.SevenEighths.HeckeFamily.O
                                                                                      (@CommRing.toCommSemiring.{0}
                                                                                        OAI.SevenEighths.HeckeFamily.O
                                                                                        (@NumberField.instCommRingRingOfIntegers.{0}
                                                                                          OAI.SevenEighths.HeckeFamily.K
                                                                                          (@CyclotomicField.instField.{0}
                                                                                            (@OfNat.ofNat.{0} Nat
                                                                                              (nat_lit 3)
                                                                                              (instOfNatNat
                                                                                                (nat_lit 3)))
                                                                                            Rat Rat.instField)))))
                                                                                  Nat
                                                                                  (@instMulZeroOneClassOfSemiring.{0}
                                                                                    (@Ideal.{0}
                                                                                      OAI.SevenEighths.HeckeFamily.O
                                                                                      (@CommSemiring.toSemiring.{0}
                                                                                        OAI.SevenEighths.HeckeFamily.O
                                                                                        (@CommRing.toCommSemiring.{0}
                                                                                          OAI.SevenEighths.HeckeFamily.O
                                                                                          (@NumberField.instCommRingRingOfIntegers.{0}
                                                                                            OAI.SevenEighths.HeckeFamily.K
                                                                                            (@CyclotomicField.instField.{0}
                                                                                              (@OfNat.ofNat.{0} Nat
                                                                                                (nat_lit 3)
                                                                                                (instOfNatNat
                                                                                                  (nat_lit 3)))
                                                                                              Rat Rat.instField)))))
                                                                                    (@IdemSemiring.toSemiring.{0}
                                                                                      (@Ideal.{0}
                                                                                        OAI.SevenEighths.HeckeFamily.O
                                                                                        (@CommSemiring.toSemiring.{0}
                                                                                          OAI.SevenEighths.HeckeFamily.O
                                                                                          (@CommRing.toCommSemiring.{0}
                                                                                            OAI.SevenEighths.HeckeFamily.O
                                                                                            (@NumberField.instCommRingRingOfIntegers.{0}
                                                                                              OAI.SevenEighths.HeckeFamily.K
                                                                                              (@CyclotomicField.instField.{0}
                                                                                                (@OfNat.ofNat.{0} Nat
                                                                                                  (nat_lit 3)
                                                                                                  (instOfNatNat
                                                                                                    (nat_lit 3)))
                                                                                                Rat Rat.instField)))))
                                                                                      (@Submodule.idemSemiring.{0, 0}
                                                                                        OAI.SevenEighths.HeckeFamily.O
                                                                                        (@CommRing.toCommSemiring.{0}
                                                                                          OAI.SevenEighths.HeckeFamily.O
                                                                                          (@NumberField.instCommRingRingOfIntegers.{0}
                                                                                            OAI.SevenEighths.HeckeFamily.K
                                                                                            (@CyclotomicField.instField.{0}
                                                                                              (@OfNat.ofNat.{0} Nat
                                                                                                (nat_lit 3)
                                                                                                (instOfNatNat
                                                                                                  (nat_lit 3)))
                                                                                              Rat Rat.instField)))
                                                                                        OAI.SevenEighths.HeckeFamily.O
                                                                                        (@CommSemiring.toSemiring.{0}
                                                                                          OAI.SevenEighths.HeckeFamily.O
                                                                                          (@CommRing.toCommSemiring.{0}
                                                                                            OAI.SevenEighths.HeckeFamily.O
                                                                                            (@NumberField.instCommRingRingOfIntegers.{0}
                                                                                              OAI.SevenEighths.HeckeFamily.K
                                                                                              (@CyclotomicField.instField.{0}
                                                                                                (@OfNat.ofNat.{0} Nat
                                                                                                  (nat_lit 3)
                                                                                                  (instOfNatNat
                                                                                                    (nat_lit 3)))
                                                                                                Rat Rat.instField))))
                                                                                        (@Algebra.id.{0}
                                                                                          OAI.SevenEighths.HeckeFamily.O
                                                                                          (@CommRing.toCommSemiring.{0}
                                                                                            OAI.SevenEighths.HeckeFamily.O
                                                                                            (@NumberField.instCommRingRingOfIntegers.{0}
                                                                                              OAI.SevenEighths.HeckeFamily.K
                                                                                              (@CyclotomicField.instField.{0}
                                                                                                (@OfNat.ofNat.{0} Nat
                                                                                                  (nat_lit 3)
                                                                                                  (instOfNatNat
                                                                                                    (nat_lit 3)))
                                                                                                Rat Rat.instField)))))))
                                                                                  Nat.instMulZeroOneClass)
                                                                                (@Ideal.{0}
                                                                                  OAI.SevenEighths.HeckeFamily.O
                                                                                  (@CommSemiring.toSemiring.{0}
                                                                                    OAI.SevenEighths.HeckeFamily.O
                                                                                    (@CommRing.toCommSemiring.{0}
                                                                                      OAI.SevenEighths.HeckeFamily.O
                                                                                      (@NumberField.instCommRingRingOfIntegers.{0}
                                                                                        OAI.SevenEighths.HeckeFamily.K
                                                                                        (@CyclotomicField.instField.{0}
                                                                                          (@OfNat.ofNat.{0} Nat
                                                                                            (nat_lit 3)
                                                                                            (instOfNatNat (nat_lit 3)))
                                                                                          Rat Rat.instField)))))
                                                                                (fun
                                                                                    (x :
                                                                                      @Ideal.{0}
                                                                                        OAI.SevenEighths.HeckeFamily.O
                                                                                        (@CommSemiring.toSemiring.{0}
                                                                                          OAI.SevenEighths.HeckeFamily.O
                                                                                          (@CommRing.toCommSemiring.{0}
                                                                                            OAI.SevenEighths.HeckeFamily.O
                                                                                            (@NumberField.instCommRingRingOfIntegers.{0}
                                                                                              OAI.SevenEighths.HeckeFamily.K
                                                                                              (@CyclotomicField.instField.{0}
                                                                                                (@OfNat.ofNat.{0} Nat
                                                                                                  (nat_lit 3)
                                                                                                  (instOfNatNat
                                                                                                    (nat_lit 3)))
                                                                                                Rat
                                                                                                Rat.instField))))) =>
                                                                                  Nat)
                                                                                (@MonoidWithZeroHom.funLike.{0, 0}
                                                                                  (@Ideal.{0}
                                                                                    OAI.SevenEighths.HeckeFamily.O
                                                                                    (@CommSemiring.toSemiring.{0}
                                                                                      OAI.SevenEighths.HeckeFamily.O
                                                                                      (@CommRing.toCommSemiring.{0}
                                                                                        OAI.SevenEighths.HeckeFamily.O
                                                                                        (@NumberField.instCommRingRingOfIntegers.{0}
                                                                                          OAI.SevenEighths.HeckeFamily.K
                                                                                          (@CyclotomicField.instField.{0}
                                                                                            (@OfNat.ofNat.{0} Nat
                                                                                              (nat_lit 3)
                                                                                              (instOfNatNat
                                                                                                (nat_lit 3)))
                                                                                            Rat Rat.instField)))))
                                                                                  Nat
                                                                                  (@instMulZeroOneClassOfSemiring.{0}
                                                                                    (@Ideal.{0}
                                                                                      OAI.SevenEighths.HeckeFamily.O
                                                                                      (@CommSemiring.toSemiring.{0}
                                                                                        OAI.SevenEighths.HeckeFamily.O
                                                                                        (@CommRing.toCommSemiring.{0}
                                                                                          OAI.SevenEighths.HeckeFamily.O
                                                                                          (@NumberField.instCommRingRingOfIntegers.{0}
                                                                                            OAI.SevenEighths.HeckeFamily.K
                                                                                            (@CyclotomicField.instField.{0}
                                                                                              (@OfNat.ofNat.{0} Nat
                                                                                                (nat_lit 3)
                                                                                                (instOfNatNat
                                                                                                  (nat_lit 3)))
                                                                                              Rat Rat.instField)))))
                                                                                    (@IdemSemiring.toSemiring.{0}
                                                                                      (@Ideal.{0}
                                                                                        OAI.SevenEighths.HeckeFamily.O
                                                                                        (@CommSemiring.toSemiring.{0}
                                                                                          OAI.SevenEighths.HeckeFamily.O
                                                                                          (@CommRing.toCommSemiring.{0}
                                                                                            OAI.SevenEighths.HeckeFamily.O
                                                                                            (@NumberField.instCommRingRingOfIntegers.{0}
                                                                                              OAI.SevenEighths.HeckeFamily.K
                                                                                              (@CyclotomicField.instField.{0}
                                                                                                (@OfNat.ofNat.{0} Nat
                                                                                                  (nat_lit 3)
                                                                                                  (instOfNatNat
                                                                                                    (nat_lit 3)))
                                                                                                Rat Rat.instField)))))
                                                                                      (@Submodule.idemSemiring.{0, 0}
                                                                                        OAI.SevenEighths.HeckeFamily.O
                                                                                        (@CommRing.toCommSemiring.{0}
                                                                                          OAI.SevenEighths.HeckeFamily.O
                                                                                          (@NumberField.instCommRingRingOfIntegers.{0}
                                                                                            OAI.SevenEighths.HeckeFamily.K
                                                                                            (@CyclotomicField.instField.{0}
                                                                                              (@OfNat.ofNat.{0} Nat
                                                                                                (nat_lit 3)
                                                                                                (instOfNatNat
                                                                                                  (nat_lit 3)))
                                                                                              Rat Rat.instField)))
                                                                                        OAI.SevenEighths.HeckeFamily.O
                                                                                        (@CommSemiring.toSemiring.{0}
                                                                                          OAI.SevenEighths.HeckeFamily.O
                                                                                          (@CommRing.toCommSemiring.{0}
                                                                                            OAI.SevenEighths.HeckeFamily.O
                                                                                            (@NumberField.instCommRingRingOfIntegers.{0}
                                                                                              OAI.SevenEighths.HeckeFamily.K
                                                                                              (@CyclotomicField.instField.{0}
                                                                                                (@OfNat.ofNat.{0} Nat
                                                                                                  (nat_lit 3)
                                                                                                  (instOfNatNat
                                                                                                    (nat_lit 3)))
                                                                                                Rat Rat.instField))))
                                                                                        (@Algebra.id.{0}
                                                                                          OAI.SevenEighths.HeckeFamily.O
                                                                                          (@CommRing.toCommSemiring.{0}
                                                                                            OAI.SevenEighths.HeckeFamily.O
                                                                                            (@NumberField.instCommRingRingOfIntegers.{0}
                                                                                              OAI.SevenEighths.HeckeFamily.K
                                                                                              (@CyclotomicField.instField.{0}
                                                                                                (@OfNat.ofNat.{0} Nat
                                                                                                  (nat_lit 3)
                                                                                                  (instOfNatNat
                                                                                                    (nat_lit 3)))
                                                                                                Rat Rat.instField)))))))
                                                                                  Nat.instMulZeroOneClass)
                                                                                (@Ideal.absNorm.{0}
                                                                                  OAI.SevenEighths.HeckeFamily.O
                                                                                  (@NumberField.instCommRingRingOfIntegers.{0}
                                                                                    OAI.SevenEighths.HeckeFamily.K
                                                                                    (@CyclotomicField.instField.{0}
                                                                                      (@OfNat.ofNat.{0} Nat (nat_lit 3)
                                                                                        (instOfNatNat (nat_lit 3)))
                                                                                      Rat Rat.instField))
                                                                                  (@NumberField.RingOfIntegers.instIsDedekindDomain.{0}
                                                                                    OAI.SevenEighths.HeckeFamily.K
                                                                                    (@CyclotomicField.instField.{0}
                                                                                      (@OfNat.ofNat.{0} Nat (nat_lit 3)
                                                                                        (instOfNatNat (nat_lit 3)))
                                                                                      Rat Rat.instField)
                                                                                    (@CyclotomicField.instNumberField.{0}
                                                                                      (@OfNat.ofNat.{0} Nat (nat_lit 3)
                                                                                        (instOfNatNat (nat_lit 3)))
                                                                                      Rat Rat.instField
                                                                                      Rat.numberField))
                                                                                  (@CharZero.infinite.{0}
                                                                                    OAI.SevenEighths.HeckeFamily.O
                                                                                    (@AddGroupWithOne.toAddMonoidWithOne.{0}
                                                                                      OAI.SevenEighths.HeckeFamily.O
                                                                                      (@Ring.toAddGroupWithOne.{0}
                                                                                        OAI.SevenEighths.HeckeFamily.O
                                                                                        (@CommRing.toRing.{0}
                                                                                          OAI.SevenEighths.HeckeFamily.O
                                                                                          (@NumberField.instCommRingRingOfIntegers.{0}
                                                                                            OAI.SevenEighths.HeckeFamily.K
                                                                                            (@CyclotomicField.instField.{0}
                                                                                              (@OfNat.ofNat.{0} Nat
                                                                                                (nat_lit 3)
                                                                                                (instOfNatNat
                                                                                                  (nat_lit 3)))
                                                                                              Rat Rat.instField)))))
                                                                                    (@NumberField.RingOfIntegers.instCharZero_1.{0}
                                                                                      OAI.SevenEighths.HeckeFamily.K
                                                                                      (@CyclotomicField.instField.{0}
                                                                                        (@OfNat.ofNat.{0} Nat
                                                                                          (nat_lit 3)
                                                                                          (instOfNatNat (nat_lit 3)))
                                                                                        Rat Rat.instField)
                                                                                      (@CyclotomicField.instCharZero.{0}
                                                                                        (@OfNat.ofNat.{0} Nat
                                                                                          (nat_lit 3)
                                                                                          (instOfNatNat (nat_lit 3)))
                                                                                        Rat Rat.instField
                                                                                        Rat.instCharZero))))
                                                                                (@Ideal.span.{0}
                                                                                  OAI.SevenEighths.HeckeFamily.O
                                                                                  (@CommSemiring.toSemiring.{0}
                                                                                    OAI.SevenEighths.HeckeFamily.O
                                                                                    (@CommRing.toCommSemiring.{0}
                                                                                      OAI.SevenEighths.HeckeFamily.O
                                                                                      (@NumberField.instCommRingRingOfIntegers.{0}
                                                                                        OAI.SevenEighths.HeckeFamily.K
                                                                                        (@CyclotomicField.instField.{0}
                                                                                          (@OfNat.ofNat.{0} Nat
                                                                                            (nat_lit 3)
                                                                                            (instOfNatNat (nat_lit 3)))
                                                                                          Rat Rat.instField))))
                                                                                  (@Singleton.singleton.{0, 0}
                                                                                    OAI.SevenEighths.HeckeFamily.O
                                                                                    (Set.{0}
                                                                                      OAI.SevenEighths.HeckeFamily.O)
                                                                                    (@Set.instSingletonSet.{0}
                                                                                      OAI.SevenEighths.HeckeFamily.O)
                                                                                    (@Subtype.val.{1}
                                                                                      OAI.SevenEighths.HeckeFamily.O
                                                                                      (fun
                                                                                          (u :
                                                                                            OAI.SevenEighths.HeckeFamily.O) =>
                                                                                        And
                                                                                          (@Ne.{1}
                                                                                            OAI.SevenEighths.HeckeFamily.O
                                                                                            u
                                                                                            (@OfNat.ofNat.{0}
                                                                                              OAI.SevenEighths.HeckeFamily.O
                                                                                              (nat_lit 0)
                                                                                              (@Zero.toOfNat0.{0}
                                                                                                OAI.SevenEighths.HeckeFamily.O
                                                                                                (@MulZeroClass.toZero.{0}
                                                                                                  OAI.SevenEighths.HeckeFamily.O
                                                                                                  (@instMulZeroClassOfSemiring.{0}
                                                                                                    OAI.SevenEighths.HeckeFamily.O
                                                                                                    (@CommSemiring.toSemiring.{0}
                                                                                                      OAI.SevenEighths.HeckeFamily.O
                                                                                                      (@CommRing.toCommSemiring.{0}
                                                                                                        OAI.SevenEighths.HeckeFamily.O
                                                                                                        (@NumberField.instCommRingRingOfIntegers.{0}
                                                                                                          OAI.SevenEighths.HeckeFamily.K
                                                                                                          (@CyclotomicField.instField.{0}
                                                                                                            (@OfNat.ofNat.{0}
                                                                                                              Nat
                                                                                                              (nat_lit
                                                                                                                3)
                                                                                                              (instOfNatNat
                                                                                                                (nat_lit
                                                                                                                  3)))
                                                                                                            Rat
                                                                                                            Rat.instField)))))))))
                                                                                          (OAI.SevenEighths.HeckeInverseAmplification.SixthFree
                                                                                            (@Ideal.span.{0}
                                                                                              OAI.SevenEighths.HeckeFamily.O
                                                                                              (@CommSemiring.toSemiring.{0}
                                                                                                OAI.SevenEighths.HeckeFamily.O
                                                                                                (@CommRing.toCommSemiring.{0}
                                                                                                  OAI.SevenEighths.HeckeFamily.O
                                                                                                  (@NumberField.instCommRingRingOfIntegers.{0}
                                                                                                    OAI.SevenEighths.HeckeFamily.K
                                                                                                    (@CyclotomicField.instField.{0}
                                                                                                      (@OfNat.ofNat.{0}
                                                                                                        Nat (nat_lit 3)
                                                                                                        (instOfNatNat
                                                                                                          (nat_lit 3)))
                                                                                                      Rat
                                                                                                      Rat.instField))))
                                                                                              (@Singleton.singleton.{0,
                                                                                                    0}
                                                                                                OAI.SevenEighths.HeckeFamily.O
                                                                                                (Set.{0}
                                                                                                  OAI.SevenEighths.HeckeFamily.O)
                                                                                                (@Set.instSingletonSet.{0}
                                                                                                  OAI.SevenEighths.HeckeFamily.O)
                                                                                                u))))
                                                                                      u)))))) →
                                                                      ∀ (a ε binWidth : Real) (i : Nat) (z : Complex),
                                                                        @Eq.{1} Real (Complex.re z)
                                                                            (@HDiv.hDiv.{0, 0, 0} Real Real Real
                                                                              (@instHDiv.{0} Real
                                                                                (@DivInvMonoid.toDiv.{0} Real
                                                                                  Real.instDivInvMonoid))
                                                                              (@OfNat.ofNat.{0} Real (nat_lit 17)
                                                                                (@instOfNatAtLeastTwo.{0} Real
                                                                                  (nat_lit 17) Real.instNatCast
                                                                                  (@Nat.instAtLeastTwoHAddOfNat
                                                                                    (@OfNat.ofNat.{0} Nat (nat_lit 16)
                                                                                      (instOfNatNat (nat_lit 16)))
                                                                                    (@Nat.instNeZeroSucc
                                                                                      (@OfNat.ofNat.{0} Nat (nat_lit 15)
                                                                                        (instOfNatNat (nat_lit 15)))))))
                                                                              (@OfNat.ofNat.{0} Real (nat_lit 50)
                                                                                (@instOfNatAtLeastTwo.{0} Real
                                                                                  (nat_lit 50) Real.instNatCast
                                                                                  (@Nat.instAtLeastTwoHAddOfNat
                                                                                    (@OfNat.ofNat.{0} Nat (nat_lit 49)
                                                                                      (instOfNatNat (nat_lit 49)))
                                                                                    (@Nat.instNeZeroSucc
                                                                                      (@OfNat.ofNat.{0} Nat (nat_lit 48)
                                                                                        (instOfNatNat
                                                                                          (nat_lit 48)))))))) →
                                                                          ∀ (height : Real),
                                                                            @LE.le.{0} Real Real.instLE
                                                                                (@OfNat.ofNat.{0} Real (nat_lit 0)
                                                                                  (@Zero.toOfNat0.{0} Real
                                                                                    Real.instZero))
                                                                                height →
                                                                              @LE.le.{0} Real Real.instLE height
                                                                                  (@HPow.hPow.{0, 0, 0} Real Real Real
                                                                                    (@instHPow.{0, 0} Real Real
                                                                                      Real.instPow)
                                                                                    Z
                                                                                    (@HMul.hMul.{0, 0, 0} Real Real Real
                                                                                      (@instHMul.{0} Real Real.instMul)
                                                                                      (@OfNat.ofNat.{0} Real (nat_lit 2)
                                                                                        (@instOfNatAtLeastTwo.{0} Real
                                                                                          (nat_lit 2) Real.instNatCast
                                                                                          (@Nat.instAtLeastTwoHAddOfNat
                                                                                            (@OfNat.ofNat.{0} Nat
                                                                                              (nat_lit 1)
                                                                                              (instOfNatNat
                                                                                                (nat_lit 1)))
                                                                                            (@Nat.instNeZeroSucc
                                                                                              (@OfNat.ofNat.{0} Nat
                                                                                                (nat_lit 0)
                                                                                                (instOfNatNat
                                                                                                  (nat_lit 0)))))))
                                                                                      τ')) →
                                                                                @LE.le.{0} Real Real.instLE
                                                                                    (@abs.{0} Real Real.lattice
                                                                                      Real.instAddGroup (Complex.im z))
                                                                                    height →
                                                                                  @OAI.SevenEighths.SourcePlainMarkedUniversalLowKappa.SourcePlainMarkedAt
                                                                                    M inst H hH N S hS η rows ell W Z d
                                                                                    a ε τ' dmax bslot batchMesh binWidth
                                                                                    i z κPlain C height εm))
                                                  (@Filter.atTop.{0} Real Real.instPreorder))))))))))))))
'OAI.SevenEighths.SourcePlainMarkedUniversalLowKappa.exists_source_slots_and_universal_plain_marked' depends on axioms: [propext,
 Classical.choice,
 Quot.sound]
OAI.SevenEighths.PlainUnmarkedAdmissionLowKappa.actual_growth_absorption_principal_exponent : ∀
  (C Z d dmin p rho epsE epsm h height t : Real) (degree J : Nat)
  (hC : @LE.le.{0} Real Real.instLE (@OfNat.ofNat.{0} Real (nat_lit 0) (@Zero.toOfNat0.{0} Real Real.instZero)) C)
  (hZ : @LE.le.{0} Real Real.instLE (@OfNat.ofNat.{0} Real (nat_lit 1) (@One.toOfNat1.{0} Real Real.instOne)) Z)
  (hdmin : @LT.lt.{0} Real Real.instLT (@OfNat.ofNat.{0} Real (nat_lit 0) (@Zero.toOfNat0.{0} Real Real.instZero)) dmin)
  (hd : @LE.le.{0} Real Real.instLE dmin d)
  (hepsm : @LE.le.{0} Real Real.instLE (@OfNat.ofNat.{0} Real (nat_lit 0) (@Zero.toOfNat0.{0} Real Real.instZero)) epsm)
  (hh : @LE.le.{0} Real Real.instLE (@OfNat.ofNat.{0} Real (nat_lit 0) (@Zero.toOfNat0.{0} Real Real.instZero)) h)
  (hheight :
    @LE.le.{0} Real Real.instLE (@OfNat.ofNat.{0} Real (nat_lit 0) (@Zero.toOfNat0.{0} Real Real.instZero)) height)
  (hheight_le :
    @LE.le.{0} Real Real.instLE height
      (@HPow.hPow.{0, 0, 0} Real Real Real (@instHPow.{0, 0} Real Real Real.instPow) Z h))
  (ht :
    @LE.le.{0} Real Real.instLE (@Norm.norm.{0} Real Real.norm t)
      (@HPow.hPow.{0, 0, 0} Real Real Real (@instHPow.{0, 0} Real Real Real.instPow) Z h))
  (hbudget :
    @LE.le.{0} Real Real.instLE
      (@HAdd.hAdd.{0, 0, 0} Real Real Real (@instHAdd.{0} Real Real.instAdd)
        (@HAdd.hAdd.{0, 0, 0} Real Real Real (@instHAdd.{0} Real Real.instAdd) rho epsE)
        (@HMul.hMul.{0, 0, 0} Real Real Real (@instHMul.{0} Real Real.instMul) h
          (@Nat.cast.{0} Real Real.instNatCast
            (@HAdd.hAdd.{0, 0, 0} Nat Nat Nat (@instHAdd.{0} Nat instAddNat) degree
              (@HMul.hMul.{0, 0, 0} Nat Nat Nat (@instHMul.{0} Nat instMulNat)
                (@OfNat.ofNat.{0} Nat (nat_lit 4) (instOfNatNat (nat_lit 4))) J)))))
      (@HMul.hMul.{0, 0, 0} Real Real Real (@instHMul.{0} Real Real.instMul) dmin epsm)),
  @LE.le.{0} Real Real.instLE
    (@HMul.hMul.{0, 0, 0} Real Real Real (@instHMul.{0} Real Real.instMul)
      (@HMul.hMul.{0, 0, 0} Real Real Real (@instHMul.{0} Real Real.instMul)
        (@HMul.hMul.{0, 0, 0} Real Real Real (@instHMul.{0} Real Real.instMul) C
          (@HPow.hPow.{0, 0, 0} Real Nat Real
            (@instHPow.{0, 0} Real Nat (@NPow.toPow.{0} Real (@Monoid.toNPow.{0} Real Real.instMonoid)))
            (@HAdd.hAdd.{0, 0, 0} Real Real Real (@instHAdd.{0} Real Real.instAdd)
              (@OfNat.ofNat.{0} Real (nat_lit 1) (@One.toOfNat1.{0} Real Real.instOne)) height)
            degree))
        (@HPow.hPow.{0, 0, 0} Real Nat Real
          (@instHPow.{0, 0} Real Nat (@NPow.toPow.{0} Real (@Monoid.toNPow.{0} Real Real.instMonoid)))
          (@HAdd.hAdd.{0, 0, 0} Real Real Real (@instHAdd.{0} Real Real.instAdd)
            (@OfNat.ofNat.{0} Real (nat_lit 1) (@One.toOfNat1.{0} Real Real.instOne)) (@Norm.norm.{0} Real Real.norm t))
          (@HMul.hMul.{0, 0, 0} Nat Nat Nat (@instHMul.{0} Nat instMulNat)
            (@OfNat.ofNat.{0} Nat (nat_lit 4) (instOfNatNat (nat_lit 4))) J)))
      (@HPow.hPow.{0, 0, 0} Real Real Real (@instHPow.{0, 0} Real Real Real.instPow) Z
        (@HAdd.hAdd.{0, 0, 0} Real Real Real (@instHAdd.{0} Real Real.instAdd)
          (@HAdd.hAdd.{0, 0, 0} Real Real Real (@instHAdd.{0} Real Real.instAdd)
            (@HMul.hMul.{0, 0, 0} Real Real Real (@instHMul.{0} Real Real.instMul) d p) rho)
          epsE)))
    (@HMul.hMul.{0, 0, 0} Real Real Real (@instHMul.{0} Real Real.instMul)
      (@HMul.hMul.{0, 0, 0} Real Real Real (@instHMul.{0} Real Real.instMul) C
        (@HPow.hPow.{0, 0, 0} Real Nat Real
          (@instHPow.{0, 0} Real Nat (@NPow.toPow.{0} Real (@Monoid.toNPow.{0} Real Real.instMonoid)))
          (@OfNat.ofNat.{0} Real (nat_lit 2)
            (@instOfNatAtLeastTwo.{0} Real (nat_lit 2) Real.instNatCast
              (@Nat.instAtLeastTwoHAddOfNat (@OfNat.ofNat.{0} Nat (nat_lit 1) (instOfNatNat (nat_lit 1)))
                (@Nat.instNeZeroSucc (@OfNat.ofNat.{0} Nat (nat_lit 0) (instOfNatNat (nat_lit 0)))))))
          (@HAdd.hAdd.{0, 0, 0} Nat Nat Nat (@instHAdd.{0} Nat instAddNat) degree
            (@HMul.hMul.{0, 0, 0} Nat Nat Nat (@instHMul.{0} Nat instMulNat)
              (@OfNat.ofNat.{0} Nat (nat_lit 4) (instOfNatNat (nat_lit 4))) J))))
      (@HPow.hPow.{0, 0, 0} Real Real Real (@instHPow.{0, 0} Real Real Real.instPow)
        (@HPow.hPow.{0, 0, 0} Real Real Real (@instHPow.{0, 0} Real Real Real.instPow) Z d)
        (@HAdd.hAdd.{0, 0, 0} Real Real Real (@instHAdd.{0} Real Real.instAdd) p epsm)))
'OAI.SevenEighths.PlainUnmarkedAdmissionLowKappa.actual_growth_absorption_principal_exponent' depends on axioms: [propext,
 Classical.choice,
 Quot.sound]
OAI.SevenEighths.PlainUnmarkedAdmissionLowKappa.actual_plain_unmarked_admission.{u_1,
  u_2} : ∀
  (M :
    @Ideal.{0} OAI.SevenEighths.HeckeFamily.O
      (@CommSemiring.toSemiring.{0} OAI.SevenEighths.HeckeFamily.O
        (@CommRing.toCommSemiring.{0} OAI.SevenEighths.HeckeFamily.O
          (@NumberField.instCommRingRingOfIntegers.{0} OAI.SevenEighths.HeckeFamily.K
            (@CyclotomicField.instField.{0} (@OfNat.ofNat.{0} Nat (nat_lit 3) (instOfNatNat (nat_lit 3))) Rat
              Rat.instField)))))
  [inst :
    @NeZero.{0}
      (@Ideal.{0} OAI.SevenEighths.HeckeFamily.O
        (@CommSemiring.toSemiring.{0} OAI.SevenEighths.HeckeFamily.O
          (@CommRing.toCommSemiring.{0} OAI.SevenEighths.HeckeFamily.O
            (@NumberField.instCommRingRingOfIntegers.{0} OAI.SevenEighths.HeckeFamily.K
              (@CyclotomicField.instField.{0} (@OfNat.ofNat.{0} Nat (nat_lit 3) (instOfNatNat (nat_lit 3))) Rat
                Rat.instField)))))
      (@Submodule.pointwiseZero.{0, 0} OAI.SevenEighths.HeckeFamily.O OAI.SevenEighths.HeckeFamily.O
        (@CommSemiring.toSemiring.{0} OAI.SevenEighths.HeckeFamily.O
          (@CommRing.toCommSemiring.{0} OAI.SevenEighths.HeckeFamily.O
            (@NumberField.instCommRingRingOfIntegers.{0} OAI.SevenEighths.HeckeFamily.K
              (@CyclotomicField.instField.{0} (@OfNat.ofNat.{0} Nat (nat_lit 3) (instOfNatNat (nat_lit 3))) Rat
                Rat.instField))))
        (@Semiring.toAddCommMonoid.{0} OAI.SevenEighths.HeckeFamily.O
          (@CommSemiring.toSemiring.{0} OAI.SevenEighths.HeckeFamily.O
            (@CommRing.toCommSemiring.{0} OAI.SevenEighths.HeckeFamily.O
              (@NumberField.instCommRingRingOfIntegers.{0} OAI.SevenEighths.HeckeFamily.K
                (@CyclotomicField.instField.{0} (@OfNat.ofNat.{0} Nat (nat_lit 3) (instOfNatNat (nat_lit 3))) Rat
                  Rat.instField)))))
        (@Semiring.toModule.{0} OAI.SevenEighths.HeckeFamily.O
          (@CommSemiring.toSemiring.{0} OAI.SevenEighths.HeckeFamily.O
            (@CommRing.toCommSemiring.{0} OAI.SevenEighths.HeckeFamily.O
              (@NumberField.instCommRingRingOfIntegers.{0} OAI.SevenEighths.HeckeFamily.K
                (@CyclotomicField.instField.{0} (@OfNat.ofNat.{0} Nat (nat_lit 3) (instOfNatNat (nat_lit 3))) Rat
                  Rat.instField))))))
      M]
  (H :
    @Subgroup.{0}
      (@Units.{0}
        (@HasQuotient.Quotient.{0, 0} OAI.SevenEighths.HeckeFamily.O
          (@Ideal.{0} OAI.SevenEighths.HeckeFamily.O
            (@CommSemiring.toSemiring.{0} OAI.SevenEighths.HeckeFamily.O
              (@CommRing.toCommSemiring.{0} OAI.SevenEighths.HeckeFamily.O
                (@NumberField.instCommRingRingOfIntegers.{0} OAI.SevenEighths.HeckeFamily.K
                  (@CyclotomicField.instField.{0} (@OfNat.ofNat.{0} Nat (nat_lit 3) (instOfNatNat (nat_lit 3))) Rat
                    Rat.instField)))))
          (@Ideal.instHasQuotient_1.{0} OAI.SevenEighths.HeckeFamily.O
            (@NumberField.instCommRingRingOfIntegers.{0} OAI.SevenEighths.HeckeFamily.K
              (@CyclotomicField.instField.{0} (@OfNat.ofNat.{0} Nat (nat_lit 3) (instOfNatNat (nat_lit 3))) Rat
                Rat.instField)))
          M)
        (@Semiring.toMonoid.{0}
          (@HasQuotient.Quotient.{0, 0} OAI.SevenEighths.HeckeFamily.O
            (@Ideal.{0} OAI.SevenEighths.HeckeFamily.O
              (@CommSemiring.toSemiring.{0} OAI.SevenEighths.HeckeFamily.O
                (@CommRing.toCommSemiring.{0} OAI.SevenEighths.HeckeFamily.O
                  (@NumberField.instCommRingRingOfIntegers.{0} OAI.SevenEighths.HeckeFamily.K
                    (@CyclotomicField.instField.{0} (@OfNat.ofNat.{0} Nat (nat_lit 3) (instOfNatNat (nat_lit 3))) Rat
                      Rat.instField)))))
            (@Ideal.instHasQuotient_1.{0} OAI.SevenEighths.HeckeFamily.O
              (@NumberField.instCommRingRingOfIntegers.{0} OAI.SevenEighths.HeckeFamily.K
                (@CyclotomicField.instField.{0} (@OfNat.ofNat.{0} Nat (nat_lit 3) (instOfNatNat (nat_lit 3))) Rat
                  Rat.instField)))
            M)
          (@Ideal.Quotient.semiring.{0} OAI.SevenEighths.HeckeFamily.O
            (@NumberField.instCommRingRingOfIntegers.{0} OAI.SevenEighths.HeckeFamily.K
              (@CyclotomicField.instField.{0} (@OfNat.ofNat.{0} Nat (nat_lit 3) (instOfNatNat (nat_lit 3))) Rat
                Rat.instField))
            M)))
      (@Units.instGroup.{0}
        (@HasQuotient.Quotient.{0, 0} OAI.SevenEighths.HeckeFamily.O
          (@Ideal.{0} OAI.SevenEighths.HeckeFamily.O
            (@CommSemiring.toSemiring.{0} OAI.SevenEighths.HeckeFamily.O
              (@CommRing.toCommSemiring.{0} OAI.SevenEighths.HeckeFamily.O
                (@NumberField.instCommRingRingOfIntegers.{0} OAI.SevenEighths.HeckeFamily.K
                  (@CyclotomicField.instField.{0} (@OfNat.ofNat.{0} Nat (nat_lit 3) (instOfNatNat (nat_lit 3))) Rat
                    Rat.instField)))))
          (@Ideal.instHasQuotient_1.{0} OAI.SevenEighths.HeckeFamily.O
            (@NumberField.instCommRingRingOfIntegers.{0} OAI.SevenEighths.HeckeFamily.K
              (@CyclotomicField.instField.{0} (@OfNat.ofNat.{0} Nat (nat_lit 3) (instOfNatNat (nat_lit 3))) Rat
                Rat.instField)))
          M)
        (@Semiring.toMonoid.{0}
          (@HasQuotient.Quotient.{0, 0} OAI.SevenEighths.HeckeFamily.O
            (@Ideal.{0} OAI.SevenEighths.HeckeFamily.O
              (@CommSemiring.toSemiring.{0} OAI.SevenEighths.HeckeFamily.O
                (@CommRing.toCommSemiring.{0} OAI.SevenEighths.HeckeFamily.O
                  (@NumberField.instCommRingRingOfIntegers.{0} OAI.SevenEighths.HeckeFamily.K
                    (@CyclotomicField.instField.{0} (@OfNat.ofNat.{0} Nat (nat_lit 3) (instOfNatNat (nat_lit 3))) Rat
                      Rat.instField)))))
            (@Ideal.instHasQuotient_1.{0} OAI.SevenEighths.HeckeFamily.O
              (@NumberField.instCommRingRingOfIntegers.{0} OAI.SevenEighths.HeckeFamily.K
                (@CyclotomicField.instField.{0} (@OfNat.ofNat.{0} Nat (nat_lit 3) (instOfNatNat (nat_lit 3))) Rat
                  Rat.instField)))
            M)
          (@Ideal.Quotient.semiring.{0} OAI.SevenEighths.HeckeFamily.O
            (@NumberField.instCommRingRingOfIntegers.{0} OAI.SevenEighths.HeckeFamily.K
              (@CyclotomicField.instField.{0} (@OfNat.ofNat.{0} Nat (nat_lit 3) (instOfNatNat (nat_lit 3))) Rat
                Rat.instField))
            M))))
  (hH :
    @LE.le.{0}
      (@Subgroup.{0}
        (@Units.{0}
          (@HasQuotient.Quotient.{0, 0} OAI.SevenEighths.HeckeFamily.O
            (@Ideal.{0} OAI.SevenEighths.HeckeFamily.O
              (@CommSemiring.toSemiring.{0} OAI.SevenEighths.HeckeFamily.O
                (@CommRing.toCommSemiring.{0} OAI.SevenEighths.HeckeFamily.O
                  (@NumberField.instCommRingRingOfIntegers.{0} OAI.SevenEighths.HeckeFamily.K
                    (@CyclotomicField.instField.{0} (@OfNat.ofNat.{0} Nat (nat_lit 3) (instOfNatNat (nat_lit 3))) Rat
                      Rat.instField)))))
            (@Ideal.instHasQuotient_1.{0} OAI.SevenEighths.HeckeFamily.O
              (@NumberField.instCommRingRingOfIntegers.{0} OAI.SevenEighths.HeckeFamily.K
                (@CyclotomicField.instField.{0} (@OfNat.ofNat.{0} Nat (nat_lit 3) (instOfNatNat (nat_lit 3))) Rat
                  Rat.instField)))
            M)
          (@Semiring.toMonoid.{0}
            (@HasQuotient.Quotient.{0, 0} OAI.SevenEighths.HeckeFamily.O
              (@Ideal.{0} OAI.SevenEighths.HeckeFamily.O
                (@CommSemiring.toSemiring.{0} OAI.SevenEighths.HeckeFamily.O
                  (@CommRing.toCommSemiring.{0} OAI.SevenEighths.HeckeFamily.O
                    (@NumberField.instCommRingRingOfIntegers.{0} OAI.SevenEighths.HeckeFamily.K
                      (@CyclotomicField.instField.{0} (@OfNat.ofNat.{0} Nat (nat_lit 3) (instOfNatNat (nat_lit 3))) Rat
                        Rat.instField)))))
              (@Ideal.instHasQuotient_1.{0} OAI.SevenEighths.HeckeFamily.O
                (@NumberField.instCommRingRingOfIntegers.{0} OAI.SevenEighths.HeckeFamily.K
                  (@CyclotomicField.instField.{0} (@OfNat.ofNat.{0} Nat (nat_lit 3) (instOfNatNat (nat_lit 3))) Rat
                    Rat.instField)))
              M)
            (@Ideal.Quotient.semiring.{0} OAI.SevenEighths.HeckeFamily.O
              (@NumberField.instCommRingRingOfIntegers.{0} OAI.SevenEighths.HeckeFamily.K
                (@CyclotomicField.instField.{0} (@OfNat.ofNat.{0} Nat (nat_lit 3) (instOfNatNat (nat_lit 3))) Rat
                  Rat.instField))
              M)))
        (@Units.instGroup.{0}
          (@HasQuotient.Quotient.{0, 0} OAI.SevenEighths.HeckeFamily.O
            (@Ideal.{0} OAI.SevenEighths.HeckeFamily.O
              (@CommSemiring.toSemiring.{0} OAI.SevenEighths.HeckeFamily.O
                (@CommRing.toCommSemiring.{0} OAI.SevenEighths.HeckeFamily.O
                  (@NumberField.instCommRingRingOfIntegers.{0} OAI.SevenEighths.HeckeFamily.K
                    (@CyclotomicField.instField.{0} (@OfNat.ofNat.{0} Nat (nat_lit 3) (instOfNatNat (nat_lit 3))) Rat
                      Rat.instField)))))
            (@Ideal.instHasQuotient_1.{0} OAI.SevenEighths.HeckeFamily.O
              (@NumberField.instCommRingRingOfIntegers.{0} OAI.SevenEighths.HeckeFamily.K
                (@CyclotomicField.instField.{0} (@OfNat.ofNat.{0} Nat (nat_lit 3) (instOfNatNat (nat_lit 3))) Rat
                  Rat.instField)))
            M)
          (@Semiring.toMonoid.{0}
            (@HasQuotient.Quotient.{0, 0} OAI.SevenEighths.HeckeFamily.O
              (@Ideal.{0} OAI.SevenEighths.HeckeFamily.O
                (@CommSemiring.toSemiring.{0} OAI.SevenEighths.HeckeFamily.O
                  (@CommRing.toCommSemiring.{0} OAI.SevenEighths.HeckeFamily.O
                    (@NumberField.instCommRingRingOfIntegers.{0} OAI.SevenEighths.HeckeFamily.K
                      (@CyclotomicField.instField.{0} (@OfNat.ofNat.{0} Nat (nat_lit 3) (instOfNatNat (nat_lit 3))) Rat
                        Rat.instField)))))
              (@Ideal.instHasQuotient_1.{0} OAI.SevenEighths.HeckeFamily.O
                (@NumberField.instCommRingRingOfIntegers.{0} OAI.SevenEighths.HeckeFamily.K
                  (@CyclotomicField.instField.{0} (@OfNat.ofNat.{0} Nat (nat_lit 3) (instOfNatNat (nat_lit 3))) Rat
                    Rat.instField)))
              M)
            (@Ideal.Quotient.semiring.{0} OAI.SevenEighths.HeckeFamily.O
              (@NumberField.instCommRingRingOfIntegers.{0} OAI.SevenEighths.HeckeFamily.K
                (@CyclotomicField.instField.{0} (@OfNat.ofNat.{0} Nat (nat_lit 3) (instOfNatNat (nat_lit 3))) Rat
                  Rat.instField))
              M))))
      (@Preorder.toLE.{0}
        (@Subgroup.{0}
          (@Units.{0}
            (@HasQuotient.Quotient.{0, 0} OAI.SevenEighths.HeckeFamily.O
              (@Ideal.{0} OAI.SevenEighths.HeckeFamily.O
                (@CommSemiring.toSemiring.{0} OAI.SevenEighths.HeckeFamily.O
                  (@CommRing.toCommSemiring.{0} OAI.SevenEighths.HeckeFamily.O
                    (@NumberField.instCommRingRingOfIntegers.{0} OAI.SevenEighths.HeckeFamily.K
                      (@CyclotomicField.instField.{0} (@OfNat.ofNat.{0} Nat (nat_lit 3) (instOfNatNat (nat_lit 3))) Rat
                        Rat.instField)))))
              (@Ideal.instHasQuotient_1.{0} OAI.SevenEighths.HeckeFamily.O
                (@NumberField.instCommRingRingOfIntegers.{0} OAI.SevenEighths.HeckeFamily.K
                  (@CyclotomicField.instField.{0} (@OfNat.ofNat.{0} Nat (nat_lit 3) (instOfNatNat (nat_lit 3))) Rat
                    Rat.instField)))
              M)
            (@Semiring.toMonoid.{0}
              (@HasQuotient.Quotient.{0, 0} OAI.SevenEighths.HeckeFamily.O
                (@Ideal.{0} OAI.SevenEighths.HeckeFamily.O
                  (@CommSemiring.toSemiring.{0} OAI.SevenEighths.HeckeFamily.O
                    (@CommRing.toCommSemiring.{0} OAI.SevenEighths.HeckeFamily.O
                      (@NumberField.instCommRingRingOfIntegers.{0} OAI.SevenEighths.HeckeFamily.K
                        (@CyclotomicField.instField.{0} (@OfNat.ofNat.{0} Nat (nat_lit 3) (instOfNatNat (nat_lit 3)))
                          Rat Rat.instField)))))
                (@Ideal.instHasQuotient_1.{0} OAI.SevenEighths.HeckeFamily.O
                  (@NumberField.instCommRingRingOfIntegers.{0} OAI.SevenEighths.HeckeFamily.K
                    (@CyclotomicField.instField.{0} (@OfNat.ofNat.{0} Nat (nat_lit 3) (instOfNatNat (nat_lit 3))) Rat
                      Rat.instField)))
                M)
              (@Ideal.Quotient.semiring.{0} OAI.SevenEighths.HeckeFamily.O
                (@NumberField.instCommRingRingOfIntegers.{0} OAI.SevenEighths.HeckeFamily.K
                  (@CyclotomicField.instField.{0} (@OfNat.ofNat.{0} Nat (nat_lit 3) (instOfNatNat (nat_lit 3))) Rat
                    Rat.instField))
                M)))
          (@Units.instGroup.{0}
            (@HasQuotient.Quotient.{0, 0} OAI.SevenEighths.HeckeFamily.O
              (@Ideal.{0} OAI.SevenEighths.HeckeFamily.O
                (@CommSemiring.toSemiring.{0} OAI.SevenEighths.HeckeFamily.O
                  (@CommRing.toCommSemiring.{0} OAI.SevenEighths.HeckeFamily.O
                    (@NumberField.instCommRingRingOfIntegers.{0} OAI.SevenEighths.HeckeFamily.K
                      (@CyclotomicField.instField.{0} (@OfNat.ofNat.{0} Nat (nat_lit 3) (instOfNatNat (nat_lit 3))) Rat
                        Rat.instField)))))
              (@Ideal.instHasQuotient_1.{0} OAI.SevenEighths.HeckeFamily.O
                (@NumberField.instCommRingRingOfIntegers.{0} OAI.SevenEighths.HeckeFamily.K
                  (@CyclotomicField.instField.{0} (@OfNat.ofNat.{0} Nat (nat_lit 3) (instOfNatNat (nat_lit 3))) Rat
                    Rat.instField)))
              M)
            (@Semiring.toMonoid.{0}
              (@HasQuotient.Quotient.{0, 0} OAI.SevenEighths.HeckeFamily.O
                (@Ideal.{0} OAI.SevenEighths.HeckeFamily.O
                  (@CommSemiring.toSemiring.{0} OAI.SevenEighths.HeckeFamily.O
                    (@CommRing.toCommSemiring.{0} OAI.SevenEighths.HeckeFamily.O
                      (@NumberField.instCommRingRingOfIntegers.{0} OAI.SevenEighths.HeckeFamily.K
                        (@CyclotomicField.instField.{0} (@OfNat.ofNat.{0} Nat (nat_lit 3) (instOfNatNat (nat_lit 3)))
                          Rat Rat.instField)))))
                (@Ideal.instHasQuotient_1.{0} OAI.SevenEighths.HeckeFamily.O
                  (@NumberField.instCommRingRingOfIntegers.{0} OAI.SevenEighths.HeckeFamily.K
                    (@CyclotomicField.instField.{0} (@OfNat.ofNat.{0} Nat (nat_lit 3) (instOfNatNat (nat_lit 3))) Rat
                      Rat.instField)))
                M)
              (@Ideal.Quotient.semiring.{0} OAI.SevenEighths.HeckeFamily.O
                (@NumberField.instCommRingRingOfIntegers.{0} OAI.SevenEighths.HeckeFamily.K
                  (@CyclotomicField.instField.{0} (@OfNat.ofNat.{0} Nat (nat_lit 3) (instOfNatNat (nat_lit 3))) Rat
                    Rat.instField))
                M))))
        (@PartialOrder.toPreorder.{0}
          (@Subgroup.{0}
            (@Units.{0}
              (@HasQuotient.Quotient.{0, 0} OAI.SevenEighths.HeckeFamily.O
                (@Ideal.{0} OAI.SevenEighths.HeckeFamily.O
                  (@CommSemiring.toSemiring.{0} OAI.SevenEighths.HeckeFamily.O
                    (@CommRing.toCommSemiring.{0} OAI.SevenEighths.HeckeFamily.O
                      (@NumberField.instCommRingRingOfIntegers.{0} OAI.SevenEighths.HeckeFamily.K
                        (@CyclotomicField.instField.{0} (@OfNat.ofNat.{0} Nat (nat_lit 3) (instOfNatNat (nat_lit 3)))
                          Rat Rat.instField)))))
                (@Ideal.instHasQuotient_1.{0} OAI.SevenEighths.HeckeFamily.O
                  (@NumberField.instCommRingRingOfIntegers.{0} OAI.SevenEighths.HeckeFamily.K
                    (@CyclotomicField.instField.{0} (@OfNat.ofNat.{0} Nat (nat_lit 3) (instOfNatNat (nat_lit 3))) Rat
                      Rat.instField)))
                M)
              (@Semiring.toMonoid.{0}
                (@HasQuotient.Quotient.{0, 0} OAI.SevenEighths.HeckeFamily.O
                  (@Ideal.{0} OAI.SevenEighths.HeckeFamily.O
                    (@CommSemiring.toSemiring.{0} OAI.SevenEighths.HeckeFamily.O
                      (@CommRing.toCommSemiring.{0} OAI.SevenEighths.HeckeFamily.O
                        (@NumberField.instCommRingRingOfIntegers.{0} OAI.SevenEighths.HeckeFamily.K
                          (@CyclotomicField.instField.{0} (@OfNat.ofNat.{0} Nat (nat_lit 3) (instOfNatNat (nat_lit 3)))
                            Rat Rat.instField)))))
                  (@Ideal.instHasQuotient_1.{0} OAI.SevenEighths.HeckeFamily.O
                    (@NumberField.instCommRingRingOfIntegers.{0} OAI.SevenEighths.HeckeFamily.K
                      (@CyclotomicField.instField.{0} (@OfNat.ofNat.{0} Nat (nat_lit 3) (instOfNatNat (nat_lit 3))) Rat
                        Rat.instField)))
                  M)
                (@Ideal.Quotient.semiring.{0} OAI.SevenEighths.HeckeFamily.O
                  (@NumberField.instCommRingRingOfIntegers.{0} OAI.SevenEighths.HeckeFamily.K
                    (@CyclotomicField.instField.{0} (@OfNat.ofNat.{0} Nat (nat_lit 3) (instOfNatNat (nat_lit 3))) Rat
                      Rat.instField))
                  M)))
            (@Units.instGroup.{0}
              (@HasQuotient.Quotient.{0, 0} OAI.SevenEighths.HeckeFamily.O
                (@Ideal.{0} OAI.SevenEighths.HeckeFamily.O
                  (@CommSemiring.toSemiring.{0} OAI.SevenEighths.HeckeFamily.O
                    (@CommRing.toCommSemiring.{0} OAI.SevenEighths.HeckeFamily.O
                      (@NumberField.instCommRingRingOfIntegers.{0} OAI.SevenEighths.HeckeFamily.K
                        (@CyclotomicField.instField.{0} (@OfNat.ofNat.{0} Nat (nat_lit 3) (instOfNatNat (nat_lit 3)))
                          Rat Rat.instField)))))
                (@Ideal.instHasQuotient_1.{0} OAI.SevenEighths.HeckeFamily.O
                  (@NumberField.instCommRingRingOfIntegers.{0} OAI.SevenEighths.HeckeFamily.K
                    (@CyclotomicField.instField.{0} (@OfNat.ofNat.{0} Nat (nat_lit 3) (instOfNatNat (nat_lit 3))) Rat
                      Rat.instField)))
                M)
              (@Semiring.toMonoid.{0}
                (@HasQuotient.Quotient.{0, 0} OAI.SevenEighths.HeckeFamily.O
                  (@Ideal.{0} OAI.SevenEighths.HeckeFamily.O
                    (@CommSemiring.toSemiring.{0} OAI.SevenEighths.HeckeFamily.O
                      (@CommRing.toCommSemiring.{0} OAI.SevenEighths.HeckeFamily.O
                        (@NumberField.instCommRingRingOfIntegers.{0} OAI.SevenEighths.HeckeFamily.K
                          (@CyclotomicField.instField.{0} (@OfNat.ofNat.{0} Nat (nat_lit 3) (instOfNatNat (nat_lit 3)))
                            Rat Rat.instField)))))
                  (@Ideal.instHasQuotient_1.{0} OAI.SevenEighths.HeckeFamily.O
                    (@NumberField.instCommRingRingOfIntegers.{0} OAI.SevenEighths.HeckeFamily.K
                      (@CyclotomicField.instField.{0} (@OfNat.ofNat.{0} Nat (nat_lit 3) (instOfNatNat (nat_lit 3))) Rat
                        Rat.instField)))
                  M)
                (@Ideal.Quotient.semiring.{0} OAI.SevenEighths.HeckeFamily.O
                  (@NumberField.instCommRingRingOfIntegers.{0} OAI.SevenEighths.HeckeFamily.K
                    (@CyclotomicField.instField.{0} (@OfNat.ofNat.{0} Nat (nat_lit 3) (instOfNatNat (nat_lit 3))) Rat
                      Rat.instField))
                  M))))
          (@Subgroup.instPartialOrder.{0}
            (@Units.{0}
              (@HasQuotient.Quotient.{0, 0} OAI.SevenEighths.HeckeFamily.O
                (@Ideal.{0} OAI.SevenEighths.HeckeFamily.O
                  (@CommSemiring.toSemiring.{0} OAI.SevenEighths.HeckeFamily.O
                    (@CommRing.toCommSemiring.{0} OAI.SevenEighths.HeckeFamily.O
                      (@NumberField.instCommRingRingOfIntegers.{0} OAI.SevenEighths.HeckeFamily.K
                        (@CyclotomicField.instField.{0} (@OfNat.ofNat.{0} Nat (nat_lit 3) (instOfNatNat (nat_lit 3)))
                          Rat Rat.instField)))))
                (@Ideal.instHasQuotient_1.{0} OAI.SevenEighths.HeckeFamily.O
                  (@NumberField.instCommRingRingOfIntegers.{0} OAI.SevenEighths.HeckeFamily.K
                    (@CyclotomicField.instField.{0} (@OfNat.ofNat.{0} Nat (nat_lit 3) (instOfNatNat (nat_lit 3))) Rat
                      Rat.instField)))
                M)
              (@Semiring.toMonoid.{0}
                (@HasQuotient.Quotient.{0, 0} OAI.SevenEighths.HeckeFamily.O
                  (@Ideal.{0} OAI.SevenEighths.HeckeFamily.O
                    (@CommSemiring.toSemiring.{0} OAI.SevenEighths.HeckeFamily.O
                      (@CommRing.toCommSemiring.{0} OAI.SevenEighths.HeckeFamily.O
                        (@NumberField.instCommRingRingOfIntegers.{0} OAI.SevenEighths.HeckeFamily.K
                          (@CyclotomicField.instField.{0} (@OfNat.ofNat.{0} Nat (nat_lit 3) (instOfNatNat (nat_lit 3)))
                            Rat Rat.instField)))))
                  (@Ideal.instHasQuotient_1.{0} OAI.SevenEighths.HeckeFamily.O
                    (@NumberField.instCommRingRingOfIntegers.{0} OAI.SevenEighths.HeckeFamily.K
                      (@CyclotomicField.instField.{0} (@OfNat.ofNat.{0} Nat (nat_lit 3) (instOfNatNat (nat_lit 3))) Rat
                        Rat.instField)))
                  M)
                (@Ideal.Quotient.semiring.{0} OAI.SevenEighths.HeckeFamily.O
                  (@NumberField.instCommRingRingOfIntegers.{0} OAI.SevenEighths.HeckeFamily.K
                    (@CyclotomicField.instField.{0} (@OfNat.ofNat.{0} Nat (nat_lit 3) (instOfNatNat (nat_lit 3))) Rat
                      Rat.instField))
                  M)))
            (@Units.instGroup.{0}
              (@HasQuotient.Quotient.{0, 0} OAI.SevenEighths.HeckeFamily.O
                (@Ideal.{0} OAI.SevenEighths.HeckeFamily.O
                  (@CommSemiring.toSemiring.{0} OAI.SevenEighths.HeckeFamily.O
                    (@CommRing.toCommSemiring.{0} OAI.SevenEighths.HeckeFamily.O
                      (@NumberField.instCommRingRingOfIntegers.{0} OAI.SevenEighths.HeckeFamily.K
                        (@CyclotomicField.instField.{0} (@OfNat.ofNat.{0} Nat (nat_lit 3) (instOfNatNat (nat_lit 3)))
                          Rat Rat.instField)))))
                (@Ideal.instHasQuotient_1.{0} OAI.SevenEighths.HeckeFamily.O
                  (@NumberField.instCommRingRingOfIntegers.{0} OAI.SevenEighths.HeckeFamily.K
                    (@CyclotomicField.instField.{0} (@OfNat.ofNat.{0} Nat (nat_lit 3) (instOfNatNat (nat_lit 3))) Rat
                      Rat.instField)))
                M)
              (@Semiring.toMonoid.{0}
                (@HasQuotient.Quotient.{0, 0} OAI.SevenEighths.HeckeFamily.O
                  (@Ideal.{0} OAI.SevenEighths.HeckeFamily.O
                    (@CommSemiring.toSemiring.{0} OAI.SevenEighths.HeckeFamily.O
                      (@CommRing.toCommSemiring.{0} OAI.SevenEighths.HeckeFamily.O
                        (@NumberField.instCommRingRingOfIntegers.{0} OAI.SevenEighths.HeckeFamily.K
                          (@CyclotomicField.instField.{0} (@OfNat.ofNat.{0} Nat (nat_lit 3) (instOfNatNat (nat_lit 3)))
                            Rat Rat.instField)))))
                  (@Ideal.instHasQuotient_1.{0} OAI.SevenEighths.HeckeFamily.O
                    (@NumberField.instCommRingRingOfIntegers.{0} OAI.SevenEighths.HeckeFamily.K
                      (@CyclotomicField.instField.{0} (@OfNat.ofNat.{0} Nat (nat_lit 3) (instOfNatNat (nat_lit 3))) Rat
                        Rat.instField)))
                  M)
                (@Ideal.Quotient.semiring.{0} OAI.SevenEighths.HeckeFamily.O
                  (@NumberField.instCommRingRingOfIntegers.{0} OAI.SevenEighths.HeckeFamily.K
                    (@CyclotomicField.instField.{0} (@OfNat.ofNat.{0} Nat (nat_lit 3) (instOfNatNat (nat_lit 3))) Rat
                      Rat.instField))
                  M))))))
      (@OAI.SevenEighths.RayOrthogonality.globalUnits.{0} OAI.SevenEighths.HeckeFamily.O
        (@NumberField.instCommRingRingOfIntegers.{0} OAI.SevenEighths.HeckeFamily.K
          (@CyclotomicField.instField.{0} (@OfNat.ofNat.{0} Nat (nat_lit 3) (instOfNatNat (nat_lit 3))) Rat
            Rat.instField))
        M)
      H)
  (S : Finset.{0} (Prod.{0, 0} Nat Nat)),
  @Exists.{1} Nat fun (J : Nat) =>
    @Exists.{1} Real fun (Cp : Real) =>
      And (@LT.lt.{0} Real Real.instLT (@OfNat.ofNat.{0} Real (nat_lit 0) (@Zero.toOfNat0.{0} Real Real.instZero)) Cp)
        (∀ {Label : Type u_1} {Slot : Type u_2} [Fintype.{u_2} Slot] [DecidableEq.{u_2 + 1} Slot] (degree : Nat)
          (C : Real),
          @LE.le.{0} Real Real.instLE (@OfNat.ofNat.{0} Real (nat_lit 0) (@Zero.toOfNat0.{0} Real Real.instZero)) C →
            ∀
              (Phi :
                @SchwartzMap.{0, 0} Real Complex Real.normedAddCommGroup
                  (@InnerProductSpace.toNormedSpace.{0, 0} Real Real Real.instRCLike
                    (@NormedAddCommGroup.toSeminormedAddCommGroup.{0} Real Real.normedAddCommGroup)
                    (@RCLike.toInnerProductSpaceReal.{0} Real Real.instRCLike))
                  Complex.instNormedAddCommGroup
                  (@InnerProductSpace.toNormedSpace.{0, 0} Real Complex Real.instRCLike
                    (@NormedAddCommGroup.toSeminormedAddCommGroup.{0} Complex Complex.instNormedAddCommGroup)
                    instInnerProductSpaceRealComplex))
              (Z d dmin rho epsE epsm h Bmask bPhi L Lslot lo hi Mcap kappa a eps tstar T allowance : Real) (i : Nat),
              @LT.lt.{0} Real Real.instLT (@OfNat.ofNat.{0} Real (nat_lit 1) (@One.toOfNat1.{0} Real Real.instOne)) Z →
                @LT.lt.{0} Real Real.instLT (@OfNat.ofNat.{0} Real (nat_lit 0) (@Zero.toOfNat0.{0} Real Real.instZero))
                    dmin →
                  @LE.le.{0} Real Real.instLE dmin d →
                    @LE.le.{0} Real Real.instLE
                        (@OfNat.ofNat.{0} Real (nat_lit 0) (@Zero.toOfNat0.{0} Real Real.instZero)) rho →
                      @LE.le.{0} Real Real.instLE
                          (@OfNat.ofNat.{0} Real (nat_lit 0) (@Zero.toOfNat0.{0} Real Real.instZero)) epsm →
                        @LE.le.{0} Real Real.instLE
                            (@OfNat.ofNat.{0} Real (nat_lit 0) (@Zero.toOfNat0.{0} Real Real.instZero)) h →
                          @LE.le.{0} Real Real.instLE
                              (@HMul.hMul.{0, 0, 0} Real Real Real (@instHMul.{0} Real Real.instMul) d
                                (@HAdd.hAdd.{0, 0, 0} Real Real Real (@instHAdd.{0} Real Real.instAdd)
                                  (@HDiv.hDiv.{0, 0, 0} Real Real Real
                                    (@instHDiv.{0} Real (@DivInvMonoid.toDiv.{0} Real Real.instDivInvMonoid))
                                    (@OfNat.ofNat.{0} Real (nat_lit 1) (@One.toOfNat1.{0} Real Real.instOne))
                                    (@OfNat.ofNat.{0} Real (nat_lit 2)
                                      (@instOfNatAtLeastTwo.{0} Real (nat_lit 2) Real.instNatCast
                                        (@Nat.instAtLeastTwoHAddOfNat
                                          (@OfNat.ofNat.{0} Nat (nat_lit 1) (instOfNatNat (nat_lit 1)))
                                          (@Nat.instNeZeroSucc
                                            (@OfNat.ofNat.{0} Nat (nat_lit 0) (instOfNatNat (nat_lit 0))))))))
                                  (@HMul.hMul.{0, 0, 0} Real Real Real (@instHMul.{0} Real Real.instMul)
                                    (@OfNat.ofNat.{0} Real (nat_lit 75)
                                      (@instOfNatAtLeastTwo.{0} Real (nat_lit 75) Real.instNatCast
                                        (@Nat.instAtLeastTwoHAddOfNat
                                          (@OfNat.ofNat.{0} Nat (nat_lit 74) (instOfNatNat (nat_lit 74)))
                                          (@Nat.instNeZeroSucc
                                            (@OfNat.ofNat.{0} Nat (nat_lit 73) (instOfNatNat (nat_lit 73)))))))
                                    eps)))
                              L →
                            @LE.le.{0} Real Real.instLE
                                (@HAdd.hAdd.{0, 0, 0} Real Real Real (@instHAdd.{0} Real Real.instAdd)
                                  (@HAdd.hAdd.{0, 0, 0} Real Real Real (@instHAdd.{0} Real Real.instAdd) rho epsE)
                                  (@HMul.hMul.{0, 0, 0} Real Real Real (@instHMul.{0} Real Real.instMul) h
                                    (@Nat.cast.{0} Real Real.instNatCast
                                      (@HAdd.hAdd.{0, 0, 0} Nat Nat Nat (@instHAdd.{0} Nat instAddNat) degree
                                        (@HMul.hMul.{0, 0, 0} Nat Nat Nat (@instHMul.{0} Nat instMulNat)
                                          (@OfNat.ofNat.{0} Nat (nat_lit 4) (instOfNatNat (nat_lit 4))) J)))))
                                (@HMul.hMul.{0, 0, 0} Real Real Real (@instHMul.{0} Real Real.instMul) dmin epsm) →
                              ∀ (eta : OAI.SevenEighths.HeckeFamily.Character)
                                (Q :
                                  @Ideal.{0} OAI.SevenEighths.HeckeFamily.O
                                    (@CommSemiring.toSemiring.{0} OAI.SevenEighths.HeckeFamily.O
                                      (@CommRing.toCommSemiring.{0} OAI.SevenEighths.HeckeFamily.O
                                        (@NumberField.instCommRingRingOfIntegers.{0} OAI.SevenEighths.HeckeFamily.K
                                          (@CyclotomicField.instField.{0}
                                            (@OfNat.ofNat.{0} Nat (nat_lit 3) (instOfNatNat (nat_lit 3))) Rat
                                            Rat.instField)))))
                                (W : Real → Complex) (bslot : Real),
                                @OAI.SevenEighths.CenteredMomentEnergyBands.PositiveAt.{u_2} Slot M inst H hH
                                    (fun (y : Real) =>
                                      @DFunLike.coe.{1, 1, 1}
                                        (@RingHom.{0, 0} Complex Complex
                                          (@Semiring.toNonAssocSemiring.{0} Complex
                                            (@CommSemiring.toSemiring.{0} Complex Complex.instCommSemiring))
                                          (@Semiring.toNonAssocSemiring.{0} Complex
                                            (@CommSemiring.toSemiring.{0} Complex Complex.instCommSemiring)))
                                        Complex (fun (x : Complex) => Complex)
                                        (@RingHom.instFunLike.{0, 0} Complex Complex
                                          (@Semiring.toNonAssocSemiring.{0} Complex
                                            (@CommSemiring.toSemiring.{0} Complex Complex.instCommSemiring))
                                          (@Semiring.toNonAssocSemiring.{0} Complex
                                            (@CommSemiring.toSemiring.{0} Complex Complex.instCommSemiring)))
                                        (@starRingEnd.{0} Complex Complex.instCommSemiring Complex.instStarRing) (W y))
                                    bslot
                                    (@HDiv.hDiv.{0, 0, 0} Real Real Real
                                      (@instHDiv.{0} Real (@DivInvMonoid.toDiv.{0} Real Real.instDivInvMonoid))
                                      (@OfNat.ofNat.{0} Real (nat_lit 1) (@One.toOfNat1.{0} Real Real.instOne))
                                      (@OfNat.ofNat.{0} Real (nat_lit 4)
                                        (@instOfNatAtLeastTwo.{0} Real (nat_lit 4) Real.instNatCast
                                          (@Nat.instAtLeastTwoHAddOfNat
                                            (@OfNat.ofNat.{0} Nat (nat_lit 3) (instOfNatNat (nat_lit 3)))
                                            (@Nat.instNeZeroSucc
                                              (@OfNat.ofNat.{0} Nat (nat_lit 2) (instOfNatNat (nat_lit 2))))))))
                                    (@HDiv.hDiv.{0, 0, 0} Real Real Real
                                      (@instHDiv.{0} Real (@DivInvMonoid.toDiv.{0} Real Real.instDivInvMonoid))
                                      (@OfNat.ofNat.{0} Real (nat_lit 9)
                                        (@instOfNatAtLeastTwo.{0} Real (nat_lit 9) Real.instNatCast
                                          (@Nat.instAtLeastTwoHAddOfNat
                                            (@OfNat.ofNat.{0} Nat (nat_lit 8) (instOfNatNat (nat_lit 8)))
                                            (@Nat.instNeZeroSucc
                                              (@OfNat.ofNat.{0} Nat (nat_lit 7) (instOfNatNat (nat_lit 7)))))))
                                      (@OfNat.ofNat.{0} Real (nat_lit 4)
                                        (@instOfNatAtLeastTwo.{0} Real (nat_lit 4) Real.instNatCast
                                          (@Nat.instAtLeastTwoHAddOfNat
                                            (@OfNat.ofNat.{0} Nat (nat_lit 3) (instOfNatNat (nat_lit 3)))
                                            (@Nat.instNeZeroSucc
                                              (@OfNat.ofNat.{0} Nat (nat_lit 2) (instOfNatNat (nat_lit 2))))))))
                                    bPhi Bmask L Lslot lo hi Mcap epsE kappa Z eta Q degree S C →
                                  ∀
                                    (F :
                                      OAI.SevenEighths.HeckeDetectorRawFiber.Fiber.{u_1, u_2} M H Label Slot
                                        (@HPow.hPow.{0, 0, 0} Real Real Real (@instHPow.{0, 0} Real Real Real.instPow) Z
                                          d)
                                        a eps tstar T allowance i),
                                    @Eq.{1} OAI.SevenEighths.HeckeInverseAmplification.RowData
                                        (@OAI.SevenEighths.HeckeDetectorRawFiber.Fiber.rowData.{u_1, u_2} M H Label Slot
                                          (@HPow.hPow.{0, 0, 0} Real Real Real (@instHPow.{0, 0} Real Real Real.instPow)
                                            Z d)
                                          a eps tstar T allowance i F)
                                        (OAI.SevenEighths.ProbeHighRowFamily.momentData eta) →
                                      @LE.le.{0}
                                          (@Ideal.{0} OAI.SevenEighths.HeckeFamily.O
                                            (@CommSemiring.toSemiring.{0} OAI.SevenEighths.HeckeFamily.O
                                              (@CommRing.toCommSemiring.{0} OAI.SevenEighths.HeckeFamily.O
                                                (@NumberField.instCommRingRingOfIntegers.{0}
                                                  OAI.SevenEighths.HeckeFamily.K
                                                  (@CyclotomicField.instField.{0}
                                                    (@OfNat.ofNat.{0} Nat (nat_lit 3) (instOfNatNat (nat_lit 3))) Rat
                                                    Rat.instField)))))
                                          (@Preorder.toLE.{0}
                                            (@Ideal.{0} OAI.SevenEighths.HeckeFamily.O
                                              (@CommSemiring.toSemiring.{0} OAI.SevenEighths.HeckeFamily.O
                                                (@CommRing.toCommSemiring.{0} OAI.SevenEighths.HeckeFamily.O
                                                  (@NumberField.instCommRingRingOfIntegers.{0}
                                                    OAI.SevenEighths.HeckeFamily.K
                                                    (@CyclotomicField.instField.{0}
                                                      (@OfNat.ofNat.{0} Nat (nat_lit 3) (instOfNatNat (nat_lit 3))) Rat
                                                      Rat.instField)))))
                                            (@PartialOrder.toPreorder.{0}
                                              (@Ideal.{0} OAI.SevenEighths.HeckeFamily.O
                                                (@CommSemiring.toSemiring.{0} OAI.SevenEighths.HeckeFamily.O
                                                  (@CommRing.toCommSemiring.{0} OAI.SevenEighths.HeckeFamily.O
                                                    (@NumberField.instCommRingRingOfIntegers.{0}
                                                      OAI.SevenEighths.HeckeFamily.K
                                                      (@CyclotomicField.instField.{0}
                                                        (@OfNat.ofNat.{0} Nat (nat_lit 3) (instOfNatNat (nat_lit 3)))
                                                        Rat Rat.instField)))))
                                              (@Submodule.instPartialOrder.{0, 0} OAI.SevenEighths.HeckeFamily.O
                                                OAI.SevenEighths.HeckeFamily.O
                                                (@CommSemiring.toSemiring.{0} OAI.SevenEighths.HeckeFamily.O
                                                  (@CommRing.toCommSemiring.{0} OAI.SevenEighths.HeckeFamily.O
                                                    (@NumberField.instCommRingRingOfIntegers.{0}
                                                      OAI.SevenEighths.HeckeFamily.K
                                                      (@CyclotomicField.instField.{0}
                                                        (@OfNat.ofNat.{0} Nat (nat_lit 3) (instOfNatNat (nat_lit 3)))
                                                        Rat Rat.instField))))
                                                (@Semiring.toAddCommMonoid.{0} OAI.SevenEighths.HeckeFamily.O
                                                  (@CommSemiring.toSemiring.{0} OAI.SevenEighths.HeckeFamily.O
                                                    (@CommRing.toCommSemiring.{0} OAI.SevenEighths.HeckeFamily.O
                                                      (@NumberField.instCommRingRingOfIntegers.{0}
                                                        OAI.SevenEighths.HeckeFamily.K
                                                        (@CyclotomicField.instField.{0}
                                                          (@OfNat.ofNat.{0} Nat (nat_lit 3) (instOfNatNat (nat_lit 3)))
                                                          Rat Rat.instField)))))
                                                (@Semiring.toModule.{0} OAI.SevenEighths.HeckeFamily.O
                                                  (@CommSemiring.toSemiring.{0} OAI.SevenEighths.HeckeFamily.O
                                                    (@CommRing.toCommSemiring.{0} OAI.SevenEighths.HeckeFamily.O
                                                      (@NumberField.instCommRingRingOfIntegers.{0}
                                                        OAI.SevenEighths.HeckeFamily.K
                                                        (@CyclotomicField.instField.{0}
                                                          (@OfNat.ofNat.{0} Nat (nat_lit 3) (instOfNatNat (nat_lit 3)))
                                                          Rat Rat.instField))))))))
                                          M
                                          (@Ideal.span.{0} OAI.SevenEighths.HeckeFamily.O
                                            (@CommSemiring.toSemiring.{0} OAI.SevenEighths.HeckeFamily.O
                                              (@CommRing.toCommSemiring.{0} OAI.SevenEighths.HeckeFamily.O
                                                (@NumberField.instCommRingRingOfIntegers.{0}
                                                  OAI.SevenEighths.HeckeFamily.K
                                                  (@CyclotomicField.instField.{0}
                                                    (@OfNat.ofNat.{0} Nat (nat_lit 3) (instOfNatNat (nat_lit 3))) Rat
                                                    Rat.instField))))
                                            (@Singleton.singleton.{0, 0} OAI.SevenEighths.HeckeFamily.O
                                              (Set.{0} OAI.SevenEighths.HeckeFamily.O)
                                              (@Set.instSingletonSet.{0} OAI.SevenEighths.HeckeFamily.O)
                                              OAI.SevenEighths.ProbeHighRowFamily.rowMaskElement)) →
                                        ∀
                                          (state :
                                            OAI.SevenEighths.CenteredMomentEnergyState.NaturalState Z Bmask bPhi),
                                          @Eq.{1} OAI.SevenEighths.HeckeFamily.Character
                                              (@OAI.SevenEighths.CenteredMomentEnergyState.NaturalState.character Z
                                                Bmask bPhi state)
                                              eta →
                                            @Eq.{1}
                                                (@Ideal.{0} OAI.SevenEighths.HeckeFamily.O
                                                  (@CommSemiring.toSemiring.{0} OAI.SevenEighths.HeckeFamily.O
                                                    (@CommRing.toCommSemiring.{0} OAI.SevenEighths.HeckeFamily.O
                                                      (@NumberField.instCommRingRingOfIntegers.{0}
                                                        OAI.SevenEighths.HeckeFamily.K
                                                        (@CyclotomicField.instField.{0}
                                                          (@OfNat.ofNat.{0} Nat (nat_lit 3) (instOfNatNat (nat_lit 3)))
                                                          Rat Rat.instField)))))
                                                (@OAI.SevenEighths.CenteredMomentEnergyState.NaturalState.puncture Z
                                                  Bmask bPhi state)
                                                (@OfNat.ofNat.{0}
                                                  (@Ideal.{0} OAI.SevenEighths.HeckeFamily.O
                                                    (@CommSemiring.toSemiring.{0} OAI.SevenEighths.HeckeFamily.O
                                                      (@CommRing.toCommSemiring.{0} OAI.SevenEighths.HeckeFamily.O
                                                        (@NumberField.instCommRingRingOfIntegers.{0}
                                                          OAI.SevenEighths.HeckeFamily.K
                                                          (@CyclotomicField.instField.{0}
                                                            (@OfNat.ofNat.{0} Nat (nat_lit 3)
                                                              (instOfNatNat (nat_lit 3)))
                                                            Rat Rat.instField)))))
                                                  (nat_lit 1)
                                                  (@One.toOfNat1.{0}
                                                    (@Ideal.{0} OAI.SevenEighths.HeckeFamily.O
                                                      (@CommSemiring.toSemiring.{0} OAI.SevenEighths.HeckeFamily.O
                                                        (@CommRing.toCommSemiring.{0} OAI.SevenEighths.HeckeFamily.O
                                                          (@NumberField.instCommRingRingOfIntegers.{0}
                                                            OAI.SevenEighths.HeckeFamily.K
                                                            (@CyclotomicField.instField.{0}
                                                              (@OfNat.ofNat.{0} Nat (nat_lit 3)
                                                                (instOfNatNat (nat_lit 3)))
                                                              Rat Rat.instField)))))
                                                    (@Submodule.one.{0, 0} OAI.SevenEighths.HeckeFamily.O
                                                      (@CommSemiring.toSemiring.{0} OAI.SevenEighths.HeckeFamily.O
                                                        (@CommRing.toCommSemiring.{0} OAI.SevenEighths.HeckeFamily.O
                                                          (@NumberField.instCommRingRingOfIntegers.{0}
                                                            OAI.SevenEighths.HeckeFamily.K
                                                            (@CyclotomicField.instField.{0}
                                                              (@OfNat.ofNat.{0} Nat (nat_lit 3)
                                                                (instOfNatNat (nat_lit 3)))
                                                              Rat Rat.instField))))
                                                      OAI.SevenEighths.HeckeFamily.O
                                                      (@CommSemiring.toSemiring.{0} OAI.SevenEighths.HeckeFamily.O
                                                        (@CommRing.toCommSemiring.{0} OAI.SevenEighths.HeckeFamily.O
                                                          (@NumberField.instCommRingRingOfIntegers.{0}
                                                            OAI.SevenEighths.HeckeFamily.K
                                                            (@CyclotomicField.instField.{0}
                                                              (@OfNat.ofNat.{0} Nat (nat_lit 3)
                                                                (instOfNatNat (nat_lit 3)))
                                                              Rat Rat.instField))))
                                                      (@Semiring.toModule.{0} OAI.SevenEighths.HeckeFamily.O
                                                        (@CommSemiring.toSemiring.{0} OAI.SevenEighths.HeckeFamily.O
                                                          (@CommRing.toCommSemiring.{0} OAI.SevenEighths.HeckeFamily.O
                                                            (@NumberField.instCommRingRingOfIntegers.{0}
                                                              OAI.SevenEighths.HeckeFamily.K
                                                              (@CyclotomicField.instField.{0}
                                                                (@OfNat.ofNat.{0} Nat (nat_lit 3)
                                                                  (instOfNatNat (nat_lit 3)))
                                                                Rat Rat.instField)))))))) →
                                              @Eq.{1}
                                                  (@Ideal.{0} OAI.SevenEighths.HeckeFamily.O
                                                    (@CommSemiring.toSemiring.{0} OAI.SevenEighths.HeckeFamily.O
                                                      (@CommRing.toCommSemiring.{0} OAI.SevenEighths.HeckeFamily.O
                                                        (@NumberField.instCommRingRingOfIntegers.{0}
                                                          OAI.SevenEighths.HeckeFamily.K
                                                          (@CyclotomicField.instField.{0}
                                                            (@OfNat.ofNat.{0} Nat (nat_lit 3)
                                                              (instOfNatNat (nat_lit 3)))
                                                            Rat Rat.instField)))))
                                                  (@OAI.SevenEighths.CenteredMomentEnergyState.NaturalState.fixedModulus
                                                    Z Bmask bPhi state)
                                                  (OAI.SevenEighths.CenteredMomentNaturalFixedRaySource.internalQ Q
                                                    eta) →
                                                @Eq.{1} Real
                                                    (@OAI.SevenEighths.CenteredMomentEnergyState.NaturalState.width Z
                                                      Bmask bPhi state)
                                                    (@HAdd.hAdd.{0, 0, 0} Real Real Real
                                                      (@instHAdd.{0} Real Real.instAdd)
                                                      (@HMul.hMul.{0, 0, 0} Real Real Real
                                                        (@instHMul.{0} Real Real.instMul) d
                                                        (@Max.max.{0} Real Real.instMax
                                                          (@OfNat.ofNat.{0} Real (nat_lit 1)
                                                            (@One.toOfNat1.{0} Real Real.instOne))
                                                          (@HMul.hMul.{0, 0, 0} Real Real Real
                                                            (@instHMul.{0} Real Real.instMul)
                                                            (@OfNat.ofNat.{0} Real (nat_lit 2)
                                                              (@instOfNatAtLeastTwo.{0} Real (nat_lit 2)
                                                                Real.instNatCast
                                                                (@Nat.instAtLeastTwoHAddOfNat
                                                                  (@OfNat.ofNat.{0} Nat (nat_lit 1)
                                                                    (instOfNatNat (nat_lit 1)))
                                                                  (@Nat.instNeZeroSucc
                                                                    (@OfNat.ofNat.{0} Nat (nat_lit 0)
                                                                      (instOfNatNat (nat_lit 0)))))))
                                                            (@OAI.SevenEighths.HeckeDetectorRawFiber.Fiber.m.{u_1, u_2}
                                                              M H Label Slot
                                                              (@HPow.hPow.{0, 0, 0} Real Real Real
                                                                (@instHPow.{0, 0} Real Real Real.instPow) Z d)
                                                              a eps tstar T allowance i F))))
                                                      rho) →
                                                  @LE.le.{0} Real Real.instLE
                                                      (@OAI.SevenEighths.CenteredMomentEnergyState.NaturalState.width Z
                                                        Bmask bPhi state)
                                                      Mcap →
                                                    @Eq.{1}
                                                        (@SchwartzMap.{0, 0} Real Complex Real.normedAddCommGroup
                                                          (@InnerProductSpace.toNormedSpace.{0, 0} Real Real
                                                            Real.instRCLike
                                                            (@NormedAddCommGroup.toSeminormedAddCommGroup.{0} Real
                                                              Real.normedAddCommGroup)
                                                            (@RCLike.toInnerProductSpaceReal.{0} Real Real.instRCLike))
                                                          Complex.instNormedAddCommGroup
                                                          (@InnerProductSpace.toNormedSpace.{0, 0} Real Complex
                                                            Real.instRCLike
                                                            (@NormedAddCommGroup.toSeminormedAddCommGroup.{0} Complex
                                                              Complex.instNormedAddCommGroup)
                                                            instInnerProductSpaceRealComplex))
                                                        (OAI.SevenEighths.CenteredMomentRadialEligibleEnergy.Radial.profile
                                                          (@OAI.SevenEighths.CenteredMomentEnergyState.NaturalState.radial
                                                            Z Bmask bPhi state))
                                                        Phi →
                                                      (∀ (u : OAI.SevenEighths.HeckeInverseAmplification.FreeRow),
                                                          @Membership.mem.{0, 0}
                                                              OAI.SevenEighths.HeckeInverseAmplification.FreeRow
                                                              (Finset.{0}
                                                                OAI.SevenEighths.HeckeInverseAmplification.FreeRow)
                                                              (@SetLike.instMembership.{0, 0}
                                                                (Finset.{0}
                                                                  OAI.SevenEighths.HeckeInverseAmplification.FreeRow)
                                                                OAI.SevenEighths.HeckeInverseAmplification.FreeRow
                                                                (@Finset.instSetLike.{0}
                                                                  OAI.SevenEighths.HeckeInverseAmplification.FreeRow))
                                                              (@OAI.SevenEighths.HeckeDetectorRawFiber.Fiber.rows.{u_1,
                                                                    u_2}
                                                                M H Label Slot
                                                                (@HPow.hPow.{0, 0, 0} Real Real Real
                                                                  (@instHPow.{0, 0} Real Real Real.instPow) Z d)
                                                                a eps tstar T allowance i F)
                                                              u →
                                                            OAI.SevenEighths.CenteredMomentRadialEligibleEnergy.Radial.keep
                                                              (@OAI.SevenEighths.CenteredMomentEnergyState.NaturalState.radial
                                                                Z Bmask bPhi state)
                                                              (@Subtype.val.{1} OAI.SevenEighths.HeckeFamily.O
                                                                (fun (u : OAI.SevenEighths.HeckeFamily.O) =>
                                                                  And
                                                                    (@Ne.{1} OAI.SevenEighths.HeckeFamily.O u
                                                                      (@OfNat.ofNat.{0} OAI.SevenEighths.HeckeFamily.O
                                                                        (nat_lit 0)
                                                                        (@Zero.toOfNat0.{0}
                                                                          OAI.SevenEighths.HeckeFamily.O
                                                                          (@MulZeroClass.toZero.{0}
                                                                            OAI.SevenEighths.HeckeFamily.O
                                                                            (@instMulZeroClassOfSemiring.{0}
                                                                              OAI.SevenEighths.HeckeFamily.O
                                                                              (@CommSemiring.toSemiring.{0}
                                                                                OAI.SevenEighths.HeckeFamily.O
                                                                                (@CommRing.toCommSemiring.{0}
                                                                                  OAI.SevenEighths.HeckeFamily.O
                                                                                  (@NumberField.instCommRingRingOfIntegers.{0}
                                                                                    OAI.SevenEighths.HeckeFamily.K
                                                                                    (@CyclotomicField.instField.{0}
                                                                                      (@OfNat.ofNat.{0} Nat (nat_lit 3)
                                                                                        (instOfNatNat (nat_lit 3)))
                                                                                      Rat Rat.instField)))))))))
                                                                    (OAI.SevenEighths.HeckeInverseAmplification.SixthFree
                                                                      (@Ideal.span.{0} OAI.SevenEighths.HeckeFamily.O
                                                                        (@CommSemiring.toSemiring.{0}
                                                                          OAI.SevenEighths.HeckeFamily.O
                                                                          (@CommRing.toCommSemiring.{0}
                                                                            OAI.SevenEighths.HeckeFamily.O
                                                                            (@NumberField.instCommRingRingOfIntegers.{0}
                                                                              OAI.SevenEighths.HeckeFamily.K
                                                                              (@CyclotomicField.instField.{0}
                                                                                (@OfNat.ofNat.{0} Nat (nat_lit 3)
                                                                                  (instOfNatNat (nat_lit 3)))
                                                                                Rat Rat.instField))))
                                                                        (@Singleton.singleton.{0, 0}
                                                                          OAI.SevenEighths.HeckeFamily.O
                                                                          (Set.{0} OAI.SevenEighths.HeckeFamily.O)
                                                                          (@Set.instSingletonSet.{0}
                                                                            OAI.SevenEighths.HeckeFamily.O)
                                                                          u))))
                                                                u)) →
                                                        (∀ (u : OAI.SevenEighths.HeckeInverseAmplification.FreeRow),
                                                            @Membership.mem.{0, 0}
                                                                OAI.SevenEighths.HeckeInverseAmplification.FreeRow
                                                                (Finset.{0}
                                                                  OAI.SevenEighths.HeckeInverseAmplification.FreeRow)
                                                                (@SetLike.instMembership.{0, 0}
                                                                  (Finset.{0}
                                                                    OAI.SevenEighths.HeckeInverseAmplification.FreeRow)
                                                                  OAI.SevenEighths.HeckeInverseAmplification.FreeRow
                                                                  (@Finset.instSetLike.{0}
                                                                    OAI.SevenEighths.HeckeInverseAmplification.FreeRow))
                                                                (@OAI.SevenEighths.HeckeDetectorRawFiber.Fiber.rows.{u_1,
                                                                      u_2}
                                                                  M H Label Slot
                                                                  (@HPow.hPow.{0, 0, 0} Real Real Real
                                                                    (@instHPow.{0, 0} Real Real Real.instPow) Z d)
                                                                  a eps tstar T allowance i F)
                                                                u →
                                                              @Eq.{1} Complex
                                                                (@DFunLike.coe.{1, 1, 1}
                                                                  (@SchwartzMap.{0, 0} Real Complex
                                                                    Real.normedAddCommGroup
                                                                    (@InnerProductSpace.toNormedSpace.{0, 0} Real Real
                                                                      Real.instRCLike
                                                                      (@NormedAddCommGroup.toSeminormedAddCommGroup.{0}
                                                                        Real Real.normedAddCommGroup)
                                                                      (@RCLike.toInnerProductSpaceReal.{0} Real
                                                                        Real.instRCLike))
                                                                    Complex.instNormedAddCommGroup
                                                                    (@InnerProductSpace.toNormedSpace.{0, 0} Real
                                                                      Complex Real.instRCLike
                                                                      (@NormedAddCommGroup.toSeminormedAddCommGroup.{0}
                                                                        Complex Complex.instNormedAddCommGroup)
                                                                      instInnerProductSpaceRealComplex))
                                                                  Real (fun (x : Real) => Complex)
                                                                  (@SchwartzMap.instFunLike.{0, 0} Real Complex
                                                                    Real.normedAddCommGroup
                                                                    (@InnerProductSpace.toNormedSpace.{0, 0} Real Real
                                                                      Real.instRCLike
                                                                      (@NormedAddCommGroup.toSeminormedAddCommGroup.{0}
                                                                        Real Real.normedAddCommGroup)
                                                                      (@RCLike.toInnerProductSpaceReal.{0} Real
                                                                        Real.instRCLike))
                                                                    Complex.instNormedAddCommGroup
                                                                    (@InnerProductSpace.toNormedSpace.{0, 0} Real
                                                                      Complex Real.instRCLike
                                                                      (@NormedAddCommGroup.toSeminormedAddCommGroup.{0}
                                                                        Complex Complex.instNormedAddCommGroup)
                                                                      instInnerProductSpaceRealComplex))
                                                                  (OAI.SevenEighths.CenteredMomentRadialEligibleEnergy.Radial.profile
                                                                    (@OAI.SevenEighths.CenteredMomentEnergyState.NaturalState.radial
                                                                      Z Bmask bPhi state))
                                                                  (@HDiv.hDiv.{0, 0, 0} Real Real Real
                                                                    (@instHDiv.{0} Real
                                                                      (@DivInvMonoid.toDiv.{0} Real
                                                                        Real.instDivInvMonoid))
                                                                    (@HPow.hPow.{0, 0, 0} Real Nat Real
                                                                      (@instHPow.{0, 0} Real Nat
                                                                        (@NPow.toPow.{0} Real
                                                                          (@Monoid.toNPow.{0} Real Real.instMonoid)))
                                                                      (@Norm.norm.{0} Complex Complex.instNorm
                                                                        (@DFunLike.coe.{1, 1, 1}
                                                                          (@RingHom.{0, 0} OAI.EisensteinEmbedding.O
                                                                            Complex
                                                                            (@Semiring.toNonAssocSemiring.{0}
                                                                              OAI.EisensteinEmbedding.O
                                                                              (@CommSemiring.toSemiring.{0}
                                                                                OAI.EisensteinEmbedding.O
                                                                                (@CommRing.toCommSemiring.{0}
                                                                                  OAI.EisensteinEmbedding.O
                                                                                  (@NumberField.instCommRingRingOfIntegers.{0}
                                                                                    OAI.EisensteinEmbedding.K
                                                                                    (@CyclotomicField.instField.{0}
                                                                                      (@OfNat.ofNat.{0} Nat (nat_lit 3)
                                                                                        (instOfNatNat (nat_lit 3)))
                                                                                      Rat Rat.instField)))))
                                                                            (@Semiring.toNonAssocSemiring.{0} Complex
                                                                              Complex.instSemiring))
                                                                          OAI.EisensteinEmbedding.O
                                                                          (fun (x : OAI.EisensteinEmbedding.O) =>
                                                                            Complex)
                                                                          (@RingHom.instFunLike.{0, 0}
                                                                            OAI.EisensteinEmbedding.O Complex
                                                                            (@Semiring.toNonAssocSemiring.{0}
                                                                              OAI.EisensteinEmbedding.O
                                                                              (@CommSemiring.toSemiring.{0}
                                                                                OAI.EisensteinEmbedding.O
                                                                                (@CommRing.toCommSemiring.{0}
                                                                                  OAI.EisensteinEmbedding.O
                                                                                  (@NumberField.instCommRingRingOfIntegers.{0}
                                                                                    OAI.EisensteinEmbedding.K
                                                                                    (@CyclotomicField.instField.{0}
                                                                                      (@OfNat.ofNat.{0} Nat (nat_lit 3)
                                                                                        (instOfNatNat (nat_lit 3)))
                                                                                      Rat Rat.instField)))))
                                                                            (@Semiring.toNonAssocSemiring.{0} Complex
                                                                              Complex.instSemiring))
                                                                          OAI.ConcreteTraceCRT.eisEmbedding
                                                                          (@Subtype.val.{1}
                                                                            OAI.SevenEighths.HeckeFamily.O
                                                                            (fun (u : OAI.SevenEighths.HeckeFamily.O) =>
                                                                              And
                                                                                (@Ne.{1} OAI.SevenEighths.HeckeFamily.O
                                                                                  u
                                                                                  (@OfNat.ofNat.{0}
                                                                                    OAI.SevenEighths.HeckeFamily.O
                                                                                    (nat_lit 0)
                                                                                    (@Zero.toOfNat0.{0}
                                                                                      OAI.SevenEighths.HeckeFamily.O
                                                                                      (@MulZeroClass.toZero.{0}
                                                                                        OAI.SevenEighths.HeckeFamily.O
                                                                                        (@instMulZeroClassOfSemiring.{0}
                                                                                          OAI.SevenEighths.HeckeFamily.O
                                                                                          (@CommSemiring.toSemiring.{0}
                                                                                            OAI.SevenEighths.HeckeFamily.O
                                                                                            (@CommRing.toCommSemiring.{0}
                                                                                              OAI.SevenEighths.HeckeFamily.O
                                                                                              (@NumberField.instCommRingRingOfIntegers.{0}
                                                                                                OAI.SevenEighths.HeckeFamily.K
                                                                                                (@CyclotomicField.instField.{0}
                                                                                                  (@OfNat.ofNat.{0} Nat
                                                                                                    (nat_lit 3)
                                                                                                    (instOfNatNat
                                                                                                      (nat_lit 3)))
                                                                                                  Rat
                                                                                                  Rat.instField)))))))))
                                                                                (OAI.SevenEighths.HeckeInverseAmplification.SixthFree
                                                                                  (@Ideal.span.{0}
                                                                                    OAI.SevenEighths.HeckeFamily.O
                                                                                    (@CommSemiring.toSemiring.{0}
                                                                                      OAI.SevenEighths.HeckeFamily.O
                                                                                      (@CommRing.toCommSemiring.{0}
                                                                                        OAI.SevenEighths.HeckeFamily.O
                                                                                        (@NumberField.instCommRingRingOfIntegers.{0}
                                                                                          OAI.SevenEighths.HeckeFamily.K
                                                                                          (@CyclotomicField.instField.{0}
                                                                                            (@OfNat.ofNat.{0} Nat
                                                                                              (nat_lit 3)
                                                                                              (instOfNatNat
                                                                                                (nat_lit 3)))
                                                                                            Rat Rat.instField))))
                                                                                    (@Singleton.singleton.{0, 0}
                                                                                      OAI.SevenEighths.HeckeFamily.O
                                                                                      (Set.{0}
                                                                                        OAI.SevenEighths.HeckeFamily.O)
                                                                                      (@Set.instSingletonSet.{0}
                                                                                        OAI.SevenEighths.HeckeFamily.O)
                                                                                      u))))
                                                                            u)))
                                                                      (@OfNat.ofNat.{0} Nat (nat_lit 2)
                                                                        (instOfNatNat (nat_lit 2))))
                                                                    (OAI.SevenEighths.CenteredMomentRadialEligibleEnergy.Radial.scale
                                                                      (@OAI.SevenEighths.CenteredMomentEnergyState.NaturalState.radial
                                                                        Z Bmask bPhi state))))
                                                                (@OfNat.ofNat.{0} Complex (nat_lit 1)
                                                                  (@One.toOfNat1.{0} Complex Complex.instOne))) →
                                                          ∀ (height : Real),
                                                            @LE.le.{0} Real Real.instLE
                                                                (@OfNat.ofNat.{0} Real (nat_lit 0)
                                                                  (@Zero.toOfNat0.{0} Real Real.instZero))
                                                                height →
                                                              @LE.le.{0} Real Real.instLE height
                                                                  (@HPow.hPow.{0, 0, 0} Real Real Real
                                                                    (@instHPow.{0, 0} Real Real Real.instPow) Z h) →
                                                                ∀ (j k : Nat),
                                                                  @LE.le.{0} Nat instLENat
                                                                      (@HAdd.hAdd.{0, 0, 0} Nat Nat Nat
                                                                        (@instHAdd.{0} Nat instAddNat) j k)
                                                                      (@OfNat.ofNat.{0} Nat (nat_lit 2)
                                                                        (instOfNatNat (nat_lit 2))) →
                                                                    ∀ (sigma : Real),
                                                                      @Membership.mem.{0, 0} Real (Set.{0} Real)
                                                                          (@Set.instMembership.{0} Real)
                                                                          (@Set.Icc.{0} Real Real.instPreorder
                                                                            (@OfNat.ofNat.{0} Real (nat_lit 0)
                                                                              (@Zero.toOfNat0.{0} Real Real.instZero))
                                                                            (@OfNat.ofNat.{0} Real (nat_lit 1)
                                                                              (@One.toOfNat1.{0} Real Real.instOne)))
                                                                          sigma →
                                                                        ∀ (t : Real),
                                                                          @Membership.mem.{0, 0} Real (Set.{0} Real)
                                                                              (@Set.instMembership.{0} Real)
                                                                              (@Set.Icc.{0} Real Real.instPreorder
                                                                                (@Neg.neg.{0} Real Real.instNeg height)
                                                                                height)
                                                                              t →
                                                                            @LE.le.{0} Real Real.instLE
                                                                              (@Finset.sum.{0, 0}
                                                                                OAI.SevenEighths.HeckeInverseAmplification.FreeRow
                                                                                Real Real.instAddCommMonoid
                                                                                (@OAI.SevenEighths.HeckeDetectorRawFiber.Fiber.rows.{u_1,
                                                                                      u_2}
                                                                                  M H Label Slot
                                                                                  (@HPow.hPow.{0, 0, 0} Real Real Real
                                                                                    (@instHPow.{0, 0} Real Real
                                                                                      Real.instPow)
                                                                                    Z d)
                                                                                  a eps tstar T allowance i F)
                                                                                fun
                                                                                  (u :
                                                                                    OAI.SevenEighths.HeckeInverseAmplification.FreeRow) =>
                                                                                @HPow.hPow.{0, 0, 0} Real Nat Real
                                                                                  (@instHPow.{0, 0} Real Nat
                                                                                    (@NPow.toPow.{0} Real
                                                                                      (@Monoid.toNPow.{0} Real
                                                                                        Real.instMonoid)))
                                                                                  (@Norm.norm.{0} Complex
                                                                                    Complex.instNorm
                                                                                    (@HMul.hMul.{0, 0, 0} Complex
                                                                                      Complex Complex
                                                                                      (@instHMul.{0} Complex
                                                                                        Complex.instMul)
                                                                                      (OAI.SevenEighths.HeckeDyadic.polynomial
                                                                                        (@OAI.SevenEighths.HeckeDetectorRawFiber.Fiber.family.{u_1,
                                                                                              u_2}
                                                                                          M H Label Slot
                                                                                          (@HPow.hPow.{0, 0, 0} Real
                                                                                            Real Real
                                                                                            (@instHPow.{0, 0} Real Real
                                                                                              Real.instPow)
                                                                                            Z d)
                                                                                          a eps tstar T allowance i F u
                                                                                          (@OAI.SevenEighths.HeckeDetectorRawFiber.Fiber.label.{u_1,
                                                                                                u_2}
                                                                                            M H Label Slot
                                                                                            (@HPow.hPow.{0, 0, 0} Real
                                                                                              Real Real
                                                                                              (@instHPow.{0, 0} Real
                                                                                                Real Real.instPow)
                                                                                              Z d)
                                                                                            a eps tstar T allowance i
                                                                                            F))
                                                                                        Bool.false
                                                                                        (@Nat.iterate.{1}
                                                                                          (Real → Complex)
                                                                                          OAI.SevenEighths.HeckeDetectorRowwisePolynomial.logProfile
                                                                                          j
                                                                                          OAI.SevenEighths.HeckeDetectorDyadicProfiles.positiveAnnular)
                                                                                        (@HPow.hPow.{0, 0, 0} Real Real
                                                                                          Real
                                                                                          (@instHPow.{0, 0} Real Real
                                                                                            Real.instPow)
                                                                                          (@HPow.hPow.{0, 0, 0} Real
                                                                                            Real Real
                                                                                            (@instHPow.{0, 0} Real Real
                                                                                              Real.instPow)
                                                                                            Z d)
                                                                                          (@OAI.SevenEighths.HeckeDetectorRawFiber.Fiber.m.{u_1,
                                                                                                u_2}
                                                                                            M H Label Slot
                                                                                            (@HPow.hPow.{0, 0, 0} Real
                                                                                              Real Real
                                                                                              (@instHPow.{0, 0} Real
                                                                                                Real Real.instPow)
                                                                                              Z d)
                                                                                            a eps tstar T allowance i
                                                                                            F))
                                                                                        sigma t)
                                                                                      (OAI.SevenEighths.HeckeDyadic.polynomial
                                                                                        (@OAI.SevenEighths.HeckeDetectorRawFiber.Fiber.family.{u_1,
                                                                                              u_2}
                                                                                          M H Label Slot
                                                                                          (@HPow.hPow.{0, 0, 0} Real
                                                                                            Real Real
                                                                                            (@instHPow.{0, 0} Real Real
                                                                                              Real.instPow)
                                                                                            Z d)
                                                                                          a eps tstar T allowance i F u
                                                                                          (@OAI.SevenEighths.HeckeDetectorRawFiber.Fiber.label.{u_1,
                                                                                                u_2}
                                                                                            M H Label Slot
                                                                                            (@HPow.hPow.{0, 0, 0} Real
                                                                                              Real Real
                                                                                              (@instHPow.{0, 0} Real
                                                                                                Real Real.instPow)
                                                                                              Z d)
                                                                                            a eps tstar T allowance i
                                                                                            F))
                                                                                        Bool.false
                                                                                        (@Nat.iterate.{1}
                                                                                          (Real → Complex)
                                                                                          OAI.SevenEighths.HeckeDetectorRowwisePolynomial.logProfile
                                                                                          k
                                                                                          OAI.SevenEighths.HeckeDetectorDyadicProfiles.positiveAnnular)
                                                                                        (@HPow.hPow.{0, 0, 0} Real Real
                                                                                          Real
                                                                                          (@instHPow.{0, 0} Real Real
                                                                                            Real.instPow)
                                                                                          (@HPow.hPow.{0, 0, 0} Real
                                                                                            Real Real
                                                                                            (@instHPow.{0, 0} Real Real
                                                                                              Real.instPow)
                                                                                            Z d)
                                                                                          (@OAI.SevenEighths.HeckeDetectorRawFiber.Fiber.m.{u_1,
                                                                                                u_2}
                                                                                            M H Label Slot
                                                                                            (@HPow.hPow.{0, 0, 0} Real
                                                                                              Real Real
                                                                                              (@instHPow.{0, 0} Real
                                                                                                Real Real.instPow)
                                                                                              Z d)
                                                                                            a eps tstar T allowance i
                                                                                            F))
                                                                                        sigma t)))
                                                                                  (@OfNat.ofNat.{0} Nat (nat_lit 2)
                                                                                    (instOfNatNat (nat_lit 2))))
                                                                              (@HMul.hMul.{0, 0, 0} Real Real Real
                                                                                (@instHMul.{0} Real Real.instMul)
                                                                                (@HMul.hMul.{0, 0, 0} Real Real Real
                                                                                  (@instHMul.{0} Real Real.instMul)
                                                                                  (@HMul.hMul.{0, 0, 0} Real Real Real
                                                                                    (@instHMul.{0} Real Real.instMul)
                                                                                    (@HMul.hMul.{0, 0, 0} Real Real Real
                                                                                      (@instHMul.{0} Real Real.instMul)
                                                                                      C
                                                                                      (@HPow.hPow.{0, 0, 0} Real Nat
                                                                                        Real
                                                                                        (@instHPow.{0, 0} Real Nat
                                                                                          (@NPow.toPow.{0} Real
                                                                                            (@Monoid.toNPow.{0} Real
                                                                                              Real.instMonoid)))
                                                                                        Cp
                                                                                        (@OfNat.ofNat.{0} Nat
                                                                                          (nat_lit 4)
                                                                                          (instOfNatNat (nat_lit 4)))))
                                                                                    (OAI.QuadraticInitialBound.diagonalControl
                                                                                      Phi))
                                                                                  (@HPow.hPow.{0, 0, 0} Real Nat Real
                                                                                    (@instHPow.{0, 0} Real Nat
                                                                                      (@NPow.toPow.{0} Real
                                                                                        (@Monoid.toNPow.{0} Real
                                                                                          Real.instMonoid)))
                                                                                    (@OfNat.ofNat.{0} Real (nat_lit 2)
                                                                                      (@instOfNatAtLeastTwo.{0} Real
                                                                                        (nat_lit 2) Real.instNatCast
                                                                                        (@Nat.instAtLeastTwoHAddOfNat
                                                                                          (@OfNat.ofNat.{0} Nat
                                                                                            (nat_lit 1)
                                                                                            (instOfNatNat (nat_lit 1)))
                                                                                          (@Nat.instNeZeroSucc
                                                                                            (@OfNat.ofNat.{0} Nat
                                                                                              (nat_lit 0)
                                                                                              (instOfNatNat
                                                                                                (nat_lit 0)))))))
                                                                                    (@HAdd.hAdd.{0, 0, 0} Nat Nat Nat
                                                                                      (@instHAdd.{0} Nat instAddNat)
                                                                                      degree
                                                                                      (@HMul.hMul.{0, 0, 0} Nat Nat Nat
                                                                                        (@instHMul.{0} Nat instMulNat)
                                                                                        (@OfNat.ofNat.{0} Nat
                                                                                          (nat_lit 4)
                                                                                          (instOfNatNat (nat_lit 4)))
                                                                                        J))))
                                                                                (@HPow.hPow.{0, 0, 0} Real Real Real
                                                                                  (@instHPow.{0, 0} Real Real
                                                                                    Real.instPow)
                                                                                  (@HPow.hPow.{0, 0, 0} Real Real Real
                                                                                    (@instHPow.{0, 0} Real Real
                                                                                      Real.instPow)
                                                                                    Z d)
                                                                                  (@HAdd.hAdd.{0, 0, 0} Real Real Real
                                                                                    (@instHAdd.{0} Real Real.instAdd)
                                                                                    (@Max.max.{0} Real Real.instMax
                                                                                      (@OfNat.ofNat.{0} Real (nat_lit 1)
                                                                                        (@One.toOfNat1.{0} Real
                                                                                          Real.instOne))
                                                                                      (@HMul.hMul.{0, 0, 0} Real Real
                                                                                        Real
                                                                                        (@instHMul.{0} Real
                                                                                          Real.instMul)
                                                                                        (@OfNat.ofNat.{0} Real
                                                                                          (nat_lit 2)
                                                                                          (@instOfNatAtLeastTwo.{0} Real
                                                                                            (nat_lit 2) Real.instNatCast
                                                                                            (@Nat.instAtLeastTwoHAddOfNat
                                                                                              (@OfNat.ofNat.{0} Nat
                                                                                                (nat_lit 1)
                                                                                                (instOfNatNat
                                                                                                  (nat_lit 1)))
                                                                                              (@Nat.instNeZeroSucc
                                                                                                (@OfNat.ofNat.{0} Nat
                                                                                                  (nat_lit 0)
                                                                                                  (instOfNatNat
                                                                                                    (nat_lit 0)))))))
                                                                                        (@OAI.SevenEighths.HeckeDetectorRawFiber.Fiber.m.{u_1,
                                                                                              u_2}
                                                                                          M H Label Slot
                                                                                          (@HPow.hPow.{0, 0, 0} Real
                                                                                            Real Real
                                                                                            (@instHPow.{0, 0} Real Real
                                                                                              Real.instPow)
                                                                                            Z d)
                                                                                          a eps tstar T allowance i F)))
                                                                                    epsm))))
'OAI.SevenEighths.PlainUnmarkedAdmissionLowKappa.actual_plain_unmarked_admission' depends on axioms: [propext,
 Classical.choice,
 Quot.sound]
