@OAI.SevenEighths.CenteredMomentEnergyPositiveHighSource.balancedInput.{u_1} : {α : Type u_1} →
  [inst : Fintype.{u_1} α] →
    (M :
        @Ideal.{0} OAI.SevenEighths.HeckeFamily.O
          (@CommSemiring.toSemiring.{0} OAI.SevenEighths.HeckeFamily.O
            (@CommRing.toCommSemiring.{0} OAI.SevenEighths.HeckeFamily.O
              (@NumberField.instCommRingRingOfIntegers.{0} OAI.SevenEighths.HeckeFamily.K
                (@CyclotomicField.instField.{0} (@OfNat.ofNat.{0} Nat (nat_lit 3) (instOfNatNat (nat_lit 3))) Rat
                  Rat.instField))))) →
      [inst_1 :
          @NeZero.{0}
            (@Ideal.{0} OAI.SevenEighths.HeckeFamily.O
              (@CommSemiring.toSemiring.{0} OAI.SevenEighths.HeckeFamily.O
                (@CommRing.toCommSemiring.{0} OAI.SevenEighths.HeckeFamily.O
                  (@NumberField.instCommRingRingOfIntegers.{0} OAI.SevenEighths.HeckeFamily.K
                    (@CyclotomicField.instField.{0} (@OfNat.ofNat.{0} Nat (nat_lit 3) (instOfNatNat (nat_lit 3))) Rat
                      Rat.instField)))))
            (@Submodule.pointwiseZero.{0, 0} OAI.SevenEighths.HeckeFamily.O OAI.SevenEighths.HeckeFamily.O
              (@CommSemiring.toSemiring.{0} OAI.SevenEighths.HeckeFamily.O
                (@CommRing.toCommSemiring.{0} OAI.SevenEighths.HeckeFamily.O
                  (@NumberField.instCommRingRingOfIntegers.{0} OAI.SevenEighths.HeckeFamily.K
                    (@CyclotomicField.instField.{0} (@OfNat.ofNat.{0} Nat (nat_lit 3) (instOfNatNat (nat_lit 3))) Rat
                      Rat.instField))))
              (@Semiring.toAddCommMonoid.{0} OAI.SevenEighths.HeckeFamily.O
                (@CommSemiring.toSemiring.{0} OAI.SevenEighths.HeckeFamily.O
                  (@CommRing.toCommSemiring.{0} OAI.SevenEighths.HeckeFamily.O
                    (@NumberField.instCommRingRingOfIntegers.{0} OAI.SevenEighths.HeckeFamily.K
                      (@CyclotomicField.instField.{0} (@OfNat.ofNat.{0} Nat (nat_lit 3) (instOfNatNat (nat_lit 3))) Rat
                        Rat.instField)))))
              (@Semiring.toModule.{0} OAI.SevenEighths.HeckeFamily.O
                (@CommSemiring.toSemiring.{0} OAI.SevenEighths.HeckeFamily.O
                  (@CommRing.toCommSemiring.{0} OAI.SevenEighths.HeckeFamily.O
                    (@NumberField.instCommRingRingOfIntegers.{0} OAI.SevenEighths.HeckeFamily.K
                      (@CyclotomicField.instField.{0} (@OfNat.ofNat.{0} Nat (nat_lit 3) (instOfNatNat (nat_lit 3))) Rat
                        Rat.instField))))))
            M] →
        (H :
            @Subgroup.{0}
              (@Units.{0}
                (@HasQuotient.Quotient.{0, 0} OAI.SevenEighths.HeckeFamily.O
                  (@Ideal.{0} OAI.SevenEighths.HeckeFamily.O
                    (@CommSemiring.toSemiring.{0} OAI.SevenEighths.HeckeFamily.O
                      (@CommRing.toCommSemiring.{0} OAI.SevenEighths.HeckeFamily.O
                        (@NumberField.instCommRingRingOfIntegers.{0} OAI.SevenEighths.HeckeFamily.K
                          (@CyclotomicField.instField.{0} (@OfNat.ofNat.{0} Nat (nat_lit 3) (instOfNatNat (nat_lit 3)))
                            Rat Rat.instField)))))
                  (@Ideal.instHasQuotient_1.{0} OAI.SevenEighths.HeckeFamily.O
                    (@NumberField.instCommRingRingOfIntegers.{0} OAI.SevenEighths.HeckeFamily.K
                      (@CyclotomicField.instField.{0} (@OfNat.ofNat.{0} Nat (nat_lit 3) (instOfNatNat (nat_lit 3))) Rat
                        Rat.instField)))
                  M)
                (@Semiring.toMonoid.{0}
                  (@HasQuotient.Quotient.{0, 0} OAI.SevenEighths.HeckeFamily.O
                    (@Ideal.{0} OAI.SevenEighths.HeckeFamily.O
                      (@CommSemiring.toSemiring.{0} OAI.SevenEighths.HeckeFamily.O
                        (@CommRing.toCommSemiring.{0} OAI.SevenEighths.HeckeFamily.O
                          (@NumberField.instCommRingRingOfIntegers.{0} OAI.SevenEighths.HeckeFamily.K
                            (@CyclotomicField.instField.{0}
                              (@OfNat.ofNat.{0} Nat (nat_lit 3) (instOfNatNat (nat_lit 3))) Rat Rat.instField)))))
                    (@Ideal.instHasQuotient_1.{0} OAI.SevenEighths.HeckeFamily.O
                      (@NumberField.instCommRingRingOfIntegers.{0} OAI.SevenEighths.HeckeFamily.K
                        (@CyclotomicField.instField.{0} (@OfNat.ofNat.{0} Nat (nat_lit 3) (instOfNatNat (nat_lit 3)))
                          Rat Rat.instField)))
                    M)
                  (@Ideal.Quotient.semiring.{0} OAI.SevenEighths.HeckeFamily.O
                    (@NumberField.instCommRingRingOfIntegers.{0} OAI.SevenEighths.HeckeFamily.K
                      (@CyclotomicField.instField.{0} (@OfNat.ofNat.{0} Nat (nat_lit 3) (instOfNatNat (nat_lit 3))) Rat
                        Rat.instField))
                    M)))
              (@Units.instGroup.{0}
                (@HasQuotient.Quotient.{0, 0} OAI.SevenEighths.HeckeFamily.O
                  (@Ideal.{0} OAI.SevenEighths.HeckeFamily.O
                    (@CommSemiring.toSemiring.{0} OAI.SevenEighths.HeckeFamily.O
                      (@CommRing.toCommSemiring.{0} OAI.SevenEighths.HeckeFamily.O
                        (@NumberField.instCommRingRingOfIntegers.{0} OAI.SevenEighths.HeckeFamily.K
                          (@CyclotomicField.instField.{0} (@OfNat.ofNat.{0} Nat (nat_lit 3) (instOfNatNat (nat_lit 3)))
                            Rat Rat.instField)))))
                  (@Ideal.instHasQuotient_1.{0} OAI.SevenEighths.HeckeFamily.O
                    (@NumberField.instCommRingRingOfIntegers.{0} OAI.SevenEighths.HeckeFamily.K
                      (@CyclotomicField.instField.{0} (@OfNat.ofNat.{0} Nat (nat_lit 3) (instOfNatNat (nat_lit 3))) Rat
                        Rat.instField)))
                  M)
                (@Semiring.toMonoid.{0}
                  (@HasQuotient.Quotient.{0, 0} OAI.SevenEighths.HeckeFamily.O
                    (@Ideal.{0} OAI.SevenEighths.HeckeFamily.O
                      (@CommSemiring.toSemiring.{0} OAI.SevenEighths.HeckeFamily.O
                        (@CommRing.toCommSemiring.{0} OAI.SevenEighths.HeckeFamily.O
                          (@NumberField.instCommRingRingOfIntegers.{0} OAI.SevenEighths.HeckeFamily.K
                            (@CyclotomicField.instField.{0}
                              (@OfNat.ofNat.{0} Nat (nat_lit 3) (instOfNatNat (nat_lit 3))) Rat Rat.instField)))))
                    (@Ideal.instHasQuotient_1.{0} OAI.SevenEighths.HeckeFamily.O
                      (@NumberField.instCommRingRingOfIntegers.{0} OAI.SevenEighths.HeckeFamily.K
                        (@CyclotomicField.instField.{0} (@OfNat.ofNat.{0} Nat (nat_lit 3) (instOfNatNat (nat_lit 3)))
                          Rat Rat.instField)))
                    M)
                  (@Ideal.Quotient.semiring.{0} OAI.SevenEighths.HeckeFamily.O
                    (@NumberField.instCommRingRingOfIntegers.{0} OAI.SevenEighths.HeckeFamily.K
                      (@CyclotomicField.instField.{0} (@OfNat.ofNat.{0} Nat (nat_lit 3) (instOfNatNat (nat_lit 3))) Rat
                        Rat.instField))
                    M)))) →
          (hH :
              @LE.le.{0}
                (@Subgroup.{0}
                  (@Units.{0}
                    (@HasQuotient.Quotient.{0, 0} OAI.SevenEighths.HeckeFamily.O
                      (@Ideal.{0} OAI.SevenEighths.HeckeFamily.O
                        (@CommSemiring.toSemiring.{0} OAI.SevenEighths.HeckeFamily.O
                          (@CommRing.toCommSemiring.{0} OAI.SevenEighths.HeckeFamily.O
                            (@NumberField.instCommRingRingOfIntegers.{0} OAI.SevenEighths.HeckeFamily.K
                              (@CyclotomicField.instField.{0}
                                (@OfNat.ofNat.{0} Nat (nat_lit 3) (instOfNatNat (nat_lit 3))) Rat Rat.instField)))))
                      (@Ideal.instHasQuotient_1.{0} OAI.SevenEighths.HeckeFamily.O
                        (@NumberField.instCommRingRingOfIntegers.{0} OAI.SevenEighths.HeckeFamily.K
                          (@CyclotomicField.instField.{0} (@OfNat.ofNat.{0} Nat (nat_lit 3) (instOfNatNat (nat_lit 3)))
                            Rat Rat.instField)))
                      M)
                    (@Semiring.toMonoid.{0}
                      (@HasQuotient.Quotient.{0, 0} OAI.SevenEighths.HeckeFamily.O
                        (@Ideal.{0} OAI.SevenEighths.HeckeFamily.O
                          (@CommSemiring.toSemiring.{0} OAI.SevenEighths.HeckeFamily.O
                            (@CommRing.toCommSemiring.{0} OAI.SevenEighths.HeckeFamily.O
                              (@NumberField.instCommRingRingOfIntegers.{0} OAI.SevenEighths.HeckeFamily.K
                                (@CyclotomicField.instField.{0}
                                  (@OfNat.ofNat.{0} Nat (nat_lit 3) (instOfNatNat (nat_lit 3))) Rat Rat.instField)))))
                        (@Ideal.instHasQuotient_1.{0} OAI.SevenEighths.HeckeFamily.O
                          (@NumberField.instCommRingRingOfIntegers.{0} OAI.SevenEighths.HeckeFamily.K
                            (@CyclotomicField.instField.{0}
                              (@OfNat.ofNat.{0} Nat (nat_lit 3) (instOfNatNat (nat_lit 3))) Rat Rat.instField)))
                        M)
                      (@Ideal.Quotient.semiring.{0} OAI.SevenEighths.HeckeFamily.O
                        (@NumberField.instCommRingRingOfIntegers.{0} OAI.SevenEighths.HeckeFamily.K
                          (@CyclotomicField.instField.{0} (@OfNat.ofNat.{0} Nat (nat_lit 3) (instOfNatNat (nat_lit 3)))
                            Rat Rat.instField))
                        M)))
                  (@Units.instGroup.{0}
                    (@HasQuotient.Quotient.{0, 0} OAI.SevenEighths.HeckeFamily.O
                      (@Ideal.{0} OAI.SevenEighths.HeckeFamily.O
                        (@CommSemiring.toSemiring.{0} OAI.SevenEighths.HeckeFamily.O
                          (@CommRing.toCommSemiring.{0} OAI.SevenEighths.HeckeFamily.O
                            (@NumberField.instCommRingRingOfIntegers.{0} OAI.SevenEighths.HeckeFamily.K
                              (@CyclotomicField.instField.{0}
                                (@OfNat.ofNat.{0} Nat (nat_lit 3) (instOfNatNat (nat_lit 3))) Rat Rat.instField)))))
                      (@Ideal.instHasQuotient_1.{0} OAI.SevenEighths.HeckeFamily.O
                        (@NumberField.instCommRingRingOfIntegers.{0} OAI.SevenEighths.HeckeFamily.K
                          (@CyclotomicField.instField.{0} (@OfNat.ofNat.{0} Nat (nat_lit 3) (instOfNatNat (nat_lit 3)))
                            Rat Rat.instField)))
                      M)
                    (@Semiring.toMonoid.{0}
                      (@HasQuotient.Quotient.{0, 0} OAI.SevenEighths.HeckeFamily.O
                        (@Ideal.{0} OAI.SevenEighths.HeckeFamily.O
                          (@CommSemiring.toSemiring.{0} OAI.SevenEighths.HeckeFamily.O
                            (@CommRing.toCommSemiring.{0} OAI.SevenEighths.HeckeFamily.O
                              (@NumberField.instCommRingRingOfIntegers.{0} OAI.SevenEighths.HeckeFamily.K
                                (@CyclotomicField.instField.{0}
                                  (@OfNat.ofNat.{0} Nat (nat_lit 3) (instOfNatNat (nat_lit 3))) Rat Rat.instField)))))
                        (@Ideal.instHasQuotient_1.{0} OAI.SevenEighths.HeckeFamily.O
                          (@NumberField.instCommRingRingOfIntegers.{0} OAI.SevenEighths.HeckeFamily.K
                            (@CyclotomicField.instField.{0}
                              (@OfNat.ofNat.{0} Nat (nat_lit 3) (instOfNatNat (nat_lit 3))) Rat Rat.instField)))
                        M)
                      (@Ideal.Quotient.semiring.{0} OAI.SevenEighths.HeckeFamily.O
                        (@NumberField.instCommRingRingOfIntegers.{0} OAI.SevenEighths.HeckeFamily.K
                          (@CyclotomicField.instField.{0} (@OfNat.ofNat.{0} Nat (nat_lit 3) (instOfNatNat (nat_lit 3)))
                            Rat Rat.instField))
                        M))))
                (@Preorder.toLE.{0}
                  (@Subgroup.{0}
                    (@Units.{0}
                      (@HasQuotient.Quotient.{0, 0} OAI.SevenEighths.HeckeFamily.O
                        (@Ideal.{0} OAI.SevenEighths.HeckeFamily.O
                          (@CommSemiring.toSemiring.{0} OAI.SevenEighths.HeckeFamily.O
                            (@CommRing.toCommSemiring.{0} OAI.SevenEighths.HeckeFamily.O
                              (@NumberField.instCommRingRingOfIntegers.{0} OAI.SevenEighths.HeckeFamily.K
                                (@CyclotomicField.instField.{0}
                                  (@OfNat.ofNat.{0} Nat (nat_lit 3) (instOfNatNat (nat_lit 3))) Rat Rat.instField)))))
                        (@Ideal.instHasQuotient_1.{0} OAI.SevenEighths.HeckeFamily.O
                          (@NumberField.instCommRingRingOfIntegers.{0} OAI.SevenEighths.HeckeFamily.K
                            (@CyclotomicField.instField.{0}
                              (@OfNat.ofNat.{0} Nat (nat_lit 3) (instOfNatNat (nat_lit 3))) Rat Rat.instField)))
                        M)
                      (@Semiring.toMonoid.{0}
                        (@HasQuotient.Quotient.{0, 0} OAI.SevenEighths.HeckeFamily.O
                          (@Ideal.{0} OAI.SevenEighths.HeckeFamily.O
                            (@CommSemiring.toSemiring.{0} OAI.SevenEighths.HeckeFamily.O
                              (@CommRing.toCommSemiring.{0} OAI.SevenEighths.HeckeFamily.O
                                (@NumberField.instCommRingRingOfIntegers.{0} OAI.SevenEighths.HeckeFamily.K
                                  (@CyclotomicField.instField.{0}
                                    (@OfNat.ofNat.{0} Nat (nat_lit 3) (instOfNatNat (nat_lit 3))) Rat Rat.instField)))))
                          (@Ideal.instHasQuotient_1.{0} OAI.SevenEighths.HeckeFamily.O
                            (@NumberField.instCommRingRingOfIntegers.{0} OAI.SevenEighths.HeckeFamily.K
                              (@CyclotomicField.instField.{0}
                                (@OfNat.ofNat.{0} Nat (nat_lit 3) (instOfNatNat (nat_lit 3))) Rat Rat.instField)))
                          M)
                        (@Ideal.Quotient.semiring.{0} OAI.SevenEighths.HeckeFamily.O
                          (@NumberField.instCommRingRingOfIntegers.{0} OAI.SevenEighths.HeckeFamily.K
                            (@CyclotomicField.instField.{0}
                              (@OfNat.ofNat.{0} Nat (nat_lit 3) (instOfNatNat (nat_lit 3))) Rat Rat.instField))
                          M)))
                    (@Units.instGroup.{0}
                      (@HasQuotient.Quotient.{0, 0} OAI.SevenEighths.HeckeFamily.O
                        (@Ideal.{0} OAI.SevenEighths.HeckeFamily.O
                          (@CommSemiring.toSemiring.{0} OAI.SevenEighths.HeckeFamily.O
                            (@CommRing.toCommSemiring.{0} OAI.SevenEighths.HeckeFamily.O
                              (@NumberField.instCommRingRingOfIntegers.{0} OAI.SevenEighths.HeckeFamily.K
                                (@CyclotomicField.instField.{0}
                                  (@OfNat.ofNat.{0} Nat (nat_lit 3) (instOfNatNat (nat_lit 3))) Rat Rat.instField)))))
                        (@Ideal.instHasQuotient_1.{0} OAI.SevenEighths.HeckeFamily.O
                          (@NumberField.instCommRingRingOfIntegers.{0} OAI.SevenEighths.HeckeFamily.K
                            (@CyclotomicField.instField.{0}
                              (@OfNat.ofNat.{0} Nat (nat_lit 3) (instOfNatNat (nat_lit 3))) Rat Rat.instField)))
                        M)
                      (@Semiring.toMonoid.{0}
                        (@HasQuotient.Quotient.{0, 0} OAI.SevenEighths.HeckeFamily.O
                          (@Ideal.{0} OAI.SevenEighths.HeckeFamily.O
                            (@CommSemiring.toSemiring.{0} OAI.SevenEighths.HeckeFamily.O
                              (@CommRing.toCommSemiring.{0} OAI.SevenEighths.HeckeFamily.O
                                (@NumberField.instCommRingRingOfIntegers.{0} OAI.SevenEighths.HeckeFamily.K
                                  (@CyclotomicField.instField.{0}
                                    (@OfNat.ofNat.{0} Nat (nat_lit 3) (instOfNatNat (nat_lit 3))) Rat Rat.instField)))))
                          (@Ideal.instHasQuotient_1.{0} OAI.SevenEighths.HeckeFamily.O
                            (@NumberField.instCommRingRingOfIntegers.{0} OAI.SevenEighths.HeckeFamily.K
                              (@CyclotomicField.instField.{0}
                                (@OfNat.ofNat.{0} Nat (nat_lit 3) (instOfNatNat (nat_lit 3))) Rat Rat.instField)))
                          M)
                        (@Ideal.Quotient.semiring.{0} OAI.SevenEighths.HeckeFamily.O
                          (@NumberField.instCommRingRingOfIntegers.{0} OAI.SevenEighths.HeckeFamily.K
                            (@CyclotomicField.instField.{0}
                              (@OfNat.ofNat.{0} Nat (nat_lit 3) (instOfNatNat (nat_lit 3))) Rat Rat.instField))
                          M))))
                  (@PartialOrder.toPreorder.{0}
                    (@Subgroup.{0}
                      (@Units.{0}
                        (@HasQuotient.Quotient.{0, 0} OAI.SevenEighths.HeckeFamily.O
                          (@Ideal.{0} OAI.SevenEighths.HeckeFamily.O
                            (@CommSemiring.toSemiring.{0} OAI.SevenEighths.HeckeFamily.O
                              (@CommRing.toCommSemiring.{0} OAI.SevenEighths.HeckeFamily.O
                                (@NumberField.instCommRingRingOfIntegers.{0} OAI.SevenEighths.HeckeFamily.K
                                  (@CyclotomicField.instField.{0}
                                    (@OfNat.ofNat.{0} Nat (nat_lit 3) (instOfNatNat (nat_lit 3))) Rat Rat.instField)))))
                          (@Ideal.instHasQuotient_1.{0} OAI.SevenEighths.HeckeFamily.O
                            (@NumberField.instCommRingRingOfIntegers.{0} OAI.SevenEighths.HeckeFamily.K
                              (@CyclotomicField.instField.{0}
                                (@OfNat.ofNat.{0} Nat (nat_lit 3) (instOfNatNat (nat_lit 3))) Rat Rat.instField)))
                          M)
                        (@Semiring.toMonoid.{0}
                          (@HasQuotient.Quotient.{0, 0} OAI.SevenEighths.HeckeFamily.O
                            (@Ideal.{0} OAI.SevenEighths.HeckeFamily.O
                              (@CommSemiring.toSemiring.{0} OAI.SevenEighths.HeckeFamily.O
                                (@CommRing.toCommSemiring.{0} OAI.SevenEighths.HeckeFamily.O
                                  (@NumberField.instCommRingRingOfIntegers.{0} OAI.SevenEighths.HeckeFamily.K
                                    (@CyclotomicField.instField.{0}
                                      (@OfNat.ofNat.{0} Nat (nat_lit 3) (instOfNatNat (nat_lit 3))) Rat
                                      Rat.instField)))))
                            (@Ideal.instHasQuotient_1.{0} OAI.SevenEighths.HeckeFamily.O
                              (@NumberField.instCommRingRingOfIntegers.{0} OAI.SevenEighths.HeckeFamily.K
                                (@CyclotomicField.instField.{0}
                                  (@OfNat.ofNat.{0} Nat (nat_lit 3) (instOfNatNat (nat_lit 3))) Rat Rat.instField)))
                            M)
                          (@Ideal.Quotient.semiring.{0} OAI.SevenEighths.HeckeFamily.O
                            (@NumberField.instCommRingRingOfIntegers.{0} OAI.SevenEighths.HeckeFamily.K
                              (@CyclotomicField.instField.{0}
                                (@OfNat.ofNat.{0} Nat (nat_lit 3) (instOfNatNat (nat_lit 3))) Rat Rat.instField))
                            M)))
                      (@Units.instGroup.{0}
                        (@HasQuotient.Quotient.{0, 0} OAI.SevenEighths.HeckeFamily.O
                          (@Ideal.{0} OAI.SevenEighths.HeckeFamily.O
                            (@CommSemiring.toSemiring.{0} OAI.SevenEighths.HeckeFamily.O
                              (@CommRing.toCommSemiring.{0} OAI.SevenEighths.HeckeFamily.O
                                (@NumberField.instCommRingRingOfIntegers.{0} OAI.SevenEighths.HeckeFamily.K
                                  (@CyclotomicField.instField.{0}
                                    (@OfNat.ofNat.{0} Nat (nat_lit 3) (instOfNatNat (nat_lit 3))) Rat Rat.instField)))))
                          (@Ideal.instHasQuotient_1.{0} OAI.SevenEighths.HeckeFamily.O
                            (@NumberField.instCommRingRingOfIntegers.{0} OAI.SevenEighths.HeckeFamily.K
                              (@CyclotomicField.instField.{0}
                                (@OfNat.ofNat.{0} Nat (nat_lit 3) (instOfNatNat (nat_lit 3))) Rat Rat.instField)))
                          M)
                        (@Semiring.toMonoid.{0}
                          (@HasQuotient.Quotient.{0, 0} OAI.SevenEighths.HeckeFamily.O
                            (@Ideal.{0} OAI.SevenEighths.HeckeFamily.O
                              (@CommSemiring.toSemiring.{0} OAI.SevenEighths.HeckeFamily.O
                                (@CommRing.toCommSemiring.{0} OAI.SevenEighths.HeckeFamily.O
                                  (@NumberField.instCommRingRingOfIntegers.{0} OAI.SevenEighths.HeckeFamily.K
                                    (@CyclotomicField.instField.{0}
                                      (@OfNat.ofNat.{0} Nat (nat_lit 3) (instOfNatNat (nat_lit 3))) Rat
                                      Rat.instField)))))
                            (@Ideal.instHasQuotient_1.{0} OAI.SevenEighths.HeckeFamily.O
                              (@NumberField.instCommRingRingOfIntegers.{0} OAI.SevenEighths.HeckeFamily.K
                                (@CyclotomicField.instField.{0}
                                  (@OfNat.ofNat.{0} Nat (nat_lit 3) (instOfNatNat (nat_lit 3))) Rat Rat.instField)))
                            M)
                          (@Ideal.Quotient.semiring.{0} OAI.SevenEighths.HeckeFamily.O
                            (@NumberField.instCommRingRingOfIntegers.{0} OAI.SevenEighths.HeckeFamily.K
                              (@CyclotomicField.instField.{0}
                                (@OfNat.ofNat.{0} Nat (nat_lit 3) (instOfNatNat (nat_lit 3))) Rat Rat.instField))
                            M))))
                    (@Subgroup.instPartialOrder.{0}
                      (@Units.{0}
                        (@HasQuotient.Quotient.{0, 0} OAI.SevenEighths.HeckeFamily.O
                          (@Ideal.{0} OAI.SevenEighths.HeckeFamily.O
                            (@CommSemiring.toSemiring.{0} OAI.SevenEighths.HeckeFamily.O
                              (@CommRing.toCommSemiring.{0} OAI.SevenEighths.HeckeFamily.O
                                (@NumberField.instCommRingRingOfIntegers.{0} OAI.SevenEighths.HeckeFamily.K
                                  (@CyclotomicField.instField.{0}
                                    (@OfNat.ofNat.{0} Nat (nat_lit 3) (instOfNatNat (nat_lit 3))) Rat Rat.instField)))))
                          (@Ideal.instHasQuotient_1.{0} OAI.SevenEighths.HeckeFamily.O
                            (@NumberField.instCommRingRingOfIntegers.{0} OAI.SevenEighths.HeckeFamily.K
                              (@CyclotomicField.instField.{0}
                                (@OfNat.ofNat.{0} Nat (nat_lit 3) (instOfNatNat (nat_lit 3))) Rat Rat.instField)))
                          M)
                        (@Semiring.toMonoid.{0}
                          (@HasQuotient.Quotient.{0, 0} OAI.SevenEighths.HeckeFamily.O
                            (@Ideal.{0} OAI.SevenEighths.HeckeFamily.O
                              (@CommSemiring.toSemiring.{0} OAI.SevenEighths.HeckeFamily.O
                                (@CommRing.toCommSemiring.{0} OAI.SevenEighths.HeckeFamily.O
                                  (@NumberField.instCommRingRingOfIntegers.{0} OAI.SevenEighths.HeckeFamily.K
                                    (@CyclotomicField.instField.{0}
                                      (@OfNat.ofNat.{0} Nat (nat_lit 3) (instOfNatNat (nat_lit 3))) Rat
                                      Rat.instField)))))
                            (@Ideal.instHasQuotient_1.{0} OAI.SevenEighths.HeckeFamily.O
                              (@NumberField.instCommRingRingOfIntegers.{0} OAI.SevenEighths.HeckeFamily.K
                                (@CyclotomicField.instField.{0}
                                  (@OfNat.ofNat.{0} Nat (nat_lit 3) (instOfNatNat (nat_lit 3))) Rat Rat.instField)))
                            M)
                          (@Ideal.Quotient.semiring.{0} OAI.SevenEighths.HeckeFamily.O
                            (@NumberField.instCommRingRingOfIntegers.{0} OAI.SevenEighths.HeckeFamily.K
                              (@CyclotomicField.instField.{0}
                                (@OfNat.ofNat.{0} Nat (nat_lit 3) (instOfNatNat (nat_lit 3))) Rat Rat.instField))
                            M)))
                      (@Units.instGroup.{0}
                        (@HasQuotient.Quotient.{0, 0} OAI.SevenEighths.HeckeFamily.O
                          (@Ideal.{0} OAI.SevenEighths.HeckeFamily.O
                            (@CommSemiring.toSemiring.{0} OAI.SevenEighths.HeckeFamily.O
                              (@CommRing.toCommSemiring.{0} OAI.SevenEighths.HeckeFamily.O
                                (@NumberField.instCommRingRingOfIntegers.{0} OAI.SevenEighths.HeckeFamily.K
                                  (@CyclotomicField.instField.{0}
                                    (@OfNat.ofNat.{0} Nat (nat_lit 3) (instOfNatNat (nat_lit 3))) Rat Rat.instField)))))
                          (@Ideal.instHasQuotient_1.{0} OAI.SevenEighths.HeckeFamily.O
                            (@NumberField.instCommRingRingOfIntegers.{0} OAI.SevenEighths.HeckeFamily.K
                              (@CyclotomicField.instField.{0}
                                (@OfNat.ofNat.{0} Nat (nat_lit 3) (instOfNatNat (nat_lit 3))) Rat Rat.instField)))
                          M)
                        (@Semiring.toMonoid.{0}
                          (@HasQuotient.Quotient.{0, 0} OAI.SevenEighths.HeckeFamily.O
                            (@Ideal.{0} OAI.SevenEighths.HeckeFamily.O
                              (@CommSemiring.toSemiring.{0} OAI.SevenEighths.HeckeFamily.O
                                (@CommRing.toCommSemiring.{0} OAI.SevenEighths.HeckeFamily.O
                                  (@NumberField.instCommRingRingOfIntegers.{0} OAI.SevenEighths.HeckeFamily.K
                                    (@CyclotomicField.instField.{0}
                                      (@OfNat.ofNat.{0} Nat (nat_lit 3) (instOfNatNat (nat_lit 3))) Rat
                                      Rat.instField)))))
                            (@Ideal.instHasQuotient_1.{0} OAI.SevenEighths.HeckeFamily.O
                              (@NumberField.instCommRingRingOfIntegers.{0} OAI.SevenEighths.HeckeFamily.K
                                (@CyclotomicField.instField.{0}
                                  (@OfNat.ofNat.{0} Nat (nat_lit 3) (instOfNatNat (nat_lit 3))) Rat Rat.instField)))
                            M)
                          (@Ideal.Quotient.semiring.{0} OAI.SevenEighths.HeckeFamily.O
                            (@NumberField.instCommRingRingOfIntegers.{0} OAI.SevenEighths.HeckeFamily.K
                              (@CyclotomicField.instField.{0}
                                (@OfNat.ofNat.{0} Nat (nat_lit 3) (instOfNatNat (nat_lit 3))) Rat Rat.instField))
                            M))))))
                (@OAI.SevenEighths.RayOrthogonality.globalUnits.{0} OAI.SevenEighths.HeckeFamily.O
                  (@NumberField.instCommRingRingOfIntegers.{0} OAI.SevenEighths.HeckeFamily.K
                    (@CyclotomicField.instField.{0} (@OfNat.ofNat.{0} Nat (nat_lit 3) (instOfNatNat (nat_lit 3))) Rat
                      Rat.instField))
                  M)
                H) →
            (η₀ : OAI.SevenEighths.HeckeFamily.Character) →
              (θ :
                  α →
                    @Subtype.{1}
                      (@MulChar.{0, 0}
                        (@HasQuotient.Quotient.{0, 0} OAI.SevenEighths.HeckeFamily.O
                          (@Ideal.{0} OAI.SevenEighths.HeckeFamily.O
                            (@CommSemiring.toSemiring.{0} OAI.SevenEighths.HeckeFamily.O
                              (@CommRing.toCommSemiring.{0} OAI.SevenEighths.HeckeFamily.O
                                (@NumberField.instCommRingRingOfIntegers.{0} OAI.SevenEighths.HeckeFamily.K
                                  (@CyclotomicField.instField.{0}
                                    (@OfNat.ofNat.{0} Nat (nat_lit 3) (instOfNatNat (nat_lit 3))) Rat Rat.instField)))))
                          (@Ideal.instHasQuotient_1.{0} OAI.SevenEighths.HeckeFamily.O
                            (@NumberField.instCommRingRingOfIntegers.{0} OAI.SevenEighths.HeckeFamily.K
                              (@CyclotomicField.instField.{0}
                                (@OfNat.ofNat.{0} Nat (nat_lit 3) (instOfNatNat (nat_lit 3))) Rat Rat.instField)))
                          M)
                        (@CommRing.toCommMonoid.{0}
                          (@HasQuotient.Quotient.{0, 0} OAI.SevenEighths.HeckeFamily.O
                            (@Ideal.{0} OAI.SevenEighths.HeckeFamily.O
                              (@CommSemiring.toSemiring.{0} OAI.SevenEighths.HeckeFamily.O
                                (@CommRing.toCommSemiring.{0} OAI.SevenEighths.HeckeFamily.O
                                  (@NumberField.instCommRingRingOfIntegers.{0} OAI.SevenEighths.HeckeFamily.K
                                    (@CyclotomicField.instField.{0}
                                      (@OfNat.ofNat.{0} Nat (nat_lit 3) (instOfNatNat (nat_lit 3))) Rat
                                      Rat.instField)))))
                            (@Ideal.instHasQuotient_1.{0} OAI.SevenEighths.HeckeFamily.O
                              (@NumberField.instCommRingRingOfIntegers.{0} OAI.SevenEighths.HeckeFamily.K
                                (@CyclotomicField.instField.{0}
                                  (@OfNat.ofNat.{0} Nat (nat_lit 3) (instOfNatNat (nat_lit 3))) Rat Rat.instField)))
                            M)
                          (@Ideal.Quotient.commRing.{0} OAI.SevenEighths.HeckeFamily.O
                            (@NumberField.instCommRingRingOfIntegers.{0} OAI.SevenEighths.HeckeFamily.K
                              (@CyclotomicField.instField.{0}
                                (@OfNat.ofNat.{0} Nat (nat_lit 3) (instOfNatNat (nat_lit 3))) Rat Rat.instField))
                            M))
                        Complex
                        (@CommGroupWithZero.toCommMonoidWithZero.{0} Complex
                          (@Semifield.toCommGroupWithZero.{0} Complex
                            (@Field.toSemifield.{0} Complex Complex.instField))))
                      fun
                        (x :
                          @MulChar.{0, 0}
                            (@HasQuotient.Quotient.{0, 0} OAI.SevenEighths.HeckeFamily.O
                              (@Ideal.{0} OAI.SevenEighths.HeckeFamily.O
                                (@CommSemiring.toSemiring.{0} OAI.SevenEighths.HeckeFamily.O
                                  (@CommRing.toCommSemiring.{0} OAI.SevenEighths.HeckeFamily.O
                                    (@NumberField.instCommRingRingOfIntegers.{0} OAI.SevenEighths.HeckeFamily.K
                                      (@CyclotomicField.instField.{0}
                                        (@OfNat.ofNat.{0} Nat (nat_lit 3) (instOfNatNat (nat_lit 3))) Rat
                                        Rat.instField)))))
                              (@Ideal.instHasQuotient_1.{0} OAI.SevenEighths.HeckeFamily.O
                                (@NumberField.instCommRingRingOfIntegers.{0} OAI.SevenEighths.HeckeFamily.K
                                  (@CyclotomicField.instField.{0}
                                    (@OfNat.ofNat.{0} Nat (nat_lit 3) (instOfNatNat (nat_lit 3))) Rat Rat.instField)))
                              M)
                            (@CommRing.toCommMonoid.{0}
                              (@HasQuotient.Quotient.{0, 0} OAI.SevenEighths.HeckeFamily.O
                                (@Ideal.{0} OAI.SevenEighths.HeckeFamily.O
                                  (@CommSemiring.toSemiring.{0} OAI.SevenEighths.HeckeFamily.O
                                    (@CommRing.toCommSemiring.{0} OAI.SevenEighths.HeckeFamily.O
                                      (@NumberField.instCommRingRingOfIntegers.{0} OAI.SevenEighths.HeckeFamily.K
                                        (@CyclotomicField.instField.{0}
                                          (@OfNat.ofNat.{0} Nat (nat_lit 3) (instOfNatNat (nat_lit 3))) Rat
                                          Rat.instField)))))
                                (@Ideal.instHasQuotient_1.{0} OAI.SevenEighths.HeckeFamily.O
                                  (@NumberField.instCommRingRingOfIntegers.{0} OAI.SevenEighths.HeckeFamily.K
                                    (@CyclotomicField.instField.{0}
                                      (@OfNat.ofNat.{0} Nat (nat_lit 3) (instOfNatNat (nat_lit 3))) Rat Rat.instField)))
                                M)
                              (@Ideal.Quotient.commRing.{0} OAI.SevenEighths.HeckeFamily.O
                                (@NumberField.instCommRingRingOfIntegers.{0} OAI.SevenEighths.HeckeFamily.K
                                  (@CyclotomicField.instField.{0}
                                    (@OfNat.ofNat.{0} Nat (nat_lit 3) (instOfNatNat (nat_lit 3))) Rat Rat.instField))
                                M))
                            Complex
                            (@CommGroupWithZero.toCommMonoidWithZero.{0} Complex
                              (@Semifield.toCommGroupWithZero.{0} Complex
                                (@Field.toSemifield.{0} Complex Complex.instField)))) =>
                      @Membership.mem.{0, 0}
                        (@MulChar.{0, 0}
                          (@HasQuotient.Quotient.{0, 0} OAI.SevenEighths.HeckeFamily.O
                            (@Ideal.{0} OAI.SevenEighths.HeckeFamily.O
                              (@CommSemiring.toSemiring.{0} OAI.SevenEighths.HeckeFamily.O
                                (@CommRing.toCommSemiring.{0} OAI.SevenEighths.HeckeFamily.O
                                  (@NumberField.instCommRingRingOfIntegers.{0} OAI.SevenEighths.HeckeFamily.K
                                    (@CyclotomicField.instField.{0}
                                      (@OfNat.ofNat.{0} Nat (nat_lit 3) (instOfNatNat (nat_lit 3))) Rat
                                      Rat.instField)))))
                            (@Ideal.instHasQuotient_1.{0} OAI.SevenEighths.HeckeFamily.O
                              (@NumberField.instCommRingRingOfIntegers.{0} OAI.SevenEighths.HeckeFamily.K
                                (@CyclotomicField.instField.{0}
                                  (@OfNat.ofNat.{0} Nat (nat_lit 3) (instOfNatNat (nat_lit 3))) Rat Rat.instField)))
                            M)
                          (@CommRing.toCommMonoid.{0}
                            (@HasQuotient.Quotient.{0, 0} OAI.SevenEighths.HeckeFamily.O
                              (@Ideal.{0} OAI.SevenEighths.HeckeFamily.O
                                (@CommSemiring.toSemiring.{0} OAI.SevenEighths.HeckeFamily.O
                                  (@CommRing.toCommSemiring.{0} OAI.SevenEighths.HeckeFamily.O
                                    (@NumberField.instCommRingRingOfIntegers.{0} OAI.SevenEighths.HeckeFamily.K
                                      (@CyclotomicField.instField.{0}
                                        (@OfNat.ofNat.{0} Nat (nat_lit 3) (instOfNatNat (nat_lit 3))) Rat
                                        Rat.instField)))))
                              (@Ideal.instHasQuotient_1.{0} OAI.SevenEighths.HeckeFamily.O
                                (@NumberField.instCommRingRingOfIntegers.{0} OAI.SevenEighths.HeckeFamily.K
                                  (@CyclotomicField.instField.{0}
                                    (@OfNat.ofNat.{0} Nat (nat_lit 3) (instOfNatNat (nat_lit 3))) Rat Rat.instField)))
                              M)
                            (@Ideal.Quotient.commRing.{0} OAI.SevenEighths.HeckeFamily.O
                              (@NumberField.instCommRingRingOfIntegers.{0} OAI.SevenEighths.HeckeFamily.K
                                (@CyclotomicField.instField.{0}
                                  (@OfNat.ofNat.{0} Nat (nat_lit 3) (instOfNatNat (nat_lit 3))) Rat Rat.instField))
                              M))
                          Complex
                          (@CommGroupWithZero.toCommMonoidWithZero.{0} Complex
                            (@Semifield.toCommGroupWithZero.{0} Complex
                              (@Field.toSemifield.{0} Complex Complex.instField))))
                        (@Subgroup.{0}
                          (@MulChar.{0, 0}
                            (@HasQuotient.Quotient.{0, 0} OAI.SevenEighths.HeckeFamily.O
                              (@Ideal.{0} OAI.SevenEighths.HeckeFamily.O
                                (@CommSemiring.toSemiring.{0} OAI.SevenEighths.HeckeFamily.O
                                  (@CommRing.toCommSemiring.{0} OAI.SevenEighths.HeckeFamily.O
                                    (@NumberField.instCommRingRingOfIntegers.{0} OAI.SevenEighths.HeckeFamily.K
                                      (@CyclotomicField.instField.{0}
                                        (@OfNat.ofNat.{0} Nat (nat_lit 3) (instOfNatNat (nat_lit 3))) Rat
                                        Rat.instField)))))
                              (@Ideal.instHasQuotient_1.{0} OAI.SevenEighths.HeckeFamily.O
                                (@NumberField.instCommRingRingOfIntegers.{0} OAI.SevenEighths.HeckeFamily.K
                                  (@CyclotomicField.instField.{0}
                                    (@OfNat.ofNat.{0} Nat (nat_lit 3) (instOfNatNat (nat_lit 3))) Rat Rat.instField)))
                              M)
                            (@CommRing.toCommMonoid.{0}
                              (@HasQuotient.Quotient.{0, 0} OAI.SevenEighths.HeckeFamily.O
                                (@Ideal.{0} OAI.SevenEighths.HeckeFamily.O
                                  (@CommSemiring.toSemiring.{0} OAI.SevenEighths.HeckeFamily.O
                                    (@CommRing.toCommSemiring.{0} OAI.SevenEighths.HeckeFamily.O
                                      (@NumberField.instCommRingRingOfIntegers.{0} OAI.SevenEighths.HeckeFamily.K
                                        (@CyclotomicField.instField.{0}
                                          (@OfNat.ofNat.{0} Nat (nat_lit 3) (instOfNatNat (nat_lit 3))) Rat
                                          Rat.instField)))))
                                (@Ideal.instHasQuotient_1.{0} OAI.SevenEighths.HeckeFamily.O
                                  (@NumberField.instCommRingRingOfIntegers.{0} OAI.SevenEighths.HeckeFamily.K
                                    (@CyclotomicField.instField.{0}
                                      (@OfNat.ofNat.{0} Nat (nat_lit 3) (instOfNatNat (nat_lit 3))) Rat Rat.instField)))
                                M)
                              (@Ideal.Quotient.commRing.{0} OAI.SevenEighths.HeckeFamily.O
                                (@NumberField.instCommRingRingOfIntegers.{0} OAI.SevenEighths.HeckeFamily.K
                                  (@CyclotomicField.instField.{0}
                                    (@OfNat.ofNat.{0} Nat (nat_lit 3) (instOfNatNat (nat_lit 3))) Rat Rat.instField))
                                M))
                            Complex
                            (@CommGroupWithZero.toCommMonoidWithZero.{0} Complex
                              (@Semifield.toCommGroupWithZero.{0} Complex
                                (@Field.toSemifield.{0} Complex Complex.instField))))
                          (@CommGroup.toGroup.{0}
                            (@MulChar.{0, 0}
                              (@HasQuotient.Quotient.{0, 0} OAI.SevenEighths.HeckeFamily.O
                                (@Ideal.{0} OAI.SevenEighths.HeckeFamily.O
                                  (@CommSemiring.toSemiring.{0} OAI.SevenEighths.HeckeFamily.O
                                    (@CommRing.toCommSemiring.{0} OAI.SevenEighths.HeckeFamily.O
                                      (@NumberField.instCommRingRingOfIntegers.{0} OAI.SevenEighths.HeckeFamily.K
                                        (@CyclotomicField.instField.{0}
                                          (@OfNat.ofNat.{0} Nat (nat_lit 3) (instOfNatNat (nat_lit 3))) Rat
                                          Rat.instField)))))
                                (@Ideal.instHasQuotient_1.{0} OAI.SevenEighths.HeckeFamily.O
                                  (@NumberField.instCommRingRingOfIntegers.{0} OAI.SevenEighths.HeckeFamily.K
                                    (@CyclotomicField.instField.{0}
                                      (@OfNat.ofNat.{0} Nat (nat_lit 3) (instOfNatNat (nat_lit 3))) Rat Rat.instField)))
                                M)
                              (@CommRing.toCommMonoid.{0}
                                (@HasQuotient.Quotient.{0, 0} OAI.SevenEighths.HeckeFamily.O
                                  (@Ideal.{0} OAI.SevenEighths.HeckeFamily.O
                                    (@CommSemiring.toSemiring.{0} OAI.SevenEighths.HeckeFamily.O
                                      (@CommRing.toCommSemiring.{0} OAI.SevenEighths.HeckeFamily.O
                                        (@NumberField.instCommRingRingOfIntegers.{0} OAI.SevenEighths.HeckeFamily.K
                                          (@CyclotomicField.instField.{0}
                                            (@OfNat.ofNat.{0} Nat (nat_lit 3) (instOfNatNat (nat_lit 3))) Rat
                                            Rat.instField)))))
                                  (@Ideal.instHasQuotient_1.{0} OAI.SevenEighths.HeckeFamily.O
                                    (@NumberField.instCommRingRingOfIntegers.{0} OAI.SevenEighths.HeckeFamily.K
                                      (@CyclotomicField.instField.{0}
                                        (@OfNat.ofNat.{0} Nat (nat_lit 3) (instOfNatNat (nat_lit 3))) Rat
                                        Rat.instField)))
                                  M)
                                (@Ideal.Quotient.commRing.{0} OAI.SevenEighths.HeckeFamily.O
                                  (@NumberField.instCommRingRingOfIntegers.{0} OAI.SevenEighths.HeckeFamily.K
                                    (@CyclotomicField.instField.{0}
                                      (@OfNat.ofNat.{0} Nat (nat_lit 3) (instOfNatNat (nat_lit 3))) Rat Rat.instField))
                                  M))
                              Complex
                              (@CommGroupWithZero.toCommMonoidWithZero.{0} Complex
                                (@Semifield.toCommGroupWithZero.{0} Complex
                                  (@Field.toSemifield.{0} Complex Complex.instField))))
                            (@MulChar.commGroup.{0, 0}
                              (@HasQuotient.Quotient.{0, 0} OAI.SevenEighths.HeckeFamily.O
                                (@Ideal.{0} OAI.SevenEighths.HeckeFamily.O
                                  (@CommSemiring.toSemiring.{0} OAI.SevenEighths.HeckeFamily.O
                                    (@CommRing.toCommSemiring.{0} OAI.SevenEighths.HeckeFamily.O
                                      (@NumberField.instCommRingRingOfIntegers.{0} OAI.SevenEighths.HeckeFamily.K
                                        (@CyclotomicField.instField.{0}
                                          (@OfNat.ofNat.{0} Nat (nat_lit 3) (instOfNatNat (nat_lit 3))) Rat
                                          Rat.instField)))))
                                (@Ideal.instHasQuotient_1.{0} OAI.SevenEighths.HeckeFamily.O
                                  (@NumberField.instCommRingRingOfIntegers.{0} OAI.SevenEighths.HeckeFamily.K
                                    (@CyclotomicField.instField.{0}
                                      (@OfNat.ofNat.{0} Nat (nat_lit 3) (instOfNatNat (nat_lit 3))) Rat Rat.instField)))
                                M)
                              (@CommRing.toCommMonoid.{0}
                                (@HasQuotient.Quotient.{0, 0} OAI.SevenEighths.HeckeFamily.O
                                  (@Ideal.{0} OAI.SevenEighths.HeckeFamily.O
                                    (@CommSemiring.toSemiring.{0} OAI.SevenEighths.HeckeFamily.O
                                      (@CommRing.toCommSemiring.{0} OAI.SevenEighths.HeckeFamily.O
                                        (@NumberField.instCommRingRingOfIntegers.{0} OAI.SevenEighths.HeckeFamily.K
                                          (@CyclotomicField.instField.{0}
                                            (@OfNat.ofNat.{0} Nat (nat_lit 3) (instOfNatNat (nat_lit 3))) Rat
                                            Rat.instField)))))
                                  (@Ideal.instHasQuotient_1.{0} OAI.SevenEighths.HeckeFamily.O
                                    (@NumberField.instCommRingRingOfIntegers.{0} OAI.SevenEighths.HeckeFamily.K
                                      (@CyclotomicField.instField.{0}
                                        (@OfNat.ofNat.{0} Nat (nat_lit 3) (instOfNatNat (nat_lit 3))) Rat
                                        Rat.instField)))
                                  M)
                                (@Ideal.Quotient.commRing.{0} OAI.SevenEighths.HeckeFamily.O
                                  (@NumberField.instCommRingRingOfIntegers.{0} OAI.SevenEighths.HeckeFamily.K
                                    (@CyclotomicField.instField.{0}
                                      (@OfNat.ofNat.{0} Nat (nat_lit 3) (instOfNatNat (nat_lit 3))) Rat Rat.instField))
                                  M))
                              Complex
                              (@CommGroupWithZero.toCommMonoidWithZero.{0} Complex
                                (@Semifield.toCommGroupWithZero.{0} Complex
                                  (@Field.toSemifield.{0} Complex Complex.instField))))))
                        (@SetLike.instMembership.{0, 0}
                          (@Subgroup.{0}
                            (@MulChar.{0, 0}
                              (@HasQuotient.Quotient.{0, 0} OAI.SevenEighths.HeckeFamily.O
                                (@Ideal.{0} OAI.SevenEighths.HeckeFamily.O
                                  (@CommSemiring.toSemiring.{0} OAI.SevenEighths.HeckeFamily.O
                                    (@CommRing.toCommSemiring.{0} OAI.SevenEighths.HeckeFamily.O
                                      (@NumberField.instCommRingRingOfIntegers.{0} OAI.SevenEighths.HeckeFamily.K
                                        (@CyclotomicField.instField.{0}
                                          (@OfNat.ofNat.{0} Nat (nat_lit 3) (instOfNatNat (nat_lit 3))) Rat
                                          Rat.instField)))))
                                (@Ideal.instHasQuotient_1.{0} OAI.SevenEighths.HeckeFamily.O
                                  (@NumberField.instCommRingRingOfIntegers.{0} OAI.SevenEighths.HeckeFamily.K
                                    (@CyclotomicField.instField.{0}
                                      (@OfNat.ofNat.{0} Nat (nat_lit 3) (instOfNatNat (nat_lit 3))) Rat Rat.instField)))
                                M)
                              (@CommRing.toCommMonoid.{0}
                                (@HasQuotient.Quotient.{0, 0} OAI.SevenEighths.HeckeFamily.O
                                  (@Ideal.{0} OAI.SevenEighths.HeckeFamily.O
                                    (@CommSemiring.toSemiring.{0} OAI.SevenEighths.HeckeFamily.O
                                      (@CommRing.toCommSemiring.{0} OAI.SevenEighths.HeckeFamily.O
                                        (@NumberField.instCommRingRingOfIntegers.{0} OAI.SevenEighths.HeckeFamily.K
                                          (@CyclotomicField.instField.{0}
                                            (@OfNat.ofNat.{0} Nat (nat_lit 3) (instOfNatNat (nat_lit 3))) Rat
                                            Rat.instField)))))
                                  (@Ideal.instHasQuotient_1.{0} OAI.SevenEighths.HeckeFamily.O
                                    (@NumberField.instCommRingRingOfIntegers.{0} OAI.SevenEighths.HeckeFamily.K
                                      (@CyclotomicField.instField.{0}
                                        (@OfNat.ofNat.{0} Nat (nat_lit 3) (instOfNatNat (nat_lit 3))) Rat
                                        Rat.instField)))
                                  M)
                                (@Ideal.Quotient.commRing.{0} OAI.SevenEighths.HeckeFamily.O
                                  (@NumberField.instCommRingRingOfIntegers.{0} OAI.SevenEighths.HeckeFamily.K
                                    (@CyclotomicField.instField.{0}
                                      (@OfNat.ofNat.{0} Nat (nat_lit 3) (instOfNatNat (nat_lit 3))) Rat Rat.instField))
                                  M))
                              Complex
                              (@CommGroupWithZero.toCommMonoidWithZero.{0} Complex
                                (@Semifield.toCommGroupWithZero.{0} Complex
                                  (@Field.toSemifield.{0} Complex Complex.instField))))
                            (@CommGroup.toGroup.{0}
                              (@MulChar.{0, 0}
                                (@HasQuotient.Quotient.{0, 0} OAI.SevenEighths.HeckeFamily.O
                                  (@Ideal.{0} OAI.SevenEighths.HeckeFamily.O
                                    (@CommSemiring.toSemiring.{0} OAI.SevenEighths.HeckeFamily.O
                                      (@CommRing.toCommSemiring.{0} OAI.SevenEighths.HeckeFamily.O
                                        (@NumberField.instCommRingRingOfIntegers.{0} OAI.SevenEighths.HeckeFamily.K
                                          (@CyclotomicField.instField.{0}
                                            (@OfNat.ofNat.{0} Nat (nat_lit 3) (instOfNatNat (nat_lit 3))) Rat
                                            Rat.instField)))))
                                  (@Ideal.instHasQuotient_1.{0} OAI.SevenEighths.HeckeFamily.O
                                    (@NumberField.instCommRingRingOfIntegers.{0} OAI.SevenEighths.HeckeFamily.K
                                      (@CyclotomicField.instField.{0}
                                        (@OfNat.ofNat.{0} Nat (nat_lit 3) (instOfNatNat (nat_lit 3))) Rat
                                        Rat.instField)))
                                  M)
                                (@CommRing.toCommMonoid.{0}
                                  (@HasQuotient.Quotient.{0, 0} OAI.SevenEighths.HeckeFamily.O
                                    (@Ideal.{0} OAI.SevenEighths.HeckeFamily.O
                                      (@CommSemiring.toSemiring.{0} OAI.SevenEighths.HeckeFamily.O
                                        (@CommRing.toCommSemiring.{0} OAI.SevenEighths.HeckeFamily.O
                                          (@NumberField.instCommRingRingOfIntegers.{0} OAI.SevenEighths.HeckeFamily.K
                                            (@CyclotomicField.instField.{0}
                                              (@OfNat.ofNat.{0} Nat (nat_lit 3) (instOfNatNat (nat_lit 3))) Rat
                                              Rat.instField)))))
                                    (@Ideal.instHasQuotient_1.{0} OAI.SevenEighths.HeckeFamily.O
                                      (@NumberField.instCommRingRingOfIntegers.{0} OAI.SevenEighths.HeckeFamily.K
                                        (@CyclotomicField.instField.{0}
                                          (@OfNat.ofNat.{0} Nat (nat_lit 3) (instOfNatNat (nat_lit 3))) Rat
                                          Rat.instField)))
                                    M)
                                  (@Ideal.Quotient.commRing.{0} OAI.SevenEighths.HeckeFamily.O
                                    (@NumberField.instCommRingRingOfIntegers.{0} OAI.SevenEighths.HeckeFamily.K
                                      (@CyclotomicField.instField.{0}
                                        (@OfNat.ofNat.{0} Nat (nat_lit 3) (instOfNatNat (nat_lit 3))) Rat
                                        Rat.instField))
                                    M))
                                Complex
                                (@CommGroupWithZero.toCommMonoidWithZero.{0} Complex
                                  (@Semifield.toCommGroupWithZero.{0} Complex
                                    (@Field.toSemifield.{0} Complex Complex.instField))))
                              (@MulChar.commGroup.{0, 0}
                                (@HasQuotient.Quotient.{0, 0} OAI.SevenEighths.HeckeFamily.O
                                  (@Ideal.{0} OAI.SevenEighths.HeckeFamily.O
                                    (@CommSemiring.toSemiring.{0} OAI.SevenEighths.HeckeFamily.O
                                      (@CommRing.toCommSemiring.{0} OAI.SevenEighths.HeckeFamily.O
                                        (@NumberField.instCommRingRingOfIntegers.{0} OAI.SevenEighths.HeckeFamily.K
                                          (@CyclotomicField.instField.{0}
                                            (@OfNat.ofNat.{0} Nat (nat_lit 3) (instOfNatNat (nat_lit 3))) Rat
                                            Rat.instField)))))
                                  (@Ideal.instHasQuotient_1.{0} OAI.SevenEighths.HeckeFamily.O
                                    (@NumberField.instCommRingRingOfIntegers.{0} OAI.SevenEighths.HeckeFamily.K
                                      (@CyclotomicField.instField.{0}
                                        (@OfNat.ofNat.{0} Nat (nat_lit 3) (instOfNatNat (nat_lit 3))) Rat
                                        Rat.instField)))
                                  M)
                                (@CommRing.toCommMonoid.{0}
                                  (@HasQuotient.Quotient.{0, 0} OAI.SevenEighths.HeckeFamily.O
                                    (@Ideal.{0} OAI.SevenEighths.HeckeFamily.O
                                      (@CommSemiring.toSemiring.{0} OAI.SevenEighths.HeckeFamily.O
                                        (@CommRing.toCommSemiring.{0} OAI.SevenEighths.HeckeFamily.O
                                          (@NumberField.instCommRingRingOfIntegers.{0} OAI.SevenEighths.HeckeFamily.K
                                            (@CyclotomicField.instField.{0}
                                              (@OfNat.ofNat.{0} Nat (nat_lit 3) (instOfNatNat (nat_lit 3))) Rat
                                              Rat.instField)))))
                                    (@Ideal.instHasQuotient_1.{0} OAI.SevenEighths.HeckeFamily.O
                                      (@NumberField.instCommRingRingOfIntegers.{0} OAI.SevenEighths.HeckeFamily.K
                                        (@CyclotomicField.instField.{0}
                                          (@OfNat.ofNat.{0} Nat (nat_lit 3) (instOfNatNat (nat_lit 3))) Rat
                                          Rat.instField)))
                                    M)
                                  (@Ideal.Quotient.commRing.{0} OAI.SevenEighths.HeckeFamily.O
                                    (@NumberField.instCommRingRingOfIntegers.{0} OAI.SevenEighths.HeckeFamily.K
                                      (@CyclotomicField.instField.{0}
                                        (@OfNat.ofNat.{0} Nat (nat_lit 3) (instOfNatNat (nat_lit 3))) Rat
                                        Rat.instField))
                                    M))
                                Complex
                                (@CommGroupWithZero.toCommMonoidWithZero.{0} Complex
                                  (@Semifield.toCommGroupWithZero.{0} Complex
                                    (@Field.toSemifield.{0} Complex Complex.instField))))))
                          (@MulChar.{0, 0}
                            (@HasQuotient.Quotient.{0, 0} OAI.SevenEighths.HeckeFamily.O
                              (@Ideal.{0} OAI.SevenEighths.HeckeFamily.O
                                (@CommSemiring.toSemiring.{0} OAI.SevenEighths.HeckeFamily.O
                                  (@CommRing.toCommSemiring.{0} OAI.SevenEighths.HeckeFamily.O
                                    (@NumberField.instCommRingRingOfIntegers.{0} OAI.SevenEighths.HeckeFamily.K
                                      (@CyclotomicField.instField.{0}
                                        (@OfNat.ofNat.{0} Nat (nat_lit 3) (instOfNatNat (nat_lit 3))) Rat
                                        Rat.instField)))))
                              (@Ideal.instHasQuotient_1.{0} OAI.SevenEighths.HeckeFamily.O
                                (@NumberField.instCommRingRingOfIntegers.{0} OAI.SevenEighths.HeckeFamily.K
                                  (@CyclotomicField.instField.{0}
                                    (@OfNat.ofNat.{0} Nat (nat_lit 3) (instOfNatNat (nat_lit 3))) Rat Rat.instField)))
                              M)
                            (@CommRing.toCommMonoid.{0}
                              (@HasQuotient.Quotient.{0, 0} OAI.SevenEighths.HeckeFamily.O
                                (@Ideal.{0} OAI.SevenEighths.HeckeFamily.O
                                  (@CommSemiring.toSemiring.{0} OAI.SevenEighths.HeckeFamily.O
                                    (@CommRing.toCommSemiring.{0} OAI.SevenEighths.HeckeFamily.O
                                      (@NumberField.instCommRingRingOfIntegers.{0} OAI.SevenEighths.HeckeFamily.K
                                        (@CyclotomicField.instField.{0}
                                          (@OfNat.ofNat.{0} Nat (nat_lit 3) (instOfNatNat (nat_lit 3))) Rat
                                          Rat.instField)))))
                                (@Ideal.instHasQuotient_1.{0} OAI.SevenEighths.HeckeFamily.O
                                  (@NumberField.instCommRingRingOfIntegers.{0} OAI.SevenEighths.HeckeFamily.K
                                    (@CyclotomicField.instField.{0}
                                      (@OfNat.ofNat.{0} Nat (nat_lit 3) (instOfNatNat (nat_lit 3))) Rat Rat.instField)))
                                M)
                              (@Ideal.Quotient.commRing.{0} OAI.SevenEighths.HeckeFamily.O
                                (@NumberField.instCommRingRingOfIntegers.{0} OAI.SevenEighths.HeckeFamily.K
                                  (@CyclotomicField.instField.{0}
                                    (@OfNat.ofNat.{0} Nat (nat_lit 3) (instOfNatNat (nat_lit 3))) Rat Rat.instField))
                                M))
                            Complex
                            (@CommGroupWithZero.toCommMonoidWithZero.{0} Complex
                              (@Semifield.toCommGroupWithZero.{0} Complex
                                (@Field.toSemifield.{0} Complex Complex.instField))))
                          (@Subgroup.instSetLike.{0}
                            (@MulChar.{0, 0}
                              (@HasQuotient.Quotient.{0, 0} OAI.SevenEighths.HeckeFamily.O
                                (@Ideal.{0} OAI.SevenEighths.HeckeFamily.O
                                  (@CommSemiring.toSemiring.{0} OAI.SevenEighths.HeckeFamily.O
                                    (@CommRing.toCommSemiring.{0} OAI.SevenEighths.HeckeFamily.O
                                      (@NumberField.instCommRingRingOfIntegers.{0} OAI.SevenEighths.HeckeFamily.K
                                        (@CyclotomicField.instField.{0}
                                          (@OfNat.ofNat.{0} Nat (nat_lit 3) (instOfNatNat (nat_lit 3))) Rat
                                          Rat.instField)))))
                                (@Ideal.instHasQuotient_1.{0} OAI.SevenEighths.HeckeFamily.O
                                  (@NumberField.instCommRingRingOfIntegers.{0} OAI.SevenEighths.HeckeFamily.K
                                    (@CyclotomicField.instField.{0}
                                      (@OfNat.ofNat.{0} Nat (nat_lit 3) (instOfNatNat (nat_lit 3))) Rat Rat.instField)))
                                M)
                              (@CommRing.toCommMonoid.{0}
                                (@HasQuotient.Quotient.{0, 0} OAI.SevenEighths.HeckeFamily.O
                                  (@Ideal.{0} OAI.SevenEighths.HeckeFamily.O
                                    (@CommSemiring.toSemiring.{0} OAI.SevenEighths.HeckeFamily.O
                                      (@CommRing.toCommSemiring.{0} OAI.SevenEighths.HeckeFamily.O
                                        (@NumberField.instCommRingRingOfIntegers.{0} OAI.SevenEighths.HeckeFamily.K
                                          (@CyclotomicField.instField.{0}
                                            (@OfNat.ofNat.{0} Nat (nat_lit 3) (instOfNatNat (nat_lit 3))) Rat
                                            Rat.instField)))))
                                  (@Ideal.instHasQuotient_1.{0} OAI.SevenEighths.HeckeFamily.O
                                    (@NumberField.instCommRingRingOfIntegers.{0} OAI.SevenEighths.HeckeFamily.K
                                      (@CyclotomicField.instField.{0}
                                        (@OfNat.ofNat.{0} Nat (nat_lit 3) (instOfNatNat (nat_lit 3))) Rat
                                        Rat.instField)))
                                  M)
                                (@Ideal.Quotient.commRing.{0} OAI.SevenEighths.HeckeFamily.O
                                  (@NumberField.instCommRingRingOfIntegers.{0} OAI.SevenEighths.HeckeFamily.K
                                    (@CyclotomicField.instField.{0}
                                      (@OfNat.ofNat.{0} Nat (nat_lit 3) (instOfNatNat (nat_lit 3))) Rat Rat.instField))
                                  M))
                              Complex
                              (@CommGroupWithZero.toCommMonoidWithZero.{0} Complex
                                (@Semifield.toCommGroupWithZero.{0} Complex
                                  (@Field.toSemifield.{0} Complex Complex.instField))))
                            (@CommGroup.toGroup.{0}
                              (@MulChar.{0, 0}
                                (@HasQuotient.Quotient.{0, 0} OAI.SevenEighths.HeckeFamily.O
                                  (@Ideal.{0} OAI.SevenEighths.HeckeFamily.O
                                    (@CommSemiring.toSemiring.{0} OAI.SevenEighths.HeckeFamily.O
                                      (@CommRing.toCommSemiring.{0} OAI.SevenEighths.HeckeFamily.O
                                        (@NumberField.instCommRingRingOfIntegers.{0} OAI.SevenEighths.HeckeFamily.K
                                          (@CyclotomicField.instField.{0}
                                            (@OfNat.ofNat.{0} Nat (nat_lit 3) (instOfNatNat (nat_lit 3))) Rat
                                            Rat.instField)))))
                                  (@Ideal.instHasQuotient_1.{0} OAI.SevenEighths.HeckeFamily.O
                                    (@NumberField.instCommRingRingOfIntegers.{0} OAI.SevenEighths.HeckeFamily.K
                                      (@CyclotomicField.instField.{0}
                                        (@OfNat.ofNat.{0} Nat (nat_lit 3) (instOfNatNat (nat_lit 3))) Rat
                                        Rat.instField)))
                                  M)
                                (@CommRing.toCommMonoid.{0}
                                  (@HasQuotient.Quotient.{0, 0} OAI.SevenEighths.HeckeFamily.O
                                    (@Ideal.{0} OAI.SevenEighths.HeckeFamily.O
                                      (@CommSemiring.toSemiring.{0} OAI.SevenEighths.HeckeFamily.O
                                        (@CommRing.toCommSemiring.{0} OAI.SevenEighths.HeckeFamily.O
                                          (@NumberField.instCommRingRingOfIntegers.{0} OAI.SevenEighths.HeckeFamily.K
                                            (@CyclotomicField.instField.{0}
                                              (@OfNat.ofNat.{0} Nat (nat_lit 3) (instOfNatNat (nat_lit 3))) Rat
                                              Rat.instField)))))
                                    (@Ideal.instHasQuotient_1.{0} OAI.SevenEighths.HeckeFamily.O
                                      (@NumberField.instCommRingRingOfIntegers.{0} OAI.SevenEighths.HeckeFamily.K
                                        (@CyclotomicField.instField.{0}
                                          (@OfNat.ofNat.{0} Nat (nat_lit 3) (instOfNatNat (nat_lit 3))) Rat
                                          Rat.instField)))
                                    M)
                                  (@Ideal.Quotient.commRing.{0} OAI.SevenEighths.HeckeFamily.O
                                    (@NumberField.instCommRingRingOfIntegers.{0} OAI.SevenEighths.HeckeFamily.K
                                      (@CyclotomicField.instField.{0}
                                        (@OfNat.ofNat.{0} Nat (nat_lit 3) (instOfNatNat (nat_lit 3))) Rat
                                        Rat.instField))
                                    M))
                                Complex
                                (@CommGroupWithZero.toCommMonoidWithZero.{0} Complex
                                  (@Semifield.toCommGroupWithZero.{0} Complex
                                    (@Field.toSemifield.{0} Complex Complex.instField))))
                              (@MulChar.commGroup.{0, 0}
                                (@HasQuotient.Quotient.{0, 0} OAI.SevenEighths.HeckeFamily.O
                                  (@Ideal.{0} OAI.SevenEighths.HeckeFamily.O
                                    (@CommSemiring.toSemiring.{0} OAI.SevenEighths.HeckeFamily.O
                                      (@CommRing.toCommSemiring.{0} OAI.SevenEighths.HeckeFamily.O
                                        (@NumberField.instCommRingRingOfIntegers.{0} OAI.SevenEighths.HeckeFamily.K
                                          (@CyclotomicField.instField.{0}
                                            (@OfNat.ofNat.{0} Nat (nat_lit 3) (instOfNatNat (nat_lit 3))) Rat
                                            Rat.instField)))))
                                  (@Ideal.instHasQuotient_1.{0} OAI.SevenEighths.HeckeFamily.O
                                    (@NumberField.instCommRingRingOfIntegers.{0} OAI.SevenEighths.HeckeFamily.K
                                      (@CyclotomicField.instField.{0}
                                        (@OfNat.ofNat.{0} Nat (nat_lit 3) (instOfNatNat (nat_lit 3))) Rat
                                        Rat.instField)))
                                  M)
                                (@CommRing.toCommMonoid.{0}
                                  (@HasQuotient.Quotient.{0, 0} OAI.SevenEighths.HeckeFamily.O
                                    (@Ideal.{0} OAI.SevenEighths.HeckeFamily.O
                                      (@CommSemiring.toSemiring.{0} OAI.SevenEighths.HeckeFamily.O
                                        (@CommRing.toCommSemiring.{0} OAI.SevenEighths.HeckeFamily.O
                                          (@NumberField.instCommRingRingOfIntegers.{0} OAI.SevenEighths.HeckeFamily.K
                                            (@CyclotomicField.instField.{0}
                                              (@OfNat.ofNat.{0} Nat (nat_lit 3) (instOfNatNat (nat_lit 3))) Rat
                                              Rat.instField)))))
                                    (@Ideal.instHasQuotient_1.{0} OAI.SevenEighths.HeckeFamily.O
                                      (@NumberField.instCommRingRingOfIntegers.{0} OAI.SevenEighths.HeckeFamily.K
                                        (@CyclotomicField.instField.{0}
                                          (@OfNat.ofNat.{0} Nat (nat_lit 3) (instOfNatNat (nat_lit 3))) Rat
                                          Rat.instField)))
                                    M)
                                  (@Ideal.Quotient.commRing.{0} OAI.SevenEighths.HeckeFamily.O
                                    (@NumberField.instCommRingRingOfIntegers.{0} OAI.SevenEighths.HeckeFamily.K
                                      (@CyclotomicField.instField.{0}
                                        (@OfNat.ofNat.{0} Nat (nat_lit 3) (instOfNatNat (nat_lit 3))) Rat
                                        Rat.instField))
                                    M))
                                Complex
                                (@CommGroupWithZero.toCommMonoidWithZero.{0} Complex
                                  (@Semifield.toCommGroupWithZero.{0} Complex
                                    (@Field.toSemifield.{0} Complex Complex.instField)))))))
                        (@OAI.SevenEighths.RayQuotient.Characters.{0} OAI.SevenEighths.HeckeFamily.O
                          (@NumberField.instCommRingRingOfIntegers.{0} OAI.SevenEighths.HeckeFamily.K
                            (@CyclotomicField.instField.{0}
                              (@OfNat.ofNat.{0} Nat (nat_lit 3) (instOfNatNat (nat_lit 3))) Rat Rat.instField))
                          M (@OAI.SevenEighths.CenteredMomentEnergyPositiveHighSource.instFiniteQuotientOIdeal M inst_1)
                          H)
                        x) →
                (W : Real → Complex) →
                  (hW :
                      @Continuous.{0, 0} Real Complex
                        (@UniformSpace.toTopologicalSpace.{0} Real
                          (@PseudoMetricSpace.toUniformSpace.{0} Real Real.pseudoMetricSpace))
                        (@UniformSpace.toTopologicalSpace.{0} Complex
                          (@PseudoMetricSpace.toUniformSpace.{0} Complex
                            (@SeminormedRing.toPseudoMetricSpace.{0} Complex
                              (@SeminormedCommRing.toSeminormedRing.{0} Complex
                                (@NormedCommRing.toSeminormedCommRing.{0} Complex
                                  (@CommCStarAlgebra.toNormedCommRing.{0} Complex instCommCStarAlgebraComplex))))))
                        W) →
                    (aslot bslot lo hi : Real) →
                      (haslot :
                          @LT.lt.{0} Real Real.instLT
                            (@OfNat.ofNat.{0} Real (nat_lit 0) (@Zero.toOfNat0.{0} Real Real.instZero)) aslot) →
                        (hWs :
                            @LE.le.{0} (Set.{0} Real) (@Set.instLE.{0} Real)
                              (@Function.support.{0, 0} Real Complex Complex.instZero W)
                              (@Set.Icc.{0} Real Real.instPreorder aslot bslot)) →
                          (w σ freq : α → Real) →
                            (hσ :
                                ∀ (i : α),
                                  @Membership.mem.{0, 0} Real (Set.{0} Real) (@Set.instMembership.{0} Real)
                                    (@Set.Icc.{0} Real Real.instPreorder lo hi) (σ i)) →
                              {Z Bmask bΦ a b : Real} →
                                (s : OAI.SevenEighths.CenteredMomentEnergyState.NaturalState Z Bmask bΦ) →
                                  (p : OAI.SevenEighths.CenteredMomentFiniteProfileExceptional.Profiles a b) →
                                    (ha :
                                        @LT.lt.{0} Real Real.instLT
                                          (@OfNat.ofNat.{0} Real (nat_lit 0) (@Zero.toOfNat0.{0} Real Real.instZero))
                                          a) →
                                      (t X₁ X₂ : Real) →
                                        (hX₁ :
                                            @LT.lt.{0} Real Real.instLT
                                              (@OfNat.ofNat.{0} Real (nat_lit 0)
                                                (@Zero.toOfNat0.{0} Real Real.instZero))
                                              X₁) →
                                          (hX₂ :
                                              @LT.lt.{0} Real Real.instLT
                                                (@OfNat.ofNat.{0} Real (nat_lit 0)
                                                  (@Zero.toOfNat0.{0} Real Real.instZero))
                                                X₂) →
                                            @OAI.SevenEighths.CenteredMomentCommonRadialData.Input.{u_1} α inst
'OAI.SevenEighths.CenteredMomentEnergyPositiveHighSource.balancedInput' depends on axioms: [propext,
 Classical.choice.{u},
 Quot.sound.{u}]
@OAI.SevenEighths.CenteredMomentEnergyPositiveHighSource.balanced_matches.{u_1} : ∀ {α : Type u_1}
  [inst : Fintype.{u_1} α]
  (M :
    @Ideal.{0} OAI.SevenEighths.HeckeFamily.O
      (@CommSemiring.toSemiring.{0} OAI.SevenEighths.HeckeFamily.O
        (@CommRing.toCommSemiring.{0} OAI.SevenEighths.HeckeFamily.O
          (@NumberField.instCommRingRingOfIntegers.{0} OAI.SevenEighths.HeckeFamily.K
            (@CyclotomicField.instField.{0} (@OfNat.ofNat.{0} Nat (nat_lit 3) (instOfNatNat (nat_lit 3))) Rat
              Rat.instField)))))
  [inst_1 :
    @NeZero.{0}
      (@Ideal.{0} OAI.SevenEighths.HeckeFamily.O
        (@CommSemiring.toSemiring.{0} OAI.SevenEighths.HeckeFamily.O
          (@CommRing.toCommSemiring.{0} OAI.SevenEighths.HeckeFamily.O
            (@NumberField.instCommRingRingOfIntegers.{0} OAI.SevenEighths.HeckeFamily.K
              (@CyclotomicField.instField.{0} (@OfNat.ofNat.{0} Nat (nat_lit 3) (instOfNatNat (nat_lit 3))) Rat
                Rat.instField)))))
      (@Submodule.pointwiseZero.{0, 0} OAI.SevenEighths.HeckeFamily.O OAI.SevenEighths.HeckeFamily.O
        (@CommSemiring.toSemiring.{0} OAI.SevenEighths.HeckeFamily.O
          (@CommRing.toCommSemiring.{0} OAI.SevenEighths.HeckeFamily.O
            (@NumberField.instCommRingRingOfIntegers.{0} OAI.SevenEighths.HeckeFamily.K
              (@CyclotomicField.instField.{0} (@OfNat.ofNat.{0} Nat (nat_lit 3) (instOfNatNat (nat_lit 3))) Rat
                Rat.instField))))
        (@Semiring.toAddCommMonoid.{0} OAI.SevenEighths.HeckeFamily.O
          (@CommSemiring.toSemiring.{0} OAI.SevenEighths.HeckeFamily.O
            (@CommRing.toCommSemiring.{0} OAI.SevenEighths.HeckeFamily.O
              (@NumberField.instCommRingRingOfIntegers.{0} OAI.SevenEighths.HeckeFamily.K
                (@CyclotomicField.instField.{0} (@OfNat.ofNat.{0} Nat (nat_lit 3) (instOfNatNat (nat_lit 3))) Rat
                  Rat.instField)))))
        (@Semiring.toModule.{0} OAI.SevenEighths.HeckeFamily.O
          (@CommSemiring.toSemiring.{0} OAI.SevenEighths.HeckeFamily.O
            (@CommRing.toCommSemiring.{0} OAI.SevenEighths.HeckeFamily.O
              (@NumberField.instCommRingRingOfIntegers.{0} OAI.SevenEighths.HeckeFamily.K
                (@CyclotomicField.instField.{0} (@OfNat.ofNat.{0} Nat (nat_lit 3) (instOfNatNat (nat_lit 3))) Rat
                  Rat.instField))))))
      M]
  (H :
    @Subgroup.{0}
      (@Units.{0}
        (@HasQuotient.Quotient.{0, 0} OAI.SevenEighths.HeckeFamily.O
          (@Ideal.{0} OAI.SevenEighths.HeckeFamily.O
            (@CommSemiring.toSemiring.{0} OAI.SevenEighths.HeckeFamily.O
              (@CommRing.toCommSemiring.{0} OAI.SevenEighths.HeckeFamily.O
                (@NumberField.instCommRingRingOfIntegers.{0} OAI.SevenEighths.HeckeFamily.K
                  (@CyclotomicField.instField.{0} (@OfNat.ofNat.{0} Nat (nat_lit 3) (instOfNatNat (nat_lit 3))) Rat
                    Rat.instField)))))
          (@Ideal.instHasQuotient_1.{0} OAI.SevenEighths.HeckeFamily.O
            (@NumberField.instCommRingRingOfIntegers.{0} OAI.SevenEighths.HeckeFamily.K
              (@CyclotomicField.instField.{0} (@OfNat.ofNat.{0} Nat (nat_lit 3) (instOfNatNat (nat_lit 3))) Rat
                Rat.instField)))
          M)
        (@Semiring.toMonoid.{0}
          (@HasQuotient.Quotient.{0, 0} OAI.SevenEighths.HeckeFamily.O
            (@Ideal.{0} OAI.SevenEighths.HeckeFamily.O
              (@CommSemiring.toSemiring.{0} OAI.SevenEighths.HeckeFamily.O
                (@CommRing.toCommSemiring.{0} OAI.SevenEighths.HeckeFamily.O
                  (@NumberField.instCommRingRingOfIntegers.{0} OAI.SevenEighths.HeckeFamily.K
                    (@CyclotomicField.instField.{0} (@OfNat.ofNat.{0} Nat (nat_lit 3) (instOfNatNat (nat_lit 3))) Rat
                      Rat.instField)))))
            (@Ideal.instHasQuotient_1.{0} OAI.SevenEighths.HeckeFamily.O
              (@NumberField.instCommRingRingOfIntegers.{0} OAI.SevenEighths.HeckeFamily.K
                (@CyclotomicField.instField.{0} (@OfNat.ofNat.{0} Nat (nat_lit 3) (instOfNatNat (nat_lit 3))) Rat
                  Rat.instField)))
            M)
          (@Ideal.Quotient.semiring.{0} OAI.SevenEighths.HeckeFamily.O
            (@NumberField.instCommRingRingOfIntegers.{0} OAI.SevenEighths.HeckeFamily.K
              (@CyclotomicField.instField.{0} (@OfNat.ofNat.{0} Nat (nat_lit 3) (instOfNatNat (nat_lit 3))) Rat
                Rat.instField))
            M)))
      (@Units.instGroup.{0}
        (@HasQuotient.Quotient.{0, 0} OAI.SevenEighths.HeckeFamily.O
          (@Ideal.{0} OAI.SevenEighths.HeckeFamily.O
            (@CommSemiring.toSemiring.{0} OAI.SevenEighths.HeckeFamily.O
              (@CommRing.toCommSemiring.{0} OAI.SevenEighths.HeckeFamily.O
                (@NumberField.instCommRingRingOfIntegers.{0} OAI.SevenEighths.HeckeFamily.K
                  (@CyclotomicField.instField.{0} (@OfNat.ofNat.{0} Nat (nat_lit 3) (instOfNatNat (nat_lit 3))) Rat
                    Rat.instField)))))
          (@Ideal.instHasQuotient_1.{0} OAI.SevenEighths.HeckeFamily.O
            (@NumberField.instCommRingRingOfIntegers.{0} OAI.SevenEighths.HeckeFamily.K
              (@CyclotomicField.instField.{0} (@OfNat.ofNat.{0} Nat (nat_lit 3) (instOfNatNat (nat_lit 3))) Rat
                Rat.instField)))
          M)
        (@Semiring.toMonoid.{0}
          (@HasQuotient.Quotient.{0, 0} OAI.SevenEighths.HeckeFamily.O
            (@Ideal.{0} OAI.SevenEighths.HeckeFamily.O
              (@CommSemiring.toSemiring.{0} OAI.SevenEighths.HeckeFamily.O
                (@CommRing.toCommSemiring.{0} OAI.SevenEighths.HeckeFamily.O
                  (@NumberField.instCommRingRingOfIntegers.{0} OAI.SevenEighths.HeckeFamily.K
                    (@CyclotomicField.instField.{0} (@OfNat.ofNat.{0} Nat (nat_lit 3) (instOfNatNat (nat_lit 3))) Rat
                      Rat.instField)))))
            (@Ideal.instHasQuotient_1.{0} OAI.SevenEighths.HeckeFamily.O
              (@NumberField.instCommRingRingOfIntegers.{0} OAI.SevenEighths.HeckeFamily.K
                (@CyclotomicField.instField.{0} (@OfNat.ofNat.{0} Nat (nat_lit 3) (instOfNatNat (nat_lit 3))) Rat
                  Rat.instField)))
            M)
          (@Ideal.Quotient.semiring.{0} OAI.SevenEighths.HeckeFamily.O
            (@NumberField.instCommRingRingOfIntegers.{0} OAI.SevenEighths.HeckeFamily.K
              (@CyclotomicField.instField.{0} (@OfNat.ofNat.{0} Nat (nat_lit 3) (instOfNatNat (nat_lit 3))) Rat
                Rat.instField))
            M))))
  (hH :
    @LE.le.{0}
      (@Subgroup.{0}
        (@Units.{0}
          (@HasQuotient.Quotient.{0, 0} OAI.SevenEighths.HeckeFamily.O
            (@Ideal.{0} OAI.SevenEighths.HeckeFamily.O
              (@CommSemiring.toSemiring.{0} OAI.SevenEighths.HeckeFamily.O
                (@CommRing.toCommSemiring.{0} OAI.SevenEighths.HeckeFamily.O
                  (@NumberField.instCommRingRingOfIntegers.{0} OAI.SevenEighths.HeckeFamily.K
                    (@CyclotomicField.instField.{0} (@OfNat.ofNat.{0} Nat (nat_lit 3) (instOfNatNat (nat_lit 3))) Rat
                      Rat.instField)))))
            (@Ideal.instHasQuotient_1.{0} OAI.SevenEighths.HeckeFamily.O
              (@NumberField.instCommRingRingOfIntegers.{0} OAI.SevenEighths.HeckeFamily.K
                (@CyclotomicField.instField.{0} (@OfNat.ofNat.{0} Nat (nat_lit 3) (instOfNatNat (nat_lit 3))) Rat
                  Rat.instField)))
            M)
          (@Semiring.toMonoid.{0}
            (@HasQuotient.Quotient.{0, 0} OAI.SevenEighths.HeckeFamily.O
              (@Ideal.{0} OAI.SevenEighths.HeckeFamily.O
                (@CommSemiring.toSemiring.{0} OAI.SevenEighths.HeckeFamily.O
                  (@CommRing.toCommSemiring.{0} OAI.SevenEighths.HeckeFamily.O
                    (@NumberField.instCommRingRingOfIntegers.{0} OAI.SevenEighths.HeckeFamily.K
                      (@CyclotomicField.instField.{0} (@OfNat.ofNat.{0} Nat (nat_lit 3) (instOfNatNat (nat_lit 3))) Rat
                        Rat.instField)))))
              (@Ideal.instHasQuotient_1.{0} OAI.SevenEighths.HeckeFamily.O
                (@NumberField.instCommRingRingOfIntegers.{0} OAI.SevenEighths.HeckeFamily.K
                  (@CyclotomicField.instField.{0} (@OfNat.ofNat.{0} Nat (nat_lit 3) (instOfNatNat (nat_lit 3))) Rat
                    Rat.instField)))
              M)
            (@Ideal.Quotient.semiring.{0} OAI.SevenEighths.HeckeFamily.O
              (@NumberField.instCommRingRingOfIntegers.{0} OAI.SevenEighths.HeckeFamily.K
                (@CyclotomicField.instField.{0} (@OfNat.ofNat.{0} Nat (nat_lit 3) (instOfNatNat (nat_lit 3))) Rat
                  Rat.instField))
              M)))
        (@Units.instGroup.{0}
          (@HasQuotient.Quotient.{0, 0} OAI.SevenEighths.HeckeFamily.O
            (@Ideal.{0} OAI.SevenEighths.HeckeFamily.O
              (@CommSemiring.toSemiring.{0} OAI.SevenEighths.HeckeFamily.O
                (@CommRing.toCommSemiring.{0} OAI.SevenEighths.HeckeFamily.O
                  (@NumberField.instCommRingRingOfIntegers.{0} OAI.SevenEighths.HeckeFamily.K
                    (@CyclotomicField.instField.{0} (@OfNat.ofNat.{0} Nat (nat_lit 3) (instOfNatNat (nat_lit 3))) Rat
                      Rat.instField)))))
            (@Ideal.instHasQuotient_1.{0} OAI.SevenEighths.HeckeFamily.O
              (@NumberField.instCommRingRingOfIntegers.{0} OAI.SevenEighths.HeckeFamily.K
                (@CyclotomicField.instField.{0} (@OfNat.ofNat.{0} Nat (nat_lit 3) (instOfNatNat (nat_lit 3))) Rat
                  Rat.instField)))
            M)
          (@Semiring.toMonoid.{0}
            (@HasQuotient.Quotient.{0, 0} OAI.SevenEighths.HeckeFamily.O
              (@Ideal.{0} OAI.SevenEighths.HeckeFamily.O
                (@CommSemiring.toSemiring.{0} OAI.SevenEighths.HeckeFamily.O
                  (@CommRing.toCommSemiring.{0} OAI.SevenEighths.HeckeFamily.O
                    (@NumberField.instCommRingRingOfIntegers.{0} OAI.SevenEighths.HeckeFamily.K
                      (@CyclotomicField.instField.{0} (@OfNat.ofNat.{0} Nat (nat_lit 3) (instOfNatNat (nat_lit 3))) Rat
                        Rat.instField)))))
              (@Ideal.instHasQuotient_1.{0} OAI.SevenEighths.HeckeFamily.O
                (@NumberField.instCommRingRingOfIntegers.{0} OAI.SevenEighths.HeckeFamily.K
                  (@CyclotomicField.instField.{0} (@OfNat.ofNat.{0} Nat (nat_lit 3) (instOfNatNat (nat_lit 3))) Rat
                    Rat.instField)))
              M)
            (@Ideal.Quotient.semiring.{0} OAI.SevenEighths.HeckeFamily.O
              (@NumberField.instCommRingRingOfIntegers.{0} OAI.SevenEighths.HeckeFamily.K
                (@CyclotomicField.instField.{0} (@OfNat.ofNat.{0} Nat (nat_lit 3) (instOfNatNat (nat_lit 3))) Rat
                  Rat.instField))
              M))))
      (@Preorder.toLE.{0}
        (@Subgroup.{0}
          (@Units.{0}
            (@HasQuotient.Quotient.{0, 0} OAI.SevenEighths.HeckeFamily.O
              (@Ideal.{0} OAI.SevenEighths.HeckeFamily.O
                (@CommSemiring.toSemiring.{0} OAI.SevenEighths.HeckeFamily.O
                  (@CommRing.toCommSemiring.{0} OAI.SevenEighths.HeckeFamily.O
                    (@NumberField.instCommRingRingOfIntegers.{0} OAI.SevenEighths.HeckeFamily.K
                      (@CyclotomicField.instField.{0} (@OfNat.ofNat.{0} Nat (nat_lit 3) (instOfNatNat (nat_lit 3))) Rat
                        Rat.instField)))))
              (@Ideal.instHasQuotient_1.{0} OAI.SevenEighths.HeckeFamily.O
                (@NumberField.instCommRingRingOfIntegers.{0} OAI.SevenEighths.HeckeFamily.K
                  (@CyclotomicField.instField.{0} (@OfNat.ofNat.{0} Nat (nat_lit 3) (instOfNatNat (nat_lit 3))) Rat
                    Rat.instField)))
              M)
            (@Semiring.toMonoid.{0}
              (@HasQuotient.Quotient.{0, 0} OAI.SevenEighths.HeckeFamily.O
                (@Ideal.{0} OAI.SevenEighths.HeckeFamily.O
                  (@CommSemiring.toSemiring.{0} OAI.SevenEighths.HeckeFamily.O
                    (@CommRing.toCommSemiring.{0} OAI.SevenEighths.HeckeFamily.O
                      (@NumberField.instCommRingRingOfIntegers.{0} OAI.SevenEighths.HeckeFamily.K
                        (@CyclotomicField.instField.{0} (@OfNat.ofNat.{0} Nat (nat_lit 3) (instOfNatNat (nat_lit 3)))
                          Rat Rat.instField)))))
                (@Ideal.instHasQuotient_1.{0} OAI.SevenEighths.HeckeFamily.O
                  (@NumberField.instCommRingRingOfIntegers.{0} OAI.SevenEighths.HeckeFamily.K
                    (@CyclotomicField.instField.{0} (@OfNat.ofNat.{0} Nat (nat_lit 3) (instOfNatNat (nat_lit 3))) Rat
                      Rat.instField)))
                M)
              (@Ideal.Quotient.semiring.{0} OAI.SevenEighths.HeckeFamily.O
                (@NumberField.instCommRingRingOfIntegers.{0} OAI.SevenEighths.HeckeFamily.K
                  (@CyclotomicField.instField.{0} (@OfNat.ofNat.{0} Nat (nat_lit 3) (instOfNatNat (nat_lit 3))) Rat
                    Rat.instField))
                M)))
          (@Units.instGroup.{0}
            (@HasQuotient.Quotient.{0, 0} OAI.SevenEighths.HeckeFamily.O
              (@Ideal.{0} OAI.SevenEighths.HeckeFamily.O
                (@CommSemiring.toSemiring.{0} OAI.SevenEighths.HeckeFamily.O
                  (@CommRing.toCommSemiring.{0} OAI.SevenEighths.HeckeFamily.O
                    (@NumberField.instCommRingRingOfIntegers.{0} OAI.SevenEighths.HeckeFamily.K
                      (@CyclotomicField.instField.{0} (@OfNat.ofNat.{0} Nat (nat_lit 3) (instOfNatNat (nat_lit 3))) Rat
                        Rat.instField)))))
              (@Ideal.instHasQuotient_1.{0} OAI.SevenEighths.HeckeFamily.O
                (@NumberField.instCommRingRingOfIntegers.{0} OAI.SevenEighths.HeckeFamily.K
                  (@CyclotomicField.instField.{0} (@OfNat.ofNat.{0} Nat (nat_lit 3) (instOfNatNat (nat_lit 3))) Rat
                    Rat.instField)))
              M)
            (@Semiring.toMonoid.{0}
              (@HasQuotient.Quotient.{0, 0} OAI.SevenEighths.HeckeFamily.O
                (@Ideal.{0} OAI.SevenEighths.HeckeFamily.O
                  (@CommSemiring.toSemiring.{0} OAI.SevenEighths.HeckeFamily.O
                    (@CommRing.toCommSemiring.{0} OAI.SevenEighths.HeckeFamily.O
                      (@NumberField.instCommRingRingOfIntegers.{0} OAI.SevenEighths.HeckeFamily.K
                        (@CyclotomicField.instField.{0} (@OfNat.ofNat.{0} Nat (nat_lit 3) (instOfNatNat (nat_lit 3)))
                          Rat Rat.instField)))))
                (@Ideal.instHasQuotient_1.{0} OAI.SevenEighths.HeckeFamily.O
                  (@NumberField.instCommRingRingOfIntegers.{0} OAI.SevenEighths.HeckeFamily.K
                    (@CyclotomicField.instField.{0} (@OfNat.ofNat.{0} Nat (nat_lit 3) (instOfNatNat (nat_lit 3))) Rat
                      Rat.instField)))
                M)
              (@Ideal.Quotient.semiring.{0} OAI.SevenEighths.HeckeFamily.O
                (@NumberField.instCommRingRingOfIntegers.{0} OAI.SevenEighths.HeckeFamily.K
                  (@CyclotomicField.instField.{0} (@OfNat.ofNat.{0} Nat (nat_lit 3) (instOfNatNat (nat_lit 3))) Rat
                    Rat.instField))
                M))))
        (@PartialOrder.toPreorder.{0}
          (@Subgroup.{0}
            (@Units.{0}
              (@HasQuotient.Quotient.{0, 0} OAI.SevenEighths.HeckeFamily.O
                (@Ideal.{0} OAI.SevenEighths.HeckeFamily.O
                  (@CommSemiring.toSemiring.{0} OAI.SevenEighths.HeckeFamily.O
                    (@CommRing.toCommSemiring.{0} OAI.SevenEighths.HeckeFamily.O
                      (@NumberField.instCommRingRingOfIntegers.{0} OAI.SevenEighths.HeckeFamily.K
                        (@CyclotomicField.instField.{0} (@OfNat.ofNat.{0} Nat (nat_lit 3) (instOfNatNat (nat_lit 3)))
                          Rat Rat.instField)))))
                (@Ideal.instHasQuotient_1.{0} OAI.SevenEighths.HeckeFamily.O
                  (@NumberField.instCommRingRingOfIntegers.{0} OAI.SevenEighths.HeckeFamily.K
                    (@CyclotomicField.instField.{0} (@OfNat.ofNat.{0} Nat (nat_lit 3) (instOfNatNat (nat_lit 3))) Rat
                      Rat.instField)))
                M)
              (@Semiring.toMonoid.{0}
                (@HasQuotient.Quotient.{0, 0} OAI.SevenEighths.HeckeFamily.O
                  (@Ideal.{0} OAI.SevenEighths.HeckeFamily.O
                    (@CommSemiring.toSemiring.{0} OAI.SevenEighths.HeckeFamily.O
                      (@CommRing.toCommSemiring.{0} OAI.SevenEighths.HeckeFamily.O
                        (@NumberField.instCommRingRingOfIntegers.{0} OAI.SevenEighths.HeckeFamily.K
                          (@CyclotomicField.instField.{0} (@OfNat.ofNat.{0} Nat (nat_lit 3) (instOfNatNat (nat_lit 3)))
                            Rat Rat.instField)))))
                  (@Ideal.instHasQuotient_1.{0} OAI.SevenEighths.HeckeFamily.O
                    (@NumberField.instCommRingRingOfIntegers.{0} OAI.SevenEighths.HeckeFamily.K
                      (@CyclotomicField.instField.{0} (@OfNat.ofNat.{0} Nat (nat_lit 3) (instOfNatNat (nat_lit 3))) Rat
                        Rat.instField)))
                  M)
                (@Ideal.Quotient.semiring.{0} OAI.SevenEighths.HeckeFamily.O
                  (@NumberField.instCommRingRingOfIntegers.{0} OAI.SevenEighths.HeckeFamily.K
                    (@CyclotomicField.instField.{0} (@OfNat.ofNat.{0} Nat (nat_lit 3) (instOfNatNat (nat_lit 3))) Rat
                      Rat.instField))
                  M)))
            (@Units.instGroup.{0}
              (@HasQuotient.Quotient.{0, 0} OAI.SevenEighths.HeckeFamily.O
                (@Ideal.{0} OAI.SevenEighths.HeckeFamily.O
                  (@CommSemiring.toSemiring.{0} OAI.SevenEighths.HeckeFamily.O
                    (@CommRing.toCommSemiring.{0} OAI.SevenEighths.HeckeFamily.O
                      (@NumberField.instCommRingRingOfIntegers.{0} OAI.SevenEighths.HeckeFamily.K
                        (@CyclotomicField.instField.{0} (@OfNat.ofNat.{0} Nat (nat_lit 3) (instOfNatNat (nat_lit 3)))
                          Rat Rat.instField)))))
                (@Ideal.instHasQuotient_1.{0} OAI.SevenEighths.HeckeFamily.O
                  (@NumberField.instCommRingRingOfIntegers.{0} OAI.SevenEighths.HeckeFamily.K
                    (@CyclotomicField.instField.{0} (@OfNat.ofNat.{0} Nat (nat_lit 3) (instOfNatNat (nat_lit 3))) Rat
                      Rat.instField)))
                M)
              (@Semiring.toMonoid.{0}
                (@HasQuotient.Quotient.{0, 0} OAI.SevenEighths.HeckeFamily.O
                  (@Ideal.{0} OAI.SevenEighths.HeckeFamily.O
                    (@CommSemiring.toSemiring.{0} OAI.SevenEighths.HeckeFamily.O
                      (@CommRing.toCommSemiring.{0} OAI.SevenEighths.HeckeFamily.O
                        (@NumberField.instCommRingRingOfIntegers.{0} OAI.SevenEighths.HeckeFamily.K
                          (@CyclotomicField.instField.{0} (@OfNat.ofNat.{0} Nat (nat_lit 3) (instOfNatNat (nat_lit 3)))
                            Rat Rat.instField)))))
                  (@Ideal.instHasQuotient_1.{0} OAI.SevenEighths.HeckeFamily.O
                    (@NumberField.instCommRingRingOfIntegers.{0} OAI.SevenEighths.HeckeFamily.K
                      (@CyclotomicField.instField.{0} (@OfNat.ofNat.{0} Nat (nat_lit 3) (instOfNatNat (nat_lit 3))) Rat
                        Rat.instField)))
                  M)
                (@Ideal.Quotient.semiring.{0} OAI.SevenEighths.HeckeFamily.O
                  (@NumberField.instCommRingRingOfIntegers.{0} OAI.SevenEighths.HeckeFamily.K
                    (@CyclotomicField.instField.{0} (@OfNat.ofNat.{0} Nat (nat_lit 3) (instOfNatNat (nat_lit 3))) Rat
                      Rat.instField))
                  M))))
          (@Subgroup.instPartialOrder.{0}
            (@Units.{0}
              (@HasQuotient.Quotient.{0, 0} OAI.SevenEighths.HeckeFamily.O
                (@Ideal.{0} OAI.SevenEighths.HeckeFamily.O
                  (@CommSemiring.toSemiring.{0} OAI.SevenEighths.HeckeFamily.O
                    (@CommRing.toCommSemiring.{0} OAI.SevenEighths.HeckeFamily.O
                      (@NumberField.instCommRingRingOfIntegers.{0} OAI.SevenEighths.HeckeFamily.K
                        (@CyclotomicField.instField.{0} (@OfNat.ofNat.{0} Nat (nat_lit 3) (instOfNatNat (nat_lit 3)))
                          Rat Rat.instField)))))
                (@Ideal.instHasQuotient_1.{0} OAI.SevenEighths.HeckeFamily.O
                  (@NumberField.instCommRingRingOfIntegers.{0} OAI.SevenEighths.HeckeFamily.K
                    (@CyclotomicField.instField.{0} (@OfNat.ofNat.{0} Nat (nat_lit 3) (instOfNatNat (nat_lit 3))) Rat
                      Rat.instField)))
                M)
              (@Semiring.toMonoid.{0}
                (@HasQuotient.Quotient.{0, 0} OAI.SevenEighths.HeckeFamily.O
                  (@Ideal.{0} OAI.SevenEighths.HeckeFamily.O
                    (@CommSemiring.toSemiring.{0} OAI.SevenEighths.HeckeFamily.O
                      (@CommRing.toCommSemiring.{0} OAI.SevenEighths.HeckeFamily.O
                        (@NumberField.instCommRingRingOfIntegers.{0} OAI.SevenEighths.HeckeFamily.K
                          (@CyclotomicField.instField.{0} (@OfNat.ofNat.{0} Nat (nat_lit 3) (instOfNatNat (nat_lit 3)))
                            Rat Rat.instField)))))
                  (@Ideal.instHasQuotient_1.{0} OAI.SevenEighths.HeckeFamily.O
                    (@NumberField.instCommRingRingOfIntegers.{0} OAI.SevenEighths.HeckeFamily.K
                      (@CyclotomicField.instField.{0} (@OfNat.ofNat.{0} Nat (nat_lit 3) (instOfNatNat (nat_lit 3))) Rat
                        Rat.instField)))
                  M)
                (@Ideal.Quotient.semiring.{0} OAI.SevenEighths.HeckeFamily.O
                  (@NumberField.instCommRingRingOfIntegers.{0} OAI.SevenEighths.HeckeFamily.K
                    (@CyclotomicField.instField.{0} (@OfNat.ofNat.{0} Nat (nat_lit 3) (instOfNatNat (nat_lit 3))) Rat
                      Rat.instField))
                  M)))
            (@Units.instGroup.{0}
              (@HasQuotient.Quotient.{0, 0} OAI.SevenEighths.HeckeFamily.O
                (@Ideal.{0} OAI.SevenEighths.HeckeFamily.O
                  (@CommSemiring.toSemiring.{0} OAI.SevenEighths.HeckeFamily.O
                    (@CommRing.toCommSemiring.{0} OAI.SevenEighths.HeckeFamily.O
                      (@NumberField.instCommRingRingOfIntegers.{0} OAI.SevenEighths.HeckeFamily.K
                        (@CyclotomicField.instField.{0} (@OfNat.ofNat.{0} Nat (nat_lit 3) (instOfNatNat (nat_lit 3)))
                          Rat Rat.instField)))))
                (@Ideal.instHasQuotient_1.{0} OAI.SevenEighths.HeckeFamily.O
                  (@NumberField.instCommRingRingOfIntegers.{0} OAI.SevenEighths.HeckeFamily.K
                    (@CyclotomicField.instField.{0} (@OfNat.ofNat.{0} Nat (nat_lit 3) (instOfNatNat (nat_lit 3))) Rat
                      Rat.instField)))
                M)
              (@Semiring.toMonoid.{0}
                (@HasQuotient.Quotient.{0, 0} OAI.SevenEighths.HeckeFamily.O
                  (@Ideal.{0} OAI.SevenEighths.HeckeFamily.O
                    (@CommSemiring.toSemiring.{0} OAI.SevenEighths.HeckeFamily.O
                      (@CommRing.toCommSemiring.{0} OAI.SevenEighths.HeckeFamily.O
                        (@NumberField.instCommRingRingOfIntegers.{0} OAI.SevenEighths.HeckeFamily.K
                          (@CyclotomicField.instField.{0} (@OfNat.ofNat.{0} Nat (nat_lit 3) (instOfNatNat (nat_lit 3)))
                            Rat Rat.instField)))))
                  (@Ideal.instHasQuotient_1.{0} OAI.SevenEighths.HeckeFamily.O
                    (@NumberField.instCommRingRingOfIntegers.{0} OAI.SevenEighths.HeckeFamily.K
                      (@CyclotomicField.instField.{0} (@OfNat.ofNat.{0} Nat (nat_lit 3) (instOfNatNat (nat_lit 3))) Rat
                        Rat.instField)))
                  M)
                (@Ideal.Quotient.semiring.{0} OAI.SevenEighths.HeckeFamily.O
                  (@NumberField.instCommRingRingOfIntegers.{0} OAI.SevenEighths.HeckeFamily.K
                    (@CyclotomicField.instField.{0} (@OfNat.ofNat.{0} Nat (nat_lit 3) (instOfNatNat (nat_lit 3))) Rat
                      Rat.instField))
                  M))))))
      (@OAI.SevenEighths.RayOrthogonality.globalUnits.{0} OAI.SevenEighths.HeckeFamily.O
        (@NumberField.instCommRingRingOfIntegers.{0} OAI.SevenEighths.HeckeFamily.K
          (@CyclotomicField.instField.{0} (@OfNat.ofNat.{0} Nat (nat_lit 3) (instOfNatNat (nat_lit 3))) Rat
            Rat.instField))
        M)
      H)
  (η₀ : OAI.SevenEighths.HeckeFamily.Character)
  (θ :
    α →
      @Subtype.{1}
        (@MulChar.{0, 0}
          (@HasQuotient.Quotient.{0, 0} OAI.SevenEighths.HeckeFamily.O
            (@Ideal.{0} OAI.SevenEighths.HeckeFamily.O
              (@CommSemiring.toSemiring.{0} OAI.SevenEighths.HeckeFamily.O
                (@CommRing.toCommSemiring.{0} OAI.SevenEighths.HeckeFamily.O
                  (@NumberField.instCommRingRingOfIntegers.{0} OAI.SevenEighths.HeckeFamily.K
                    (@CyclotomicField.instField.{0} (@OfNat.ofNat.{0} Nat (nat_lit 3) (instOfNatNat (nat_lit 3))) Rat
                      Rat.instField)))))
            (@Ideal.instHasQuotient_1.{0} OAI.SevenEighths.HeckeFamily.O
              (@NumberField.instCommRingRingOfIntegers.{0} OAI.SevenEighths.HeckeFamily.K
                (@CyclotomicField.instField.{0} (@OfNat.ofNat.{0} Nat (nat_lit 3) (instOfNatNat (nat_lit 3))) Rat
                  Rat.instField)))
            M)
          (@CommRing.toCommMonoid.{0}
            (@HasQuotient.Quotient.{0, 0} OAI.SevenEighths.HeckeFamily.O
              (@Ideal.{0} OAI.SevenEighths.HeckeFamily.O
                (@CommSemiring.toSemiring.{0} OAI.SevenEighths.HeckeFamily.O
                  (@CommRing.toCommSemiring.{0} OAI.SevenEighths.HeckeFamily.O
                    (@NumberField.instCommRingRingOfIntegers.{0} OAI.SevenEighths.HeckeFamily.K
                      (@CyclotomicField.instField.{0} (@OfNat.ofNat.{0} Nat (nat_lit 3) (instOfNatNat (nat_lit 3))) Rat
                        Rat.instField)))))
              (@Ideal.instHasQuotient_1.{0} OAI.SevenEighths.HeckeFamily.O
                (@NumberField.instCommRingRingOfIntegers.{0} OAI.SevenEighths.HeckeFamily.K
                  (@CyclotomicField.instField.{0} (@OfNat.ofNat.{0} Nat (nat_lit 3) (instOfNatNat (nat_lit 3))) Rat
                    Rat.instField)))
              M)
            (@Ideal.Quotient.commRing.{0} OAI.SevenEighths.HeckeFamily.O
              (@NumberField.instCommRingRingOfIntegers.{0} OAI.SevenEighths.HeckeFamily.K
                (@CyclotomicField.instField.{0} (@OfNat.ofNat.{0} Nat (nat_lit 3) (instOfNatNat (nat_lit 3))) Rat
                  Rat.instField))
              M))
          Complex
          (@CommGroupWithZero.toCommMonoidWithZero.{0} Complex
            (@Semifield.toCommGroupWithZero.{0} Complex (@Field.toSemifield.{0} Complex Complex.instField))))
        fun
          (x :
            @MulChar.{0, 0}
              (@HasQuotient.Quotient.{0, 0} OAI.SevenEighths.HeckeFamily.O
                (@Ideal.{0} OAI.SevenEighths.HeckeFamily.O
                  (@CommSemiring.toSemiring.{0} OAI.SevenEighths.HeckeFamily.O
                    (@CommRing.toCommSemiring.{0} OAI.SevenEighths.HeckeFamily.O
                      (@NumberField.instCommRingRingOfIntegers.{0} OAI.SevenEighths.HeckeFamily.K
                        (@CyclotomicField.instField.{0} (@OfNat.ofNat.{0} Nat (nat_lit 3) (instOfNatNat (nat_lit 3)))
                          Rat Rat.instField)))))
                (@Ideal.instHasQuotient_1.{0} OAI.SevenEighths.HeckeFamily.O
                  (@NumberField.instCommRingRingOfIntegers.{0} OAI.SevenEighths.HeckeFamily.K
                    (@CyclotomicField.instField.{0} (@OfNat.ofNat.{0} Nat (nat_lit 3) (instOfNatNat (nat_lit 3))) Rat
                      Rat.instField)))
                M)
              (@CommRing.toCommMonoid.{0}
                (@HasQuotient.Quotient.{0, 0} OAI.SevenEighths.HeckeFamily.O
                  (@Ideal.{0} OAI.SevenEighths.HeckeFamily.O
                    (@CommSemiring.toSemiring.{0} OAI.SevenEighths.HeckeFamily.O
                      (@CommRing.toCommSemiring.{0} OAI.SevenEighths.HeckeFamily.O
                        (@NumberField.instCommRingRingOfIntegers.{0} OAI.SevenEighths.HeckeFamily.K
                          (@CyclotomicField.instField.{0} (@OfNat.ofNat.{0} Nat (nat_lit 3) (instOfNatNat (nat_lit 3)))
                            Rat Rat.instField)))))
                  (@Ideal.instHasQuotient_1.{0} OAI.SevenEighths.HeckeFamily.O
                    (@NumberField.instCommRingRingOfIntegers.{0} OAI.SevenEighths.HeckeFamily.K
                      (@CyclotomicField.instField.{0} (@OfNat.ofNat.{0} Nat (nat_lit 3) (instOfNatNat (nat_lit 3))) Rat
                        Rat.instField)))
                  M)
                (@Ideal.Quotient.commRing.{0} OAI.SevenEighths.HeckeFamily.O
                  (@NumberField.instCommRingRingOfIntegers.{0} OAI.SevenEighths.HeckeFamily.K
                    (@CyclotomicField.instField.{0} (@OfNat.ofNat.{0} Nat (nat_lit 3) (instOfNatNat (nat_lit 3))) Rat
                      Rat.instField))
                  M))
              Complex
              (@CommGroupWithZero.toCommMonoidWithZero.{0} Complex
                (@Semifield.toCommGroupWithZero.{0} Complex (@Field.toSemifield.{0} Complex Complex.instField)))) =>
        @Membership.mem.{0, 0}
          (@MulChar.{0, 0}
            (@HasQuotient.Quotient.{0, 0} OAI.SevenEighths.HeckeFamily.O
              (@Ideal.{0} OAI.SevenEighths.HeckeFamily.O
                (@CommSemiring.toSemiring.{0} OAI.SevenEighths.HeckeFamily.O
                  (@CommRing.toCommSemiring.{0} OAI.SevenEighths.HeckeFamily.O
                    (@NumberField.instCommRingRingOfIntegers.{0} OAI.SevenEighths.HeckeFamily.K
                      (@CyclotomicField.instField.{0} (@OfNat.ofNat.{0} Nat (nat_lit 3) (instOfNatNat (nat_lit 3))) Rat
                        Rat.instField)))))
              (@Ideal.instHasQuotient_1.{0} OAI.SevenEighths.HeckeFamily.O
                (@NumberField.instCommRingRingOfIntegers.{0} OAI.SevenEighths.HeckeFamily.K
                  (@CyclotomicField.instField.{0} (@OfNat.ofNat.{0} Nat (nat_lit 3) (instOfNatNat (nat_lit 3))) Rat
                    Rat.instField)))
              M)
            (@CommRing.toCommMonoid.{0}
              (@HasQuotient.Quotient.{0, 0} OAI.SevenEighths.HeckeFamily.O
                (@Ideal.{0} OAI.SevenEighths.HeckeFamily.O
                  (@CommSemiring.toSemiring.{0} OAI.SevenEighths.HeckeFamily.O
                    (@CommRing.toCommSemiring.{0} OAI.SevenEighths.HeckeFamily.O
                      (@NumberField.instCommRingRingOfIntegers.{0} OAI.SevenEighths.HeckeFamily.K
                        (@CyclotomicField.instField.{0} (@OfNat.ofNat.{0} Nat (nat_lit 3) (instOfNatNat (nat_lit 3)))
                          Rat Rat.instField)))))
                (@Ideal.instHasQuotient_1.{0} OAI.SevenEighths.HeckeFamily.O
                  (@NumberField.instCommRingRingOfIntegers.{0} OAI.SevenEighths.HeckeFamily.K
                    (@CyclotomicField.instField.{0} (@OfNat.ofNat.{0} Nat (nat_lit 3) (instOfNatNat (nat_lit 3))) Rat
                      Rat.instField)))
                M)
              (@Ideal.Quotient.commRing.{0} OAI.SevenEighths.HeckeFamily.O
                (@NumberField.instCommRingRingOfIntegers.{0} OAI.SevenEighths.HeckeFamily.K
                  (@CyclotomicField.instField.{0} (@OfNat.ofNat.{0} Nat (nat_lit 3) (instOfNatNat (nat_lit 3))) Rat
                    Rat.instField))
                M))
            Complex
            (@CommGroupWithZero.toCommMonoidWithZero.{0} Complex
              (@Semifield.toCommGroupWithZero.{0} Complex (@Field.toSemifield.{0} Complex Complex.instField))))
          (@Subgroup.{0}
            (@MulChar.{0, 0}
              (@HasQuotient.Quotient.{0, 0} OAI.SevenEighths.HeckeFamily.O
                (@Ideal.{0} OAI.SevenEighths.HeckeFamily.O
                  (@CommSemiring.toSemiring.{0} OAI.SevenEighths.HeckeFamily.O
                    (@CommRing.toCommSemiring.{0} OAI.SevenEighths.HeckeFamily.O
                      (@NumberField.instCommRingRingOfIntegers.{0} OAI.SevenEighths.HeckeFamily.K
                        (@CyclotomicField.instField.{0} (@OfNat.ofNat.{0} Nat (nat_lit 3) (instOfNatNat (nat_lit 3)))
                          Rat Rat.instField)))))
                (@Ideal.instHasQuotient_1.{0} OAI.SevenEighths.HeckeFamily.O
                  (@NumberField.instCommRingRingOfIntegers.{0} OAI.SevenEighths.HeckeFamily.K
                    (@CyclotomicField.instField.{0} (@OfNat.ofNat.{0} Nat (nat_lit 3) (instOfNatNat (nat_lit 3))) Rat
                      Rat.instField)))
                M)
              (@CommRing.toCommMonoid.{0}
                (@HasQuotient.Quotient.{0, 0} OAI.SevenEighths.HeckeFamily.O
                  (@Ideal.{0} OAI.SevenEighths.HeckeFamily.O
                    (@CommSemiring.toSemiring.{0} OAI.SevenEighths.HeckeFamily.O
                      (@CommRing.toCommSemiring.{0} OAI.SevenEighths.HeckeFamily.O
                        (@NumberField.instCommRingRingOfIntegers.{0} OAI.SevenEighths.HeckeFamily.K
                          (@CyclotomicField.instField.{0} (@OfNat.ofNat.{0} Nat (nat_lit 3) (instOfNatNat (nat_lit 3)))
                            Rat Rat.instField)))))
                  (@Ideal.instHasQuotient_1.{0} OAI.SevenEighths.HeckeFamily.O
                    (@NumberField.instCommRingRingOfIntegers.{0} OAI.SevenEighths.HeckeFamily.K
                      (@CyclotomicField.instField.{0} (@OfNat.ofNat.{0} Nat (nat_lit 3) (instOfNatNat (nat_lit 3))) Rat
                        Rat.instField)))
                  M)
                (@Ideal.Quotient.commRing.{0} OAI.SevenEighths.HeckeFamily.O
                  (@NumberField.instCommRingRingOfIntegers.{0} OAI.SevenEighths.HeckeFamily.K
                    (@CyclotomicField.instField.{0} (@OfNat.ofNat.{0} Nat (nat_lit 3) (instOfNatNat (nat_lit 3))) Rat
                      Rat.instField))
                  M))
              Complex
              (@CommGroupWithZero.toCommMonoidWithZero.{0} Complex
                (@Semifield.toCommGroupWithZero.{0} Complex (@Field.toSemifield.{0} Complex Complex.instField))))
            (@CommGroup.toGroup.{0}
              (@MulChar.{0, 0}
                (@HasQuotient.Quotient.{0, 0} OAI.SevenEighths.HeckeFamily.O
                  (@Ideal.{0} OAI.SevenEighths.HeckeFamily.O
                    (@CommSemiring.toSemiring.{0} OAI.SevenEighths.HeckeFamily.O
                      (@CommRing.toCommSemiring.{0} OAI.SevenEighths.HeckeFamily.O
                        (@NumberField.instCommRingRingOfIntegers.{0} OAI.SevenEighths.HeckeFamily.K
                          (@CyclotomicField.instField.{0} (@OfNat.ofNat.{0} Nat (nat_lit 3) (instOfNatNat (nat_lit 3)))
                            Rat Rat.instField)))))
                  (@Ideal.instHasQuotient_1.{0} OAI.SevenEighths.HeckeFamily.O
                    (@NumberField.instCommRingRingOfIntegers.{0} OAI.SevenEighths.HeckeFamily.K
                      (@CyclotomicField.instField.{0} (@OfNat.ofNat.{0} Nat (nat_lit 3) (instOfNatNat (nat_lit 3))) Rat
                        Rat.instField)))
                  M)
                (@CommRing.toCommMonoid.{0}
                  (@HasQuotient.Quotient.{0, 0} OAI.SevenEighths.HeckeFamily.O
                    (@Ideal.{0} OAI.SevenEighths.HeckeFamily.O
                      (@CommSemiring.toSemiring.{0} OAI.SevenEighths.HeckeFamily.O
                        (@CommRing.toCommSemiring.{0} OAI.SevenEighths.HeckeFamily.O
                          (@NumberField.instCommRingRingOfIntegers.{0} OAI.SevenEighths.HeckeFamily.K
                            (@CyclotomicField.instField.{0}
                              (@OfNat.ofNat.{0} Nat (nat_lit 3) (instOfNatNat (nat_lit 3))) Rat Rat.instField)))))
                    (@Ideal.instHasQuotient_1.{0} OAI.SevenEighths.HeckeFamily.O
                      (@NumberField.instCommRingRingOfIntegers.{0} OAI.SevenEighths.HeckeFamily.K
                        (@CyclotomicField.instField.{0} (@OfNat.ofNat.{0} Nat (nat_lit 3) (instOfNatNat (nat_lit 3)))
                          Rat Rat.instField)))
                    M)
                  (@Ideal.Quotient.commRing.{0} OAI.SevenEighths.HeckeFamily.O
                    (@NumberField.instCommRingRingOfIntegers.{0} OAI.SevenEighths.HeckeFamily.K
                      (@CyclotomicField.instField.{0} (@OfNat.ofNat.{0} Nat (nat_lit 3) (instOfNatNat (nat_lit 3))) Rat
                        Rat.instField))
                    M))
                Complex
                (@CommGroupWithZero.toCommMonoidWithZero.{0} Complex
                  (@Semifield.toCommGroupWithZero.{0} Complex (@Field.toSemifield.{0} Complex Complex.instField))))
              (@MulChar.commGroup.{0, 0}
                (@HasQuotient.Quotient.{0, 0} OAI.SevenEighths.HeckeFamily.O
                  (@Ideal.{0} OAI.SevenEighths.HeckeFamily.O
                    (@CommSemiring.toSemiring.{0} OAI.SevenEighths.HeckeFamily.O
                      (@CommRing.toCommSemiring.{0} OAI.SevenEighths.HeckeFamily.O
                        (@NumberField.instCommRingRingOfIntegers.{0} OAI.SevenEighths.HeckeFamily.K
                          (@CyclotomicField.instField.{0} (@OfNat.ofNat.{0} Nat (nat_lit 3) (instOfNatNat (nat_lit 3)))
                            Rat Rat.instField)))))
                  (@Ideal.instHasQuotient_1.{0} OAI.SevenEighths.HeckeFamily.O
                    (@NumberField.instCommRingRingOfIntegers.{0} OAI.SevenEighths.HeckeFamily.K
                      (@CyclotomicField.instField.{0} (@OfNat.ofNat.{0} Nat (nat_lit 3) (instOfNatNat (nat_lit 3))) Rat
                        Rat.instField)))
                  M)
                (@CommRing.toCommMonoid.{0}
                  (@HasQuotient.Quotient.{0, 0} OAI.SevenEighths.HeckeFamily.O
                    (@Ideal.{0} OAI.SevenEighths.HeckeFamily.O
                      (@CommSemiring.toSemiring.{0} OAI.SevenEighths.HeckeFamily.O
                        (@CommRing.toCommSemiring.{0} OAI.SevenEighths.HeckeFamily.O
                          (@NumberField.instCommRingRingOfIntegers.{0} OAI.SevenEighths.HeckeFamily.K
                            (@CyclotomicField.instField.{0}
                              (@OfNat.ofNat.{0} Nat (nat_lit 3) (instOfNatNat (nat_lit 3))) Rat Rat.instField)))))
                    (@Ideal.instHasQuotient_1.{0} OAI.SevenEighths.HeckeFamily.O
                      (@NumberField.instCommRingRingOfIntegers.{0} OAI.SevenEighths.HeckeFamily.K
                        (@CyclotomicField.instField.{0} (@OfNat.ofNat.{0} Nat (nat_lit 3) (instOfNatNat (nat_lit 3)))
                          Rat Rat.instField)))
                    M)
                  (@Ideal.Quotient.commRing.{0} OAI.SevenEighths.HeckeFamily.O
                    (@NumberField.instCommRingRingOfIntegers.{0} OAI.SevenEighths.HeckeFamily.K
                      (@CyclotomicField.instField.{0} (@OfNat.ofNat.{0} Nat (nat_lit 3) (instOfNatNat (nat_lit 3))) Rat
                        Rat.instField))
                    M))
                Complex
                (@CommGroupWithZero.toCommMonoidWithZero.{0} Complex
                  (@Semifield.toCommGroupWithZero.{0} Complex (@Field.toSemifield.{0} Complex Complex.instField))))))
          (@SetLike.instMembership.{0, 0}
            (@Subgroup.{0}
              (@MulChar.{0, 0}
                (@HasQuotient.Quotient.{0, 0} OAI.SevenEighths.HeckeFamily.O
                  (@Ideal.{0} OAI.SevenEighths.HeckeFamily.O
                    (@CommSemiring.toSemiring.{0} OAI.SevenEighths.HeckeFamily.O
                      (@CommRing.toCommSemiring.{0} OAI.SevenEighths.HeckeFamily.O
                        (@NumberField.instCommRingRingOfIntegers.{0} OAI.SevenEighths.HeckeFamily.K
                          (@CyclotomicField.instField.{0} (@OfNat.ofNat.{0} Nat (nat_lit 3) (instOfNatNat (nat_lit 3)))
                            Rat Rat.instField)))))
                  (@Ideal.instHasQuotient_1.{0} OAI.SevenEighths.HeckeFamily.O
                    (@NumberField.instCommRingRingOfIntegers.{0} OAI.SevenEighths.HeckeFamily.K
                      (@CyclotomicField.instField.{0} (@OfNat.ofNat.{0} Nat (nat_lit 3) (instOfNatNat (nat_lit 3))) Rat
                        Rat.instField)))
                  M)
                (@CommRing.toCommMonoid.{0}
                  (@HasQuotient.Quotient.{0, 0} OAI.SevenEighths.HeckeFamily.O
                    (@Ideal.{0} OAI.SevenEighths.HeckeFamily.O
                      (@CommSemiring.toSemiring.{0} OAI.SevenEighths.HeckeFamily.O
                        (@CommRing.toCommSemiring.{0} OAI.SevenEighths.HeckeFamily.O
                          (@NumberField.instCommRingRingOfIntegers.{0} OAI.SevenEighths.HeckeFamily.K
                            (@CyclotomicField.instField.{0}
                              (@OfNat.ofNat.{0} Nat (nat_lit 3) (instOfNatNat (nat_lit 3))) Rat Rat.instField)))))
                    (@Ideal.instHasQuotient_1.{0} OAI.SevenEighths.HeckeFamily.O
                      (@NumberField.instCommRingRingOfIntegers.{0} OAI.SevenEighths.HeckeFamily.K
                        (@CyclotomicField.instField.{0} (@OfNat.ofNat.{0} Nat (nat_lit 3) (instOfNatNat (nat_lit 3)))
                          Rat Rat.instField)))
                    M)
                  (@Ideal.Quotient.commRing.{0} OAI.SevenEighths.HeckeFamily.O
                    (@NumberField.instCommRingRingOfIntegers.{0} OAI.SevenEighths.HeckeFamily.K
                      (@CyclotomicField.instField.{0} (@OfNat.ofNat.{0} Nat (nat_lit 3) (instOfNatNat (nat_lit 3))) Rat
                        Rat.instField))
                    M))
                Complex
                (@CommGroupWithZero.toCommMonoidWithZero.{0} Complex
                  (@Semifield.toCommGroupWithZero.{0} Complex (@Field.toSemifield.{0} Complex Complex.instField))))
              (@CommGroup.toGroup.{0}
                (@MulChar.{0, 0}
                  (@HasQuotient.Quotient.{0, 0} OAI.SevenEighths.HeckeFamily.O
                    (@Ideal.{0} OAI.SevenEighths.HeckeFamily.O
                      (@CommSemiring.toSemiring.{0} OAI.SevenEighths.HeckeFamily.O
                        (@CommRing.toCommSemiring.{0} OAI.SevenEighths.HeckeFamily.O
                          (@NumberField.instCommRingRingOfIntegers.{0} OAI.SevenEighths.HeckeFamily.K
                            (@CyclotomicField.instField.{0}
                              (@OfNat.ofNat.{0} Nat (nat_lit 3) (instOfNatNat (nat_lit 3))) Rat Rat.instField)))))
                    (@Ideal.instHasQuotient_1.{0} OAI.SevenEighths.HeckeFamily.O
                      (@NumberField.instCommRingRingOfIntegers.{0} OAI.SevenEighths.HeckeFamily.K
                        (@CyclotomicField.instField.{0} (@OfNat.ofNat.{0} Nat (nat_lit 3) (instOfNatNat (nat_lit 3)))
                          Rat Rat.instField)))
                    M)
                  (@CommRing.toCommMonoid.{0}
                    (@HasQuotient.Quotient.{0, 0} OAI.SevenEighths.HeckeFamily.O
                      (@Ideal.{0} OAI.SevenEighths.HeckeFamily.O
                        (@CommSemiring.toSemiring.{0} OAI.SevenEighths.HeckeFamily.O
                          (@CommRing.toCommSemiring.{0} OAI.SevenEighths.HeckeFamily.O
                            (@NumberField.instCommRingRingOfIntegers.{0} OAI.SevenEighths.HeckeFamily.K
                              (@CyclotomicField.instField.{0}
                                (@OfNat.ofNat.{0} Nat (nat_lit 3) (instOfNatNat (nat_lit 3))) Rat Rat.instField)))))
                      (@Ideal.instHasQuotient_1.{0} OAI.SevenEighths.HeckeFamily.O
                        (@NumberField.instCommRingRingOfIntegers.{0} OAI.SevenEighths.HeckeFamily.K
                          (@CyclotomicField.instField.{0} (@OfNat.ofNat.{0} Nat (nat_lit 3) (instOfNatNat (nat_lit 3)))
                            Rat Rat.instField)))
                      M)
                    (@Ideal.Quotient.commRing.{0} OAI.SevenEighths.HeckeFamily.O
                      (@NumberField.instCommRingRingOfIntegers.{0} OAI.SevenEighths.HeckeFamily.K
                        (@CyclotomicField.instField.{0} (@OfNat.ofNat.{0} Nat (nat_lit 3) (instOfNatNat (nat_lit 3)))
                          Rat Rat.instField))
                      M))
                  Complex
                  (@CommGroupWithZero.toCommMonoidWithZero.{0} Complex
                    (@Semifield.toCommGroupWithZero.{0} Complex (@Field.toSemifield.{0} Complex Complex.instField))))
                (@MulChar.commGroup.{0, 0}
                  (@HasQuotient.Quotient.{0, 0} OAI.SevenEighths.HeckeFamily.O
                    (@Ideal.{0} OAI.SevenEighths.HeckeFamily.O
                      (@CommSemiring.toSemiring.{0} OAI.SevenEighths.HeckeFamily.O
                        (@CommRing.toCommSemiring.{0} OAI.SevenEighths.HeckeFamily.O
                          (@NumberField.instCommRingRingOfIntegers.{0} OAI.SevenEighths.HeckeFamily.K
                            (@CyclotomicField.instField.{0}
                              (@OfNat.ofNat.{0} Nat (nat_lit 3) (instOfNatNat (nat_lit 3))) Rat Rat.instField)))))
                    (@Ideal.instHasQuotient_1.{0} OAI.SevenEighths.HeckeFamily.O
                      (@NumberField.instCommRingRingOfIntegers.{0} OAI.SevenEighths.HeckeFamily.K
                        (@CyclotomicField.instField.{0} (@OfNat.ofNat.{0} Nat (nat_lit 3) (instOfNatNat (nat_lit 3)))
                          Rat Rat.instField)))
                    M)
                  (@CommRing.toCommMonoid.{0}
                    (@HasQuotient.Quotient.{0, 0} OAI.SevenEighths.HeckeFamily.O
                      (@Ideal.{0} OAI.SevenEighths.HeckeFamily.O
                        (@CommSemiring.toSemiring.{0} OAI.SevenEighths.HeckeFamily.O
                          (@CommRing.toCommSemiring.{0} OAI.SevenEighths.HeckeFamily.O
                            (@NumberField.instCommRingRingOfIntegers.{0} OAI.SevenEighths.HeckeFamily.K
                              (@CyclotomicField.instField.{0}
                                (@OfNat.ofNat.{0} Nat (nat_lit 3) (instOfNatNat (nat_lit 3))) Rat Rat.instField)))))
                      (@Ideal.instHasQuotient_1.{0} OAI.SevenEighths.HeckeFamily.O
                        (@NumberField.instCommRingRingOfIntegers.{0} OAI.SevenEighths.HeckeFamily.K
                          (@CyclotomicField.instField.{0} (@OfNat.ofNat.{0} Nat (nat_lit 3) (instOfNatNat (nat_lit 3)))
                            Rat Rat.instField)))
                      M)
                    (@Ideal.Quotient.commRing.{0} OAI.SevenEighths.HeckeFamily.O
                      (@NumberField.instCommRingRingOfIntegers.{0} OAI.SevenEighths.HeckeFamily.K
                        (@CyclotomicField.instField.{0} (@OfNat.ofNat.{0} Nat (nat_lit 3) (instOfNatNat (nat_lit 3)))
                          Rat Rat.instField))
                      M))
                  Complex
                  (@CommGroupWithZero.toCommMonoidWithZero.{0} Complex
                    (@Semifield.toCommGroupWithZero.{0} Complex (@Field.toSemifield.{0} Complex Complex.instField))))))
            (@MulChar.{0, 0}
              (@HasQuotient.Quotient.{0, 0} OAI.SevenEighths.HeckeFamily.O
                (@Ideal.{0} OAI.SevenEighths.HeckeFamily.O
                  (@CommSemiring.toSemiring.{0} OAI.SevenEighths.HeckeFamily.O
                    (@CommRing.toCommSemiring.{0} OAI.SevenEighths.HeckeFamily.O
                      (@NumberField.instCommRingRingOfIntegers.{0} OAI.SevenEighths.HeckeFamily.K
                        (@CyclotomicField.instField.{0} (@OfNat.ofNat.{0} Nat (nat_lit 3) (instOfNatNat (nat_lit 3)))
                          Rat Rat.instField)))))
                (@Ideal.instHasQuotient_1.{0} OAI.SevenEighths.HeckeFamily.O
                  (@NumberField.instCommRingRingOfIntegers.{0} OAI.SevenEighths.HeckeFamily.K
                    (@CyclotomicField.instField.{0} (@OfNat.ofNat.{0} Nat (nat_lit 3) (instOfNatNat (nat_lit 3))) Rat
                      Rat.instField)))
                M)
              (@CommRing.toCommMonoid.{0}
                (@HasQuotient.Quotient.{0, 0} OAI.SevenEighths.HeckeFamily.O
                  (@Ideal.{0} OAI.SevenEighths.HeckeFamily.O
                    (@CommSemiring.toSemiring.{0} OAI.SevenEighths.HeckeFamily.O
                      (@CommRing.toCommSemiring.{0} OAI.SevenEighths.HeckeFamily.O
                        (@NumberField.instCommRingRingOfIntegers.{0} OAI.SevenEighths.HeckeFamily.K
                          (@CyclotomicField.instField.{0} (@OfNat.ofNat.{0} Nat (nat_lit 3) (instOfNatNat (nat_lit 3)))
                            Rat Rat.instField)))))
                  (@Ideal.instHasQuotient_1.{0} OAI.SevenEighths.HeckeFamily.O
                    (@NumberField.instCommRingRingOfIntegers.{0} OAI.SevenEighths.HeckeFamily.K
                      (@CyclotomicField.instField.{0} (@OfNat.ofNat.{0} Nat (nat_lit 3) (instOfNatNat (nat_lit 3))) Rat
                        Rat.instField)))
                  M)
                (@Ideal.Quotient.commRing.{0} OAI.SevenEighths.HeckeFamily.O
                  (@NumberField.instCommRingRingOfIntegers.{0} OAI.SevenEighths.HeckeFamily.K
                    (@CyclotomicField.instField.{0} (@OfNat.ofNat.{0} Nat (nat_lit 3) (instOfNatNat (nat_lit 3))) Rat
                      Rat.instField))
                  M))
              Complex
              (@CommGroupWithZero.toCommMonoidWithZero.{0} Complex
                (@Semifield.toCommGroupWithZero.{0} Complex (@Field.toSemifield.{0} Complex Complex.instField))))
            (@Subgroup.instSetLike.{0}
              (@MulChar.{0, 0}
                (@HasQuotient.Quotient.{0, 0} OAI.SevenEighths.HeckeFamily.O
                  (@Ideal.{0} OAI.SevenEighths.HeckeFamily.O
                    (@CommSemiring.toSemiring.{0} OAI.SevenEighths.HeckeFamily.O
                      (@CommRing.toCommSemiring.{0} OAI.SevenEighths.HeckeFamily.O
                        (@NumberField.instCommRingRingOfIntegers.{0} OAI.SevenEighths.HeckeFamily.K
                          (@CyclotomicField.instField.{0} (@OfNat.ofNat.{0} Nat (nat_lit 3) (instOfNatNat (nat_lit 3)))
                            Rat Rat.instField)))))
                  (@Ideal.instHasQuotient_1.{0} OAI.SevenEighths.HeckeFamily.O
                    (@NumberField.instCommRingRingOfIntegers.{0} OAI.SevenEighths.HeckeFamily.K
                      (@CyclotomicField.instField.{0} (@OfNat.ofNat.{0} Nat (nat_lit 3) (instOfNatNat (nat_lit 3))) Rat
                        Rat.instField)))
                  M)
                (@CommRing.toCommMonoid.{0}
                  (@HasQuotient.Quotient.{0, 0} OAI.SevenEighths.HeckeFamily.O
                    (@Ideal.{0} OAI.SevenEighths.HeckeFamily.O
                      (@CommSemiring.toSemiring.{0} OAI.SevenEighths.HeckeFamily.O
                        (@CommRing.toCommSemiring.{0} OAI.SevenEighths.HeckeFamily.O
                          (@NumberField.instCommRingRingOfIntegers.{0} OAI.SevenEighths.HeckeFamily.K
                            (@CyclotomicField.instField.{0}
                              (@OfNat.ofNat.{0} Nat (nat_lit 3) (instOfNatNat (nat_lit 3))) Rat Rat.instField)))))
                    (@Ideal.instHasQuotient_1.{0} OAI.SevenEighths.HeckeFamily.O
                      (@NumberField.instCommRingRingOfIntegers.{0} OAI.SevenEighths.HeckeFamily.K
                        (@CyclotomicField.instField.{0} (@OfNat.ofNat.{0} Nat (nat_lit 3) (instOfNatNat (nat_lit 3)))
                          Rat Rat.instField)))
                    M)
                  (@Ideal.Quotient.commRing.{0} OAI.SevenEighths.HeckeFamily.O
                    (@NumberField.instCommRingRingOfIntegers.{0} OAI.SevenEighths.HeckeFamily.K
                      (@CyclotomicField.instField.{0} (@OfNat.ofNat.{0} Nat (nat_lit 3) (instOfNatNat (nat_lit 3))) Rat
                        Rat.instField))
                    M))
                Complex
                (@CommGroupWithZero.toCommMonoidWithZero.{0} Complex
                  (@Semifield.toCommGroupWithZero.{0} Complex (@Field.toSemifield.{0} Complex Complex.instField))))
              (@CommGroup.toGroup.{0}
                (@MulChar.{0, 0}
                  (@HasQuotient.Quotient.{0, 0} OAI.SevenEighths.HeckeFamily.O
                    (@Ideal.{0} OAI.SevenEighths.HeckeFamily.O
                      (@CommSemiring.toSemiring.{0} OAI.SevenEighths.HeckeFamily.O
                        (@CommRing.toCommSemiring.{0} OAI.SevenEighths.HeckeFamily.O
                          (@NumberField.instCommRingRingOfIntegers.{0} OAI.SevenEighths.HeckeFamily.K
                            (@CyclotomicField.instField.{0}
                              (@OfNat.ofNat.{0} Nat (nat_lit 3) (instOfNatNat (nat_lit 3))) Rat Rat.instField)))))
                    (@Ideal.instHasQuotient_1.{0} OAI.SevenEighths.HeckeFamily.O
                      (@NumberField.instCommRingRingOfIntegers.{0} OAI.SevenEighths.HeckeFamily.K
                        (@CyclotomicField.instField.{0} (@OfNat.ofNat.{0} Nat (nat_lit 3) (instOfNatNat (nat_lit 3)))
                          Rat Rat.instField)))
                    M)
                  (@CommRing.toCommMonoid.{0}
                    (@HasQuotient.Quotient.{0, 0} OAI.SevenEighths.HeckeFamily.O
                      (@Ideal.{0} OAI.SevenEighths.HeckeFamily.O
                        (@CommSemiring.toSemiring.{0} OAI.SevenEighths.HeckeFamily.O
                          (@CommRing.toCommSemiring.{0} OAI.SevenEighths.HeckeFamily.O
                            (@NumberField.instCommRingRingOfIntegers.{0} OAI.SevenEighths.HeckeFamily.K
                              (@CyclotomicField.instField.{0}
                                (@OfNat.ofNat.{0} Nat (nat_lit 3) (instOfNatNat (nat_lit 3))) Rat Rat.instField)))))
                      (@Ideal.instHasQuotient_1.{0} OAI.SevenEighths.HeckeFamily.O
                        (@NumberField.instCommRingRingOfIntegers.{0} OAI.SevenEighths.HeckeFamily.K
                          (@CyclotomicField.instField.{0} (@OfNat.ofNat.{0} Nat (nat_lit 3) (instOfNatNat (nat_lit 3)))
                            Rat Rat.instField)))
                      M)
                    (@Ideal.Quotient.commRing.{0} OAI.SevenEighths.HeckeFamily.O
                      (@NumberField.instCommRingRingOfIntegers.{0} OAI.SevenEighths.HeckeFamily.K
                        (@CyclotomicField.instField.{0} (@OfNat.ofNat.{0} Nat (nat_lit 3) (instOfNatNat (nat_lit 3)))
                          Rat Rat.instField))
                      M))
                  Complex
                  (@CommGroupWithZero.toCommMonoidWithZero.{0} Complex
                    (@Semifield.toCommGroupWithZero.{0} Complex (@Field.toSemifield.{0} Complex Complex.instField))))
                (@MulChar.commGroup.{0, 0}
                  (@HasQuotient.Quotient.{0, 0} OAI.SevenEighths.HeckeFamily.O
                    (@Ideal.{0} OAI.SevenEighths.HeckeFamily.O
                      (@CommSemiring.toSemiring.{0} OAI.SevenEighths.HeckeFamily.O
                        (@CommRing.toCommSemiring.{0} OAI.SevenEighths.HeckeFamily.O
                          (@NumberField.instCommRingRingOfIntegers.{0} OAI.SevenEighths.HeckeFamily.K
                            (@CyclotomicField.instField.{0}
                              (@OfNat.ofNat.{0} Nat (nat_lit 3) (instOfNatNat (nat_lit 3))) Rat Rat.instField)))))
                    (@Ideal.instHasQuotient_1.{0} OAI.SevenEighths.HeckeFamily.O
                      (@NumberField.instCommRingRingOfIntegers.{0} OAI.SevenEighths.HeckeFamily.K
                        (@CyclotomicField.instField.{0} (@OfNat.ofNat.{0} Nat (nat_lit 3) (instOfNatNat (nat_lit 3)))
                          Rat Rat.instField)))
                    M)
                  (@CommRing.toCommMonoid.{0}
                    (@HasQuotient.Quotient.{0, 0} OAI.SevenEighths.HeckeFamily.O
                      (@Ideal.{0} OAI.SevenEighths.HeckeFamily.O
                        (@CommSemiring.toSemiring.{0} OAI.SevenEighths.HeckeFamily.O
                          (@CommRing.toCommSemiring.{0} OAI.SevenEighths.HeckeFamily.O
                            (@NumberField.instCommRingRingOfIntegers.{0} OAI.SevenEighths.HeckeFamily.K
                              (@CyclotomicField.instField.{0}
                                (@OfNat.ofNat.{0} Nat (nat_lit 3) (instOfNatNat (nat_lit 3))) Rat Rat.instField)))))
                      (@Ideal.instHasQuotient_1.{0} OAI.SevenEighths.HeckeFamily.O
                        (@NumberField.instCommRingRingOfIntegers.{0} OAI.SevenEighths.HeckeFamily.K
                          (@CyclotomicField.instField.{0} (@OfNat.ofNat.{0} Nat (nat_lit 3) (instOfNatNat (nat_lit 3)))
                            Rat Rat.instField)))
                      M)
                    (@Ideal.Quotient.commRing.{0} OAI.SevenEighths.HeckeFamily.O
                      (@NumberField.instCommRingRingOfIntegers.{0} OAI.SevenEighths.HeckeFamily.K
                        (@CyclotomicField.instField.{0} (@OfNat.ofNat.{0} Nat (nat_lit 3) (instOfNatNat (nat_lit 3)))
                          Rat Rat.instField))
                      M))
                  Complex
                  (@CommGroupWithZero.toCommMonoidWithZero.{0} Complex
                    (@Semifield.toCommGroupWithZero.{0} Complex (@Field.toSemifield.{0} Complex Complex.instField)))))))
          (@OAI.SevenEighths.RayQuotient.Characters.{0} OAI.SevenEighths.HeckeFamily.O
            (@NumberField.instCommRingRingOfIntegers.{0} OAI.SevenEighths.HeckeFamily.K
              (@CyclotomicField.instField.{0} (@OfNat.ofNat.{0} Nat (nat_lit 3) (instOfNatNat (nat_lit 3))) Rat
                Rat.instField))
            M (@OAI.SevenEighths.CenteredMomentEnergyPositiveHighSource.instFiniteQuotientOIdeal M inst_1) H)
          x)
  (W : Real → Complex)
  (hW :
    @Continuous.{0, 0} Real Complex
      (@UniformSpace.toTopologicalSpace.{0} Real (@PseudoMetricSpace.toUniformSpace.{0} Real Real.pseudoMetricSpace))
      (@UniformSpace.toTopologicalSpace.{0} Complex
        (@PseudoMetricSpace.toUniformSpace.{0} Complex
          (@SeminormedRing.toPseudoMetricSpace.{0} Complex
            (@SeminormedCommRing.toSeminormedRing.{0} Complex
              (@NormedCommRing.toSeminormedCommRing.{0} Complex
                (@CommCStarAlgebra.toNormedCommRing.{0} Complex instCommCStarAlgebraComplex))))))
      W)
  (aslot bslot lo hi : Real)
  (haslot :
    @LT.lt.{0} Real Real.instLT (@OfNat.ofNat.{0} Real (nat_lit 0) (@Zero.toOfNat0.{0} Real Real.instZero)) aslot)
  (hWs :
    @LE.le.{0} (Set.{0} Real) (@Set.instLE.{0} Real) (@Function.support.{0, 0} Real Complex Complex.instZero W)
      (@Set.Icc.{0} Real Real.instPreorder aslot bslot))
  (w σ freq : α → Real)
  (hσ :
    ∀ (i : α),
      @Membership.mem.{0, 0} Real (Set.{0} Real) (@Set.instMembership.{0} Real)
        (@Set.Icc.{0} Real Real.instPreorder lo hi) (σ i))
  {Z Bmask bΦ a b : Real} (s : OAI.SevenEighths.CenteredMomentEnergyState.NaturalState Z Bmask bΦ)
  (p : OAI.SevenEighths.CenteredMomentFiniteProfileExceptional.Profiles a b)
  (ha : @LT.lt.{0} Real Real.instLT (@OfNat.ofNat.{0} Real (nat_lit 0) (@Zero.toOfNat0.{0} Real Real.instZero)) a)
  (t X₁ X₂ : Real)
  (hX₁ : @LT.lt.{0} Real Real.instLT (@OfNat.ofNat.{0} Real (nat_lit 0) (@Zero.toOfNat0.{0} Real Real.instZero)) X₁)
  (hX₂ : @LT.lt.{0} Real Real.instLT (@OfNat.ofNat.{0} Real (nat_lit 0) (@Zero.toOfNat0.{0} Real Real.instZero)) X₂),
  @OAI.SevenEighths.CenteredMomentAllocatedRayDictionary.Matches.{u_1} α inst M inst_1 H hH
    (@OAI.SevenEighths.CenteredMomentEnergyPositiveHighSource.balancedInput.{u_1} α inst M inst_1 H hH η₀ θ W hW aslot
      bslot lo hi haslot hWs w σ freq hσ Z Bmask bΦ a b s p ha t X₁ X₂ hX₁ hX₂)
    η₀ θ w σ freq W bslot Z
'OAI.SevenEighths.CenteredMomentEnergyPositiveHighSource.balanced_matches' depends on axioms: [propext,
 Classical.choice.{u},
 Quot.sound.{u}]
@OAI.SevenEighths.CenteredMomentEnergyPositiveHighSource.balanced_volume.{u_1} : ∀ {α : Type u_1}
  [inst : Fintype.{u_1} α]
  (M :
    @Ideal.{0} OAI.SevenEighths.HeckeFamily.O
      (@CommSemiring.toSemiring.{0} OAI.SevenEighths.HeckeFamily.O
        (@CommRing.toCommSemiring.{0} OAI.SevenEighths.HeckeFamily.O
          (@NumberField.instCommRingRingOfIntegers.{0} OAI.SevenEighths.HeckeFamily.K
            (@CyclotomicField.instField.{0} (@OfNat.ofNat.{0} Nat (nat_lit 3) (instOfNatNat (nat_lit 3))) Rat
              Rat.instField)))))
  [inst_1 :
    @NeZero.{0}
      (@Ideal.{0} OAI.SevenEighths.HeckeFamily.O
        (@CommSemiring.toSemiring.{0} OAI.SevenEighths.HeckeFamily.O
          (@CommRing.toCommSemiring.{0} OAI.SevenEighths.HeckeFamily.O
            (@NumberField.instCommRingRingOfIntegers.{0} OAI.SevenEighths.HeckeFamily.K
              (@CyclotomicField.instField.{0} (@OfNat.ofNat.{0} Nat (nat_lit 3) (instOfNatNat (nat_lit 3))) Rat
                Rat.instField)))))
      (@Submodule.pointwiseZero.{0, 0} OAI.SevenEighths.HeckeFamily.O OAI.SevenEighths.HeckeFamily.O
        (@CommSemiring.toSemiring.{0} OAI.SevenEighths.HeckeFamily.O
          (@CommRing.toCommSemiring.{0} OAI.SevenEighths.HeckeFamily.O
            (@NumberField.instCommRingRingOfIntegers.{0} OAI.SevenEighths.HeckeFamily.K
              (@CyclotomicField.instField.{0} (@OfNat.ofNat.{0} Nat (nat_lit 3) (instOfNatNat (nat_lit 3))) Rat
                Rat.instField))))
        (@Semiring.toAddCommMonoid.{0} OAI.SevenEighths.HeckeFamily.O
          (@CommSemiring.toSemiring.{0} OAI.SevenEighths.HeckeFamily.O
            (@CommRing.toCommSemiring.{0} OAI.SevenEighths.HeckeFamily.O
              (@NumberField.instCommRingRingOfIntegers.{0} OAI.SevenEighths.HeckeFamily.K
                (@CyclotomicField.instField.{0} (@OfNat.ofNat.{0} Nat (nat_lit 3) (instOfNatNat (nat_lit 3))) Rat
                  Rat.instField)))))
        (@Semiring.toModule.{0} OAI.SevenEighths.HeckeFamily.O
          (@CommSemiring.toSemiring.{0} OAI.SevenEighths.HeckeFamily.O
            (@CommRing.toCommSemiring.{0} OAI.SevenEighths.HeckeFamily.O
              (@NumberField.instCommRingRingOfIntegers.{0} OAI.SevenEighths.HeckeFamily.K
                (@CyclotomicField.instField.{0} (@OfNat.ofNat.{0} Nat (nat_lit 3) (instOfNatNat (nat_lit 3))) Rat
                  Rat.instField))))))
      M]
  (H :
    @Subgroup.{0}
      (@Units.{0}
        (@HasQuotient.Quotient.{0, 0} OAI.SevenEighths.HeckeFamily.O
          (@Ideal.{0} OAI.SevenEighths.HeckeFamily.O
            (@CommSemiring.toSemiring.{0} OAI.SevenEighths.HeckeFamily.O
              (@CommRing.toCommSemiring.{0} OAI.SevenEighths.HeckeFamily.O
                (@NumberField.instCommRingRingOfIntegers.{0} OAI.SevenEighths.HeckeFamily.K
                  (@CyclotomicField.instField.{0} (@OfNat.ofNat.{0} Nat (nat_lit 3) (instOfNatNat (nat_lit 3))) Rat
                    Rat.instField)))))
          (@Ideal.instHasQuotient_1.{0} OAI.SevenEighths.HeckeFamily.O
            (@NumberField.instCommRingRingOfIntegers.{0} OAI.SevenEighths.HeckeFamily.K
              (@CyclotomicField.instField.{0} (@OfNat.ofNat.{0} Nat (nat_lit 3) (instOfNatNat (nat_lit 3))) Rat
                Rat.instField)))
          M)
        (@Semiring.toMonoid.{0}
          (@HasQuotient.Quotient.{0, 0} OAI.SevenEighths.HeckeFamily.O
            (@Ideal.{0} OAI.SevenEighths.HeckeFamily.O
              (@CommSemiring.toSemiring.{0} OAI.SevenEighths.HeckeFamily.O
                (@CommRing.toCommSemiring.{0} OAI.SevenEighths.HeckeFamily.O
                  (@NumberField.instCommRingRingOfIntegers.{0} OAI.SevenEighths.HeckeFamily.K
                    (@CyclotomicField.instField.{0} (@OfNat.ofNat.{0} Nat (nat_lit 3) (instOfNatNat (nat_lit 3))) Rat
                      Rat.instField)))))
            (@Ideal.instHasQuotient_1.{0} OAI.SevenEighths.HeckeFamily.O
              (@NumberField.instCommRingRingOfIntegers.{0} OAI.SevenEighths.HeckeFamily.K
                (@CyclotomicField.instField.{0} (@OfNat.ofNat.{0} Nat (nat_lit 3) (instOfNatNat (nat_lit 3))) Rat
                  Rat.instField)))
            M)
          (@Ideal.Quotient.semiring.{0} OAI.SevenEighths.HeckeFamily.O
            (@NumberField.instCommRingRingOfIntegers.{0} OAI.SevenEighths.HeckeFamily.K
              (@CyclotomicField.instField.{0} (@OfNat.ofNat.{0} Nat (nat_lit 3) (instOfNatNat (nat_lit 3))) Rat
                Rat.instField))
            M)))
      (@Units.instGroup.{0}
        (@HasQuotient.Quotient.{0, 0} OAI.SevenEighths.HeckeFamily.O
          (@Ideal.{0} OAI.SevenEighths.HeckeFamily.O
            (@CommSemiring.toSemiring.{0} OAI.SevenEighths.HeckeFamily.O
              (@CommRing.toCommSemiring.{0} OAI.SevenEighths.HeckeFamily.O
                (@NumberField.instCommRingRingOfIntegers.{0} OAI.SevenEighths.HeckeFamily.K
                  (@CyclotomicField.instField.{0} (@OfNat.ofNat.{0} Nat (nat_lit 3) (instOfNatNat (nat_lit 3))) Rat
                    Rat.instField)))))
          (@Ideal.instHasQuotient_1.{0} OAI.SevenEighths.HeckeFamily.O
            (@NumberField.instCommRingRingOfIntegers.{0} OAI.SevenEighths.HeckeFamily.K
              (@CyclotomicField.instField.{0} (@OfNat.ofNat.{0} Nat (nat_lit 3) (instOfNatNat (nat_lit 3))) Rat
                Rat.instField)))
          M)
        (@Semiring.toMonoid.{0}
          (@HasQuotient.Quotient.{0, 0} OAI.SevenEighths.HeckeFamily.O
            (@Ideal.{0} OAI.SevenEighths.HeckeFamily.O
              (@CommSemiring.toSemiring.{0} OAI.SevenEighths.HeckeFamily.O
                (@CommRing.toCommSemiring.{0} OAI.SevenEighths.HeckeFamily.O
                  (@NumberField.instCommRingRingOfIntegers.{0} OAI.SevenEighths.HeckeFamily.K
                    (@CyclotomicField.instField.{0} (@OfNat.ofNat.{0} Nat (nat_lit 3) (instOfNatNat (nat_lit 3))) Rat
                      Rat.instField)))))
            (@Ideal.instHasQuotient_1.{0} OAI.SevenEighths.HeckeFamily.O
              (@NumberField.instCommRingRingOfIntegers.{0} OAI.SevenEighths.HeckeFamily.K
                (@CyclotomicField.instField.{0} (@OfNat.ofNat.{0} Nat (nat_lit 3) (instOfNatNat (nat_lit 3))) Rat
                  Rat.instField)))
            M)
          (@Ideal.Quotient.semiring.{0} OAI.SevenEighths.HeckeFamily.O
            (@NumberField.instCommRingRingOfIntegers.{0} OAI.SevenEighths.HeckeFamily.K
              (@CyclotomicField.instField.{0} (@OfNat.ofNat.{0} Nat (nat_lit 3) (instOfNatNat (nat_lit 3))) Rat
                Rat.instField))
            M))))
  (hH :
    @LE.le.{0}
      (@Subgroup.{0}
        (@Units.{0}
          (@HasQuotient.Quotient.{0, 0} OAI.SevenEighths.HeckeFamily.O
            (@Ideal.{0} OAI.SevenEighths.HeckeFamily.O
              (@CommSemiring.toSemiring.{0} OAI.SevenEighths.HeckeFamily.O
                (@CommRing.toCommSemiring.{0} OAI.SevenEighths.HeckeFamily.O
                  (@NumberField.instCommRingRingOfIntegers.{0} OAI.SevenEighths.HeckeFamily.K
                    (@CyclotomicField.instField.{0} (@OfNat.ofNat.{0} Nat (nat_lit 3) (instOfNatNat (nat_lit 3))) Rat
                      Rat.instField)))))
            (@Ideal.instHasQuotient_1.{0} OAI.SevenEighths.HeckeFamily.O
              (@NumberField.instCommRingRingOfIntegers.{0} OAI.SevenEighths.HeckeFamily.K
                (@CyclotomicField.instField.{0} (@OfNat.ofNat.{0} Nat (nat_lit 3) (instOfNatNat (nat_lit 3))) Rat
                  Rat.instField)))
            M)
          (@Semiring.toMonoid.{0}
            (@HasQuotient.Quotient.{0, 0} OAI.SevenEighths.HeckeFamily.O
              (@Ideal.{0} OAI.SevenEighths.HeckeFamily.O
                (@CommSemiring.toSemiring.{0} OAI.SevenEighths.HeckeFamily.O
                  (@CommRing.toCommSemiring.{0} OAI.SevenEighths.HeckeFamily.O
                    (@NumberField.instCommRingRingOfIntegers.{0} OAI.SevenEighths.HeckeFamily.K
                      (@CyclotomicField.instField.{0} (@OfNat.ofNat.{0} Nat (nat_lit 3) (instOfNatNat (nat_lit 3))) Rat
                        Rat.instField)))))
              (@Ideal.instHasQuotient_1.{0} OAI.SevenEighths.HeckeFamily.O
                (@NumberField.instCommRingRingOfIntegers.{0} OAI.SevenEighths.HeckeFamily.K
                  (@CyclotomicField.instField.{0} (@OfNat.ofNat.{0} Nat (nat_lit 3) (instOfNatNat (nat_lit 3))) Rat
                    Rat.instField)))
              M)
            (@Ideal.Quotient.semiring.{0} OAI.SevenEighths.HeckeFamily.O
              (@NumberField.instCommRingRingOfIntegers.{0} OAI.SevenEighths.HeckeFamily.K
                (@CyclotomicField.instField.{0} (@OfNat.ofNat.{0} Nat (nat_lit 3) (instOfNatNat (nat_lit 3))) Rat
                  Rat.instField))
              M)))
        (@Units.instGroup.{0}
          (@HasQuotient.Quotient.{0, 0} OAI.SevenEighths.HeckeFamily.O
            (@Ideal.{0} OAI.SevenEighths.HeckeFamily.O
              (@CommSemiring.toSemiring.{0} OAI.SevenEighths.HeckeFamily.O
                (@CommRing.toCommSemiring.{0} OAI.SevenEighths.HeckeFamily.O
                  (@NumberField.instCommRingRingOfIntegers.{0} OAI.SevenEighths.HeckeFamily.K
                    (@CyclotomicField.instField.{0} (@OfNat.ofNat.{0} Nat (nat_lit 3) (instOfNatNat (nat_lit 3))) Rat
                      Rat.instField)))))
            (@Ideal.instHasQuotient_1.{0} OAI.SevenEighths.HeckeFamily.O
              (@NumberField.instCommRingRingOfIntegers.{0} OAI.SevenEighths.HeckeFamily.K
                (@CyclotomicField.instField.{0} (@OfNat.ofNat.{0} Nat (nat_lit 3) (instOfNatNat (nat_lit 3))) Rat
                  Rat.instField)))
            M)
          (@Semiring.toMonoid.{0}
            (@HasQuotient.Quotient.{0, 0} OAI.SevenEighths.HeckeFamily.O
              (@Ideal.{0} OAI.SevenEighths.HeckeFamily.O
                (@CommSemiring.toSemiring.{0} OAI.SevenEighths.HeckeFamily.O
                  (@CommRing.toCommSemiring.{0} OAI.SevenEighths.HeckeFamily.O
                    (@NumberField.instCommRingRingOfIntegers.{0} OAI.SevenEighths.HeckeFamily.K
                      (@CyclotomicField.instField.{0} (@OfNat.ofNat.{0} Nat (nat_lit 3) (instOfNatNat (nat_lit 3))) Rat
                        Rat.instField)))))
              (@Ideal.instHasQuotient_1.{0} OAI.SevenEighths.HeckeFamily.O
                (@NumberField.instCommRingRingOfIntegers.{0} OAI.SevenEighths.HeckeFamily.K
                  (@CyclotomicField.instField.{0} (@OfNat.ofNat.{0} Nat (nat_lit 3) (instOfNatNat (nat_lit 3))) Rat
                    Rat.instField)))
              M)
            (@Ideal.Quotient.semiring.{0} OAI.SevenEighths.HeckeFamily.O
              (@NumberField.instCommRingRingOfIntegers.{0} OAI.SevenEighths.HeckeFamily.K
                (@CyclotomicField.instField.{0} (@OfNat.ofNat.{0} Nat (nat_lit 3) (instOfNatNat (nat_lit 3))) Rat
                  Rat.instField))
              M))))
      (@Preorder.toLE.{0}
        (@Subgroup.{0}
          (@Units.{0}
            (@HasQuotient.Quotient.{0, 0} OAI.SevenEighths.HeckeFamily.O
              (@Ideal.{0} OAI.SevenEighths.HeckeFamily.O
                (@CommSemiring.toSemiring.{0} OAI.SevenEighths.HeckeFamily.O
                  (@CommRing.toCommSemiring.{0} OAI.SevenEighths.HeckeFamily.O
                    (@NumberField.instCommRingRingOfIntegers.{0} OAI.SevenEighths.HeckeFamily.K
                      (@CyclotomicField.instField.{0} (@OfNat.ofNat.{0} Nat (nat_lit 3) (instOfNatNat (nat_lit 3))) Rat
                        Rat.instField)))))
              (@Ideal.instHasQuotient_1.{0} OAI.SevenEighths.HeckeFamily.O
                (@NumberField.instCommRingRingOfIntegers.{0} OAI.SevenEighths.HeckeFamily.K
                  (@CyclotomicField.instField.{0} (@OfNat.ofNat.{0} Nat (nat_lit 3) (instOfNatNat (nat_lit 3))) Rat
                    Rat.instField)))
              M)
            (@Semiring.toMonoid.{0}
              (@HasQuotient.Quotient.{0, 0} OAI.SevenEighths.HeckeFamily.O
                (@Ideal.{0} OAI.SevenEighths.HeckeFamily.O
                  (@CommSemiring.toSemiring.{0} OAI.SevenEighths.HeckeFamily.O
                    (@CommRing.toCommSemiring.{0} OAI.SevenEighths.HeckeFamily.O
                      (@NumberField.instCommRingRingOfIntegers.{0} OAI.SevenEighths.HeckeFamily.K
                        (@CyclotomicField.instField.{0} (@OfNat.ofNat.{0} Nat (nat_lit 3) (instOfNatNat (nat_lit 3)))
                          Rat Rat.instField)))))
                (@Ideal.instHasQuotient_1.{0} OAI.SevenEighths.HeckeFamily.O
                  (@NumberField.instCommRingRingOfIntegers.{0} OAI.SevenEighths.HeckeFamily.K
                    (@CyclotomicField.instField.{0} (@OfNat.ofNat.{0} Nat (nat_lit 3) (instOfNatNat (nat_lit 3))) Rat
                      Rat.instField)))
                M)
              (@Ideal.Quotient.semiring.{0} OAI.SevenEighths.HeckeFamily.O
                (@NumberField.instCommRingRingOfIntegers.{0} OAI.SevenEighths.HeckeFamily.K
                  (@CyclotomicField.instField.{0} (@OfNat.ofNat.{0} Nat (nat_lit 3) (instOfNatNat (nat_lit 3))) Rat
                    Rat.instField))
                M)))
          (@Units.instGroup.{0}
            (@HasQuotient.Quotient.{0, 0} OAI.SevenEighths.HeckeFamily.O
              (@Ideal.{0} OAI.SevenEighths.HeckeFamily.O
                (@CommSemiring.toSemiring.{0} OAI.SevenEighths.HeckeFamily.O
                  (@CommRing.toCommSemiring.{0} OAI.SevenEighths.HeckeFamily.O
                    (@NumberField.instCommRingRingOfIntegers.{0} OAI.SevenEighths.HeckeFamily.K
                      (@CyclotomicField.instField.{0} (@OfNat.ofNat.{0} Nat (nat_lit 3) (instOfNatNat (nat_lit 3))) Rat
                        Rat.instField)))))
              (@Ideal.instHasQuotient_1.{0} OAI.SevenEighths.HeckeFamily.O
                (@NumberField.instCommRingRingOfIntegers.{0} OAI.SevenEighths.HeckeFamily.K
                  (@CyclotomicField.instField.{0} (@OfNat.ofNat.{0} Nat (nat_lit 3) (instOfNatNat (nat_lit 3))) Rat
                    Rat.instField)))
              M)
            (@Semiring.toMonoid.{0}
              (@HasQuotient.Quotient.{0, 0} OAI.SevenEighths.HeckeFamily.O
                (@Ideal.{0} OAI.SevenEighths.HeckeFamily.O
                  (@CommSemiring.toSemiring.{0} OAI.SevenEighths.HeckeFamily.O
                    (@CommRing.toCommSemiring.{0} OAI.SevenEighths.HeckeFamily.O
                      (@NumberField.instCommRingRingOfIntegers.{0} OAI.SevenEighths.HeckeFamily.K
                        (@CyclotomicField.instField.{0} (@OfNat.ofNat.{0} Nat (nat_lit 3) (instOfNatNat (nat_lit 3)))
                          Rat Rat.instField)))))
                (@Ideal.instHasQuotient_1.{0} OAI.SevenEighths.HeckeFamily.O
                  (@NumberField.instCommRingRingOfIntegers.{0} OAI.SevenEighths.HeckeFamily.K
                    (@CyclotomicField.instField.{0} (@OfNat.ofNat.{0} Nat (nat_lit 3) (instOfNatNat (nat_lit 3))) Rat
                      Rat.instField)))
                M)
              (@Ideal.Quotient.semiring.{0} OAI.SevenEighths.HeckeFamily.O
                (@NumberField.instCommRingRingOfIntegers.{0} OAI.SevenEighths.HeckeFamily.K
                  (@CyclotomicField.instField.{0} (@OfNat.ofNat.{0} Nat (nat_lit 3) (instOfNatNat (nat_lit 3))) Rat
                    Rat.instField))
                M))))
        (@PartialOrder.toPreorder.{0}
          (@Subgroup.{0}
            (@Units.{0}
              (@HasQuotient.Quotient.{0, 0} OAI.SevenEighths.HeckeFamily.O
                (@Ideal.{0} OAI.SevenEighths.HeckeFamily.O
                  (@CommSemiring.toSemiring.{0} OAI.SevenEighths.HeckeFamily.O
                    (@CommRing.toCommSemiring.{0} OAI.SevenEighths.HeckeFamily.O
                      (@NumberField.instCommRingRingOfIntegers.{0} OAI.SevenEighths.HeckeFamily.K
                        (@CyclotomicField.instField.{0} (@OfNat.ofNat.{0} Nat (nat_lit 3) (instOfNatNat (nat_lit 3)))
                          Rat Rat.instField)))))
                (@Ideal.instHasQuotient_1.{0} OAI.SevenEighths.HeckeFamily.O
                  (@NumberField.instCommRingRingOfIntegers.{0} OAI.SevenEighths.HeckeFamily.K
                    (@CyclotomicField.instField.{0} (@OfNat.ofNat.{0} Nat (nat_lit 3) (instOfNatNat (nat_lit 3))) Rat
                      Rat.instField)))
                M)
              (@Semiring.toMonoid.{0}
                (@HasQuotient.Quotient.{0, 0} OAI.SevenEighths.HeckeFamily.O
                  (@Ideal.{0} OAI.SevenEighths.HeckeFamily.O
                    (@CommSemiring.toSemiring.{0} OAI.SevenEighths.HeckeFamily.O
                      (@CommRing.toCommSemiring.{0} OAI.SevenEighths.HeckeFamily.O
                        (@NumberField.instCommRingRingOfIntegers.{0} OAI.SevenEighths.HeckeFamily.K
                          (@CyclotomicField.instField.{0} (@OfNat.ofNat.{0} Nat (nat_lit 3) (instOfNatNat (nat_lit 3)))
                            Rat Rat.instField)))))
                  (@Ideal.instHasQuotient_1.{0} OAI.SevenEighths.HeckeFamily.O
                    (@NumberField.instCommRingRingOfIntegers.{0} OAI.SevenEighths.HeckeFamily.K
                      (@CyclotomicField.instField.{0} (@OfNat.ofNat.{0} Nat (nat_lit 3) (instOfNatNat (nat_lit 3))) Rat
                        Rat.instField)))
                  M)
                (@Ideal.Quotient.semiring.{0} OAI.SevenEighths.HeckeFamily.O
                  (@NumberField.instCommRingRingOfIntegers.{0} OAI.SevenEighths.HeckeFamily.K
                    (@CyclotomicField.instField.{0} (@OfNat.ofNat.{0} Nat (nat_lit 3) (instOfNatNat (nat_lit 3))) Rat
                      Rat.instField))
                  M)))
            (@Units.instGroup.{0}
              (@HasQuotient.Quotient.{0, 0} OAI.SevenEighths.HeckeFamily.O
                (@Ideal.{0} OAI.SevenEighths.HeckeFamily.O
                  (@CommSemiring.toSemiring.{0} OAI.SevenEighths.HeckeFamily.O
                    (@CommRing.toCommSemiring.{0} OAI.SevenEighths.HeckeFamily.O
                      (@NumberField.instCommRingRingOfIntegers.{0} OAI.SevenEighths.HeckeFamily.K
                        (@CyclotomicField.instField.{0} (@OfNat.ofNat.{0} Nat (nat_lit 3) (instOfNatNat (nat_lit 3)))
                          Rat Rat.instField)))))
                (@Ideal.instHasQuotient_1.{0} OAI.SevenEighths.HeckeFamily.O
                  (@NumberField.instCommRingRingOfIntegers.{0} OAI.SevenEighths.HeckeFamily.K
                    (@CyclotomicField.instField.{0} (@OfNat.ofNat.{0} Nat (nat_lit 3) (instOfNatNat (nat_lit 3))) Rat
                      Rat.instField)))
                M)
              (@Semiring.toMonoid.{0}
                (@HasQuotient.Quotient.{0, 0} OAI.SevenEighths.HeckeFamily.O
                  (@Ideal.{0} OAI.SevenEighths.HeckeFamily.O
                    (@CommSemiring.toSemiring.{0} OAI.SevenEighths.HeckeFamily.O
                      (@CommRing.toCommSemiring.{0} OAI.SevenEighths.HeckeFamily.O
                        (@NumberField.instCommRingRingOfIntegers.{0} OAI.SevenEighths.HeckeFamily.K
                          (@CyclotomicField.instField.{0} (@OfNat.ofNat.{0} Nat (nat_lit 3) (instOfNatNat (nat_lit 3)))
                            Rat Rat.instField)))))
                  (@Ideal.instHasQuotient_1.{0} OAI.SevenEighths.HeckeFamily.O
                    (@NumberField.instCommRingRingOfIntegers.{0} OAI.SevenEighths.HeckeFamily.K
                      (@CyclotomicField.instField.{0} (@OfNat.ofNat.{0} Nat (nat_lit 3) (instOfNatNat (nat_lit 3))) Rat
                        Rat.instField)))
                  M)
                (@Ideal.Quotient.semiring.{0} OAI.SevenEighths.HeckeFamily.O
                  (@NumberField.instCommRingRingOfIntegers.{0} OAI.SevenEighths.HeckeFamily.K
                    (@CyclotomicField.instField.{0} (@OfNat.ofNat.{0} Nat (nat_lit 3) (instOfNatNat (nat_lit 3))) Rat
                      Rat.instField))
                  M))))
          (@Subgroup.instPartialOrder.{0}
            (@Units.{0}
              (@HasQuotient.Quotient.{0, 0} OAI.SevenEighths.HeckeFamily.O
                (@Ideal.{0} OAI.SevenEighths.HeckeFamily.O
                  (@CommSemiring.toSemiring.{0} OAI.SevenEighths.HeckeFamily.O
                    (@CommRing.toCommSemiring.{0} OAI.SevenEighths.HeckeFamily.O
                      (@NumberField.instCommRingRingOfIntegers.{0} OAI.SevenEighths.HeckeFamily.K
                        (@CyclotomicField.instField.{0} (@OfNat.ofNat.{0} Nat (nat_lit 3) (instOfNatNat (nat_lit 3)))
                          Rat Rat.instField)))))
                (@Ideal.instHasQuotient_1.{0} OAI.SevenEighths.HeckeFamily.O
                  (@NumberField.instCommRingRingOfIntegers.{0} OAI.SevenEighths.HeckeFamily.K
                    (@CyclotomicField.instField.{0} (@OfNat.ofNat.{0} Nat (nat_lit 3) (instOfNatNat (nat_lit 3))) Rat
                      Rat.instField)))
                M)
              (@Semiring.toMonoid.{0}
                (@HasQuotient.Quotient.{0, 0} OAI.SevenEighths.HeckeFamily.O
                  (@Ideal.{0} OAI.SevenEighths.HeckeFamily.O
                    (@CommSemiring.toSemiring.{0} OAI.SevenEighths.HeckeFamily.O
                      (@CommRing.toCommSemiring.{0} OAI.SevenEighths.HeckeFamily.O
                        (@NumberField.instCommRingRingOfIntegers.{0} OAI.SevenEighths.HeckeFamily.K
                          (@CyclotomicField.instField.{0} (@OfNat.ofNat.{0} Nat (nat_lit 3) (instOfNatNat (nat_lit 3)))
                            Rat Rat.instField)))))
                  (@Ideal.instHasQuotient_1.{0} OAI.SevenEighths.HeckeFamily.O
                    (@NumberField.instCommRingRingOfIntegers.{0} OAI.SevenEighths.HeckeFamily.K
                      (@CyclotomicField.instField.{0} (@OfNat.ofNat.{0} Nat (nat_lit 3) (instOfNatNat (nat_lit 3))) Rat
                        Rat.instField)))
                  M)
                (@Ideal.Quotient.semiring.{0} OAI.SevenEighths.HeckeFamily.O
                  (@NumberField.instCommRingRingOfIntegers.{0} OAI.SevenEighths.HeckeFamily.K
                    (@CyclotomicField.instField.{0} (@OfNat.ofNat.{0} Nat (nat_lit 3) (instOfNatNat (nat_lit 3))) Rat
                      Rat.instField))
                  M)))
            (@Units.instGroup.{0}
              (@HasQuotient.Quotient.{0, 0} OAI.SevenEighths.HeckeFamily.O
                (@Ideal.{0} OAI.SevenEighths.HeckeFamily.O
                  (@CommSemiring.toSemiring.{0} OAI.SevenEighths.HeckeFamily.O
                    (@CommRing.toCommSemiring.{0} OAI.SevenEighths.HeckeFamily.O
                      (@NumberField.instCommRingRingOfIntegers.{0} OAI.SevenEighths.HeckeFamily.K
                        (@CyclotomicField.instField.{0} (@OfNat.ofNat.{0} Nat (nat_lit 3) (instOfNatNat (nat_lit 3)))
                          Rat Rat.instField)))))
                (@Ideal.instHasQuotient_1.{0} OAI.SevenEighths.HeckeFamily.O
                  (@NumberField.instCommRingRingOfIntegers.{0} OAI.SevenEighths.HeckeFamily.K
                    (@CyclotomicField.instField.{0} (@OfNat.ofNat.{0} Nat (nat_lit 3) (instOfNatNat (nat_lit 3))) Rat
                      Rat.instField)))
                M)
              (@Semiring.toMonoid.{0}
                (@HasQuotient.Quotient.{0, 0} OAI.SevenEighths.HeckeFamily.O
                  (@Ideal.{0} OAI.SevenEighths.HeckeFamily.O
                    (@CommSemiring.toSemiring.{0} OAI.SevenEighths.HeckeFamily.O
                      (@CommRing.toCommSemiring.{0} OAI.SevenEighths.HeckeFamily.O
                        (@NumberField.instCommRingRingOfIntegers.{0} OAI.SevenEighths.HeckeFamily.K
                          (@CyclotomicField.instField.{0} (@OfNat.ofNat.{0} Nat (nat_lit 3) (instOfNatNat (nat_lit 3)))
                            Rat Rat.instField)))))
                  (@Ideal.instHasQuotient_1.{0} OAI.SevenEighths.HeckeFamily.O
                    (@NumberField.instCommRingRingOfIntegers.{0} OAI.SevenEighths.HeckeFamily.K
                      (@CyclotomicField.instField.{0} (@OfNat.ofNat.{0} Nat (nat_lit 3) (instOfNatNat (nat_lit 3))) Rat
                        Rat.instField)))
                  M)
                (@Ideal.Quotient.semiring.{0} OAI.SevenEighths.HeckeFamily.O
                  (@NumberField.instCommRingRingOfIntegers.{0} OAI.SevenEighths.HeckeFamily.K
                    (@CyclotomicField.instField.{0} (@OfNat.ofNat.{0} Nat (nat_lit 3) (instOfNatNat (nat_lit 3))) Rat
                      Rat.instField))
                  M))))))
      (@OAI.SevenEighths.RayOrthogonality.globalUnits.{0} OAI.SevenEighths.HeckeFamily.O
        (@NumberField.instCommRingRingOfIntegers.{0} OAI.SevenEighths.HeckeFamily.K
          (@CyclotomicField.instField.{0} (@OfNat.ofNat.{0} Nat (nat_lit 3) (instOfNatNat (nat_lit 3))) Rat
            Rat.instField))
        M)
      H)
  (η₀ : OAI.SevenEighths.HeckeFamily.Character)
  (θ :
    α →
      @Subtype.{1}
        (@MulChar.{0, 0}
          (@HasQuotient.Quotient.{0, 0} OAI.SevenEighths.HeckeFamily.O
            (@Ideal.{0} OAI.SevenEighths.HeckeFamily.O
              (@CommSemiring.toSemiring.{0} OAI.SevenEighths.HeckeFamily.O
                (@CommRing.toCommSemiring.{0} OAI.SevenEighths.HeckeFamily.O
                  (@NumberField.instCommRingRingOfIntegers.{0} OAI.SevenEighths.HeckeFamily.K
                    (@CyclotomicField.instField.{0} (@OfNat.ofNat.{0} Nat (nat_lit 3) (instOfNatNat (nat_lit 3))) Rat
                      Rat.instField)))))
            (@Ideal.instHasQuotient_1.{0} OAI.SevenEighths.HeckeFamily.O
              (@NumberField.instCommRingRingOfIntegers.{0} OAI.SevenEighths.HeckeFamily.K
                (@CyclotomicField.instField.{0} (@OfNat.ofNat.{0} Nat (nat_lit 3) (instOfNatNat (nat_lit 3))) Rat
                  Rat.instField)))
            M)
          (@CommRing.toCommMonoid.{0}
            (@HasQuotient.Quotient.{0, 0} OAI.SevenEighths.HeckeFamily.O
              (@Ideal.{0} OAI.SevenEighths.HeckeFamily.O
                (@CommSemiring.toSemiring.{0} OAI.SevenEighths.HeckeFamily.O
                  (@CommRing.toCommSemiring.{0} OAI.SevenEighths.HeckeFamily.O
                    (@NumberField.instCommRingRingOfIntegers.{0} OAI.SevenEighths.HeckeFamily.K
                      (@CyclotomicField.instField.{0} (@OfNat.ofNat.{0} Nat (nat_lit 3) (instOfNatNat (nat_lit 3))) Rat
                        Rat.instField)))))
              (@Ideal.instHasQuotient_1.{0} OAI.SevenEighths.HeckeFamily.O
                (@NumberField.instCommRingRingOfIntegers.{0} OAI.SevenEighths.HeckeFamily.K
                  (@CyclotomicField.instField.{0} (@OfNat.ofNat.{0} Nat (nat_lit 3) (instOfNatNat (nat_lit 3))) Rat
                    Rat.instField)))
              M)
            (@Ideal.Quotient.commRing.{0} OAI.SevenEighths.HeckeFamily.O
              (@NumberField.instCommRingRingOfIntegers.{0} OAI.SevenEighths.HeckeFamily.K
                (@CyclotomicField.instField.{0} (@OfNat.ofNat.{0} Nat (nat_lit 3) (instOfNatNat (nat_lit 3))) Rat
                  Rat.instField))
              M))
          Complex
          (@CommGroupWithZero.toCommMonoidWithZero.{0} Complex
            (@Semifield.toCommGroupWithZero.{0} Complex (@Field.toSemifield.{0} Complex Complex.instField))))
        fun
          (x :
            @MulChar.{0, 0}
              (@HasQuotient.Quotient.{0, 0} OAI.SevenEighths.HeckeFamily.O
                (@Ideal.{0} OAI.SevenEighths.HeckeFamily.O
                  (@CommSemiring.toSemiring.{0} OAI.SevenEighths.HeckeFamily.O
                    (@CommRing.toCommSemiring.{0} OAI.SevenEighths.HeckeFamily.O
                      (@NumberField.instCommRingRingOfIntegers.{0} OAI.SevenEighths.HeckeFamily.K
                        (@CyclotomicField.instField.{0} (@OfNat.ofNat.{0} Nat (nat_lit 3) (instOfNatNat (nat_lit 3)))
                          Rat Rat.instField)))))
                (@Ideal.instHasQuotient_1.{0} OAI.SevenEighths.HeckeFamily.O
                  (@NumberField.instCommRingRingOfIntegers.{0} OAI.SevenEighths.HeckeFamily.K
                    (@CyclotomicField.instField.{0} (@OfNat.ofNat.{0} Nat (nat_lit 3) (instOfNatNat (nat_lit 3))) Rat
                      Rat.instField)))
                M)
              (@CommRing.toCommMonoid.{0}
                (@HasQuotient.Quotient.{0, 0} OAI.SevenEighths.HeckeFamily.O
                  (@Ideal.{0} OAI.SevenEighths.HeckeFamily.O
                    (@CommSemiring.toSemiring.{0} OAI.SevenEighths.HeckeFamily.O
                      (@CommRing.toCommSemiring.{0} OAI.SevenEighths.HeckeFamily.O
                        (@NumberField.instCommRingRingOfIntegers.{0} OAI.SevenEighths.HeckeFamily.K
                          (@CyclotomicField.instField.{0} (@OfNat.ofNat.{0} Nat (nat_lit 3) (instOfNatNat (nat_lit 3)))
                            Rat Rat.instField)))))
                  (@Ideal.instHasQuotient_1.{0} OAI.SevenEighths.HeckeFamily.O
                    (@NumberField.instCommRingRingOfIntegers.{0} OAI.SevenEighths.HeckeFamily.K
                      (@CyclotomicField.instField.{0} (@OfNat.ofNat.{0} Nat (nat_lit 3) (instOfNatNat (nat_lit 3))) Rat
                        Rat.instField)))
                  M)
                (@Ideal.Quotient.commRing.{0} OAI.SevenEighths.HeckeFamily.O
                  (@NumberField.instCommRingRingOfIntegers.{0} OAI.SevenEighths.HeckeFamily.K
                    (@CyclotomicField.instField.{0} (@OfNat.ofNat.{0} Nat (nat_lit 3) (instOfNatNat (nat_lit 3))) Rat
                      Rat.instField))
                  M))
              Complex
              (@CommGroupWithZero.toCommMonoidWithZero.{0} Complex
                (@Semifield.toCommGroupWithZero.{0} Complex (@Field.toSemifield.{0} Complex Complex.instField)))) =>
        @Membership.mem.{0, 0}
          (@MulChar.{0, 0}
            (@HasQuotient.Quotient.{0, 0} OAI.SevenEighths.HeckeFamily.O
              (@Ideal.{0} OAI.SevenEighths.HeckeFamily.O
                (@CommSemiring.toSemiring.{0} OAI.SevenEighths.HeckeFamily.O
                  (@CommRing.toCommSemiring.{0} OAI.SevenEighths.HeckeFamily.O
                    (@NumberField.instCommRingRingOfIntegers.{0} OAI.SevenEighths.HeckeFamily.K
                      (@CyclotomicField.instField.{0} (@OfNat.ofNat.{0} Nat (nat_lit 3) (instOfNatNat (nat_lit 3))) Rat
                        Rat.instField)))))
              (@Ideal.instHasQuotient_1.{0} OAI.SevenEighths.HeckeFamily.O
                (@NumberField.instCommRingRingOfIntegers.{0} OAI.SevenEighths.HeckeFamily.K
                  (@CyclotomicField.instField.{0} (@OfNat.ofNat.{0} Nat (nat_lit 3) (instOfNatNat (nat_lit 3))) Rat
                    Rat.instField)))
              M)
            (@CommRing.toCommMonoid.{0}
              (@HasQuotient.Quotient.{0, 0} OAI.SevenEighths.HeckeFamily.O
                (@Ideal.{0} OAI.SevenEighths.HeckeFamily.O
                  (@CommSemiring.toSemiring.{0} OAI.SevenEighths.HeckeFamily.O
                    (@CommRing.toCommSemiring.{0} OAI.SevenEighths.HeckeFamily.O
                      (@NumberField.instCommRingRingOfIntegers.{0} OAI.SevenEighths.HeckeFamily.K
                        (@CyclotomicField.instField.{0} (@OfNat.ofNat.{0} Nat (nat_lit 3) (instOfNatNat (nat_lit 3)))
                          Rat Rat.instField)))))
                (@Ideal.instHasQuotient_1.{0} OAI.SevenEighths.HeckeFamily.O
                  (@NumberField.instCommRingRingOfIntegers.{0} OAI.SevenEighths.HeckeFamily.K
                    (@CyclotomicField.instField.{0} (@OfNat.ofNat.{0} Nat (nat_lit 3) (instOfNatNat (nat_lit 3))) Rat
                      Rat.instField)))
                M)
              (@Ideal.Quotient.commRing.{0} OAI.SevenEighths.HeckeFamily.O
                (@NumberField.instCommRingRingOfIntegers.{0} OAI.SevenEighths.HeckeFamily.K
                  (@CyclotomicField.instField.{0} (@OfNat.ofNat.{0} Nat (nat_lit 3) (instOfNatNat (nat_lit 3))) Rat
                    Rat.instField))
                M))
            Complex
            (@CommGroupWithZero.toCommMonoidWithZero.{0} Complex
              (@Semifield.toCommGroupWithZero.{0} Complex (@Field.toSemifield.{0} Complex Complex.instField))))
          (@Subgroup.{0}
            (@MulChar.{0, 0}
              (@HasQuotient.Quotient.{0, 0} OAI.SevenEighths.HeckeFamily.O
                (@Ideal.{0} OAI.SevenEighths.HeckeFamily.O
                  (@CommSemiring.toSemiring.{0} OAI.SevenEighths.HeckeFamily.O
                    (@CommRing.toCommSemiring.{0} OAI.SevenEighths.HeckeFamily.O
                      (@NumberField.instCommRingRingOfIntegers.{0} OAI.SevenEighths.HeckeFamily.K
                        (@CyclotomicField.instField.{0} (@OfNat.ofNat.{0} Nat (nat_lit 3) (instOfNatNat (nat_lit 3)))
                          Rat Rat.instField)))))
                (@Ideal.instHasQuotient_1.{0} OAI.SevenEighths.HeckeFamily.O
                  (@NumberField.instCommRingRingOfIntegers.{0} OAI.SevenEighths.HeckeFamily.K
                    (@CyclotomicField.instField.{0} (@OfNat.ofNat.{0} Nat (nat_lit 3) (instOfNatNat (nat_lit 3))) Rat
                      Rat.instField)))
                M)
              (@CommRing.toCommMonoid.{0}
                (@HasQuotient.Quotient.{0, 0} OAI.SevenEighths.HeckeFamily.O
                  (@Ideal.{0} OAI.SevenEighths.HeckeFamily.O
                    (@CommSemiring.toSemiring.{0} OAI.SevenEighths.HeckeFamily.O
                      (@CommRing.toCommSemiring.{0} OAI.SevenEighths.HeckeFamily.O
                        (@NumberField.instCommRingRingOfIntegers.{0} OAI.SevenEighths.HeckeFamily.K
                          (@CyclotomicField.instField.{0} (@OfNat.ofNat.{0} Nat (nat_lit 3) (instOfNatNat (nat_lit 3)))
                            Rat Rat.instField)))))
                  (@Ideal.instHasQuotient_1.{0} OAI.SevenEighths.HeckeFamily.O
                    (@NumberField.instCommRingRingOfIntegers.{0} OAI.SevenEighths.HeckeFamily.K
                      (@CyclotomicField.instField.{0} (@OfNat.ofNat.{0} Nat (nat_lit 3) (instOfNatNat (nat_lit 3))) Rat
                        Rat.instField)))
                  M)
                (@Ideal.Quotient.commRing.{0} OAI.SevenEighths.HeckeFamily.O
                  (@NumberField.instCommRingRingOfIntegers.{0} OAI.SevenEighths.HeckeFamily.K
                    (@CyclotomicField.instField.{0} (@OfNat.ofNat.{0} Nat (nat_lit 3) (instOfNatNat (nat_lit 3))) Rat
                      Rat.instField))
                  M))
              Complex
              (@CommGroupWithZero.toCommMonoidWithZero.{0} Complex
                (@Semifield.toCommGroupWithZero.{0} Complex (@Field.toSemifield.{0} Complex Complex.instField))))
            (@CommGroup.toGroup.{0}
              (@MulChar.{0, 0}
                (@HasQuotient.Quotient.{0, 0} OAI.SevenEighths.HeckeFamily.O
                  (@Ideal.{0} OAI.SevenEighths.HeckeFamily.O
                    (@CommSemiring.toSemiring.{0} OAI.SevenEighths.HeckeFamily.O
                      (@CommRing.toCommSemiring.{0} OAI.SevenEighths.HeckeFamily.O
                        (@NumberField.instCommRingRingOfIntegers.{0} OAI.SevenEighths.HeckeFamily.K
                          (@CyclotomicField.instField.{0} (@OfNat.ofNat.{0} Nat (nat_lit 3) (instOfNatNat (nat_lit 3)))
                            Rat Rat.instField)))))
                  (@Ideal.instHasQuotient_1.{0} OAI.SevenEighths.HeckeFamily.O
                    (@NumberField.instCommRingRingOfIntegers.{0} OAI.SevenEighths.HeckeFamily.K
                      (@CyclotomicField.instField.{0} (@OfNat.ofNat.{0} Nat (nat_lit 3) (instOfNatNat (nat_lit 3))) Rat
                        Rat.instField)))
                  M)
                (@CommRing.toCommMonoid.{0}
                  (@HasQuotient.Quotient.{0, 0} OAI.SevenEighths.HeckeFamily.O
                    (@Ideal.{0} OAI.SevenEighths.HeckeFamily.O
                      (@CommSemiring.toSemiring.{0} OAI.SevenEighths.HeckeFamily.O
                        (@CommRing.toCommSemiring.{0} OAI.SevenEighths.HeckeFamily.O
                          (@NumberField.instCommRingRingOfIntegers.{0} OAI.SevenEighths.HeckeFamily.K
                            (@CyclotomicField.instField.{0}
                              (@OfNat.ofNat.{0} Nat (nat_lit 3) (instOfNatNat (nat_lit 3))) Rat Rat.instField)))))
                    (@Ideal.instHasQuotient_1.{0} OAI.SevenEighths.HeckeFamily.O
                      (@NumberField.instCommRingRingOfIntegers.{0} OAI.SevenEighths.HeckeFamily.K
                        (@CyclotomicField.instField.{0} (@OfNat.ofNat.{0} Nat (nat_lit 3) (instOfNatNat (nat_lit 3)))
                          Rat Rat.instField)))
                    M)
                  (@Ideal.Quotient.commRing.{0} OAI.SevenEighths.HeckeFamily.O
                    (@NumberField.instCommRingRingOfIntegers.{0} OAI.SevenEighths.HeckeFamily.K
                      (@CyclotomicField.instField.{0} (@OfNat.ofNat.{0} Nat (nat_lit 3) (instOfNatNat (nat_lit 3))) Rat
                        Rat.instField))
                    M))
                Complex
                (@CommGroupWithZero.toCommMonoidWithZero.{0} Complex
                  (@Semifield.toCommGroupWithZero.{0} Complex (@Field.toSemifield.{0} Complex Complex.instField))))
              (@MulChar.commGroup.{0, 0}
                (@HasQuotient.Quotient.{0, 0} OAI.SevenEighths.HeckeFamily.O
                  (@Ideal.{0} OAI.SevenEighths.HeckeFamily.O
                    (@CommSemiring.toSemiring.{0} OAI.SevenEighths.HeckeFamily.O
                      (@CommRing.toCommSemiring.{0} OAI.SevenEighths.HeckeFamily.O
                        (@NumberField.instCommRingRingOfIntegers.{0} OAI.SevenEighths.HeckeFamily.K
                          (@CyclotomicField.instField.{0} (@OfNat.ofNat.{0} Nat (nat_lit 3) (instOfNatNat (nat_lit 3)))
                            Rat Rat.instField)))))
                  (@Ideal.instHasQuotient_1.{0} OAI.SevenEighths.HeckeFamily.O
                    (@NumberField.instCommRingRingOfIntegers.{0} OAI.SevenEighths.HeckeFamily.K
                      (@CyclotomicField.instField.{0} (@OfNat.ofNat.{0} Nat (nat_lit 3) (instOfNatNat (nat_lit 3))) Rat
                        Rat.instField)))
                  M)
                (@CommRing.toCommMonoid.{0}
                  (@HasQuotient.Quotient.{0, 0} OAI.SevenEighths.HeckeFamily.O
                    (@Ideal.{0} OAI.SevenEighths.HeckeFamily.O
                      (@CommSemiring.toSemiring.{0} OAI.SevenEighths.HeckeFamily.O
                        (@CommRing.toCommSemiring.{0} OAI.SevenEighths.HeckeFamily.O
                          (@NumberField.instCommRingRingOfIntegers.{0} OAI.SevenEighths.HeckeFamily.K
                            (@CyclotomicField.instField.{0}
                              (@OfNat.ofNat.{0} Nat (nat_lit 3) (instOfNatNat (nat_lit 3))) Rat Rat.instField)))))
                    (@Ideal.instHasQuotient_1.{0} OAI.SevenEighths.HeckeFamily.O
                      (@NumberField.instCommRingRingOfIntegers.{0} OAI.SevenEighths.HeckeFamily.K
                        (@CyclotomicField.instField.{0} (@OfNat.ofNat.{0} Nat (nat_lit 3) (instOfNatNat (nat_lit 3)))
                          Rat Rat.instField)))
                    M)
                  (@Ideal.Quotient.commRing.{0} OAI.SevenEighths.HeckeFamily.O
                    (@NumberField.instCommRingRingOfIntegers.{0} OAI.SevenEighths.HeckeFamily.K
                      (@CyclotomicField.instField.{0} (@OfNat.ofNat.{0} Nat (nat_lit 3) (instOfNatNat (nat_lit 3))) Rat
                        Rat.instField))
                    M))
                Complex
                (@CommGroupWithZero.toCommMonoidWithZero.{0} Complex
                  (@Semifield.toCommGroupWithZero.{0} Complex (@Field.toSemifield.{0} Complex Complex.instField))))))
          (@SetLike.instMembership.{0, 0}
            (@Subgroup.{0}
              (@MulChar.{0, 0}
                (@HasQuotient.Quotient.{0, 0} OAI.SevenEighths.HeckeFamily.O
                  (@Ideal.{0} OAI.SevenEighths.HeckeFamily.O
                    (@CommSemiring.toSemiring.{0} OAI.SevenEighths.HeckeFamily.O
                      (@CommRing.toCommSemiring.{0} OAI.SevenEighths.HeckeFamily.O
                        (@NumberField.instCommRingRingOfIntegers.{0} OAI.SevenEighths.HeckeFamily.K
                          (@CyclotomicField.instField.{0} (@OfNat.ofNat.{0} Nat (nat_lit 3) (instOfNatNat (nat_lit 3)))
                            Rat Rat.instField)))))
                  (@Ideal.instHasQuotient_1.{0} OAI.SevenEighths.HeckeFamily.O
                    (@NumberField.instCommRingRingOfIntegers.{0} OAI.SevenEighths.HeckeFamily.K
                      (@CyclotomicField.instField.{0} (@OfNat.ofNat.{0} Nat (nat_lit 3) (instOfNatNat (nat_lit 3))) Rat
                        Rat.instField)))
                  M)
                (@CommRing.toCommMonoid.{0}
                  (@HasQuotient.Quotient.{0, 0} OAI.SevenEighths.HeckeFamily.O
                    (@Ideal.{0} OAI.SevenEighths.HeckeFamily.O
                      (@CommSemiring.toSemiring.{0} OAI.SevenEighths.HeckeFamily.O
                        (@CommRing.toCommSemiring.{0} OAI.SevenEighths.HeckeFamily.O
                          (@NumberField.instCommRingRingOfIntegers.{0} OAI.SevenEighths.HeckeFamily.K
                            (@CyclotomicField.instField.{0}
                              (@OfNat.ofNat.{0} Nat (nat_lit 3) (instOfNatNat (nat_lit 3))) Rat Rat.instField)))))
                    (@Ideal.instHasQuotient_1.{0} OAI.SevenEighths.HeckeFamily.O
                      (@NumberField.instCommRingRingOfIntegers.{0} OAI.SevenEighths.HeckeFamily.K
                        (@CyclotomicField.instField.{0} (@OfNat.ofNat.{0} Nat (nat_lit 3) (instOfNatNat (nat_lit 3)))
                          Rat Rat.instField)))
                    M)
                  (@Ideal.Quotient.commRing.{0} OAI.SevenEighths.HeckeFamily.O
                    (@NumberField.instCommRingRingOfIntegers.{0} OAI.SevenEighths.HeckeFamily.K
                      (@CyclotomicField.instField.{0} (@OfNat.ofNat.{0} Nat (nat_lit 3) (instOfNatNat (nat_lit 3))) Rat
                        Rat.instField))
                    M))
                Complex
                (@CommGroupWithZero.toCommMonoidWithZero.{0} Complex
                  (@Semifield.toCommGroupWithZero.{0} Complex (@Field.toSemifield.{0} Complex Complex.instField))))
              (@CommGroup.toGroup.{0}
                (@MulChar.{0, 0}
                  (@HasQuotient.Quotient.{0, 0} OAI.SevenEighths.HeckeFamily.O
                    (@Ideal.{0} OAI.SevenEighths.HeckeFamily.O
                      (@CommSemiring.toSemiring.{0} OAI.SevenEighths.HeckeFamily.O
                        (@CommRing.toCommSemiring.{0} OAI.SevenEighths.HeckeFamily.O
                          (@NumberField.instCommRingRingOfIntegers.{0} OAI.SevenEighths.HeckeFamily.K
                            (@CyclotomicField.instField.{0}
                              (@OfNat.ofNat.{0} Nat (nat_lit 3) (instOfNatNat (nat_lit 3))) Rat Rat.instField)))))
                    (@Ideal.instHasQuotient_1.{0} OAI.SevenEighths.HeckeFamily.O
                      (@NumberField.instCommRingRingOfIntegers.{0} OAI.SevenEighths.HeckeFamily.K
                        (@CyclotomicField.instField.{0} (@OfNat.ofNat.{0} Nat (nat_lit 3) (instOfNatNat (nat_lit 3)))
                          Rat Rat.instField)))
                    M)
                  (@CommRing.toCommMonoid.{0}
                    (@HasQuotient.Quotient.{0, 0} OAI.SevenEighths.HeckeFamily.O
                      (@Ideal.{0} OAI.SevenEighths.HeckeFamily.O
                        (@CommSemiring.toSemiring.{0} OAI.SevenEighths.HeckeFamily.O
                          (@CommRing.toCommSemiring.{0} OAI.SevenEighths.HeckeFamily.O
                            (@NumberField.instCommRingRingOfIntegers.{0} OAI.SevenEighths.HeckeFamily.K
                              (@CyclotomicField.instField.{0}
                                (@OfNat.ofNat.{0} Nat (nat_lit 3) (instOfNatNat (nat_lit 3))) Rat Rat.instField)))))
                      (@Ideal.instHasQuotient_1.{0} OAI.SevenEighths.HeckeFamily.O
                        (@NumberField.instCommRingRingOfIntegers.{0} OAI.SevenEighths.HeckeFamily.K
                          (@CyclotomicField.instField.{0} (@OfNat.ofNat.{0} Nat (nat_lit 3) (instOfNatNat (nat_lit 3)))
                            Rat Rat.instField)))
                      M)
                    (@Ideal.Quotient.commRing.{0} OAI.SevenEighths.HeckeFamily.O
                      (@NumberField.instCommRingRingOfIntegers.{0} OAI.SevenEighths.HeckeFamily.K
                        (@CyclotomicField.instField.{0} (@OfNat.ofNat.{0} Nat (nat_lit 3) (instOfNatNat (nat_lit 3)))
                          Rat Rat.instField))
                      M))
                  Complex
                  (@CommGroupWithZero.toCommMonoidWithZero.{0} Complex
                    (@Semifield.toCommGroupWithZero.{0} Complex (@Field.toSemifield.{0} Complex Complex.instField))))
                (@MulChar.commGroup.{0, 0}
                  (@HasQuotient.Quotient.{0, 0} OAI.SevenEighths.HeckeFamily.O
                    (@Ideal.{0} OAI.SevenEighths.HeckeFamily.O
                      (@CommSemiring.toSemiring.{0} OAI.SevenEighths.HeckeFamily.O
                        (@CommRing.toCommSemiring.{0} OAI.SevenEighths.HeckeFamily.O
                          (@NumberField.instCommRingRingOfIntegers.{0} OAI.SevenEighths.HeckeFamily.K
                            (@CyclotomicField.instField.{0}
                              (@OfNat.ofNat.{0} Nat (nat_lit 3) (instOfNatNat (nat_lit 3))) Rat Rat.instField)))))
                    (@Ideal.instHasQuotient_1.{0} OAI.SevenEighths.HeckeFamily.O
                      (@NumberField.instCommRingRingOfIntegers.{0} OAI.SevenEighths.HeckeFamily.K
                        (@CyclotomicField.instField.{0} (@OfNat.ofNat.{0} Nat (nat_lit 3) (instOfNatNat (nat_lit 3)))
                          Rat Rat.instField)))
                    M)
                  (@CommRing.toCommMonoid.{0}
                    (@HasQuotient.Quotient.{0, 0} OAI.SevenEighths.HeckeFamily.O
                      (@Ideal.{0} OAI.SevenEighths.HeckeFamily.O
                        (@CommSemiring.toSemiring.{0} OAI.SevenEighths.HeckeFamily.O
                          (@CommRing.toCommSemiring.{0} OAI.SevenEighths.HeckeFamily.O
                            (@NumberField.instCommRingRingOfIntegers.{0} OAI.SevenEighths.HeckeFamily.K
                              (@CyclotomicField.instField.{0}
                                (@OfNat.ofNat.{0} Nat (nat_lit 3) (instOfNatNat (nat_lit 3))) Rat Rat.instField)))))
                      (@Ideal.instHasQuotient_1.{0} OAI.SevenEighths.HeckeFamily.O
                        (@NumberField.instCommRingRingOfIntegers.{0} OAI.SevenEighths.HeckeFamily.K
                          (@CyclotomicField.instField.{0} (@OfNat.ofNat.{0} Nat (nat_lit 3) (instOfNatNat (nat_lit 3)))
                            Rat Rat.instField)))
                      M)
                    (@Ideal.Quotient.commRing.{0} OAI.SevenEighths.HeckeFamily.O
                      (@NumberField.instCommRingRingOfIntegers.{0} OAI.SevenEighths.HeckeFamily.K
                        (@CyclotomicField.instField.{0} (@OfNat.ofNat.{0} Nat (nat_lit 3) (instOfNatNat (nat_lit 3)))
                          Rat Rat.instField))
                      M))
                  Complex
                  (@CommGroupWithZero.toCommMonoidWithZero.{0} Complex
                    (@Semifield.toCommGroupWithZero.{0} Complex (@Field.toSemifield.{0} Complex Complex.instField))))))
            (@MulChar.{0, 0}
              (@HasQuotient.Quotient.{0, 0} OAI.SevenEighths.HeckeFamily.O
                (@Ideal.{0} OAI.SevenEighths.HeckeFamily.O
                  (@CommSemiring.toSemiring.{0} OAI.SevenEighths.HeckeFamily.O
                    (@CommRing.toCommSemiring.{0} OAI.SevenEighths.HeckeFamily.O
                      (@NumberField.instCommRingRingOfIntegers.{0} OAI.SevenEighths.HeckeFamily.K
                        (@CyclotomicField.instField.{0} (@OfNat.ofNat.{0} Nat (nat_lit 3) (instOfNatNat (nat_lit 3)))
                          Rat Rat.instField)))))
                (@Ideal.instHasQuotient_1.{0} OAI.SevenEighths.HeckeFamily.O
                  (@NumberField.instCommRingRingOfIntegers.{0} OAI.SevenEighths.HeckeFamily.K
                    (@CyclotomicField.instField.{0} (@OfNat.ofNat.{0} Nat (nat_lit 3) (instOfNatNat (nat_lit 3))) Rat
                      Rat.instField)))
                M)
              (@CommRing.toCommMonoid.{0}
                (@HasQuotient.Quotient.{0, 0} OAI.SevenEighths.HeckeFamily.O
                  (@Ideal.{0} OAI.SevenEighths.HeckeFamily.O
                    (@CommSemiring.toSemiring.{0} OAI.SevenEighths.HeckeFamily.O
                      (@CommRing.toCommSemiring.{0} OAI.SevenEighths.HeckeFamily.O
                        (@NumberField.instCommRingRingOfIntegers.{0} OAI.SevenEighths.HeckeFamily.K
                          (@CyclotomicField.instField.{0} (@OfNat.ofNat.{0} Nat (nat_lit 3) (instOfNatNat (nat_lit 3)))
                            Rat Rat.instField)))))
                  (@Ideal.instHasQuotient_1.{0} OAI.SevenEighths.HeckeFamily.O
                    (@NumberField.instCommRingRingOfIntegers.{0} OAI.SevenEighths.HeckeFamily.K
                      (@CyclotomicField.instField.{0} (@OfNat.ofNat.{0} Nat (nat_lit 3) (instOfNatNat (nat_lit 3))) Rat
                        Rat.instField)))
                  M)
                (@Ideal.Quotient.commRing.{0} OAI.SevenEighths.HeckeFamily.O
                  (@NumberField.instCommRingRingOfIntegers.{0} OAI.SevenEighths.HeckeFamily.K
                    (@CyclotomicField.instField.{0} (@OfNat.ofNat.{0} Nat (nat_lit 3) (instOfNatNat (nat_lit 3))) Rat
                      Rat.instField))
                  M))
              Complex
              (@CommGroupWithZero.toCommMonoidWithZero.{0} Complex
                (@Semifield.toCommGroupWithZero.{0} Complex (@Field.toSemifield.{0} Complex Complex.instField))))
            (@Subgroup.instSetLike.{0}
              (@MulChar.{0, 0}
                (@HasQuotient.Quotient.{0, 0} OAI.SevenEighths.HeckeFamily.O
                  (@Ideal.{0} OAI.SevenEighths.HeckeFamily.O
                    (@CommSemiring.toSemiring.{0} OAI.SevenEighths.HeckeFamily.O
                      (@CommRing.toCommSemiring.{0} OAI.SevenEighths.HeckeFamily.O
                        (@NumberField.instCommRingRingOfIntegers.{0} OAI.SevenEighths.HeckeFamily.K
                          (@CyclotomicField.instField.{0} (@OfNat.ofNat.{0} Nat (nat_lit 3) (instOfNatNat (nat_lit 3)))
                            Rat Rat.instField)))))
                  (@Ideal.instHasQuotient_1.{0} OAI.SevenEighths.HeckeFamily.O
                    (@NumberField.instCommRingRingOfIntegers.{0} OAI.SevenEighths.HeckeFamily.K
                      (@CyclotomicField.instField.{0} (@OfNat.ofNat.{0} Nat (nat_lit 3) (instOfNatNat (nat_lit 3))) Rat
                        Rat.instField)))
                  M)
                (@CommRing.toCommMonoid.{0}
                  (@HasQuotient.Quotient.{0, 0} OAI.SevenEighths.HeckeFamily.O
                    (@Ideal.{0} OAI.SevenEighths.HeckeFamily.O
                      (@CommSemiring.toSemiring.{0} OAI.SevenEighths.HeckeFamily.O
                        (@CommRing.toCommSemiring.{0} OAI.SevenEighths.HeckeFamily.O
                          (@NumberField.instCommRingRingOfIntegers.{0} OAI.SevenEighths.HeckeFamily.K
                            (@CyclotomicField.instField.{0}
                              (@OfNat.ofNat.{0} Nat (nat_lit 3) (instOfNatNat (nat_lit 3))) Rat Rat.instField)))))
                    (@Ideal.instHasQuotient_1.{0} OAI.SevenEighths.HeckeFamily.O
                      (@NumberField.instCommRingRingOfIntegers.{0} OAI.SevenEighths.HeckeFamily.K
                        (@CyclotomicField.instField.{0} (@OfNat.ofNat.{0} Nat (nat_lit 3) (instOfNatNat (nat_lit 3)))
                          Rat Rat.instField)))
                    M)
                  (@Ideal.Quotient.commRing.{0} OAI.SevenEighths.HeckeFamily.O
                    (@NumberField.instCommRingRingOfIntegers.{0} OAI.SevenEighths.HeckeFamily.K
                      (@CyclotomicField.instField.{0} (@OfNat.ofNat.{0} Nat (nat_lit 3) (instOfNatNat (nat_lit 3))) Rat
                        Rat.instField))
                    M))
                Complex
                (@CommGroupWithZero.toCommMonoidWithZero.{0} Complex
                  (@Semifield.toCommGroupWithZero.{0} Complex (@Field.toSemifield.{0} Complex Complex.instField))))
              (@CommGroup.toGroup.{0}
                (@MulChar.{0, 0}
                  (@HasQuotient.Quotient.{0, 0} OAI.SevenEighths.HeckeFamily.O
                    (@Ideal.{0} OAI.SevenEighths.HeckeFamily.O
                      (@CommSemiring.toSemiring.{0} OAI.SevenEighths.HeckeFamily.O
                        (@CommRing.toCommSemiring.{0} OAI.SevenEighths.HeckeFamily.O
                          (@NumberField.instCommRingRingOfIntegers.{0} OAI.SevenEighths.HeckeFamily.K
                            (@CyclotomicField.instField.{0}
                              (@OfNat.ofNat.{0} Nat (nat_lit 3) (instOfNatNat (nat_lit 3))) Rat Rat.instField)))))
                    (@Ideal.instHasQuotient_1.{0} OAI.SevenEighths.HeckeFamily.O
                      (@NumberField.instCommRingRingOfIntegers.{0} OAI.SevenEighths.HeckeFamily.K
                        (@CyclotomicField.instField.{0} (@OfNat.ofNat.{0} Nat (nat_lit 3) (instOfNatNat (nat_lit 3)))
                          Rat Rat.instField)))
                    M)
                  (@CommRing.toCommMonoid.{0}
                    (@HasQuotient.Quotient.{0, 0} OAI.SevenEighths.HeckeFamily.O
                      (@Ideal.{0} OAI.SevenEighths.HeckeFamily.O
                        (@CommSemiring.toSemiring.{0} OAI.SevenEighths.HeckeFamily.O
                          (@CommRing.toCommSemiring.{0} OAI.SevenEighths.HeckeFamily.O
                            (@NumberField.instCommRingRingOfIntegers.{0} OAI.SevenEighths.HeckeFamily.K
                              (@CyclotomicField.instField.{0}
                                (@OfNat.ofNat.{0} Nat (nat_lit 3) (instOfNatNat (nat_lit 3))) Rat Rat.instField)))))
                      (@Ideal.instHasQuotient_1.{0} OAI.SevenEighths.HeckeFamily.O
                        (@NumberField.instCommRingRingOfIntegers.{0} OAI.SevenEighths.HeckeFamily.K
                          (@CyclotomicField.instField.{0} (@OfNat.ofNat.{0} Nat (nat_lit 3) (instOfNatNat (nat_lit 3)))
                            Rat Rat.instField)))
                      M)
                    (@Ideal.Quotient.commRing.{0} OAI.SevenEighths.HeckeFamily.O
                      (@NumberField.instCommRingRingOfIntegers.{0} OAI.SevenEighths.HeckeFamily.K
                        (@CyclotomicField.instField.{0} (@OfNat.ofNat.{0} Nat (nat_lit 3) (instOfNatNat (nat_lit 3)))
                          Rat Rat.instField))
                      M))
                  Complex
                  (@CommGroupWithZero.toCommMonoidWithZero.{0} Complex
                    (@Semifield.toCommGroupWithZero.{0} Complex (@Field.toSemifield.{0} Complex Complex.instField))))
                (@MulChar.commGroup.{0, 0}
                  (@HasQuotient.Quotient.{0, 0} OAI.SevenEighths.HeckeFamily.O
                    (@Ideal.{0} OAI.SevenEighths.HeckeFamily.O
                      (@CommSemiring.toSemiring.{0} OAI.SevenEighths.HeckeFamily.O
                        (@CommRing.toCommSemiring.{0} OAI.SevenEighths.HeckeFamily.O
                          (@NumberField.instCommRingRingOfIntegers.{0} OAI.SevenEighths.HeckeFamily.K
                            (@CyclotomicField.instField.{0}
                              (@OfNat.ofNat.{0} Nat (nat_lit 3) (instOfNatNat (nat_lit 3))) Rat Rat.instField)))))
                    (@Ideal.instHasQuotient_1.{0} OAI.SevenEighths.HeckeFamily.O
                      (@NumberField.instCommRingRingOfIntegers.{0} OAI.SevenEighths.HeckeFamily.K
                        (@CyclotomicField.instField.{0} (@OfNat.ofNat.{0} Nat (nat_lit 3) (instOfNatNat (nat_lit 3)))
                          Rat Rat.instField)))
                    M)
                  (@CommRing.toCommMonoid.{0}
                    (@HasQuotient.Quotient.{0, 0} OAI.SevenEighths.HeckeFamily.O
                      (@Ideal.{0} OAI.SevenEighths.HeckeFamily.O
                        (@CommSemiring.toSemiring.{0} OAI.SevenEighths.HeckeFamily.O
                          (@CommRing.toCommSemiring.{0} OAI.SevenEighths.HeckeFamily.O
                            (@NumberField.instCommRingRingOfIntegers.{0} OAI.SevenEighths.HeckeFamily.K
                              (@CyclotomicField.instField.{0}
                                (@OfNat.ofNat.{0} Nat (nat_lit 3) (instOfNatNat (nat_lit 3))) Rat Rat.instField)))))
                      (@Ideal.instHasQuotient_1.{0} OAI.SevenEighths.HeckeFamily.O
                        (@NumberField.instCommRingRingOfIntegers.{0} OAI.SevenEighths.HeckeFamily.K
                          (@CyclotomicField.instField.{0} (@OfNat.ofNat.{0} Nat (nat_lit 3) (instOfNatNat (nat_lit 3)))
                            Rat Rat.instField)))
                      M)
                    (@Ideal.Quotient.commRing.{0} OAI.SevenEighths.HeckeFamily.O
                      (@NumberField.instCommRingRingOfIntegers.{0} OAI.SevenEighths.HeckeFamily.K
                        (@CyclotomicField.instField.{0} (@OfNat.ofNat.{0} Nat (nat_lit 3) (instOfNatNat (nat_lit 3)))
                          Rat Rat.instField))
                      M))
                  Complex
                  (@CommGroupWithZero.toCommMonoidWithZero.{0} Complex
                    (@Semifield.toCommGroupWithZero.{0} Complex (@Field.toSemifield.{0} Complex Complex.instField)))))))
          (@OAI.SevenEighths.RayQuotient.Characters.{0} OAI.SevenEighths.HeckeFamily.O
            (@NumberField.instCommRingRingOfIntegers.{0} OAI.SevenEighths.HeckeFamily.K
              (@CyclotomicField.instField.{0} (@OfNat.ofNat.{0} Nat (nat_lit 3) (instOfNatNat (nat_lit 3))) Rat
                Rat.instField))
            M (@OAI.SevenEighths.CenteredMomentEnergyPositiveHighSource.instFiniteQuotientOIdeal M inst_1) H)
          x)
  (W : Real → Complex)
  (hW :
    @Continuous.{0, 0} Real Complex
      (@UniformSpace.toTopologicalSpace.{0} Real (@PseudoMetricSpace.toUniformSpace.{0} Real Real.pseudoMetricSpace))
      (@UniformSpace.toTopologicalSpace.{0} Complex
        (@PseudoMetricSpace.toUniformSpace.{0} Complex
          (@SeminormedRing.toPseudoMetricSpace.{0} Complex
            (@SeminormedCommRing.toSeminormedRing.{0} Complex
              (@NormedCommRing.toSeminormedCommRing.{0} Complex
                (@CommCStarAlgebra.toNormedCommRing.{0} Complex instCommCStarAlgebraComplex))))))
      W)
  (aslot bslot lo hi : Real)
  (haslot :
    @LT.lt.{0} Real Real.instLT (@OfNat.ofNat.{0} Real (nat_lit 0) (@Zero.toOfNat0.{0} Real Real.instZero)) aslot)
  (hWs :
    @LE.le.{0} (Set.{0} Real) (@Set.instLE.{0} Real) (@Function.support.{0, 0} Real Complex Complex.instZero W)
      (@Set.Icc.{0} Real Real.instPreorder aslot bslot))
  (w σ freq : α → Real)
  (hσ :
    ∀ (i : α),
      @Membership.mem.{0, 0} Real (Set.{0} Real) (@Set.instMembership.{0} Real)
        (@Set.Icc.{0} Real Real.instPreorder lo hi) (σ i))
  {Z Bmask bΦ a b : Real} (s : OAI.SevenEighths.CenteredMomentEnergyState.NaturalState Z Bmask bΦ)
  (p : OAI.SevenEighths.CenteredMomentFiniteProfileExceptional.Profiles a b)
  (ha : @LT.lt.{0} Real Real.instLT (@OfNat.ofNat.{0} Real (nat_lit 0) (@Zero.toOfNat0.{0} Real Real.instZero)) a)
  (t X₁ X₂ : Real)
  (hX₁ : @LT.lt.{0} Real Real.instLT (@OfNat.ofNat.{0} Real (nat_lit 0) (@Zero.toOfNat0.{0} Real Real.instZero)) X₁)
  (hX₂ : @LT.lt.{0} Real Real.instLT (@OfNat.ofNat.{0} Real (nat_lit 0) (@Zero.toOfNat0.{0} Real Real.instZero)) X₂),
  @Eq.{1} Real
    (@OAI.SevenEighths.CenteredMomentAmplificationChildInput.volume.{u_1} α inst
      (@OAI.SevenEighths.CenteredMomentEnergyPositiveHighSource.balancedInput.{u_1} α inst M inst_1 H hH η₀ θ W hW aslot
        bslot lo hi haslot hWs w σ freq hσ Z Bmask bΦ a b s p ha t X₁ X₂ hX₁ hX₂))
    (@HMul.hMul.{0, 0, 0} Real Real Real (@instHMul.{0} Real Real.instMul)
      (@HMul.hMul.{0, 0, 0} Real Real Real (@instHMul.{0} Real Real.instMul) X₁ X₂)
      (@Finset.prod.{u_1, 0} α Real Real.instCommMonoid (@Finset.univ.{u_1} α inst) fun (i : α) =>
        @HPow.hPow.{0, 0, 0} Real Real Real (@instHPow.{0, 0} Real Real Real.instPow) Z (w i)))
'OAI.SevenEighths.CenteredMomentEnergyPositiveHighSource.balanced_volume' depends on axioms: [propext,
 Classical.choice.{u},
 Quot.sound.{u}]
@OAI.SevenEighths.CenteredMomentEnergyPositiveHighSource.balanced_volume_bound.{u_1} : ∀ {α : Type u_1}
  [inst : Fintype.{u_1} α]
  (M :
    @Ideal.{0} OAI.SevenEighths.HeckeFamily.O
      (@CommSemiring.toSemiring.{0} OAI.SevenEighths.HeckeFamily.O
        (@CommRing.toCommSemiring.{0} OAI.SevenEighths.HeckeFamily.O
          (@NumberField.instCommRingRingOfIntegers.{0} OAI.SevenEighths.HeckeFamily.K
            (@CyclotomicField.instField.{0} (@OfNat.ofNat.{0} Nat (nat_lit 3) (instOfNatNat (nat_lit 3))) Rat
              Rat.instField)))))
  [inst_1 :
    @NeZero.{0}
      (@Ideal.{0} OAI.SevenEighths.HeckeFamily.O
        (@CommSemiring.toSemiring.{0} OAI.SevenEighths.HeckeFamily.O
          (@CommRing.toCommSemiring.{0} OAI.SevenEighths.HeckeFamily.O
            (@NumberField.instCommRingRingOfIntegers.{0} OAI.SevenEighths.HeckeFamily.K
              (@CyclotomicField.instField.{0} (@OfNat.ofNat.{0} Nat (nat_lit 3) (instOfNatNat (nat_lit 3))) Rat
                Rat.instField)))))
      (@Submodule.pointwiseZero.{0, 0} OAI.SevenEighths.HeckeFamily.O OAI.SevenEighths.HeckeFamily.O
        (@CommSemiring.toSemiring.{0} OAI.SevenEighths.HeckeFamily.O
          (@CommRing.toCommSemiring.{0} OAI.SevenEighths.HeckeFamily.O
            (@NumberField.instCommRingRingOfIntegers.{0} OAI.SevenEighths.HeckeFamily.K
              (@CyclotomicField.instField.{0} (@OfNat.ofNat.{0} Nat (nat_lit 3) (instOfNatNat (nat_lit 3))) Rat
                Rat.instField))))
        (@Semiring.toAddCommMonoid.{0} OAI.SevenEighths.HeckeFamily.O
          (@CommSemiring.toSemiring.{0} OAI.SevenEighths.HeckeFamily.O
            (@CommRing.toCommSemiring.{0} OAI.SevenEighths.HeckeFamily.O
              (@NumberField.instCommRingRingOfIntegers.{0} OAI.SevenEighths.HeckeFamily.K
                (@CyclotomicField.instField.{0} (@OfNat.ofNat.{0} Nat (nat_lit 3) (instOfNatNat (nat_lit 3))) Rat
                  Rat.instField)))))
        (@Semiring.toModule.{0} OAI.SevenEighths.HeckeFamily.O
          (@CommSemiring.toSemiring.{0} OAI.SevenEighths.HeckeFamily.O
            (@CommRing.toCommSemiring.{0} OAI.SevenEighths.HeckeFamily.O
              (@NumberField.instCommRingRingOfIntegers.{0} OAI.SevenEighths.HeckeFamily.K
                (@CyclotomicField.instField.{0} (@OfNat.ofNat.{0} Nat (nat_lit 3) (instOfNatNat (nat_lit 3))) Rat
                  Rat.instField))))))
      M]
  (H :
    @Subgroup.{0}
      (@Units.{0}
        (@HasQuotient.Quotient.{0, 0} OAI.SevenEighths.HeckeFamily.O
          (@Ideal.{0} OAI.SevenEighths.HeckeFamily.O
            (@CommSemiring.toSemiring.{0} OAI.SevenEighths.HeckeFamily.O
              (@CommRing.toCommSemiring.{0} OAI.SevenEighths.HeckeFamily.O
                (@NumberField.instCommRingRingOfIntegers.{0} OAI.SevenEighths.HeckeFamily.K
                  (@CyclotomicField.instField.{0} (@OfNat.ofNat.{0} Nat (nat_lit 3) (instOfNatNat (nat_lit 3))) Rat
                    Rat.instField)))))
          (@Ideal.instHasQuotient_1.{0} OAI.SevenEighths.HeckeFamily.O
            (@NumberField.instCommRingRingOfIntegers.{0} OAI.SevenEighths.HeckeFamily.K
              (@CyclotomicField.instField.{0} (@OfNat.ofNat.{0} Nat (nat_lit 3) (instOfNatNat (nat_lit 3))) Rat
                Rat.instField)))
          M)
        (@Semiring.toMonoid.{0}
          (@HasQuotient.Quotient.{0, 0} OAI.SevenEighths.HeckeFamily.O
            (@Ideal.{0} OAI.SevenEighths.HeckeFamily.O
              (@CommSemiring.toSemiring.{0} OAI.SevenEighths.HeckeFamily.O
                (@CommRing.toCommSemiring.{0} OAI.SevenEighths.HeckeFamily.O
                  (@NumberField.instCommRingRingOfIntegers.{0} OAI.SevenEighths.HeckeFamily.K
                    (@CyclotomicField.instField.{0} (@OfNat.ofNat.{0} Nat (nat_lit 3) (instOfNatNat (nat_lit 3))) Rat
                      Rat.instField)))))
            (@Ideal.instHasQuotient_1.{0} OAI.SevenEighths.HeckeFamily.O
              (@NumberField.instCommRingRingOfIntegers.{0} OAI.SevenEighths.HeckeFamily.K
                (@CyclotomicField.instField.{0} (@OfNat.ofNat.{0} Nat (nat_lit 3) (instOfNatNat (nat_lit 3))) Rat
                  Rat.instField)))
            M)
          (@Ideal.Quotient.semiring.{0} OAI.SevenEighths.HeckeFamily.O
            (@NumberField.instCommRingRingOfIntegers.{0} OAI.SevenEighths.HeckeFamily.K
              (@CyclotomicField.instField.{0} (@OfNat.ofNat.{0} Nat (nat_lit 3) (instOfNatNat (nat_lit 3))) Rat
                Rat.instField))
            M)))
      (@Units.instGroup.{0}
        (@HasQuotient.Quotient.{0, 0} OAI.SevenEighths.HeckeFamily.O
          (@Ideal.{0} OAI.SevenEighths.HeckeFamily.O
            (@CommSemiring.toSemiring.{0} OAI.SevenEighths.HeckeFamily.O
              (@CommRing.toCommSemiring.{0} OAI.SevenEighths.HeckeFamily.O
                (@NumberField.instCommRingRingOfIntegers.{0} OAI.SevenEighths.HeckeFamily.K
                  (@CyclotomicField.instField.{0} (@OfNat.ofNat.{0} Nat (nat_lit 3) (instOfNatNat (nat_lit 3))) Rat
                    Rat.instField)))))
          (@Ideal.instHasQuotient_1.{0} OAI.SevenEighths.HeckeFamily.O
            (@NumberField.instCommRingRingOfIntegers.{0} OAI.SevenEighths.HeckeFamily.K
              (@CyclotomicField.instField.{0} (@OfNat.ofNat.{0} Nat (nat_lit 3) (instOfNatNat (nat_lit 3))) Rat
                Rat.instField)))
          M)
        (@Semiring.toMonoid.{0}
          (@HasQuotient.Quotient.{0, 0} OAI.SevenEighths.HeckeFamily.O
            (@Ideal.{0} OAI.SevenEighths.HeckeFamily.O
              (@CommSemiring.toSemiring.{0} OAI.SevenEighths.HeckeFamily.O
                (@CommRing.toCommSemiring.{0} OAI.SevenEighths.HeckeFamily.O
                  (@NumberField.instCommRingRingOfIntegers.{0} OAI.SevenEighths.HeckeFamily.K
                    (@CyclotomicField.instField.{0} (@OfNat.ofNat.{0} Nat (nat_lit 3) (instOfNatNat (nat_lit 3))) Rat
                      Rat.instField)))))
            (@Ideal.instHasQuotient_1.{0} OAI.SevenEighths.HeckeFamily.O
              (@NumberField.instCommRingRingOfIntegers.{0} OAI.SevenEighths.HeckeFamily.K
                (@CyclotomicField.instField.{0} (@OfNat.ofNat.{0} Nat (nat_lit 3) (instOfNatNat (nat_lit 3))) Rat
                  Rat.instField)))
            M)
          (@Ideal.Quotient.semiring.{0} OAI.SevenEighths.HeckeFamily.O
            (@NumberField.instCommRingRingOfIntegers.{0} OAI.SevenEighths.HeckeFamily.K
              (@CyclotomicField.instField.{0} (@OfNat.ofNat.{0} Nat (nat_lit 3) (instOfNatNat (nat_lit 3))) Rat
                Rat.instField))
            M))))
  (hH :
    @LE.le.{0}
      (@Subgroup.{0}
        (@Units.{0}
          (@HasQuotient.Quotient.{0, 0} OAI.SevenEighths.HeckeFamily.O
            (@Ideal.{0} OAI.SevenEighths.HeckeFamily.O
              (@CommSemiring.toSemiring.{0} OAI.SevenEighths.HeckeFamily.O
                (@CommRing.toCommSemiring.{0} OAI.SevenEighths.HeckeFamily.O
                  (@NumberField.instCommRingRingOfIntegers.{0} OAI.SevenEighths.HeckeFamily.K
                    (@CyclotomicField.instField.{0} (@OfNat.ofNat.{0} Nat (nat_lit 3) (instOfNatNat (nat_lit 3))) Rat
                      Rat.instField)))))
            (@Ideal.instHasQuotient_1.{0} OAI.SevenEighths.HeckeFamily.O
              (@NumberField.instCommRingRingOfIntegers.{0} OAI.SevenEighths.HeckeFamily.K
                (@CyclotomicField.instField.{0} (@OfNat.ofNat.{0} Nat (nat_lit 3) (instOfNatNat (nat_lit 3))) Rat
                  Rat.instField)))
            M)
          (@Semiring.toMonoid.{0}
            (@HasQuotient.Quotient.{0, 0} OAI.SevenEighths.HeckeFamily.O
              (@Ideal.{0} OAI.SevenEighths.HeckeFamily.O
                (@CommSemiring.toSemiring.{0} OAI.SevenEighths.HeckeFamily.O
                  (@CommRing.toCommSemiring.{0} OAI.SevenEighths.HeckeFamily.O
                    (@NumberField.instCommRingRingOfIntegers.{0} OAI.SevenEighths.HeckeFamily.K
                      (@CyclotomicField.instField.{0} (@OfNat.ofNat.{0} Nat (nat_lit 3) (instOfNatNat (nat_lit 3))) Rat
                        Rat.instField)))))
              (@Ideal.instHasQuotient_1.{0} OAI.SevenEighths.HeckeFamily.O
                (@NumberField.instCommRingRingOfIntegers.{0} OAI.SevenEighths.HeckeFamily.K
                  (@CyclotomicField.instField.{0} (@OfNat.ofNat.{0} Nat (nat_lit 3) (instOfNatNat (nat_lit 3))) Rat
                    Rat.instField)))
              M)
            (@Ideal.Quotient.semiring.{0} OAI.SevenEighths.HeckeFamily.O
              (@NumberField.instCommRingRingOfIntegers.{0} OAI.SevenEighths.HeckeFamily.K
                (@CyclotomicField.instField.{0} (@OfNat.ofNat.{0} Nat (nat_lit 3) (instOfNatNat (nat_lit 3))) Rat
                  Rat.instField))
              M)))
        (@Units.instGroup.{0}
          (@HasQuotient.Quotient.{0, 0} OAI.SevenEighths.HeckeFamily.O
            (@Ideal.{0} OAI.SevenEighths.HeckeFamily.O
              (@CommSemiring.toSemiring.{0} OAI.SevenEighths.HeckeFamily.O
                (@CommRing.toCommSemiring.{0} OAI.SevenEighths.HeckeFamily.O
                  (@NumberField.instCommRingRingOfIntegers.{0} OAI.SevenEighths.HeckeFamily.K
                    (@CyclotomicField.instField.{0} (@OfNat.ofNat.{0} Nat (nat_lit 3) (instOfNatNat (nat_lit 3))) Rat
                      Rat.instField)))))
            (@Ideal.instHasQuotient_1.{0} OAI.SevenEighths.HeckeFamily.O
              (@NumberField.instCommRingRingOfIntegers.{0} OAI.SevenEighths.HeckeFamily.K
                (@CyclotomicField.instField.{0} (@OfNat.ofNat.{0} Nat (nat_lit 3) (instOfNatNat (nat_lit 3))) Rat
                  Rat.instField)))
            M)
          (@Semiring.toMonoid.{0}
            (@HasQuotient.Quotient.{0, 0} OAI.SevenEighths.HeckeFamily.O
              (@Ideal.{0} OAI.SevenEighths.HeckeFamily.O
                (@CommSemiring.toSemiring.{0} OAI.SevenEighths.HeckeFamily.O
                  (@CommRing.toCommSemiring.{0} OAI.SevenEighths.HeckeFamily.O
                    (@NumberField.instCommRingRingOfIntegers.{0} OAI.SevenEighths.HeckeFamily.K
                      (@CyclotomicField.instField.{0} (@OfNat.ofNat.{0} Nat (nat_lit 3) (instOfNatNat (nat_lit 3))) Rat
                        Rat.instField)))))
              (@Ideal.instHasQuotient_1.{0} OAI.SevenEighths.HeckeFamily.O
                (@NumberField.instCommRingRingOfIntegers.{0} OAI.SevenEighths.HeckeFamily.K
                  (@CyclotomicField.instField.{0} (@OfNat.ofNat.{0} Nat (nat_lit 3) (instOfNatNat (nat_lit 3))) Rat
                    Rat.instField)))
              M)
            (@Ideal.Quotient.semiring.{0} OAI.SevenEighths.HeckeFamily.O
              (@NumberField.instCommRingRingOfIntegers.{0} OAI.SevenEighths.HeckeFamily.K
                (@CyclotomicField.instField.{0} (@OfNat.ofNat.{0} Nat (nat_lit 3) (instOfNatNat (nat_lit 3))) Rat
                  Rat.instField))
              M))))
      (@Preorder.toLE.{0}
        (@Subgroup.{0}
          (@Units.{0}
            (@HasQuotient.Quotient.{0, 0} OAI.SevenEighths.HeckeFamily.O
              (@Ideal.{0} OAI.SevenEighths.HeckeFamily.O
                (@CommSemiring.toSemiring.{0} OAI.SevenEighths.HeckeFamily.O
                  (@CommRing.toCommSemiring.{0} OAI.SevenEighths.HeckeFamily.O
                    (@NumberField.instCommRingRingOfIntegers.{0} OAI.SevenEighths.HeckeFamily.K
                      (@CyclotomicField.instField.{0} (@OfNat.ofNat.{0} Nat (nat_lit 3) (instOfNatNat (nat_lit 3))) Rat
                        Rat.instField)))))
              (@Ideal.instHasQuotient_1.{0} OAI.SevenEighths.HeckeFamily.O
                (@NumberField.instCommRingRingOfIntegers.{0} OAI.SevenEighths.HeckeFamily.K
                  (@CyclotomicField.instField.{0} (@OfNat.ofNat.{0} Nat (nat_lit 3) (instOfNatNat (nat_lit 3))) Rat
                    Rat.instField)))
              M)
            (@Semiring.toMonoid.{0}
              (@HasQuotient.Quotient.{0, 0} OAI.SevenEighths.HeckeFamily.O
                (@Ideal.{0} OAI.SevenEighths.HeckeFamily.O
                  (@CommSemiring.toSemiring.{0} OAI.SevenEighths.HeckeFamily.O
                    (@CommRing.toCommSemiring.{0} OAI.SevenEighths.HeckeFamily.O
                      (@NumberField.instCommRingRingOfIntegers.{0} OAI.SevenEighths.HeckeFamily.K
                        (@CyclotomicField.instField.{0} (@OfNat.ofNat.{0} Nat (nat_lit 3) (instOfNatNat (nat_lit 3)))
                          Rat Rat.instField)))))
                (@Ideal.instHasQuotient_1.{0} OAI.SevenEighths.HeckeFamily.O
                  (@NumberField.instCommRingRingOfIntegers.{0} OAI.SevenEighths.HeckeFamily.K
                    (@CyclotomicField.instField.{0} (@OfNat.ofNat.{0} Nat (nat_lit 3) (instOfNatNat (nat_lit 3))) Rat
                      Rat.instField)))
                M)
              (@Ideal.Quotient.semiring.{0} OAI.SevenEighths.HeckeFamily.O
                (@NumberField.instCommRingRingOfIntegers.{0} OAI.SevenEighths.HeckeFamily.K
                  (@CyclotomicField.instField.{0} (@OfNat.ofNat.{0} Nat (nat_lit 3) (instOfNatNat (nat_lit 3))) Rat
                    Rat.instField))
                M)))
          (@Units.instGroup.{0}
            (@HasQuotient.Quotient.{0, 0} OAI.SevenEighths.HeckeFamily.O
              (@Ideal.{0} OAI.SevenEighths.HeckeFamily.O
                (@CommSemiring.toSemiring.{0} OAI.SevenEighths.HeckeFamily.O
                  (@CommRing.toCommSemiring.{0} OAI.SevenEighths.HeckeFamily.O
                    (@NumberField.instCommRingRingOfIntegers.{0} OAI.SevenEighths.HeckeFamily.K
                      (@CyclotomicField.instField.{0} (@OfNat.ofNat.{0} Nat (nat_lit 3) (instOfNatNat (nat_lit 3))) Rat
                        Rat.instField)))))
              (@Ideal.instHasQuotient_1.{0} OAI.SevenEighths.HeckeFamily.O
                (@NumberField.instCommRingRingOfIntegers.{0} OAI.SevenEighths.HeckeFamily.K
                  (@CyclotomicField.instField.{0} (@OfNat.ofNat.{0} Nat (nat_lit 3) (instOfNatNat (nat_lit 3))) Rat
                    Rat.instField)))
              M)
            (@Semiring.toMonoid.{0}
              (@HasQuotient.Quotient.{0, 0} OAI.SevenEighths.HeckeFamily.O
                (@Ideal.{0} OAI.SevenEighths.HeckeFamily.O
                  (@CommSemiring.toSemiring.{0} OAI.SevenEighths.HeckeFamily.O
                    (@CommRing.toCommSemiring.{0} OAI.SevenEighths.HeckeFamily.O
                      (@NumberField.instCommRingRingOfIntegers.{0} OAI.SevenEighths.HeckeFamily.K
                        (@CyclotomicField.instField.{0} (@OfNat.ofNat.{0} Nat (nat_lit 3) (instOfNatNat (nat_lit 3)))
                          Rat Rat.instField)))))
                (@Ideal.instHasQuotient_1.{0} OAI.SevenEighths.HeckeFamily.O
                  (@NumberField.instCommRingRingOfIntegers.{0} OAI.SevenEighths.HeckeFamily.K
                    (@CyclotomicField.instField.{0} (@OfNat.ofNat.{0} Nat (nat_lit 3) (instOfNatNat (nat_lit 3))) Rat
                      Rat.instField)))
                M)
              (@Ideal.Quotient.semiring.{0} OAI.SevenEighths.HeckeFamily.O
                (@NumberField.instCommRingRingOfIntegers.{0} OAI.SevenEighths.HeckeFamily.K
                  (@CyclotomicField.instField.{0} (@OfNat.ofNat.{0} Nat (nat_lit 3) (instOfNatNat (nat_lit 3))) Rat
                    Rat.instField))
                M))))
        (@PartialOrder.toPreorder.{0}
          (@Subgroup.{0}
            (@Units.{0}
              (@HasQuotient.Quotient.{0, 0} OAI.SevenEighths.HeckeFamily.O
                (@Ideal.{0} OAI.SevenEighths.HeckeFamily.O
                  (@CommSemiring.toSemiring.{0} OAI.SevenEighths.HeckeFamily.O
                    (@CommRing.toCommSemiring.{0} OAI.SevenEighths.HeckeFamily.O
                      (@NumberField.instCommRingRingOfIntegers.{0} OAI.SevenEighths.HeckeFamily.K
                        (@CyclotomicField.instField.{0} (@OfNat.ofNat.{0} Nat (nat_lit 3) (instOfNatNat (nat_lit 3)))
                          Rat Rat.instField)))))
                (@Ideal.instHasQuotient_1.{0} OAI.SevenEighths.HeckeFamily.O
                  (@NumberField.instCommRingRingOfIntegers.{0} OAI.SevenEighths.HeckeFamily.K
                    (@CyclotomicField.instField.{0} (@OfNat.ofNat.{0} Nat (nat_lit 3) (instOfNatNat (nat_lit 3))) Rat
                      Rat.instField)))
                M)
              (@Semiring.toMonoid.{0}
                (@HasQuotient.Quotient.{0, 0} OAI.SevenEighths.HeckeFamily.O
                  (@Ideal.{0} OAI.SevenEighths.HeckeFamily.O
                    (@CommSemiring.toSemiring.{0} OAI.SevenEighths.HeckeFamily.O
                      (@CommRing.toCommSemiring.{0} OAI.SevenEighths.HeckeFamily.O
                        (@NumberField.instCommRingRingOfIntegers.{0} OAI.SevenEighths.HeckeFamily.K
                          (@CyclotomicField.instField.{0} (@OfNat.ofNat.{0} Nat (nat_lit 3) (instOfNatNat (nat_lit 3)))
                            Rat Rat.instField)))))
                  (@Ideal.instHasQuotient_1.{0} OAI.SevenEighths.HeckeFamily.O
                    (@NumberField.instCommRingRingOfIntegers.{0} OAI.SevenEighths.HeckeFamily.K
                      (@CyclotomicField.instField.{0} (@OfNat.ofNat.{0} Nat (nat_lit 3) (instOfNatNat (nat_lit 3))) Rat
                        Rat.instField)))
                  M)
                (@Ideal.Quotient.semiring.{0} OAI.SevenEighths.HeckeFamily.O
                  (@NumberField.instCommRingRingOfIntegers.{0} OAI.SevenEighths.HeckeFamily.K
                    (@CyclotomicField.instField.{0} (@OfNat.ofNat.{0} Nat (nat_lit 3) (instOfNatNat (nat_lit 3))) Rat
                      Rat.instField))
                  M)))
            (@Units.instGroup.{0}
              (@HasQuotient.Quotient.{0, 0} OAI.SevenEighths.HeckeFamily.O
                (@Ideal.{0} OAI.SevenEighths.HeckeFamily.O
                  (@CommSemiring.toSemiring.{0} OAI.SevenEighths.HeckeFamily.O
                    (@CommRing.toCommSemiring.{0} OAI.SevenEighths.HeckeFamily.O
                      (@NumberField.instCommRingRingOfIntegers.{0} OAI.SevenEighths.HeckeFamily.K
                        (@CyclotomicField.instField.{0} (@OfNat.ofNat.{0} Nat (nat_lit 3) (instOfNatNat (nat_lit 3)))
                          Rat Rat.instField)))))
                (@Ideal.instHasQuotient_1.{0} OAI.SevenEighths.HeckeFamily.O
                  (@NumberField.instCommRingRingOfIntegers.{0} OAI.SevenEighths.HeckeFamily.K
                    (@CyclotomicField.instField.{0} (@OfNat.ofNat.{0} Nat (nat_lit 3) (instOfNatNat (nat_lit 3))) Rat
                      Rat.instField)))
                M)
              (@Semiring.toMonoid.{0}
                (@HasQuotient.Quotient.{0, 0} OAI.SevenEighths.HeckeFamily.O
                  (@Ideal.{0} OAI.SevenEighths.HeckeFamily.O
                    (@CommSemiring.toSemiring.{0} OAI.SevenEighths.HeckeFamily.O
                      (@CommRing.toCommSemiring.{0} OAI.SevenEighths.HeckeFamily.O
                        (@NumberField.instCommRingRingOfIntegers.{0} OAI.SevenEighths.HeckeFamily.K
                          (@CyclotomicField.instField.{0} (@OfNat.ofNat.{0} Nat (nat_lit 3) (instOfNatNat (nat_lit 3)))
                            Rat Rat.instField)))))
                  (@Ideal.instHasQuotient_1.{0} OAI.SevenEighths.HeckeFamily.O
                    (@NumberField.instCommRingRingOfIntegers.{0} OAI.SevenEighths.HeckeFamily.K
                      (@CyclotomicField.instField.{0} (@OfNat.ofNat.{0} Nat (nat_lit 3) (instOfNatNat (nat_lit 3))) Rat
                        Rat.instField)))
                  M)
                (@Ideal.Quotient.semiring.{0} OAI.SevenEighths.HeckeFamily.O
                  (@NumberField.instCommRingRingOfIntegers.{0} OAI.SevenEighths.HeckeFamily.K
                    (@CyclotomicField.instField.{0} (@OfNat.ofNat.{0} Nat (nat_lit 3) (instOfNatNat (nat_lit 3))) Rat
                      Rat.instField))
                  M))))
          (@Subgroup.instPartialOrder.{0}
            (@Units.{0}
              (@HasQuotient.Quotient.{0, 0} OAI.SevenEighths.HeckeFamily.O
                (@Ideal.{0} OAI.SevenEighths.HeckeFamily.O
                  (@CommSemiring.toSemiring.{0} OAI.SevenEighths.HeckeFamily.O
                    (@CommRing.toCommSemiring.{0} OAI.SevenEighths.HeckeFamily.O
                      (@NumberField.instCommRingRingOfIntegers.{0} OAI.SevenEighths.HeckeFamily.K
                        (@CyclotomicField.instField.{0} (@OfNat.ofNat.{0} Nat (nat_lit 3) (instOfNatNat (nat_lit 3)))
                          Rat Rat.instField)))))
                (@Ideal.instHasQuotient_1.{0} OAI.SevenEighths.HeckeFamily.O
                  (@NumberField.instCommRingRingOfIntegers.{0} OAI.SevenEighths.HeckeFamily.K
                    (@CyclotomicField.instField.{0} (@OfNat.ofNat.{0} Nat (nat_lit 3) (instOfNatNat (nat_lit 3))) Rat
                      Rat.instField)))
                M)
              (@Semiring.toMonoid.{0}
                (@HasQuotient.Quotient.{0, 0} OAI.SevenEighths.HeckeFamily.O
                  (@Ideal.{0} OAI.SevenEighths.HeckeFamily.O
                    (@CommSemiring.toSemiring.{0} OAI.SevenEighths.HeckeFamily.O
                      (@CommRing.toCommSemiring.{0} OAI.SevenEighths.HeckeFamily.O
                        (@NumberField.instCommRingRingOfIntegers.{0} OAI.SevenEighths.HeckeFamily.K
                          (@CyclotomicField.instField.{0} (@OfNat.ofNat.{0} Nat (nat_lit 3) (instOfNatNat (nat_lit 3)))
                            Rat Rat.instField)))))
                  (@Ideal.instHasQuotient_1.{0} OAI.SevenEighths.HeckeFamily.O
                    (@NumberField.instCommRingRingOfIntegers.{0} OAI.SevenEighths.HeckeFamily.K
                      (@CyclotomicField.instField.{0} (@OfNat.ofNat.{0} Nat (nat_lit 3) (instOfNatNat (nat_lit 3))) Rat
                        Rat.instField)))
                  M)
                (@Ideal.Quotient.semiring.{0} OAI.SevenEighths.HeckeFamily.O
                  (@NumberField.instCommRingRingOfIntegers.{0} OAI.SevenEighths.HeckeFamily.K
                    (@CyclotomicField.instField.{0} (@OfNat.ofNat.{0} Nat (nat_lit 3) (instOfNatNat (nat_lit 3))) Rat
                      Rat.instField))
                  M)))
            (@Units.instGroup.{0}
              (@HasQuotient.Quotient.{0, 0} OAI.SevenEighths.HeckeFamily.O
                (@Ideal.{0} OAI.SevenEighths.HeckeFamily.O
                  (@CommSemiring.toSemiring.{0} OAI.SevenEighths.HeckeFamily.O
                    (@CommRing.toCommSemiring.{0} OAI.SevenEighths.HeckeFamily.O
                      (@NumberField.instCommRingRingOfIntegers.{0} OAI.SevenEighths.HeckeFamily.K
                        (@CyclotomicField.instField.{0} (@OfNat.ofNat.{0} Nat (nat_lit 3) (instOfNatNat (nat_lit 3)))
                          Rat Rat.instField)))))
                (@Ideal.instHasQuotient_1.{0} OAI.SevenEighths.HeckeFamily.O
                  (@NumberField.instCommRingRingOfIntegers.{0} OAI.SevenEighths.HeckeFamily.K
                    (@CyclotomicField.instField.{0} (@OfNat.ofNat.{0} Nat (nat_lit 3) (instOfNatNat (nat_lit 3))) Rat
                      Rat.instField)))
                M)
              (@Semiring.toMonoid.{0}
                (@HasQuotient.Quotient.{0, 0} OAI.SevenEighths.HeckeFamily.O
                  (@Ideal.{0} OAI.SevenEighths.HeckeFamily.O
                    (@CommSemiring.toSemiring.{0} OAI.SevenEighths.HeckeFamily.O
                      (@CommRing.toCommSemiring.{0} OAI.SevenEighths.HeckeFamily.O
                        (@NumberField.instCommRingRingOfIntegers.{0} OAI.SevenEighths.HeckeFamily.K
                          (@CyclotomicField.instField.{0} (@OfNat.ofNat.{0} Nat (nat_lit 3) (instOfNatNat (nat_lit 3)))
                            Rat Rat.instField)))))
                  (@Ideal.instHasQuotient_1.{0} OAI.SevenEighths.HeckeFamily.O
                    (@NumberField.instCommRingRingOfIntegers.{0} OAI.SevenEighths.HeckeFamily.K
                      (@CyclotomicField.instField.{0} (@OfNat.ofNat.{0} Nat (nat_lit 3) (instOfNatNat (nat_lit 3))) Rat
                        Rat.instField)))
                  M)
                (@Ideal.Quotient.semiring.{0} OAI.SevenEighths.HeckeFamily.O
                  (@NumberField.instCommRingRingOfIntegers.{0} OAI.SevenEighths.HeckeFamily.K
                    (@CyclotomicField.instField.{0} (@OfNat.ofNat.{0} Nat (nat_lit 3) (instOfNatNat (nat_lit 3))) Rat
                      Rat.instField))
                  M))))))
      (@OAI.SevenEighths.RayOrthogonality.globalUnits.{0} OAI.SevenEighths.HeckeFamily.O
        (@NumberField.instCommRingRingOfIntegers.{0} OAI.SevenEighths.HeckeFamily.K
          (@CyclotomicField.instField.{0} (@OfNat.ofNat.{0} Nat (nat_lit 3) (instOfNatNat (nat_lit 3))) Rat
            Rat.instField))
        M)
      H)
  (η₀ : OAI.SevenEighths.HeckeFamily.Character)
  (θ :
    α →
      @Subtype.{1}
        (@MulChar.{0, 0}
          (@HasQuotient.Quotient.{0, 0} OAI.SevenEighths.HeckeFamily.O
            (@Ideal.{0} OAI.SevenEighths.HeckeFamily.O
              (@CommSemiring.toSemiring.{0} OAI.SevenEighths.HeckeFamily.O
                (@CommRing.toCommSemiring.{0} OAI.SevenEighths.HeckeFamily.O
                  (@NumberField.instCommRingRingOfIntegers.{0} OAI.SevenEighths.HeckeFamily.K
                    (@CyclotomicField.instField.{0} (@OfNat.ofNat.{0} Nat (nat_lit 3) (instOfNatNat (nat_lit 3))) Rat
                      Rat.instField)))))
            (@Ideal.instHasQuotient_1.{0} OAI.SevenEighths.HeckeFamily.O
              (@NumberField.instCommRingRingOfIntegers.{0} OAI.SevenEighths.HeckeFamily.K
                (@CyclotomicField.instField.{0} (@OfNat.ofNat.{0} Nat (nat_lit 3) (instOfNatNat (nat_lit 3))) Rat
                  Rat.instField)))
            M)
          (@CommRing.toCommMonoid.{0}
            (@HasQuotient.Quotient.{0, 0} OAI.SevenEighths.HeckeFamily.O
              (@Ideal.{0} OAI.SevenEighths.HeckeFamily.O
                (@CommSemiring.toSemiring.{0} OAI.SevenEighths.HeckeFamily.O
                  (@CommRing.toCommSemiring.{0} OAI.SevenEighths.HeckeFamily.O
                    (@NumberField.instCommRingRingOfIntegers.{0} OAI.SevenEighths.HeckeFamily.K
                      (@CyclotomicField.instField.{0} (@OfNat.ofNat.{0} Nat (nat_lit 3) (instOfNatNat (nat_lit 3))) Rat
                        Rat.instField)))))
              (@Ideal.instHasQuotient_1.{0} OAI.SevenEighths.HeckeFamily.O
                (@NumberField.instCommRingRingOfIntegers.{0} OAI.SevenEighths.HeckeFamily.K
                  (@CyclotomicField.instField.{0} (@OfNat.ofNat.{0} Nat (nat_lit 3) (instOfNatNat (nat_lit 3))) Rat
                    Rat.instField)))
              M)
            (@Ideal.Quotient.commRing.{0} OAI.SevenEighths.HeckeFamily.O
              (@NumberField.instCommRingRingOfIntegers.{0} OAI.SevenEighths.HeckeFamily.K
                (@CyclotomicField.instField.{0} (@OfNat.ofNat.{0} Nat (nat_lit 3) (instOfNatNat (nat_lit 3))) Rat
                  Rat.instField))
              M))
          Complex
          (@CommGroupWithZero.toCommMonoidWithZero.{0} Complex
            (@Semifield.toCommGroupWithZero.{0} Complex (@Field.toSemifield.{0} Complex Complex.instField))))
        fun
          (x :
            @MulChar.{0, 0}
              (@HasQuotient.Quotient.{0, 0} OAI.SevenEighths.HeckeFamily.O
                (@Ideal.{0} OAI.SevenEighths.HeckeFamily.O
                  (@CommSemiring.toSemiring.{0} OAI.SevenEighths.HeckeFamily.O
                    (@CommRing.toCommSemiring.{0} OAI.SevenEighths.HeckeFamily.O
                      (@NumberField.instCommRingRingOfIntegers.{0} OAI.SevenEighths.HeckeFamily.K
                        (@CyclotomicField.instField.{0} (@OfNat.ofNat.{0} Nat (nat_lit 3) (instOfNatNat (nat_lit 3)))
                          Rat Rat.instField)))))
                (@Ideal.instHasQuotient_1.{0} OAI.SevenEighths.HeckeFamily.O
                  (@NumberField.instCommRingRingOfIntegers.{0} OAI.SevenEighths.HeckeFamily.K
                    (@CyclotomicField.instField.{0} (@OfNat.ofNat.{0} Nat (nat_lit 3) (instOfNatNat (nat_lit 3))) Rat
                      Rat.instField)))
                M)
              (@CommRing.toCommMonoid.{0}
                (@HasQuotient.Quotient.{0, 0} OAI.SevenEighths.HeckeFamily.O
                  (@Ideal.{0} OAI.SevenEighths.HeckeFamily.O
                    (@CommSemiring.toSemiring.{0} OAI.SevenEighths.HeckeFamily.O
                      (@CommRing.toCommSemiring.{0} OAI.SevenEighths.HeckeFamily.O
                        (@NumberField.instCommRingRingOfIntegers.{0} OAI.SevenEighths.HeckeFamily.K
                          (@CyclotomicField.instField.{0} (@OfNat.ofNat.{0} Nat (nat_lit 3) (instOfNatNat (nat_lit 3)))
                            Rat Rat.instField)))))
                  (@Ideal.instHasQuotient_1.{0} OAI.SevenEighths.HeckeFamily.O
                    (@NumberField.instCommRingRingOfIntegers.{0} OAI.SevenEighths.HeckeFamily.K
                      (@CyclotomicField.instField.{0} (@OfNat.ofNat.{0} Nat (nat_lit 3) (instOfNatNat (nat_lit 3))) Rat
                        Rat.instField)))
                  M)
                (@Ideal.Quotient.commRing.{0} OAI.SevenEighths.HeckeFamily.O
                  (@NumberField.instCommRingRingOfIntegers.{0} OAI.SevenEighths.HeckeFamily.K
                    (@CyclotomicField.instField.{0} (@OfNat.ofNat.{0} Nat (nat_lit 3) (instOfNatNat (nat_lit 3))) Rat
                      Rat.instField))
                  M))
              Complex
              (@CommGroupWithZero.toCommMonoidWithZero.{0} Complex
                (@Semifield.toCommGroupWithZero.{0} Complex (@Field.toSemifield.{0} Complex Complex.instField)))) =>
        @Membership.mem.{0, 0}
          (@MulChar.{0, 0}
            (@HasQuotient.Quotient.{0, 0} OAI.SevenEighths.HeckeFamily.O
              (@Ideal.{0} OAI.SevenEighths.HeckeFamily.O
                (@CommSemiring.toSemiring.{0} OAI.SevenEighths.HeckeFamily.O
                  (@CommRing.toCommSemiring.{0} OAI.SevenEighths.HeckeFamily.O
                    (@NumberField.instCommRingRingOfIntegers.{0} OAI.SevenEighths.HeckeFamily.K
                      (@CyclotomicField.instField.{0} (@OfNat.ofNat.{0} Nat (nat_lit 3) (instOfNatNat (nat_lit 3))) Rat
                        Rat.instField)))))
              (@Ideal.instHasQuotient_1.{0} OAI.SevenEighths.HeckeFamily.O
                (@NumberField.instCommRingRingOfIntegers.{0} OAI.SevenEighths.HeckeFamily.K
                  (@CyclotomicField.instField.{0} (@OfNat.ofNat.{0} Nat (nat_lit 3) (instOfNatNat (nat_lit 3))) Rat
                    Rat.instField)))
              M)
            (@CommRing.toCommMonoid.{0}
              (@HasQuotient.Quotient.{0, 0} OAI.SevenEighths.HeckeFamily.O
                (@Ideal.{0} OAI.SevenEighths.HeckeFamily.O
                  (@CommSemiring.toSemiring.{0} OAI.SevenEighths.HeckeFamily.O
                    (@CommRing.toCommSemiring.{0} OAI.SevenEighths.HeckeFamily.O
                      (@NumberField.instCommRingRingOfIntegers.{0} OAI.SevenEighths.HeckeFamily.K
                        (@CyclotomicField.instField.{0} (@OfNat.ofNat.{0} Nat (nat_lit 3) (instOfNatNat (nat_lit 3)))
                          Rat Rat.instField)))))
                (@Ideal.instHasQuotient_1.{0} OAI.SevenEighths.HeckeFamily.O
                  (@NumberField.instCommRingRingOfIntegers.{0} OAI.SevenEighths.HeckeFamily.K
                    (@CyclotomicField.instField.{0} (@OfNat.ofNat.{0} Nat (nat_lit 3) (instOfNatNat (nat_lit 3))) Rat
                      Rat.instField)))
                M)
              (@Ideal.Quotient.commRing.{0} OAI.SevenEighths.HeckeFamily.O
                (@NumberField.instCommRingRingOfIntegers.{0} OAI.SevenEighths.HeckeFamily.K
                  (@CyclotomicField.instField.{0} (@OfNat.ofNat.{0} Nat (nat_lit 3) (instOfNatNat (nat_lit 3))) Rat
                    Rat.instField))
                M))
            Complex
            (@CommGroupWithZero.toCommMonoidWithZero.{0} Complex
              (@Semifield.toCommGroupWithZero.{0} Complex (@Field.toSemifield.{0} Complex Complex.instField))))
          (@Subgroup.{0}
            (@MulChar.{0, 0}
              (@HasQuotient.Quotient.{0, 0} OAI.SevenEighths.HeckeFamily.O
                (@Ideal.{0} OAI.SevenEighths.HeckeFamily.O
                  (@CommSemiring.toSemiring.{0} OAI.SevenEighths.HeckeFamily.O
                    (@CommRing.toCommSemiring.{0} OAI.SevenEighths.HeckeFamily.O
                      (@NumberField.instCommRingRingOfIntegers.{0} OAI.SevenEighths.HeckeFamily.K
                        (@CyclotomicField.instField.{0} (@OfNat.ofNat.{0} Nat (nat_lit 3) (instOfNatNat (nat_lit 3)))
                          Rat Rat.instField)))))
                (@Ideal.instHasQuotient_1.{0} OAI.SevenEighths.HeckeFamily.O
                  (@NumberField.instCommRingRingOfIntegers.{0} OAI.SevenEighths.HeckeFamily.K
                    (@CyclotomicField.instField.{0} (@OfNat.ofNat.{0} Nat (nat_lit 3) (instOfNatNat (nat_lit 3))) Rat
                      Rat.instField)))
                M)
              (@CommRing.toCommMonoid.{0}
                (@HasQuotient.Quotient.{0, 0} OAI.SevenEighths.HeckeFamily.O
                  (@Ideal.{0} OAI.SevenEighths.HeckeFamily.O
                    (@CommSemiring.toSemiring.{0} OAI.SevenEighths.HeckeFamily.O
                      (@CommRing.toCommSemiring.{0} OAI.SevenEighths.HeckeFamily.O
                        (@NumberField.instCommRingRingOfIntegers.{0} OAI.SevenEighths.HeckeFamily.K
                          (@CyclotomicField.instField.{0} (@OfNat.ofNat.{0} Nat (nat_lit 3) (instOfNatNat (nat_lit 3)))
                            Rat Rat.instField)))))
                  (@Ideal.instHasQuotient_1.{0} OAI.SevenEighths.HeckeFamily.O
                    (@NumberField.instCommRingRingOfIntegers.{0} OAI.SevenEighths.HeckeFamily.K
                      (@CyclotomicField.instField.{0} (@OfNat.ofNat.{0} Nat (nat_lit 3) (instOfNatNat (nat_lit 3))) Rat
                        Rat.instField)))
                  M)
                (@Ideal.Quotient.commRing.{0} OAI.SevenEighths.HeckeFamily.O
                  (@NumberField.instCommRingRingOfIntegers.{0} OAI.SevenEighths.HeckeFamily.K
                    (@CyclotomicField.instField.{0} (@OfNat.ofNat.{0} Nat (nat_lit 3) (instOfNatNat (nat_lit 3))) Rat
                      Rat.instField))
                  M))
              Complex
              (@CommGroupWithZero.toCommMonoidWithZero.{0} Complex
                (@Semifield.toCommGroupWithZero.{0} Complex (@Field.toSemifield.{0} Complex Complex.instField))))
            (@CommGroup.toGroup.{0}
              (@MulChar.{0, 0}
                (@HasQuotient.Quotient.{0, 0} OAI.SevenEighths.HeckeFamily.O
                  (@Ideal.{0} OAI.SevenEighths.HeckeFamily.O
                    (@CommSemiring.toSemiring.{0} OAI.SevenEighths.HeckeFamily.O
                      (@CommRing.toCommSemiring.{0} OAI.SevenEighths.HeckeFamily.O
                        (@NumberField.instCommRingRingOfIntegers.{0} OAI.SevenEighths.HeckeFamily.K
                          (@CyclotomicField.instField.{0} (@OfNat.ofNat.{0} Nat (nat_lit 3) (instOfNatNat (nat_lit 3)))
                            Rat Rat.instField)))))
                  (@Ideal.instHasQuotient_1.{0} OAI.SevenEighths.HeckeFamily.O
                    (@NumberField.instCommRingRingOfIntegers.{0} OAI.SevenEighths.HeckeFamily.K
                      (@CyclotomicField.instField.{0} (@OfNat.ofNat.{0} Nat (nat_lit 3) (instOfNatNat (nat_lit 3))) Rat
                        Rat.instField)))
                  M)
                (@CommRing.toCommMonoid.{0}
                  (@HasQuotient.Quotient.{0, 0} OAI.SevenEighths.HeckeFamily.O
                    (@Ideal.{0} OAI.SevenEighths.HeckeFamily.O
                      (@CommSemiring.toSemiring.{0} OAI.SevenEighths.HeckeFamily.O
                        (@CommRing.toCommSemiring.{0} OAI.SevenEighths.HeckeFamily.O
                          (@NumberField.instCommRingRingOfIntegers.{0} OAI.SevenEighths.HeckeFamily.K
                            (@CyclotomicField.instField.{0}
                              (@OfNat.ofNat.{0} Nat (nat_lit 3) (instOfNatNat (nat_lit 3))) Rat Rat.instField)))))
                    (@Ideal.instHasQuotient_1.{0} OAI.SevenEighths.HeckeFamily.O
                      (@NumberField.instCommRingRingOfIntegers.{0} OAI.SevenEighths.HeckeFamily.K
                        (@CyclotomicField.instField.{0} (@OfNat.ofNat.{0} Nat (nat_lit 3) (instOfNatNat (nat_lit 3)))
                          Rat Rat.instField)))
                    M)
                  (@Ideal.Quotient.commRing.{0} OAI.SevenEighths.HeckeFamily.O
                    (@NumberField.instCommRingRingOfIntegers.{0} OAI.SevenEighths.HeckeFamily.K
                      (@CyclotomicField.instField.{0} (@OfNat.ofNat.{0} Nat (nat_lit 3) (instOfNatNat (nat_lit 3))) Rat
                        Rat.instField))
                    M))
                Complex
                (@CommGroupWithZero.toCommMonoidWithZero.{0} Complex
                  (@Semifield.toCommGroupWithZero.{0} Complex (@Field.toSemifield.{0} Complex Complex.instField))))
              (@MulChar.commGroup.{0, 0}
                (@HasQuotient.Quotient.{0, 0} OAI.SevenEighths.HeckeFamily.O
                  (@Ideal.{0} OAI.SevenEighths.HeckeFamily.O
                    (@CommSemiring.toSemiring.{0} OAI.SevenEighths.HeckeFamily.O
                      (@CommRing.toCommSemiring.{0} OAI.SevenEighths.HeckeFamily.O
                        (@NumberField.instCommRingRingOfIntegers.{0} OAI.SevenEighths.HeckeFamily.K
                          (@CyclotomicField.instField.{0} (@OfNat.ofNat.{0} Nat (nat_lit 3) (instOfNatNat (nat_lit 3)))
                            Rat Rat.instField)))))
                  (@Ideal.instHasQuotient_1.{0} OAI.SevenEighths.HeckeFamily.O
                    (@NumberField.instCommRingRingOfIntegers.{0} OAI.SevenEighths.HeckeFamily.K
                      (@CyclotomicField.instField.{0} (@OfNat.ofNat.{0} Nat (nat_lit 3) (instOfNatNat (nat_lit 3))) Rat
                        Rat.instField)))
                  M)
                (@CommRing.toCommMonoid.{0}
                  (@HasQuotient.Quotient.{0, 0} OAI.SevenEighths.HeckeFamily.O
                    (@Ideal.{0} OAI.SevenEighths.HeckeFamily.O
                      (@CommSemiring.toSemiring.{0} OAI.SevenEighths.HeckeFamily.O
                        (@CommRing.toCommSemiring.{0} OAI.SevenEighths.HeckeFamily.O
                          (@NumberField.instCommRingRingOfIntegers.{0} OAI.SevenEighths.HeckeFamily.K
                            (@CyclotomicField.instField.{0}
                              (@OfNat.ofNat.{0} Nat (nat_lit 3) (instOfNatNat (nat_lit 3))) Rat Rat.instField)))))
                    (@Ideal.instHasQuotient_1.{0} OAI.SevenEighths.HeckeFamily.O
                      (@NumberField.instCommRingRingOfIntegers.{0} OAI.SevenEighths.HeckeFamily.K
                        (@CyclotomicField.instField.{0} (@OfNat.ofNat.{0} Nat (nat_lit 3) (instOfNatNat (nat_lit 3)))
                          Rat Rat.instField)))
                    M)
                  (@Ideal.Quotient.commRing.{0} OAI.SevenEighths.HeckeFamily.O
                    (@NumberField.instCommRingRingOfIntegers.{0} OAI.SevenEighths.HeckeFamily.K
                      (@CyclotomicField.instField.{0} (@OfNat.ofNat.{0} Nat (nat_lit 3) (instOfNatNat (nat_lit 3))) Rat
                        Rat.instField))
                    M))
                Complex
                (@CommGroupWithZero.toCommMonoidWithZero.{0} Complex
                  (@Semifield.toCommGroupWithZero.{0} Complex (@Field.toSemifield.{0} Complex Complex.instField))))))
          (@SetLike.instMembership.{0, 0}
            (@Subgroup.{0}
              (@MulChar.{0, 0}
                (@HasQuotient.Quotient.{0, 0} OAI.SevenEighths.HeckeFamily.O
                  (@Ideal.{0} OAI.SevenEighths.HeckeFamily.O
                    (@CommSemiring.toSemiring.{0} OAI.SevenEighths.HeckeFamily.O
                      (@CommRing.toCommSemiring.{0} OAI.SevenEighths.HeckeFamily.O
                        (@NumberField.instCommRingRingOfIntegers.{0} OAI.SevenEighths.HeckeFamily.K
                          (@CyclotomicField.instField.{0} (@OfNat.ofNat.{0} Nat (nat_lit 3) (instOfNatNat (nat_lit 3)))
                            Rat Rat.instField)))))
                  (@Ideal.instHasQuotient_1.{0} OAI.SevenEighths.HeckeFamily.O
                    (@NumberField.instCommRingRingOfIntegers.{0} OAI.SevenEighths.HeckeFamily.K
                      (@CyclotomicField.instField.{0} (@OfNat.ofNat.{0} Nat (nat_lit 3) (instOfNatNat (nat_lit 3))) Rat
                        Rat.instField)))
                  M)
                (@CommRing.toCommMonoid.{0}
                  (@HasQuotient.Quotient.{0, 0} OAI.SevenEighths.HeckeFamily.O
                    (@Ideal.{0} OAI.SevenEighths.HeckeFamily.O
                      (@CommSemiring.toSemiring.{0} OAI.SevenEighths.HeckeFamily.O
                        (@CommRing.toCommSemiring.{0} OAI.SevenEighths.HeckeFamily.O
                          (@NumberField.instCommRingRingOfIntegers.{0} OAI.SevenEighths.HeckeFamily.K
                            (@CyclotomicField.instField.{0}
                              (@OfNat.ofNat.{0} Nat (nat_lit 3) (instOfNatNat (nat_lit 3))) Rat Rat.instField)))))
                    (@Ideal.instHasQuotient_1.{0} OAI.SevenEighths.HeckeFamily.O
                      (@NumberField.instCommRingRingOfIntegers.{0} OAI.SevenEighths.HeckeFamily.K
                        (@CyclotomicField.instField.{0} (@OfNat.ofNat.{0} Nat (nat_lit 3) (instOfNatNat (nat_lit 3)))
                          Rat Rat.instField)))
                    M)
                  (@Ideal.Quotient.commRing.{0} OAI.SevenEighths.HeckeFamily.O
                    (@NumberField.instCommRingRingOfIntegers.{0} OAI.SevenEighths.HeckeFamily.K
                      (@CyclotomicField.instField.{0} (@OfNat.ofNat.{0} Nat (nat_lit 3) (instOfNatNat (nat_lit 3))) Rat
                        Rat.instField))
                    M))
                Complex
                (@CommGroupWithZero.toCommMonoidWithZero.{0} Complex
                  (@Semifield.toCommGroupWithZero.{0} Complex (@Field.toSemifield.{0} Complex Complex.instField))))
              (@CommGroup.toGroup.{0}
                (@MulChar.{0, 0}
                  (@HasQuotient.Quotient.{0, 0} OAI.SevenEighths.HeckeFamily.O
                    (@Ideal.{0} OAI.SevenEighths.HeckeFamily.O
                      (@CommSemiring.toSemiring.{0} OAI.SevenEighths.HeckeFamily.O
                        (@CommRing.toCommSemiring.{0} OAI.SevenEighths.HeckeFamily.O
                          (@NumberField.instCommRingRingOfIntegers.{0} OAI.SevenEighths.HeckeFamily.K
                            (@CyclotomicField.instField.{0}
                              (@OfNat.ofNat.{0} Nat (nat_lit 3) (instOfNatNat (nat_lit 3))) Rat Rat.instField)))))
                    (@Ideal.instHasQuotient_1.{0} OAI.SevenEighths.HeckeFamily.O
                      (@NumberField.instCommRingRingOfIntegers.{0} OAI.SevenEighths.HeckeFamily.K
                        (@CyclotomicField.instField.{0} (@OfNat.ofNat.{0} Nat (nat_lit 3) (instOfNatNat (nat_lit 3)))
                          Rat Rat.instField)))
                    M)
                  (@CommRing.toCommMonoid.{0}
                    (@HasQuotient.Quotient.{0, 0} OAI.SevenEighths.HeckeFamily.O
                      (@Ideal.{0} OAI.SevenEighths.HeckeFamily.O
                        (@CommSemiring.toSemiring.{0} OAI.SevenEighths.HeckeFamily.O
                          (@CommRing.toCommSemiring.{0} OAI.SevenEighths.HeckeFamily.O
                            (@NumberField.instCommRingRingOfIntegers.{0} OAI.SevenEighths.HeckeFamily.K
                              (@CyclotomicField.instField.{0}
                                (@OfNat.ofNat.{0} Nat (nat_lit 3) (instOfNatNat (nat_lit 3))) Rat Rat.instField)))))
                      (@Ideal.instHasQuotient_1.{0} OAI.SevenEighths.HeckeFamily.O
                        (@NumberField.instCommRingRingOfIntegers.{0} OAI.SevenEighths.HeckeFamily.K
                          (@CyclotomicField.instField.{0} (@OfNat.ofNat.{0} Nat (nat_lit 3) (instOfNatNat (nat_lit 3)))
                            Rat Rat.instField)))
                      M)
                    (@Ideal.Quotient.commRing.{0} OAI.SevenEighths.HeckeFamily.O
                      (@NumberField.instCommRingRingOfIntegers.{0} OAI.SevenEighths.HeckeFamily.K
                        (@CyclotomicField.instField.{0} (@OfNat.ofNat.{0} Nat (nat_lit 3) (instOfNatNat (nat_lit 3)))
                          Rat Rat.instField))
                      M))
                  Complex
                  (@CommGroupWithZero.toCommMonoidWithZero.{0} Complex
                    (@Semifield.toCommGroupWithZero.{0} Complex (@Field.toSemifield.{0} Complex Complex.instField))))
                (@MulChar.commGroup.{0, 0}
                  (@HasQuotient.Quotient.{0, 0} OAI.SevenEighths.HeckeFamily.O
                    (@Ideal.{0} OAI.SevenEighths.HeckeFamily.O
                      (@CommSemiring.toSemiring.{0} OAI.SevenEighths.HeckeFamily.O
                        (@CommRing.toCommSemiring.{0} OAI.SevenEighths.HeckeFamily.O
                          (@NumberField.instCommRingRingOfIntegers.{0} OAI.SevenEighths.HeckeFamily.K
                            (@CyclotomicField.instField.{0}
                              (@OfNat.ofNat.{0} Nat (nat_lit 3) (instOfNatNat (nat_lit 3))) Rat Rat.instField)))))
                    (@Ideal.instHasQuotient_1.{0} OAI.SevenEighths.HeckeFamily.O
                      (@NumberField.instCommRingRingOfIntegers.{0} OAI.SevenEighths.HeckeFamily.K
                        (@CyclotomicField.instField.{0} (@OfNat.ofNat.{0} Nat (nat_lit 3) (instOfNatNat (nat_lit 3)))
                          Rat Rat.instField)))
                    M)
                  (@CommRing.toCommMonoid.{0}
                    (@HasQuotient.Quotient.{0, 0} OAI.SevenEighths.HeckeFamily.O
                      (@Ideal.{0} OAI.SevenEighths.HeckeFamily.O
                        (@CommSemiring.toSemiring.{0} OAI.SevenEighths.HeckeFamily.O
                          (@CommRing.toCommSemiring.{0} OAI.SevenEighths.HeckeFamily.O
                            (@NumberField.instCommRingRingOfIntegers.{0} OAI.SevenEighths.HeckeFamily.K
                              (@CyclotomicField.instField.{0}
                                (@OfNat.ofNat.{0} Nat (nat_lit 3) (instOfNatNat (nat_lit 3))) Rat Rat.instField)))))
                      (@Ideal.instHasQuotient_1.{0} OAI.SevenEighths.HeckeFamily.O
                        (@NumberField.instCommRingRingOfIntegers.{0} OAI.SevenEighths.HeckeFamily.K
                          (@CyclotomicField.instField.{0} (@OfNat.ofNat.{0} Nat (nat_lit 3) (instOfNatNat (nat_lit 3)))
                            Rat Rat.instField)))
                      M)
                    (@Ideal.Quotient.commRing.{0} OAI.SevenEighths.HeckeFamily.O
                      (@NumberField.instCommRingRingOfIntegers.{0} OAI.SevenEighths.HeckeFamily.K
                        (@CyclotomicField.instField.{0} (@OfNat.ofNat.{0} Nat (nat_lit 3) (instOfNatNat (nat_lit 3)))
                          Rat Rat.instField))
                      M))
                  Complex
                  (@CommGroupWithZero.toCommMonoidWithZero.{0} Complex
                    (@Semifield.toCommGroupWithZero.{0} Complex (@Field.toSemifield.{0} Complex Complex.instField))))))
            (@MulChar.{0, 0}
              (@HasQuotient.Quotient.{0, 0} OAI.SevenEighths.HeckeFamily.O
                (@Ideal.{0} OAI.SevenEighths.HeckeFamily.O
                  (@CommSemiring.toSemiring.{0} OAI.SevenEighths.HeckeFamily.O
                    (@CommRing.toCommSemiring.{0} OAI.SevenEighths.HeckeFamily.O
                      (@NumberField.instCommRingRingOfIntegers.{0} OAI.SevenEighths.HeckeFamily.K
                        (@CyclotomicField.instField.{0} (@OfNat.ofNat.{0} Nat (nat_lit 3) (instOfNatNat (nat_lit 3)))
                          Rat Rat.instField)))))
                (@Ideal.instHasQuotient_1.{0} OAI.SevenEighths.HeckeFamily.O
                  (@NumberField.instCommRingRingOfIntegers.{0} OAI.SevenEighths.HeckeFamily.K
                    (@CyclotomicField.instField.{0} (@OfNat.ofNat.{0} Nat (nat_lit 3) (instOfNatNat (nat_lit 3))) Rat
                      Rat.instField)))
                M)
              (@CommRing.toCommMonoid.{0}
                (@HasQuotient.Quotient.{0, 0} OAI.SevenEighths.HeckeFamily.O
                  (@Ideal.{0} OAI.SevenEighths.HeckeFamily.O
                    (@CommSemiring.toSemiring.{0} OAI.SevenEighths.HeckeFamily.O
                      (@CommRing.toCommSemiring.{0} OAI.SevenEighths.HeckeFamily.O
                        (@NumberField.instCommRingRingOfIntegers.{0} OAI.SevenEighths.HeckeFamily.K
                          (@CyclotomicField.instField.{0} (@OfNat.ofNat.{0} Nat (nat_lit 3) (instOfNatNat (nat_lit 3)))
                            Rat Rat.instField)))))
                  (@Ideal.instHasQuotient_1.{0} OAI.SevenEighths.HeckeFamily.O
                    (@NumberField.instCommRingRingOfIntegers.{0} OAI.SevenEighths.HeckeFamily.K
                      (@CyclotomicField.instField.{0} (@OfNat.ofNat.{0} Nat (nat_lit 3) (instOfNatNat (nat_lit 3))) Rat
                        Rat.instField)))
                  M)
                (@Ideal.Quotient.commRing.{0} OAI.SevenEighths.HeckeFamily.O
                  (@NumberField.instCommRingRingOfIntegers.{0} OAI.SevenEighths.HeckeFamily.K
                    (@CyclotomicField.instField.{0} (@OfNat.ofNat.{0} Nat (nat_lit 3) (instOfNatNat (nat_lit 3))) Rat
                      Rat.instField))
                  M))
              Complex
              (@CommGroupWithZero.toCommMonoidWithZero.{0} Complex
                (@Semifield.toCommGroupWithZero.{0} Complex (@Field.toSemifield.{0} Complex Complex.instField))))
            (@Subgroup.instSetLike.{0}
              (@MulChar.{0, 0}
                (@HasQuotient.Quotient.{0, 0} OAI.SevenEighths.HeckeFamily.O
                  (@Ideal.{0} OAI.SevenEighths.HeckeFamily.O
                    (@CommSemiring.toSemiring.{0} OAI.SevenEighths.HeckeFamily.O
                      (@CommRing.toCommSemiring.{0} OAI.SevenEighths.HeckeFamily.O
                        (@NumberField.instCommRingRingOfIntegers.{0} OAI.SevenEighths.HeckeFamily.K
                          (@CyclotomicField.instField.{0} (@OfNat.ofNat.{0} Nat (nat_lit 3) (instOfNatNat (nat_lit 3)))
                            Rat Rat.instField)))))
                  (@Ideal.instHasQuotient_1.{0} OAI.SevenEighths.HeckeFamily.O
                    (@NumberField.instCommRingRingOfIntegers.{0} OAI.SevenEighths.HeckeFamily.K
                      (@CyclotomicField.instField.{0} (@OfNat.ofNat.{0} Nat (nat_lit 3) (instOfNatNat (nat_lit 3))) Rat
                        Rat.instField)))
                  M)
                (@CommRing.toCommMonoid.{0}
                  (@HasQuotient.Quotient.{0, 0} OAI.SevenEighths.HeckeFamily.O
                    (@Ideal.{0} OAI.SevenEighths.HeckeFamily.O
                      (@CommSemiring.toSemiring.{0} OAI.SevenEighths.HeckeFamily.O
                        (@CommRing.toCommSemiring.{0} OAI.SevenEighths.HeckeFamily.O
                          (@NumberField.instCommRingRingOfIntegers.{0} OAI.SevenEighths.HeckeFamily.K
                            (@CyclotomicField.instField.{0}
                              (@OfNat.ofNat.{0} Nat (nat_lit 3) (instOfNatNat (nat_lit 3))) Rat Rat.instField)))))
                    (@Ideal.instHasQuotient_1.{0} OAI.SevenEighths.HeckeFamily.O
                      (@NumberField.instCommRingRingOfIntegers.{0} OAI.SevenEighths.HeckeFamily.K
                        (@CyclotomicField.instField.{0} (@OfNat.ofNat.{0} Nat (nat_lit 3) (instOfNatNat (nat_lit 3)))
                          Rat Rat.instField)))
                    M)
                  (@Ideal.Quotient.commRing.{0} OAI.SevenEighths.HeckeFamily.O
                    (@NumberField.instCommRingRingOfIntegers.{0} OAI.SevenEighths.HeckeFamily.K
                      (@CyclotomicField.instField.{0} (@OfNat.ofNat.{0} Nat (nat_lit 3) (instOfNatNat (nat_lit 3))) Rat
                        Rat.instField))
                    M))
                Complex
                (@CommGroupWithZero.toCommMonoidWithZero.{0} Complex
                  (@Semifield.toCommGroupWithZero.{0} Complex (@Field.toSemifield.{0} Complex Complex.instField))))
              (@CommGroup.toGroup.{0}
                (@MulChar.{0, 0}
                  (@HasQuotient.Quotient.{0, 0} OAI.SevenEighths.HeckeFamily.O
                    (@Ideal.{0} OAI.SevenEighths.HeckeFamily.O
                      (@CommSemiring.toSemiring.{0} OAI.SevenEighths.HeckeFamily.O
                        (@CommRing.toCommSemiring.{0} OAI.SevenEighths.HeckeFamily.O
                          (@NumberField.instCommRingRingOfIntegers.{0} OAI.SevenEighths.HeckeFamily.K
                            (@CyclotomicField.instField.{0}
                              (@OfNat.ofNat.{0} Nat (nat_lit 3) (instOfNatNat (nat_lit 3))) Rat Rat.instField)))))
                    (@Ideal.instHasQuotient_1.{0} OAI.SevenEighths.HeckeFamily.O
                      (@NumberField.instCommRingRingOfIntegers.{0} OAI.SevenEighths.HeckeFamily.K
                        (@CyclotomicField.instField.{0} (@OfNat.ofNat.{0} Nat (nat_lit 3) (instOfNatNat (nat_lit 3)))
                          Rat Rat.instField)))
                    M)
                  (@CommRing.toCommMonoid.{0}
                    (@HasQuotient.Quotient.{0, 0} OAI.SevenEighths.HeckeFamily.O
                      (@Ideal.{0} OAI.SevenEighths.HeckeFamily.O
                        (@CommSemiring.toSemiring.{0} OAI.SevenEighths.HeckeFamily.O
                          (@CommRing.toCommSemiring.{0} OAI.SevenEighths.HeckeFamily.O
                            (@NumberField.instCommRingRingOfIntegers.{0} OAI.SevenEighths.HeckeFamily.K
                              (@CyclotomicField.instField.{0}
                                (@OfNat.ofNat.{0} Nat (nat_lit 3) (instOfNatNat (nat_lit 3))) Rat Rat.instField)))))
                      (@Ideal.instHasQuotient_1.{0} OAI.SevenEighths.HeckeFamily.O
                        (@NumberField.instCommRingRingOfIntegers.{0} OAI.SevenEighths.HeckeFamily.K
                          (@CyclotomicField.instField.{0} (@OfNat.ofNat.{0} Nat (nat_lit 3) (instOfNatNat (nat_lit 3)))
                            Rat Rat.instField)))
                      M)
                    (@Ideal.Quotient.commRing.{0} OAI.SevenEighths.HeckeFamily.O
                      (@NumberField.instCommRingRingOfIntegers.{0} OAI.SevenEighths.HeckeFamily.K
                        (@CyclotomicField.instField.{0} (@OfNat.ofNat.{0} Nat (nat_lit 3) (instOfNatNat (nat_lit 3)))
                          Rat Rat.instField))
                      M))
                  Complex
                  (@CommGroupWithZero.toCommMonoidWithZero.{0} Complex
                    (@Semifield.toCommGroupWithZero.{0} Complex (@Field.toSemifield.{0} Complex Complex.instField))))
                (@MulChar.commGroup.{0, 0}
                  (@HasQuotient.Quotient.{0, 0} OAI.SevenEighths.HeckeFamily.O
                    (@Ideal.{0} OAI.SevenEighths.HeckeFamily.O
                      (@CommSemiring.toSemiring.{0} OAI.SevenEighths.HeckeFamily.O
                        (@CommRing.toCommSemiring.{0} OAI.SevenEighths.HeckeFamily.O
                          (@NumberField.instCommRingRingOfIntegers.{0} OAI.SevenEighths.HeckeFamily.K
                            (@CyclotomicField.instField.{0}
                              (@OfNat.ofNat.{0} Nat (nat_lit 3) (instOfNatNat (nat_lit 3))) Rat Rat.instField)))))
                    (@Ideal.instHasQuotient_1.{0} OAI.SevenEighths.HeckeFamily.O
                      (@NumberField.instCommRingRingOfIntegers.{0} OAI.SevenEighths.HeckeFamily.K
                        (@CyclotomicField.instField.{0} (@OfNat.ofNat.{0} Nat (nat_lit 3) (instOfNatNat (nat_lit 3)))
                          Rat Rat.instField)))
                    M)
                  (@CommRing.toCommMonoid.{0}
                    (@HasQuotient.Quotient.{0, 0} OAI.SevenEighths.HeckeFamily.O
                      (@Ideal.{0} OAI.SevenEighths.HeckeFamily.O
                        (@CommSemiring.toSemiring.{0} OAI.SevenEighths.HeckeFamily.O
                          (@CommRing.toCommSemiring.{0} OAI.SevenEighths.HeckeFamily.O
                            (@NumberField.instCommRingRingOfIntegers.{0} OAI.SevenEighths.HeckeFamily.K
                              (@CyclotomicField.instField.{0}
                                (@OfNat.ofNat.{0} Nat (nat_lit 3) (instOfNatNat (nat_lit 3))) Rat Rat.instField)))))
                      (@Ideal.instHasQuotient_1.{0} OAI.SevenEighths.HeckeFamily.O
                        (@NumberField.instCommRingRingOfIntegers.{0} OAI.SevenEighths.HeckeFamily.K
                          (@CyclotomicField.instField.{0} (@OfNat.ofNat.{0} Nat (nat_lit 3) (instOfNatNat (nat_lit 3)))
                            Rat Rat.instField)))
                      M)
                    (@Ideal.Quotient.commRing.{0} OAI.SevenEighths.HeckeFamily.O
                      (@NumberField.instCommRingRingOfIntegers.{0} OAI.SevenEighths.HeckeFamily.K
                        (@CyclotomicField.instField.{0} (@OfNat.ofNat.{0} Nat (nat_lit 3) (instOfNatNat (nat_lit 3)))
                          Rat Rat.instField))
                      M))
                  Complex
                  (@CommGroupWithZero.toCommMonoidWithZero.{0} Complex
                    (@Semifield.toCommGroupWithZero.{0} Complex (@Field.toSemifield.{0} Complex Complex.instField)))))))
          (@OAI.SevenEighths.RayQuotient.Characters.{0} OAI.SevenEighths.HeckeFamily.O
            (@NumberField.instCommRingRingOfIntegers.{0} OAI.SevenEighths.HeckeFamily.K
              (@CyclotomicField.instField.{0} (@OfNat.ofNat.{0} Nat (nat_lit 3) (instOfNatNat (nat_lit 3))) Rat
                Rat.instField))
            M (@OAI.SevenEighths.CenteredMomentEnergyPositiveHighSource.instFiniteQuotientOIdeal M inst_1) H)
          x)
  (W : Real → Complex)
  (hW :
    @Continuous.{0, 0} Real Complex
      (@UniformSpace.toTopologicalSpace.{0} Real (@PseudoMetricSpace.toUniformSpace.{0} Real Real.pseudoMetricSpace))
      (@UniformSpace.toTopologicalSpace.{0} Complex
        (@PseudoMetricSpace.toUniformSpace.{0} Complex
          (@SeminormedRing.toPseudoMetricSpace.{0} Complex
            (@SeminormedCommRing.toSeminormedRing.{0} Complex
              (@NormedCommRing.toSeminormedCommRing.{0} Complex
                (@CommCStarAlgebra.toNormedCommRing.{0} Complex instCommCStarAlgebraComplex))))))
      W)
  (aslot bslot lo hi : Real)
  (haslot :
    @LT.lt.{0} Real Real.instLT (@OfNat.ofNat.{0} Real (nat_lit 0) (@Zero.toOfNat0.{0} Real Real.instZero)) aslot)
  (hWs :
    @LE.le.{0} (Set.{0} Real) (@Set.instLE.{0} Real) (@Function.support.{0, 0} Real Complex Complex.instZero W)
      (@Set.Icc.{0} Real Real.instPreorder aslot bslot))
  (w σ freq : α → Real)
  (hσ :
    ∀ (i : α),
      @Membership.mem.{0, 0} Real (Set.{0} Real) (@Set.instMembership.{0} Real)
        (@Set.Icc.{0} Real Real.instPreorder lo hi) (σ i))
  {Z Bmask bΦ a b : Real} (s : OAI.SevenEighths.CenteredMomentEnergyState.NaturalState Z Bmask bΦ)
  (p : OAI.SevenEighths.CenteredMomentFiniteProfileExceptional.Profiles a b)
  (ha : @LT.lt.{0} Real Real.instLT (@OfNat.ofNat.{0} Real (nat_lit 0) (@Zero.toOfNat0.{0} Real Real.instZero)) a)
  (t X₁ X₂ : Real)
  (hX₁ : @LT.lt.{0} Real Real.instLT (@OfNat.ofNat.{0} Real (nat_lit 0) (@Zero.toOfNat0.{0} Real Real.instZero)) X₁)
  (hX₂ : @LT.lt.{0} Real Real.instLT (@OfNat.ofNat.{0} Real (nat_lit 0) (@Zero.toOfNat0.{0} Real Real.instZero)) X₂)
  (κ Mcap : Real)
  (hZ : @LT.lt.{0} Real Real.instLT (@OfNat.ofNat.{0} Real (nat_lit 1) (@One.toOfNat1.{0} Real Real.instOne)) Z)
  (hw :
    ∀ (i : α),
      @LE.le.{0} Real Real.instLE (@OfNat.ofNat.{0} Real (nat_lit 0) (@Zero.toOfNat0.{0} Real Real.instZero)) (w i))
  (hκ :
    @LE.le.{0} Real Real.instLE
      (@HDiv.hDiv.{0, 0, 0} Real Real Real (@instHDiv.{0} Real (@DivInvMonoid.toDiv.{0} Real Real.instDivInvMonoid))
        (@OfNat.ofNat.{0} Real (nat_lit 1) (@One.toOfNat1.{0} Real Real.instOne))
        (@OfNat.ofNat.{0} Real (nat_lit 6)
          (@instOfNatAtLeastTwo.{0} Real (nat_lit 6) Real.instNatCast
            (@Nat.instAtLeastTwoHAddOfNat (@OfNat.ofNat.{0} Nat (nat_lit 5) (instOfNatNat (nat_lit 5)))
              (@Nat.instNeZeroSucc (@OfNat.ofNat.{0} Nat (nat_lit 4) (instOfNatNat (nat_lit 4))))))))
      κ)
  (hcap :
    @LE.le.{0} Real Real.instLE
      (@HAdd.hAdd.{0, 0, 0} Real Real Real (@instHAdd.{0} Real Real.instAdd)
        (@HAdd.hAdd.{0, 0, 0} Real Real Real (@instHAdd.{0} Real Real.instAdd)
          (OAI.SevenEighths.CenteredMomentEnergyBands.length Z X₁)
          (OAI.SevenEighths.CenteredMomentEnergyBands.length Z X₂))
        (@HMul.hMul.{0, 0, 0} Real Real Real (@instHMul.{0} Real Real.instMul)
          (@HMul.hMul.{0, 0, 0} Real Real Real (@instHMul.{0} Real Real.instMul)
            (@OfNat.ofNat.{0} Real (nat_lit 6)
              (@instOfNatAtLeastTwo.{0} Real (nat_lit 6) Real.instNatCast
                (@Nat.instAtLeastTwoHAddOfNat (@OfNat.ofNat.{0} Nat (nat_lit 5) (instOfNatNat (nat_lit 5)))
                  (@Nat.instNeZeroSucc (@OfNat.ofNat.{0} Nat (nat_lit 4) (instOfNatNat (nat_lit 4)))))))
            κ)
          (@Finset.sum.{u_1, 0} α Real Real.instAddCommMonoid (@Finset.univ.{u_1} α inst) fun (i : α) => w i)))
      (@OAI.SevenEighths.CenteredMomentEnergyState.NaturalState.width Z Bmask bΦ s))
  (hs : @LE.le.{0} Real Real.instLE (@OAI.SevenEighths.CenteredMomentEnergyState.NaturalState.width Z Bmask bΦ s) Mcap),
  @LE.le.{0} Real Real.instLE
    (@OAI.SevenEighths.CenteredMomentAmplificationChildInput.volume.{u_1} α inst
      (@OAI.SevenEighths.CenteredMomentEnergyPositiveHighSource.balancedInput.{u_1} α inst M inst_1 H hH η₀ θ W hW aslot
        bslot lo hi haslot hWs w σ freq hσ Z Bmask bΦ a b s p ha t X₁ X₂ hX₁ hX₂))
    (@HPow.hPow.{0, 0, 0} Real Real Real (@instHPow.{0, 0} Real Real Real.instPow) Z Mcap)
'OAI.SevenEighths.CenteredMomentEnergyPositiveHighSource.balanced_volume_bound' depends on axioms: [propext,
 Classical.choice.{u},
 Quot.sound.{u}]
@OAI.SevenEighths.CenteredMomentEnergyPositiveHighSource.actual_positive_source_entry.{u_1} : ∀ {α : ⋯} [inst : ⋯] [⋯]
  (M : ⋯) [inst_2 : ⋯] (H : ⋯) (hH : ⋯) (Wslot : ⋯) (aslot bslot lo hi : ⋯) (haslot : ⋯) (hsSlot : ⋯) (hcSlot : ⋯)
  (a b bΦ rho ε Mcap Bmask εdiag ξ saving : ⋯) (ha : ⋯) (hlo : ⋯) (hhi : ⋯) (hbΦ : ⋯) (hrho : ⋯) (hε : ⋯) (hM : ⋯)
  (hBmask : ⋯) (hbslot : ⋯) (hεdiag : ⋯) (hξ : ⋯),
  @Exists.{1} Real fun (d : ⋯) =>
    @Exists.{1} Real fun (xi : ⋯) =>
      @Exists.{1} Real fun (L : ⋯) =>
        And (@LT.lt.{0} Real Real.instLT (@OfNat.ofNat.{0} Real (nat_lit 0) (@Zero.toOfNat0.{0} Real Real.instZero)) d)
          (And
            (@LT.lt.{0} Real Real.instLT (@OfNat.ofNat.{0} Real (nat_lit 0) (@Zero.toOfNat0.{0} Real Real.instZero)) xi)
            (And
              (@LE.le.{0} Real Real.instLE xi
                (@HDiv.hDiv.{0, 0, 0} Real Real Real
                  (@instHDiv.{0} Real (@DivInvMonoid.toDiv.{0} Real Real.instDivInvMonoid)) rho
                  (@OfNat.ofNat.{0} Real (nat_lit 100)
                    (@instOfNatAtLeastTwo.{0} Real (nat_lit 100) Real.instNatCast
                      (@Nat.instAtLeastTwoHAddOfNat (@OfNat.ofNat.{0} Nat (nat_lit 99) (instOfNatNat (nat_lit 99)))
                        (@Nat.instNeZeroSucc (@OfNat.ofNat.{0} Nat (nat_lit 98) (instOfNatNat (nat_lit 98)))))))))
              (And
                (@LE.le.{0} Real Real.instLE
                  (@HAdd.hAdd.{0, 0, 0} Real Real Real (@instHAdd.{0} Real Real.instAdd)
                    (@HAdd.hAdd.{0, 0, 0} Real Real Real (@instHAdd.{0} Real Real.instAdd) Mcap Bmask) xi)
                  L)
                (@Exists.{1}
                  (@SchwartzMap.{0, 0} Real Complex Real.normedAddCommGroup
                    (@InnerProductSpace.toNormedSpace.{0, 0} Real Real Real.instRCLike
                      (@NormedAddCommGroup.toSeminormedAddCommGroup.{0} Real Real.normedAddCommGroup)
                      (@RCLike.toInnerProductSpaceReal.{0} Real Real.instRCLike))
                    Complex.instNormedAddCommGroup
                    (@InnerProductSpace.toNormedSpace.{0, 0} Real Complex Real.instRCLike
                      (@NormedAddCommGroup.toSeminormedAddCommGroup.{0} Complex Complex.instNormedAddCommGroup)
                      instInnerProductSpaceRealComplex))
                  fun (Ψ : ⋯) =>
                  And
                    (@LE.le.{0} (Set.{0} Real) (@Set.instLE.{0} Real)
                      (@Function.support.{0, 0} Real Complex Complex.instZero
                        (@DFunLike.coe.{1, 1, 1}
                          (@SchwartzMap.{0, 0} Real Complex Real.normedAddCommGroup
                            (@InnerProductSpace.toNormedSpace.{0, 0} Real Real Real.instRCLike
                              (@NormedAddCommGroup.toSeminormedAddCommGroup.{0} Real Real.normedAddCommGroup)
                              (@RCLike.toInnerProductSpaceReal.{0} Real Real.instRCLike))
                            Complex.instNormedAddCommGroup
                            (@InnerProductSpace.toNormedSpace.{0, 0} Real Complex Real.instRCLike
                              (@NormedAddCommGroup.toSeminormedAddCommGroup.{0} Complex Complex.instNormedAddCommGroup)
                              instInnerProductSpaceRealComplex))
                          Real (fun (x : Real) => Complex)
                          (@SchwartzMap.instFunLike.{0, 0} Real Complex Real.normedAddCommGroup
                            (@InnerProductSpace.toNormedSpace.{0, 0} Real Real Real.instRCLike
                              (@NormedAddCommGroup.toSeminormedAddCommGroup.{0} Real Real.normedAddCommGroup)
                              (@RCLike.toInnerProductSpaceReal.{0} Real Real.instRCLike))
                            Complex.instNormedAddCommGroup
                            (@InnerProductSpace.toNormedSpace.{0, 0} Real Complex Real.instRCLike
                              (@NormedAddCommGroup.toSeminormedAddCommGroup.{0} Complex Complex.instNormedAddCommGroup)
                              instInnerProductSpaceRealComplex))
                          Ψ))
                      (@Set.Icc.{0} Real Real.instPreorder
                        (@Neg.neg.{0} Real Real.instNeg
                          (@OfNat.ofNat.{0} Real (nat_lit 1) (@One.toOfNat1.{0} Real Real.instOne)))
                        (@HAdd.hAdd.{0, 0, 0} Real Real Real (@instHAdd.{0} Real Real.instAdd) bΦ
                          (@OfNat.ofNat.{0} Real (nat_lit 1) (@One.toOfNat1.{0} Real Real.instOne)))))
                    (And
                      (∀ (x : Real),
                        @LE.le.{0} Real Real.instLE
                          (@OfNat.ofNat.{0} Real (nat_lit 0) (@Zero.toOfNat0.{0} Real Real.instZero))
                          (Complex.re
                            (@DFunLike.coe.{1, 1, 1}
                              (@SchwartzMap.{0, 0} Real Complex Real.normedAddCommGroup
                                (@InnerProductSpace.toNormedSpace.{0, 0} Real Real Real.instRCLike
                                  (@NormedAddCommGroup.toSeminormedAddCommGroup.{0} Real Real.normedAddCommGroup)
                                  (@RCLike.toInnerProductSpaceReal.{0} Real Real.instRCLike))
                                Complex.instNormedAddCommGroup
                                (@InnerProductSpace.toNormedSpace.{0, 0} Real Complex Real.instRCLike
                                  (@NormedAddCommGroup.toSeminormedAddCommGroup.{0} Complex
                                    Complex.instNormedAddCommGroup)
                                  instInnerProductSpaceRealComplex))
                              Real (fun (x : Real) => Complex)
                              (@SchwartzMap.instFunLike.{0, 0} Real Complex Real.normedAddCommGroup
                                (@InnerProductSpace.toNormedSpace.{0, 0} Real Real Real.instRCLike
                                  (@NormedAddCommGroup.toSeminormedAddCommGroup.{0} Real Real.normedAddCommGroup)
                                  (@RCLike.toInnerProductSpaceReal.{0} Real Real.instRCLike))
                                Complex.instNormedAddCommGroup
                                (@InnerProductSpace.toNormedSpace.{0, 0} Real Complex Real.instRCLike
                                  (@NormedAddCommGroup.toSeminormedAddCommGroup.{0} Complex
                                    Complex.instNormedAddCommGroup)
                                  instInnerProductSpaceRealComplex))
                              Ψ x)))
                      (@Exists.{1} (Finset.{0} (Prod.{0, 0} Nat Nat)) fun (Sdiag : ⋯) =>
                        @Exists.{1} (Finset.{0} (Prod.{0, 0} Nat Nat)) fun (Stail : ⋯) =>
                          @Exists.{1} Real fun (Cdiag : ⋯) =>
                            @Exists.{1} Real fun (Ctail : ⋯) =>
                              And
                                (@LT.lt.{0} Real Real.instLT
                                  (@OfNat.ofNat.{0} Real (nat_lit 0) (@Zero.toOfNat0.{0} Real Real.instZero)) Cdiag)
                                (And
                                  (@LT.lt.{0} Real Real.instLT
                                    (@OfNat.ofNat.{0} Real (nat_lit 0) (@Zero.toOfNat0.{0} Real Real.instZero)) Ctail)
                                  (∀ (degree : ⋯) (S : ⋯),
                                    @Exists.{1} Nat fun (J : ⋯) =>
                                      @Exists.{1} (Finset.{0} (Prod.{0, 0} Nat Nat)) fun (U : ⋯) =>
                                        @Exists.{1} Real fun (C : ⋯) =>
                                          And
                                            (@LT.lt.{0} Real Real.instLT
                                              (@OfNat.ofNat.{0} Real (nat_lit 0)
                                                (@Zero.toOfNat0.{0} Real Real.instZero))
                                              C)
                                            (@Filter.Eventually.{0} Real
                                              (fun (Z : ⋯) =>
                                                And
                                                  (@LT.lt.{0} Real Real.instLT
                                                    (@OfNat.ofNat.{0} Real (nat_lit 1)
                                                      (@One.toOfNat1.{0} Real Real.instOne))
                                                    Z)
                                                  (∀ (Lslot κ : ⋯) (η₀ : ⋯) (Q : ⋯) (K : ⋯),
                                                    ⋯ →
                                                      ⋯ →
                                                        ∀ (θ : ⋯) (w σ freq : ⋯) (t height : ⋯),
                                                          ⋯ →
                                                            ⋯ →
                                                              ∀ (hσlo : ⋯) (hσhi : ⋯),
                                                                ⋯ →
                                                                  ⋯ →
                                                                    ⋯ →
                                                                      ∀ (s : ⋯),
                                                                        ⋯ →
                                                                          ⋯ →
                                                                            ⋯ →
                                                                              ∀ (p : ⋯) (X₁ X₂ : ⋯) (hX₁ : ⋯) (hX₂ : ⋯),
                                                                                ⋯ →
                                                                                  ⋯ →
                                                                                    have inp : ⋯ :=
                                                                                      @OAI.SevenEighths.CenteredMomentEnergyPositiveHighSource.balancedInput.{u_1}
                                                                                        α inst M inst_2 H hH η₀ θ Wslot
                                                                                        hcSlot aslot bslot lo hi haslot
                                                                                        hsSlot w σ freq
                                                                                        (fun (i : α) =>
                                                                                          @And.intro
                                                                                            (@LE.le.{0} Real
                                                                                              (@Preorder.toLE.{0} Real
                                                                                                Real.instPreorder)
                                                                                              lo (σ i))
                                                                                            (@LE.le.{0} Real
                                                                                              (@Preorder.toLE.{0} Real
                                                                                                Real.instPreorder)
                                                                                              (σ i) hi)
                                                                                            (hσlo i) (hσhi i))
                                                                                        Z Bmask bΦ a b s p ha t X₁ X₂
                                                                                        hX₁ hX₂;
                                                                                    Or
                                                                                      (@Eq.{1} Real
                                                                                        (@OAI.SevenEighths.CenteredMomentInductionEnergy.energy.{u_1}
                                                                                          α inst
                                                                                          (@OAI.SevenEighths.CenteredMomentEnergyState.NaturalState.character
                                                                                            Z Bmask bΦ s)
                                                                                          (@OAI.SevenEighths.CenteredMomentEnergyState.NaturalState.mask
                                                                                            Z Bmask bΦ s)
                                                                                          (@OfNat.ofNat.{0}
                                                                                            OAI.SevenEighths.HeckeFamily.O
                                                                                            (nat_lit 1)
                                                                                            (@One.toOfNat1.{0}
                                                                                              OAI.SevenEighths.HeckeFamily.O
                                                                                              (@AddMonoidWithOne.toOne.{0}
                                                                                                OAI.SevenEighths.HeckeFamily.O
                                                                                                (@AddGroupWithOne.toAddMonoidWithOne.{0}
                                                                                                  OAI.SevenEighths.HeckeFamily.O
                                                                                                  (@Ring.toAddGroupWithOne.{0}
                                                                                                    OAI.SevenEighths.HeckeFamily.O
                                                                                                    (@CommRing.toRing.{0}
                                                                                                      OAI.SevenEighths.HeckeFamily.O
                                                                                                      (@NumberField.instCommRingRingOfIntegers.{0}
                                                                                                        OAI.SevenEighths.HeckeFamily.K
                                                                                                        (@CyclotomicField.instField.{0}
                                                                                                          (@OfNat.ofNat.{0}
                                                                                                            Nat
                                                                                                            (nat_lit 3)
                                                                                                            (instOfNatNat
                                                                                                              (nat_lit
                                                                                                                3)))
                                                                                                          Rat
                                                                                                          Rat.instField))))))))
                                                                                          t
                                                                                          (@DFunLike.coe.{1, 1, 1}
                                                                                            (@SchwartzMap.{0, 0} Real
                                                                                              Complex
                                                                                              Real.normedAddCommGroup
                                                                                              (@InnerProductSpace.toNormedSpace.{0,
                                                                                                    0}
                                                                                                Real Real
                                                                                                Real.instRCLike
                                                                                                (@NormedAddCommGroup.toSeminormedAddCommGroup.{0}
                                                                                                  Real
                                                                                                  Real.normedAddCommGroup)
                                                                                                (@RCLike.toInnerProductSpaceReal.{0}
                                                                                                  Real Real.instRCLike))
                                                                                              Complex.instNormedAddCommGroup
                                                                                              (@InnerProductSpace.toNormedSpace.{0,
                                                                                                    0}
                                                                                                Real Complex
                                                                                                Real.instRCLike
                                                                                                (@NormedAddCommGroup.toSeminormedAddCommGroup.{0}
                                                                                                  Complex
                                                                                                  Complex.instNormedAddCommGroup)
                                                                                                instInnerProductSpaceRealComplex))
                                                                                            Real
                                                                                            (fun (x : Real) => Complex)
                                                                                            (@SchwartzMap.instFunLike.{0,
                                                                                                  0}
                                                                                              Real Complex
                                                                                              Real.normedAddCommGroup
                                                                                              (@InnerProductSpace.toNormedSpace.{0,
                                                                                                    0}
                                                                                                Real Real
                                                                                                Real.instRCLike
                                                                                                (@NormedAddCommGroup.toSeminormedAddCommGroup.{0}
                                                                                                  Real
                                                                                                  Real.normedAddCommGroup)
                                                                                                (@RCLike.toInnerProductSpaceReal.{0}
                                                                                                  Real Real.instRCLike))
                                                                                              Complex.instNormedAddCommGroup
                                                                                              (@InnerProductSpace.toNormedSpace.{0,
                                                                                                    0}
                                                                                                Real Complex
                                                                                                Real.instRCLike
                                                                                                (@NormedAddCommGroup.toSeminormedAddCommGroup.{0}
                                                                                                  Complex
                                                                                                  Complex.instNormedAddCommGroup)
                                                                                                instInnerProductSpaceRealComplex))
                                                                                            (@OAI.SevenEighths.CenteredMomentFiniteProfileExceptional.Profiles.profile
                                                                                              a b p
                                                                                              (@OfNat.ofNat.{0}
                                                                                                (Fin
                                                                                                  (@OfNat.ofNat.{0} Nat
                                                                                                    (nat_lit 2)
                                                                                                    (instOfNatNat
                                                                                                      (nat_lit 2))))
                                                                                                (nat_lit 0)
                                                                                                (@Fin.instOfNat
                                                                                                  (@OfNat.ofNat.{0} Nat
                                                                                                    (nat_lit 2)
                                                                                                    (instOfNatNat
                                                                                                      (nat_lit 2)))
                                                                                                  (@Nat.instNeZeroSucc
                                                                                                    (@OfNat.ofNat.{0}
                                                                                                      Nat (nat_lit 1)
                                                                                                      (instOfNatNat
                                                                                                        (nat_lit 1))))
                                                                                                  (nat_lit 0)))))
                                                                                          (@DFunLike.coe.{1, 1, 1}
                                                                                            (@SchwartzMap.{0, 0} Real
                                                                                              Complex
                                                                                              Real.normedAddCommGroup
                                                                                              (@InnerProductSpace.toNormedSpace.{0,
                                                                                                    0}
                                                                                                Real Real
                                                                                                Real.instRCLike
                                                                                                (@NormedAddCommGroup.toSeminormedAddCommGroup.{0}
                                                                                                  Real
                                                                                                  Real.normedAddCommGroup)
                                                                                                (@RCLike.toInnerProductSpaceReal.{0}
                                                                                                  Real Real.instRCLike))
                                                                                              Complex.instNormedAddCommGroup
                                                                                              (@InnerProductSpace.toNormedSpace.{0,
                                                                                                    0}
                                                                                                Real Complex
                                                                                                Real.instRCLike
                                                                                                (@NormedAddCommGroup.toSeminormedAddCommGroup.{0}
                                                                                                  Complex
                                                                                                  Complex.instNormedAddCommGroup)
                                                                                                instInnerProductSpaceRealComplex))
                                                                                            Real
                                                                                            (fun (x : Real) => Complex)
                                                                                            (@SchwartzMap.instFunLike.{0,
                                                                                                  0}
                                                                                              Real Complex
                                                                                              Real.normedAddCommGroup
                                                                                              (@InnerProductSpace.toNormedSpace.{0,
                                                                                                    0}
                                                                                                Real Real
                                                                                                Real.instRCLike
                                                                                                (@NormedAddCommGroup.toSeminormedAddCommGroup.{0}
                                                                                                  Real
                                                                                                  Real.normedAddCommGroup)
                                                                                                (@RCLike.toInnerProductSpaceReal.{0}
                                                                                                  Real Real.instRCLike))
                                                                                              Complex.instNormedAddCommGroup
                                                                                              (@InnerProductSpace.toNormedSpace.{0,
                                                                                                    0}
                                                                                                Real Complex
                                                                                                Real.instRCLike
                                                                                                (@NormedAddCommGroup.toSeminormedAddCommGroup.{0}
                                                                                                  Complex
                                                                                                  Complex.instNormedAddCommGroup)
                                                                                                instInnerProductSpaceRealComplex))
                                                                                            (@OAI.SevenEighths.CenteredMomentFiniteProfileExceptional.Profiles.profile
                                                                                              a b p
                                                                                              (@OfNat.ofNat.{0}
                                                                                                (Fin
                                                                                                  (@OfNat.ofNat.{0} Nat
                                                                                                    (nat_lit 2)
                                                                                                    (instOfNatNat
                                                                                                      (nat_lit 2))))
                                                                                                (nat_lit 1)
                                                                                                (@Fin.instOfNat
                                                                                                  (@OfNat.ofNat.{0} Nat
                                                                                                    (nat_lit 2)
                                                                                                    (instOfNatNat
                                                                                                      (nat_lit 2)))
                                                                                                  (@Nat.instNeZeroSucc
                                                                                                    (@OfNat.ofNat.{0}
                                                                                                      Nat (nat_lit 1)
                                                                                                      (instOfNatNat
                                                                                                        (nat_lit 1))))
                                                                                                  (nat_lit 1)))))
                                                                                          (@OAI.SevenEighths.CenteredMomentActiveDivisorShell.Source.slots.{u_1}
                                                                                            α inst
                                                                                            (@OAI.SevenEighths.CenteredMomentEligibleEnergy.Data.toSource.{u_1}
                                                                                              α inst
                                                                                              (@OAI.SevenEighths.CenteredMomentCommonRadialData.Input.toData.{u_1}
                                                                                                α inst inp)))
                                                                                          (@OAI.SevenEighths.CenteredMomentEligibleEnergy.Data.coefficient.{u_1}
                                                                                            α inst
                                                                                            (@OAI.SevenEighths.CenteredMomentCommonRadialData.Input.toData.{u_1}
                                                                                              α inst inp))
                                                                                          (@OAI.SevenEighths.CenteredMomentActiveDivisorShell.Source.P.{u_1}
                                                                                            α inst
                                                                                            (@OAI.SevenEighths.CenteredMomentEligibleEnergy.Data.toSource.{u_1}
                                                                                              α inst
                                                                                              (@OAI.SevenEighths.CenteredMomentCommonRadialData.Input.toData.{u_1}
                                                                                                α inst inp)))
                                                                                          X₁ X₂
                                                                                          (OAI.SevenEighths.CenteredMomentRadialEligibleEnergy.Radial.keep
                                                                                            (@OAI.SevenEighths.CenteredMomentEnergyState.NaturalState.radial
                                                                                              Z Bmask bΦ s))
                                                                                          (OAI.SevenEighths.CenteredMomentRadialEligibleEnergy.Radial.profile
                                                                                            (@OAI.SevenEighths.CenteredMomentEnergyState.NaturalState.radial
                                                                                              Z Bmask bΦ s))
                                                                                          (OAI.SevenEighths.CenteredMomentRadialEligibleEnergy.Radial.scale
                                                                                            (@OAI.SevenEighths.CenteredMomentEnergyState.NaturalState.radial
                                                                                              Z Bmask bΦ s)))
                                                                                        (@OfNat.ofNat.{0} Real
                                                                                          (nat_lit 0)
                                                                                          (@Zero.toOfNat0.{0} Real
                                                                                            Real.instZero)))
                                                                                      (@LE.le.{0} Real Real.instLE
                                                                                        (@OAI.SevenEighths.CenteredMomentInductionEnergy.energy.{u_1}
                                                                                          α inst
                                                                                          (@OAI.SevenEighths.CenteredMomentEnergyState.NaturalState.character
                                                                                            Z Bmask bΦ s)
                                                                                          (@OAI.SevenEighths.CenteredMomentEnergyState.NaturalState.mask
                                                                                            Z Bmask bΦ s)
                                                                                          (@OfNat.ofNat.{0}
                                                                                            OAI.SevenEighths.HeckeFamily.O
                                                                                            (nat_lit 1)
                                                                                            (@One.toOfNat1.{0}
                                                                                              OAI.SevenEighths.HeckeFamily.O
                                                                                              (@AddMonoidWithOne.toOne.{0}
                                                                                                OAI.SevenEighths.HeckeFamily.O
                                                                                                (@AddGroupWithOne.toAddMonoidWithOne.{0}
                                                                                                  OAI.SevenEighths.HeckeFamily.O
                                                                                                  (@Ring.toAddGroupWithOne.{0}
                                                                                                    OAI.SevenEighths.HeckeFamily.O
                                                                                                    (@CommRing.toRing.{0}
                                                                                                      OAI.SevenEighths.HeckeFamily.O
                                                                                                      (@NumberField.instCommRingRingOfIntegers.{0}
                                                                                                        OAI.SevenEighths.HeckeFamily.K
                                                                                                        (@CyclotomicField.instField.{0}
                                                                                                          (@OfNat.ofNat.{0}
                                                                                                            Nat
                                                                                                            (nat_lit 3)
                                                                                                            (instOfNatNat
                                                                                                              (nat_lit
                                                                                                                3)))
                                                                                                          Rat
                                                                                                          Rat.instField))))))))
                                                                                          t
                                                                                          (@DFunLike.coe.{1, 1, 1}
                                                                                            (@SchwartzMap.{0, 0} Real
                                                                                              Complex
                                                                                              Real.normedAddCommGroup
                                                                                              (@InnerProductSpace.toNormedSpace.{0,
                                                                                                    0}
                                                                                                Real Real
                                                                                                Real.instRCLike
                                                                                                (@NormedAddCommGroup.toSeminormedAddCommGroup.{0}
                                                                                                  Real
                                                                                                  Real.normedAddCommGroup)
                                                                                                (@RCLike.toInnerProductSpaceReal.{0}
                                                                                                  Real Real.instRCLike))
                                                                                              Complex.instNormedAddCommGroup
                                                                                              (@InnerProductSpace.toNormedSpace.{0,
                                                                                                    0}
                                                                                                Real Complex
                                                                                                Real.instRCLike
                                                                                                (@NormedAddCommGroup.toSeminormedAddCommGroup.{0}
                                                                                                  Complex
                                                                                                  Complex.instNormedAddCommGroup)
                                                                                                instInnerProductSpaceRealComplex))
                                                                                            Real
                                                                                            (fun (x : Real) => Complex)
                                                                                            (@SchwartzMap.instFunLike.{0,
                                                                                                  0}
                                                                                              Real Complex
                                                                                              Real.normedAddCommGroup
                                                                                              (@InnerProductSpace.toNormedSpace.{0,
                                                                                                    0}
                                                                                                Real Real
                                                                                                Real.instRCLike
                                                                                                (@NormedAddCommGroup.toSeminormedAddCommGroup.{0}
                                                                                                  Real
                                                                                                  Real.normedAddCommGroup)
                                                                                                (@RCLike.toInnerProductSpaceReal.{0}
                                                                                                  Real Real.instRCLike))
                                                                                              Complex.instNormedAddCommGroup
                                                                                              (@InnerProductSpace.toNormedSpace.{0,
                                                                                                    0}
                                                                                                Real Complex
                                                                                                Real.instRCLike
                                                                                                (@NormedAddCommGroup.toSeminormedAddCommGroup.{0}
                                                                                                  Complex
                                                                                                  Complex.instNormedAddCommGroup)
                                                                                                instInnerProductSpaceRealComplex))
                                                                                            (@OAI.SevenEighths.CenteredMomentFiniteProfileExceptional.Profiles.profile
                                                                                              a b p
                                                                                              (@OfNat.ofNat.{0}
                                                                                                (Fin
                                                                                                  (@OfNat.ofNat.{0} Nat
                                                                                                    (nat_lit 2)
                                                                                                    (instOfNatNat
                                                                                                      (nat_lit 2))))
                                                                                                (nat_lit 0)
                                                                                                (@Fin.instOfNat
                                                                                                  (@OfNat.ofNat.{0} Nat
                                                                                                    (nat_lit 2)
                                                                                                    (instOfNatNat
                                                                                                      (nat_lit 2)))
                                                                                                  (@Nat.instNeZeroSucc
                                                                                                    (@OfNat.ofNat.{0}
                                                                                                      Nat (nat_lit 1)
                                                                                                      (instOfNatNat
                                                                                                        (nat_lit 1))))
                                                                                                  (nat_lit 0)))))
                                                                                          (@DFunLike.coe.{1, 1, 1}
                                                                                            (@SchwartzMap.{0, 0} Real
                                                                                              Complex
                                                                                              Real.normedAddCommGroup
                                                                                              (@InnerProductSpace.toNormedSpace.{0,
                                                                                                    0}
                                                                                                Real Real
                                                                                                Real.instRCLike
                                                                                                (@NormedAddCommGroup.toSeminormedAddCommGroup.{0}
                                                                                                  Real
                                                                                                  Real.normedAddCommGroup)
                                                                                                (@RCLike.toInnerProductSpaceReal.{0}
                                                                                                  Real Real.instRCLike))
                                                                                              Complex.instNormedAddCommGroup
                                                                                              (@InnerProductSpace.toNormedSpace.{0,
                                                                                                    0}
                                                                                                Real Complex
                                                                                                Real.instRCLike
                                                                                                (@NormedAddCommGroup.toSeminormedAddCommGroup.{0}
                                                                                                  Complex
                                                                                                  Complex.instNormedAddCommGroup)
                                                                                                instInnerProductSpaceRealComplex))
                                                                                            Real
                                                                                            (fun (x : Real) => Complex)
                                                                                            (@SchwartzMap.instFunLike.{0,
                                                                                                  0}
                                                                                              Real Complex
                                                                                              Real.normedAddCommGroup
                                                                                              (@InnerProductSpace.toNormedSpace.{0,
                                                                                                    0}
                                                                                                Real Real
                                                                                                Real.instRCLike
                                                                                                (@NormedAddCommGroup.toSeminormedAddCommGroup.{0}
                                                                                                  Real
                                                                                                  Real.normedAddCommGroup)
                                                                                                (@RCLike.toInnerProductSpaceReal.{0}
                                                                                                  Real Real.instRCLike))
                                                                                              Complex.instNormedAddCommGroup
                                                                                              (@InnerProductSpace.toNormedSpace.{0,
                                                                                                    0}
                                                                                                Real Complex
                                                                                                Real.instRCLike
                                                                                                (@NormedAddCommGroup.toSeminormedAddCommGroup.{0}
                                                                                                  Complex
                                                                                                  Complex.instNormedAddCommGroup)
                                                                                                instInnerProductSpaceRealComplex))
                                                                                            (@OAI.SevenEighths.CenteredMomentFiniteProfileExceptional.Profiles.profile
                                                                                              a b p
                                                                                              (@OfNat.ofNat.{0}
                                                                                                (Fin
                                                                                                  (@OfNat.ofNat.{0} Nat
                                                                                                    (nat_lit 2)
                                                                                                    (instOfNatNat
                                                                                                      (nat_lit 2))))
                                                                                                (nat_lit 1)
                                                                                                (@Fin.instOfNat
                                                                                                  (@OfNat.ofNat.{0} Nat
                                                                                                    (nat_lit 2)
                                                                                                    (instOfNatNat
                                                                                                      (nat_lit 2)))
                                                                                                  (@Nat.instNeZeroSucc
                                                                                                    (@OfNat.ofNat.{0}
                                                                                                      Nat (nat_lit 1)
                                                                                                      (instOfNatNat
                                                                                                        (nat_lit 1))))
                                                                                                  (nat_lit 1)))))
                                                                                          (@OAI.SevenEighths.CenteredMomentActiveDivisorShell.Source.slots.{u_1}
                                                                                            α inst
                                                                                            (@OAI.SevenEighths.CenteredMomentEligibleEnergy.Data.toSource.{u_1}
                                                                                              α inst
                                                                                              (@OAI.SevenEighths.CenteredMomentCommonRadialData.Input.toData.{u_1}
                                                                                                α inst inp)))
                                                                                          (@OAI.SevenEighths.CenteredMomentEligibleEnergy.Data.coefficient.{u_1}
                                                                                            α inst
                                                                                            (@OAI.SevenEighths.CenteredMomentCommonRadialData.Input.toData.{u_1}
                                                                                              α inst inp))
                                                                                          (@OAI.SevenEighths.CenteredMomentActiveDivisorShell.Source.P.{u_1}
                                                                                            α inst
                                                                                            (@OAI.SevenEighths.CenteredMomentEligibleEnergy.Data.toSource.{u_1}
                                                                                              α inst
                                                                                              (@OAI.SevenEighths.CenteredMomentCommonRadialData.Input.toData.{u_1}
                                                                                                α inst inp)))
                                                                                          X₁ X₂
                                                                                          (OAI.SevenEighths.CenteredMomentRadialEligibleEnergy.Radial.keep
                                                                                            (@OAI.SevenEighths.CenteredMomentEnergyState.NaturalState.radial
                                                                                              Z Bmask bΦ s))
                                                                                          (OAI.SevenEighths.CenteredMomentRadialEligibleEnergy.Radial.profile
                                                                                            (@OAI.SevenEighths.CenteredMomentEnergyState.NaturalState.radial
                                                                                              Z Bmask bΦ s))
                                                                                          (OAI.SevenEighths.CenteredMomentRadialEligibleEnergy.Radial.scale
                                                                                            (@OAI.SevenEighths.CenteredMomentEnergyState.NaturalState.radial
                                                                                              Z Bmask bΦ s)))
                                                                                        (@HAdd.hAdd.{0, 0, 0} Real Real
                                                                                          Real
                                                                                          (@instHAdd.{0} Real
                                                                                            Real.instAdd)
                                                                                          (@HMul.hMul.{0, 0, 0} Real
                                                                                            Real Real
                                                                                            (@instHMul.{0} Real
                                                                                              Real.instMul)
                                                                                            (@HMul.hMul.{0, 0, 0} Real
                                                                                              Real Real
                                                                                              (@instHMul.{0} Real
                                                                                                Real.instMul)
                                                                                              (@OfNat.ofNat.{0} Real
                                                                                                (nat_lit 2)
                                                                                                (@instOfNatAtLeastTwo.{0}
                                                                                                  Real (nat_lit 2)
                                                                                                  Real.instNatCast
                                                                                                  (@Nat.instAtLeastTwoHAddOfNat
                                                                                                    (@OfNat.ofNat.{0}
                                                                                                      Nat (nat_lit 1)
                                                                                                      (instOfNatNat
                                                                                                        (nat_lit 1)))
                                                                                                    (@Nat.instNeZeroSucc
                                                                                                      (@OfNat.ofNat.{0}
                                                                                                        Nat (nat_lit 0)
                                                                                                        (instOfNatNat
                                                                                                          (nat_lit
                                                                                                            0)))))))
                                                                                              (OAI.QuadraticInitialBound.diagonalControl
                                                                                                (OAI.SevenEighths.CenteredMomentRadialEligibleEnergy.Radial.profile
                                                                                                  (@OAI.SevenEighths.CenteredMomentEnergyState.NaturalState.radial
                                                                                                    Z Bmask bΦ s))))
                                                                                            (@HAdd.hAdd.{0, 0, 0} Real
                                                                                              Real Real
                                                                                              (@instHAdd.{0} Real
                                                                                                Real.instAdd)
                                                                                              (@HAdd.hAdd.{0, 0, 0} Real
                                                                                                Real Real
                                                                                                (@instHAdd.{0} Real
                                                                                                  Real.instAdd)
                                                                                                (@HDiv.hDiv.{0, 0, 0}
                                                                                                  Real Real Real
                                                                                                  (@instHDiv.{0} Real
                                                                                                    (@DivInvMonoid.toDiv.{0}
                                                                                                      Real
                                                                                                      Real.instDivInvMonoid))
                                                                                                  (@OAI.SevenEighths.CenteredMomentFirstSourceReduction.physicalMass.{u_1}
                                                                                                    α inst inp
                                                                                                    (@OAI.SevenEighths.CenteredMomentEnergyState.NaturalState.puncture
                                                                                                      Z Bmask bΦ s)
                                                                                                    (@OfNat.ofNat.{0}
                                                                                                      (@Ideal.{0}
                                                                                                        OAI.SevenEighths.HeckeFamily.O
                                                                                                        (@CommSemiring.toSemiring.{0}
                                                                                                          OAI.SevenEighths.HeckeFamily.O
                                                                                                          (@CommRing.toCommSemiring.{0}
                                                                                                            OAI.SevenEighths.HeckeFamily.O
                                                                                                            (@NumberField.instCommRingRingOfIntegers.{0}
                                                                                                              OAI.SevenEighths.HeckeFamily.K
                                                                                                              (@CyclotomicField.instField.{0}
                                                                                                                (@OfNat.ofNat.{0}
                                                                                                                  Nat
                                                                                                                  (nat_lit
                                                                                                                    3)
                                                                                                                  (instOfNatNat
                                                                                                                    (nat_lit
                                                                                                                      3)))
                                                                                                                Rat
                                                                                                                Rat.instField)))))
                                                                                                      (nat_lit 1)
                                                                                                      (@One.toOfNat1.{0}
                                                                                                        (@Ideal.{0}
                                                                                                          OAI.SevenEighths.HeckeFamily.O
                                                                                                          (@CommSemiring.toSemiring.{0}
                                                                                                            OAI.SevenEighths.HeckeFamily.O
                                                                                                            (@CommRing.toCommSemiring.{0}
                                                                                                              OAI.SevenEighths.HeckeFamily.O
                                                                                                              (@NumberField.instCommRingRingOfIntegers.{0}
                                                                                                                OAI.SevenEighths.HeckeFamily.K
                                                                                                                (@CyclotomicField.instField.{0}
                                                                                                                  (@OfNat.ofNat.{0}
                                                                                                                    Nat
                                                                                                                    (nat_lit
                                                                                                                      3)
                                                                                                                    (instOfNatNat
                                                                                                                      (nat_lit
                                                                                                                        3)))
                                                                                                                  Rat
                                                                                                                  Rat.instField)))))
                                                                                                        (@Submodule.one.{0,
                                                                                                              0}
                                                                                                          OAI.SevenEighths.HeckeFamily.O
                                                                                                          (@CommSemiring.toSemiring.{0}
                                                                                                            OAI.SevenEighths.HeckeFamily.O
                                                                                                            (@CommRing.toCommSemiring.{0}
                                                                                                              OAI.SevenEighths.HeckeFamily.O
                                                                                                              (@NumberField.instCommRingRingOfIntegers.{0}
                                                                                                                OAI.SevenEighths.HeckeFamily.K
                                                                                                                (@CyclotomicField.instField.{0}
                                                                                                                  (@OfNat.ofNat.{0}
                                                                                                                    Nat
                                                                                                                    (nat_lit
                                                                                                                      3)
                                                                                                                    (instOfNatNat
                                                                                                                      (nat_lit
                                                                                                                        3)))
                                                                                                                  Rat
                                                                                                                  Rat.instField))))
                                                                                                          OAI.SevenEighths.HeckeFamily.O
                                                                                                          (@CommSemiring.toSemiring.{0}
                                                                                                            OAI.SevenEighths.HeckeFamily.O
                                                                                                            (@CommRing.toCommSemiring.{0}
                                                                                                              OAI.SevenEighths.HeckeFamily.O
                                                                                                              (@NumberField.instCommRingRingOfIntegers.{0}
                                                                                                                OAI.SevenEighths.HeckeFamily.K
                                                                                                                (@CyclotomicField.instField.{0}
                                                                                                                  (@OfNat.ofNat.{0}
                                                                                                                    Nat
                                                                                                                    (nat_lit
                                                                                                                      3)
                                                                                                                    (instOfNatNat
                                                                                                                      (nat_lit
                                                                                                                        3)))
                                                                                                                  Rat
                                                                                                                  Rat.instField))))
                                                                                                          (@Semiring.toModule.{0}
                                                                                                            OAI.SevenEighths.HeckeFamily.O
                                                                                                            (@CommSemiring.toSemiring.{0}
                                                                                                              OAI.SevenEighths.HeckeFamily.O
                                                                                                              (@CommRing.toCommSemiring.{0}
                                                                                                                OAI.SevenEighths.HeckeFamily.O
                                                                                                                (@NumberField.instCommRingRingOfIntegers.{0}
                                                                                                                  OAI.SevenEighths.HeckeFamily.K
                                                                                                                  (@CyclotomicField.instField.{0}
                                                                                                                    (@OfNat.ofNat.{0}
                                                                                                                      Nat
                                                                                                                      (nat_lit
                                                                                                                        3)
                                                                                                                      (instOfNatNat
                                                                                                                        (nat_lit
                                                                                                                          3)))
                                                                                                                    Rat
                                                                                                                    Rat.instField))))))))
                                                                                                    OAI.SevenEighths.CenteredMomentSecondHeightFamily.fixedBadMask
                                                                                                    (@OfNat.ofNat.{0}
                                                                                                      OAI.SevenEighths.HeckeFamily.O
                                                                                                      (nat_lit 1)
                                                                                                      (@One.toOfNat1.{0}
                                                                                                        OAI.SevenEighths.HeckeFamily.O
                                                                                                        (@AddMonoidWithOne.toOne.{0}
                                                                                                          OAI.SevenEighths.HeckeFamily.O
                                                                                                          (@AddGroupWithOne.toAddMonoidWithOne.{0}
                                                                                                            OAI.SevenEighths.HeckeFamily.O
                                                                                                            (@Ring.toAddGroupWithOne.{0}
                                                                                                              OAI.SevenEighths.HeckeFamily.O
                                                                                                              (@CommRing.toRing.{0}
                                                                                                                OAI.SevenEighths.HeckeFamily.O
                                                                                                                (@NumberField.instCommRingRingOfIntegers.{0}
                                                                                                                  OAI.SevenEighths.HeckeFamily.K
                                                                                                                  (@CyclotomicField.instField.{0}
                                                                                                                    (@OfNat.ofNat.{0}
                                                                                                                      Nat
                                                                                                                      (nat_lit
                                                                                                                        3)
                                                                                                                      (instOfNatNat
                                                                                                                        (nat_lit
                                                                                                                          3)))
                                                                                                                    Rat
                                                                                                                    Rat.instField))))))))
                                                                                                    Ψ
                                                                                                    (OAI.SevenEighths.CenteredMomentRadialEligibleEnergy.Radial.scale
                                                                                                      (@OAI.SevenEighths.CenteredMomentEnergyState.NaturalState.radial
                                                                                                        Z Bmask bΦ s))
                                                                                                    Z ξ)
                                                                                                  (@OAI.SevenEighths.CenteredMomentAmplificationChildInput.volume.{u_1}
                                                                                                    α inst inp))
                                                                                                (@HMul.hMul.{0, 0, 0}
                                                                                                  Real Real Real
                                                                                                  (@instHMul.{0} Real
                                                                                                    Real.instMul)
                                                                                                  (@HMul.hMul.{0, 0, 0}
                                                                                                    Real Real Real
                                                                                                    (@instHMul.{0} Real
                                                                                                      Real.instMul)
                                                                                                    (@HMul.hMul.{0, 0,
                                                                                                          0}
                                                                                                      Real Real Real
                                                                                                      (@instHMul.{0}
                                                                                                        Real
                                                                                                        Real.instMul)
                                                                                                      (@HMul.hMul.{0, 0,
                                                                                                            0}
                                                                                                        Real Real Real
                                                                                                        (@instHMul.{0}
                                                                                                          Real
                                                                                                          Real.instMul)
                                                                                                        Cdiag
                                                                                                        (@HPow.hPow.{0,
                                                                                                              0, 0}
                                                                                                          Real Nat Real
                                                                                                          (@instHPow.{0,
                                                                                                                0}
                                                                                                            Real Nat
                                                                                                            (@NPow.toPow.{0}
                                                                                                              Real
                                                                                                              (@Monoid.toNPow.{0}
                                                                                                                Real
                                                                                                                Real.instMonoid)))
                                                                                                          (@OAI.SevenEighths.CenteredMomentSourceInputTailUniform.plainControl.{u_1}
                                                                                                            α inst inp
                                                                                                            (@OAI.SevenEighths.CenteredMomentFiniteProfileExceptional.Profiles.profile
                                                                                                              a b p
                                                                                                              (@OfNat.ofNat.{0}
                                                                                                                (Fin
                                                                                                                  (@OfNat.ofNat.{0}
                                                                                                                    Nat
                                                                                                                    (nat_lit
                                                                                                                      2)
                                                                                                                    (instOfNatNat
                                                                                                                      (nat_lit
                                                                                                                        2))))
                                                                                                                (nat_lit
                                                                                                                  0)
                                                                                                                (@Fin.instOfNat
                                                                                                                  (@OfNat.ofNat.{0}
                                                                                                                    Nat
                                                                                                                    (nat_lit
                                                                                                                      2)
                                                                                                                    (instOfNatNat
                                                                                                                      (nat_lit
                                                                                                                        2)))
                                                                                                                  (@Nat.instNeZeroSucc
                                                                                                                    (@OfNat.ofNat.{0}
                                                                                                                      Nat
                                                                                                                      (nat_lit
                                                                                                                        1)
                                                                                                                      (instOfNatNat
                                                                                                                        (nat_lit
                                                                                                                          1))))
                                                                                                                  (nat_lit
                                                                                                                    0))))
                                                                                                            (@OAI.SevenEighths.CenteredMomentFiniteProfileExceptional.Profiles.profile
                                                                                                              a b p
                                                                                                              (@OfNat.ofNat.{0}
                                                                                                                (Fin
                                                                                                                  (@OfNat.ofNat.{0}
                                                                                                                    Nat
                                                                                                                    (nat_lit
                                                                                                                      2)
                                                                                                                    (instOfNatNat
                                                                                                                      (nat_lit
                                                                                                                        2))))
                                                                                                                (nat_lit
                                                                                                                  1)
                                                                                                                (@Fin.instOfNat
                                                                                                                  (@OfNat.ofNat.{0}
                                                                                                                    Nat
                                                                                                                    (nat_lit
                                                                                                                      2)
                                                                                                                    (instOfNatNat
                                                                                                                      (nat_lit
                                                                                                                        2)))
                                                                                                                  (@Nat.instNeZeroSucc
                                                                                                                    (@OfNat.ofNat.{0}
                                                                                                                      Nat
                                                                                                                      (nat_lit
                                                                                                                        1)
                                                                                                                      (instOfNatNat
                                                                                                                        (nat_lit
                                                                                                                          1))))
                                                                                                                  (nat_lit
                                                                                                                    1)))))
                                                                                                          (@OfNat.ofNat.{0}
                                                                                                            Nat
                                                                                                            (nat_lit 2)
                                                                                                            (instOfNatNat
                                                                                                              (nat_lit
                                                                                                                2)))))
                                                                                                      (@DFunLike.coe.{1,
                                                                                                            1, 1}
                                                                                                        (@Seminorm.{0,
                                                                                                              0}
                                                                                                          Real
                                                                                                          (@SchwartzMap.{0,
                                                                                                                0}
                                                                                                            Real Complex
                                                                                                            Real.normedAddCommGroup
                                                                                                            (@InnerProductSpace.toNormedSpace.{0,
                                                                                                                  0}
                                                                                                              Real Real
                                                                                                              Real.instRCLike
                                                                                                              (@NormedAddCommGroup.toSeminormedAddCommGroup.{0}
                                                                                                                Real
                                                                                                                Real.normedAddCommGroup)
                                                                                                              (@RCLike.toInnerProductSpaceReal.{0}
                                                                                                                Real
                                                                                                                Real.instRCLike))
                                                                                                            Complex.instNormedAddCommGroup
                                                                                                            (@InnerProductSpace.toNormedSpace.{0,
                                                                                                                  0}
                                                                                                              Real
                                                                                                              Complex
                                                                                                              Real.instRCLike
                                                                                                              (@NormedAddCommGroup.toSeminormedAddCommGroup.{0}
                                                                                                                Complex
                                                                                                                Complex.instNormedAddCommGroup)
                                                                                                              instInnerProductSpaceRealComplex))
                                                                                                          (@SeminormedCommRing.toSeminormedRing.{0}
                                                                                                            Real
                                                                                                            (@NormedCommRing.toSeminormedCommRing.{0}
                                                                                                              Real
                                                                                                              (@NormedField.toNormedCommRing.{0}
                                                                                                                Real
                                                                                                                Real.normedField)))
                                                                                                          (@AddCommGroup.toAddGroup.{0}
                                                                                                            (@SchwartzMap.{0,
                                                                                                                  0}
                                                                                                              Real
                                                                                                              Complex
                                                                                                              Real.normedAddCommGroup
                                                                                                              (@InnerProductSpace.toNormedSpace.{0,
                                                                                                                    0}
                                                                                                                Real
                                                                                                                Real
                                                                                                                Real.instRCLike
                                                                                                                (@NormedAddCommGroup.toSeminormedAddCommGroup.{0}
                                                                                                                  Real
                                                                                                                  Real.normedAddCommGroup)
                                                                                                                (@RCLike.toInnerProductSpaceReal.{0}
                                                                                                                  Real
                                                                                                                  Real.instRCLike))
                                                                                                              Complex.instNormedAddCommGroup
                                                                                                              (@InnerProductSpace.toNormedSpace.{0,
                                                                                                                    0}
                                                                                                                Real
                                                                                                                Complex
                                                                                                                Real.instRCLike
                                                                                                                (@NormedAddCommGroup.toSeminormedAddCommGroup.{0}
                                                                                                                  Complex
                                                                                                                  Complex.instNormedAddCommGroup)
                                                                                                                instInnerProductSpaceRealComplex))
                                                                                                            (@SchwartzMap.instAddCommGroup.{0,
                                                                                                                  0}
                                                                                                              Real
                                                                                                              Complex
                                                                                                              Real.normedAddCommGroup
                                                                                                              (@InnerProductSpace.toNormedSpace.{0,
                                                                                                                    0}
                                                                                                                Real
                                                                                                                Real
                                                                                                                Real.instRCLike
                                                                                                                (@NormedAddCommGroup.toSeminormedAddCommGroup.{0}
                                                                                                                  Real
                                                                                                                  Real.normedAddCommGroup)
                                                                                                                (@RCLike.toInnerProductSpaceReal.{0}
                                                                                                                  Real
                                                                                                                  Real.instRCLike))
                                                                                                              Complex.instNormedAddCommGroup
                                                                                                              (@InnerProductSpace.toNormedSpace.{0,
                                                                                                                    0}
                                                                                                                Real
                                                                                                                Complex
                                                                                                                Real.instRCLike
                                                                                                                (@NormedAddCommGroup.toSeminormedAddCommGroup.{0}
                                                                                                                  Complex
                                                                                                                  Complex.instNormedAddCommGroup)
                                                                                                                instInnerProductSpaceRealComplex)))
                                                                                                          (@SMulZeroClass.toSMul.{0,
                                                                                                                0}
                                                                                                            Real
                                                                                                            (@SchwartzMap.{0,
                                                                                                                  0}
                                                                                                              Real
                                                                                                              Complex
                                                                                                              Real.normedAddCommGroup
                                                                                                              (@InnerProductSpace.toNormedSpace.{0,
                                                                                                                    0}
                                                                                                                Real
                                                                                                                Real
                                                                                                                Real.instRCLike
                                                                                                                (@NormedAddCommGroup.toSeminormedAddCommGroup.{0}
                                                                                                                  Real
                                                                                                                  Real.normedAddCommGroup)
                                                                                                                (@RCLike.toInnerProductSpaceReal.{0}
                                                                                                                  Real
                                                                                                                  Real.instRCLike))
                                                                                                              Complex.instNormedAddCommGroup
                                                                                                              (@InnerProductSpace.toNormedSpace.{0,
                                                                                                                    0}
                                                                                                                Real
                                                                                                                Complex
                                                                                                                Real.instRCLike
                                                                                                                (@NormedAddCommGroup.toSeminormedAddCommGroup.{0}
                                                                                                                  Complex
                                                                                                                  Complex.instNormedAddCommGroup)
                                                                                                                instInnerProductSpaceRealComplex))
                                                                                                            (@AddZero.toZero.{0}
                                                                                                              (@SchwartzMap.{0,
                                                                                                                    0}
                                                                                                                Real
                                                                                                                Complex
                                                                                                                Real.normedAddCommGroup
                                                                                                                (@InnerProductSpace.toNormedSpace.{0,
                                                                                                                      0}
                                                                                                                  Real
                                                                                                                  Real
                                                                                                                  Real.instRCLike
                                                                                                                  (@NormedAddCommGroup.toSeminormedAddCommGroup.{0}
                                                                                                                    Real
                                                                                                                    Real.normedAddCommGroup)
                                                                                                                  (@RCLike.toInnerProductSpaceReal.{0}
                                                                                                                    Real
                                                                                                                    Real.instRCLike))
                                                                                                                Complex.instNormedAddCommGroup
                                                                                                                (@InnerProductSpace.toNormedSpace.{0,
                                                                                                                      0}
                                                                                                                  Real
                                                                                                                  Complex
                                                                                                                  Real.instRCLike
                                                                                                                  (@NormedAddCommGroup.toSeminormedAddCommGroup.{0}
                                                                                                                    Complex
                                                                                                                    Complex.instNormedAddCommGroup)
                                                                                                                  instInnerProductSpaceRealComplex))
                                                                                                              (@AddZeroClass.toAddZero.{0}
                                                                                                                (@SchwartzMap.{0,
                                                                                                                      0}
                                                                                                                  Real
                                                                                                                  Complex
                                                                                                                  Real.normedAddCommGroup
                                                                                                                  (@InnerProductSpace.toNormedSpace.{0,
                                                                                                                        0}
                                                                                                                    Real
                                                                                                                    Real
                                                                                                                    Real.instRCLike
                                                                                                                    (@NormedAddCommGroup.toSeminormedAddCommGroup.{0}
                                                                                                                      Real
                                                                                                                      Real.normedAddCommGroup)
                                                                                                                    (@RCLike.toInnerProductSpaceReal.{0}
                                                                                                                      Real
                                                                                                                      Real.instRCLike))
                                                                                                                  Complex.instNormedAddCommGroup
                                                                                                                  (@InnerProductSpace.toNormedSpace.{0,
                                                                                                                        0}
                                                                                                                    Real
                                                                                                                    Complex
                                                                                                                    Real.instRCLike
                                                                                                                    (@NormedAddCommGroup.toSeminormedAddCommGroup.{0}
                                                                                                                      Complex
                                                                                                                      Complex.instNormedAddCommGroup)
                                                                                                                    instInnerProductSpaceRealComplex))
                                                                                                                (@AddMonoid.toAddZeroClass.{0}
                                                                                                                  (@SchwartzMap.{0,
                                                                                                                        0}
                                                                                                                    Real
                                                                                                                    Complex
                                                                                                                    Real.normedAddCommGroup
                                                                                                                    (@InnerProductSpace.toNormedSpace.{0,
                                                                                                                          0}
                                                                                                                      Real
                                                                                                                      Real
                                                                                                                      Real.instRCLike
                                                                                                                      (@NormedAddCommGroup.toSeminormedAddCommGroup.{0}
                                                                                                                        Real
                                                                                                                        Real.normedAddCommGroup)
                                                                                                                      (@RCLike.toInnerProductSpaceReal.{0}
                                                                                                                        Real
                                                                                                                        Real.instRCLike))
                                                                                                                    Complex.instNormedAddCommGroup
                                                                                                                    (@InnerProductSpace.toNormedSpace.{0,
                                                                                                                          0}
                                                                                                                      Real
                                                                                                                      Complex
                                                                                                                      Real.instRCLike
                                                                                                                      (@NormedAddCommGroup.toSeminormedAddCommGroup.{0}
                                                                                                                        Complex
                                                                                                                        Complex.instNormedAddCommGroup)
                                                                                                                      instInnerProductSpaceRealComplex))
                                                                                                                  (@SubNegMonoid.toAddMonoid.{0}
                                                                                                                    (@SchwartzMap.{0,
                                                                                                                          0}
                                                                                                                      Real
                                                                                                                      Complex
                                                                                                                      Real.normedAddCommGroup
                                                                                                                      (@InnerProductSpace.toNormedSpace.{0,
                                                                                                                            0}
                                                                                                                        Real
                                                                                                                        Real
                                                                                                                        Real.instRCLike
                                                                                                                        (@NormedAddCommGroup.toSeminormedAddCommGroup.{0}
                                                                                                                          Real
                                                                                                                          Real.normedAddCommGroup)
                                                                                                                        (@RCLike.toInnerProductSpaceReal.{0}
                                                                                                                          Real
                                                                                                                          Real.instRCLike))
                                                                                                                      Complex.instNormedAddCommGroup
                                                                                                                      (@InnerProductSpace.toNormedSpace.{0,
                                                                                                                            0}
                                                                                                                        Real
                                                                                                                        Complex
                                                                                                                        Real.instRCLike
                                                                                                                        (@NormedAddCommGroup.toSeminormedAddCommGroup.{0}
                                                                                                                          Complex
                                                                                                                          Complex.instNormedAddCommGroup)
                                                                                                                        instInnerProductSpaceRealComplex))
                                                                                                                    (@AddGroup.toSubNegMonoid.{0}
                                                                                                                      (@SchwartzMap.{0,
                                                                                                                            0}
                                                                                                                        Real
                                                                                                                        Complex
                                                                                                                        Real.normedAddCommGroup
                                                                                                                        (@InnerProductSpace.toNormedSpace.{0,
                                                                                                                              0}
                                                                                                                          Real
                                                                                                                          Real
                                                                                                                          Real.instRCLike
                                                                                                                          (@NormedAddCommGroup.toSeminormedAddCommGroup.{0}
                                                                                                                            Real
                                                                                                                            Real.normedAddCommGroup)
                                                                                                                          (@RCLike.toInnerProductSpaceReal.{0}
                                                                                                                            Real
                                                                                                                            Real.instRCLike))
                                                                                                                        Complex.instNormedAddCommGroup
                                                                                                                        (@InnerProductSpace.toNormedSpace.{0,
                                                                                                                              0}
                                                                                                                          Real
                                                                                                                          Complex
                                                                                                                          Real.instRCLike
                                                                                                                          (@NormedAddCommGroup.toSeminormedAddCommGroup.{0}
                                                                                                                            Complex
                                                                                                                            Complex.instNormedAddCommGroup)
                                                                                                                          instInnerProductSpaceRealComplex))
                                                                                                                      (@AddCommGroup.toAddGroup.{0}
                                                                                                                        (@SchwartzMap.{0,
                                                                                                                              0}
                                                                                                                          Real
                                                                                                                          Complex
                                                                                                                          Real.normedAddCommGroup
                                                                                                                          (@InnerProductSpace.toNormedSpace.{0,
                                                                                                                                0}
                                                                                                                            Real
                                                                                                                            Real
                                                                                                                            Real.instRCLike
                                                                                                                            (@NormedAddCommGroup.toSeminormedAddCommGroup.{0}
                                                                                                                              Real
                                                                                                                              Real.normedAddCommGroup)
                                                                                                                            (@RCLike.toInnerProductSpaceReal.{0}
                                                                                                                              Real
                                                                                                                              Real.instRCLike))
                                                                                                                          Complex.instNormedAddCommGroup
                                                                                                                          (@InnerProductSpace.toNormedSpace.{0,
                                                                                                                                0}
                                                                                                                            Real
                                                                                                                            Complex
                                                                                                                            Real.instRCLike
                                                                                                                            (@NormedAddCommGroup.toSeminormedAddCommGroup.{0}
                                                                                                                              Complex
                                                                                                                              Complex.instNormedAddCommGroup)
                                                                                                                            instInnerProductSpaceRealComplex))
                                                                                                                        (@SchwartzMap.instAddCommGroup.{0,
                                                                                                                              0}
                                                                                                                          Real
                                                                                                                          Complex
                                                                                                                          Real.normedAddCommGroup
                                                                                                                          (@InnerProductSpace.toNormedSpace.{0,
                                                                                                                                0}
                                                                                                                            Real
                                                                                                                            Real
                                                                                                                            Real.instRCLike
                                                                                                                            (@NormedAddCommGroup.toSeminormedAddCommGroup.{0}
                                                                                                                              Real
                                                                                                                              Real.normedAddCommGroup)
                                                                                                                            (@RCLike.toInnerProductSpaceReal.{0}
                                                                                                                              Real
                                                                                                                              Real.instRCLike))
                                                                                                                          Complex.instNormedAddCommGroup
                                                                                                                          (@InnerProductSpace.toNormedSpace.{0,
                                                                                                                                0}
                                                                                                                            Real
                                                                                                                            Complex
                                                                                                                            Real.instRCLike
                                                                                                                            (@NormedAddCommGroup.toSeminormedAddCommGroup.{0}
                                                                                                                              Complex
                                                                                                                              Complex.instNormedAddCommGroup)
                                                                                                                            instInnerProductSpaceRealComplex))))))))
                                                                                                            (@DistribSMul.toSMulZeroClass.{0,
                                                                                                                  0}
                                                                                                              Real
                                                                                                              (@SchwartzMap.{0,
                                                                                                                    0}
                                                                                                                Real
                                                                                                                Complex
                                                                                                                Real.normedAddCommGroup
                                                                                                                (@InnerProductSpace.toNormedSpace.{0,
                                                                                                                      0}
                                                                                                                  Real
                                                                                                                  Real
                                                                                                                  Real.instRCLike
                                                                                                                  (@NormedAddCommGroup.toSeminormedAddCommGroup.{0}
                                                                                                                    Real
                                                                                                                    Real.normedAddCommGroup)
                                                                                                                  (@RCLike.toInnerProductSpaceReal.{0}
                                                                                                                    Real
                                                                                                                    Real.instRCLike))
                                                                                                                Complex.instNormedAddCommGroup
                                                                                                                (@InnerProductSpace.toNormedSpace.{0,
                                                                                                                      0}
                                                                                                                  Real
                                                                                                                  Complex
                                                                                                                  Real.instRCLike
                                                                                                                  (@NormedAddCommGroup.toSeminormedAddCommGroup.{0}
                                                                                                                    Complex
                                                                                                                    Complex.instNormedAddCommGroup)
                                                                                                                  instInnerProductSpaceRealComplex))
                                                                                                              (@AddMonoid.toAddZeroClass.{0}
                                                                                                                (@SchwartzMap.{0,
                                                                                                                      0}
                                                                                                                  Real
                                                                                                                  Complex
                                                                                                                  Real.normedAddCommGroup
                                                                                                                  (@InnerProductSpace.toNormedSpace.{0,
                                                                                                                        0}
                                                                                                                    Real
                                                                                                                    Real
                                                                                                                    Real.instRCLike
                                                                                                                    (@NormedAddCommGroup.toSeminormedAddCommGroup.{0}
                                                                                                                      Real
                                                                                                                      Real.normedAddCommGroup)
                                                                                                                    (@RCLike.toInnerProductSpaceReal.{0}
                                                                                                                      Real
                                                                                                                      Real.instRCLike))
                                                                                                                  Complex.instNormedAddCommGroup
                                                                                                                  (@InnerProductSpace.toNormedSpace.{0,
                                                                                                                        0}
                                                                                                                    Real
                                                                                                                    Complex
                                                                                                                    Real.instRCLike
                                                                                                                    (@NormedAddCommGroup.toSeminormedAddCommGroup.{0}
                                                                                                                      Complex
                                                                                                                      Complex.instNormedAddCommGroup)
                                                                                                                    instInnerProductSpaceRealComplex))
                                                                                                                (@SubNegMonoid.toAddMonoid.{0}
                                                                                                                  (@SchwartzMap.{0,
                                                                                                                        0}
                                                                                                                    Real
                                                                                                                    Complex
                                                                                                                    Real.normedAddCommGroup
                                                                                                                    (@InnerProductSpace.toNormedSpace.{0,
                                                                                                                          0}
                                                                                                                      Real
                                                                                                                      Real
                                                                                                                      Real.instRCLike
                                                                                                                      (@NormedAddCommGroup.toSeminormedAddCommGroup.{0}
                                                                                                                        Real
                                                                                                                        Real.normedAddCommGroup)
                                                                                                                      (@RCLike.toInnerProductSpaceReal.{0}
                                                                                                                        Real
                                                                                                                        Real.instRCLike))
                                                                                                                    Complex.instNormedAddCommGroup
                                                                                                                    (@InnerProductSpace.toNormedSpace.{0,
                                                                                                                          0}
                                                                                                                      Real
                                                                                                                      Complex
                                                                                                                      Real.instRCLike
                                                                                                                      (@NormedAddCommGroup.toSeminormedAddCommGroup.{0}
                                                                                                                        Complex
                                                                                                                        Complex.instNormedAddCommGroup)
                                                                                                                      instInnerProductSpaceRealComplex))
                                                                                                                  (@AddGroup.toSubNegMonoid.{0}
                                                                                                                    (@SchwartzMap.{0,
                                                                                                                          0}
                                                                                                                      Real
                                                                                                                      Complex
                                                                                                                      Real.normedAddCommGroup
                                                                                                                      (@InnerProductSpace.toNormedSpace.{0,
                                                                                                                            0}
                                                                                                                        Real
                                                                                                                        Real
                                                                                                                        Real.instRCLike
                                                                                                                        (@NormedAddCommGroup.toSeminormedAddCommGroup.{0}
                                                                                                                          Real
                                                                                                                          Real.normedAddCommGroup)
                                                                                                                        (@RCLike.toInnerProductSpaceReal.{0}
                                                                                                                          Real
                                                                                                                          Real.instRCLike))
                                                                                                                      Complex.instNormedAddCommGroup
                                                                                                                      (@InnerProductSpace.toNormedSpace.{0,
                                                                                                                            0}
                                                                                                                        Real
                                                                                                                        Complex
                                                                                                                        Real.instRCLike
                                                                                                                        (@NormedAddCommGroup.toSeminormedAddCommGroup.{0}
                                                                                                                          Complex
                                                                                                                          Complex.instNormedAddCommGroup)
                                                                                                                        instInnerProductSpaceRealComplex))
                                                                                                                    (@AddCommGroup.toAddGroup.{0}
                                                                                                                      (@SchwartzMap.{0,
                                                                                                                            0}
                                                                                                                        Real
                                                                                                                        Complex
                                                                                                                        Real.normedAddCommGroup
                                                                                                                        (@InnerProductSpace.toNormedSpace.{0,
                                                                                                                              0}
                                                                                                                          Real
                                                                                                                          Real
                                                                                                                          Real.instRCLike
                                                                                                                          (@NormedAddCommGroup.toSeminormedAddCommGroup.{0}
                                                                                                                            Real
                                                                                                                            Real.normedAddCommGroup)
                                                                                                                          (@RCLike.toInnerProductSpaceReal.{0}
                                                                                                                            Real
                                                                                                                            Real.instRCLike))
                                                                                                                        Complex.instNormedAddCommGroup
                                                                                                                        (@InnerProductSpace.toNormedSpace.{0,
                                                                                                                              0}
                                                                                                                          Real
                                                                                                                          Complex
                                                                                                                          Real.instRCLike
                                                                                                                          (@NormedAddCommGroup.toSeminormedAddCommGroup.{0}
                                                                                                                            Complex
                                                                                                                            Complex.instNormedAddCommGroup)
                                                                                                                          instInnerProductSpaceRealComplex))
                                                                                                                      (@SchwartzMap.instAddCommGroup.{0,
                                                                                                                            0}
                                                                                                                        Real
                                                                                                                        Complex
                                                                                                                        Real.normedAddCommGroup
                                                                                                                        (@InnerProductSpace.toNormedSpace.{0,
                                                                                                                              0}
                                                                                                                          Real
                                                                                                                          Real
                                                                                                                          Real.instRCLike
                                                                                                                          (@NormedAddCommGroup.toSeminormedAddCommGroup.{0}
                                                                                                                            Real
                                                                                                                            Real.normedAddCommGroup)
                                                                                                                          (@RCLike.toInnerProductSpaceReal.{0}
                                                                                                                            Real
                                                                                                                            Real.instRCLike))
                                                                                                                        Complex.instNormedAddCommGroup
                                                                                                                        (@InnerProductSpace.toNormedSpace.{0,
                                                                                                                              0}
                                                                                                                          Real
                                                                                                                          Complex
                                                                                                                          Real.instRCLike
                                                                                                                          (@NormedAddCommGroup.toSeminormedAddCommGroup.{0}
                                                                                                                            Complex
                                                                                                                            Complex.instNormedAddCommGroup)
                                                                                                                          instInnerProductSpaceRealComplex))))))
                                                                                                              (@DistribMulAction.toDistribSMul.{0,
                                                                                                                    0}
                                                                                                                Real
                                                                                                                (@SchwartzMap.{0,
                                                                                                                      0}
                                                                                                                  Real
                                                                                                                  Complex
                                                                                                                  Real.normedAddCommGroup
                                                                                                                  (@InnerProductSpace.toNormedSpace.{0,
                                                                                                                        0}
                                                                                                                    Real
                                                                                                                    Real
                                                                                                                    Real.instRCLike
                                                                                                                    (@NormedAddCommGroup.toSeminormedAddCommGroup.{0}
                                                                                                                      Real
                                                                                                                      Real.normedAddCommGroup)
                                                                                                                    (@RCLike.toInnerProductSpaceReal.{0}
                                                                                                                      Real
                                                                                                                      Real.instRCLike))
                                                                                                                  Complex.instNormedAddCommGroup
                                                                                                                  (@InnerProductSpace.toNormedSpace.{0,
                                                                                                                        0}
                                                                                                                    Real
                                                                                                                    Complex
                                                                                                                    Real.instRCLike
                                                                                                                    (@NormedAddCommGroup.toSeminormedAddCommGroup.{0}
                                                                                                                      Complex
                                                                                                                      Complex.instNormedAddCommGroup)
                                                                                                                    instInnerProductSpaceRealComplex))
                                                                                                                (@Semiring.toMonoid.{0}
                                                                                                                  Real
                                                                                                                  (@Ring.toSemiring.{0}
                                                                                                                    Real
                                                                                                                    (@SeminormedRing.toRing.{0}
                                                                                                                      Real
                                                                                                                      (@SeminormedCommRing.toSeminormedRing.{0}
                                                                                                                        Real
                                                                                                                        (@NormedCommRing.toSeminormedCommRing.{0}
                                                                                                                          Real
                                                                                                                          (@NormedField.toNormedCommRing.{0}
                                                                                                                            Real
                                                                                                                            Real.normedField))))))
                                                                                                                (@SubNegMonoid.toAddMonoid.{0}
                                                                                                                  (@SchwartzMap.{0,
                                                                                                                        0}
                                                                                                                    Real
                                                                                                                    Complex
                                                                                                                    Real.normedAddCommGroup
                                                                                                                    (@InnerProductSpace.toNormedSpace.{0,
                                                                                                                          0}
                                                                                                                      Real
                                                                                                                      Real
                                                                                                                      Real.instRCLike
                                                                                                                      (@NormedAddCommGroup.toSeminormedAddCommGroup.{0}
                                                                                                                        Real
                                                                                                                        Real.normedAddCommGroup)
                                                                                                                      (@RCLike.toInnerProductSpaceReal.{0}
                                                                                                                        Real
                                                                                                                        Real.instRCLike))
                                                                                                                    Complex.instNormedAddCommGroup
                                                                                                                    (@InnerProductSpace.toNormedSpace.{0,
                                                                                                                          0}
                                                                                                                      Real
                                                                                                                      Complex
                                                                                                                      Real.instRCLike
                                                                                                                      (@NormedAddCommGroup.toSeminormedAddCommGroup.{0}
                                                                                                                        Complex
                                                                                                                        Complex.instNormedAddCommGroup)
                                                                                                                      instInnerProductSpaceRealComplex))
                                                                                                                  (@AddGroup.toSubNegMonoid.{0}
                                                                                                                    (@SchwartzMap.{0,
                                                                                                                          0}
                                                                                                                      Real
                                                                                                                      Complex
                                                                                                                      Real.normedAddCommGroup
                                                                                                                      (@InnerProductSpace.toNormedSpace.{0,
                                                                                                                            0}
                                                                                                                        Real
                                                                                                                        Real
                                                                                                                        Real.instRCLike
                                                                                                                        (@NormedAddCommGroup.toSeminormedAddCommGroup.{0}
                                                                                                                          Real
                                                                                                                          Real.normedAddCommGroup)
                                                                                                                        (@RCLike.toInnerProductSpaceReal.{0}
                                                                                                                          Real
                                                                                                                          Real.instRCLike))
                                                                                                                      Complex.instNormedAddCommGroup
                                                                                                                      (@InnerProductSpace.toNormedSpace.{0,
                                                                                                                            0}
                                                                                                                        Real
                                                                                                                        Complex
                                                                                                                        Real.instRCLike
                                                                                                                        (@NormedAddCommGroup.toSeminormedAddCommGroup.{0}
                                                                                                                          Complex
                                                                                                                          Complex.instNormedAddCommGroup)
                                                                                                                        instInnerProductSpaceRealComplex))
                                                                                                                    (@AddCommGroup.toAddGroup.{0}
                                                                                                                      (@SchwartzMap.{0,
                                                                                                                            0}
                                                                                                                        Real
                                                                                                                        Complex
                                                                                                                        Real.normedAddCommGroup
                                                                                                                        (@InnerProductSpace.toNormedSpace.{0,
                                                                                                                              0}
                                                                                                                          Real
                                                                                                                          Real
                                                                                                                          Real.instRCLike
                                                                                                                          (@NormedAddCommGroup.toSeminormedAddCommGroup.{0}
                                                                                                                            Real
                                                                                                                            Real.normedAddCommGroup)
                                                                                                                          (@RCLike.toInnerProductSpaceReal.{0}
                                                                                                                            Real
                                                                                                                            Real.instRCLike))
                                                                                                                        Complex.instNormedAddCommGroup
                                                                                                                        (@InnerProductSpace.toNormedSpace.{0,
                                                                                                                              0}
                                                                                                                          Real
                                                                                                                          Complex
                                                                                                                          Real.instRCLike
                                                                                                                          (@NormedAddCommGroup.toSeminormedAddCommGroup.{0}
                                                                                                                            Complex
                                                                                                                            Complex.instNormedAddCommGroup)
                                                                                                                          instInnerProductSpaceRealComplex))
                                                                                                                      (@SchwartzMap.instAddCommGroup.{0,
                                                                                                                            0}
                                                                                                                        Real
                                                                                                                        Complex
                                                                                                                        Real.normedAddCommGroup
                                                                                                                        (@InnerProductSpace.toNormedSpace.{0,
                                                                                                                              0}
                                                                                                                          Real
                                                                                                                          Real
                                                                                                                          Real.instRCLike
                                                                                                                          (@NormedAddCommGroup.toSeminormedAddCommGroup.{0}
                                                                                                                            Real
                                                                                                                            Real.normedAddCommGroup)
                                                                                                                          (@RCLike.toInnerProductSpaceReal.{0}
                                                                                                                            Real
                                                                                                                            Real.instRCLike))
                                                                                                                        Complex.instNormedAddCommGroup
                                                                                                                        (@InnerProductSpace.toNormedSpace.{0,
                                                                                                                              0}
                                                                                                                          Real
                                                                                                                          Complex
                                                                                                                          Real.instRCLike
                                                                                                                          (@NormedAddCommGroup.toSeminormedAddCommGroup.{0}
                                                                                                                            Complex
                                                                                                                            Complex.instNormedAddCommGroup)
                                                                                                                          instInnerProductSpaceRealComplex)))))
                                                                                                                (@Module.toDistribMulAction.{0,
                                                                                                                      0}
                                                                                                                  Real
                                                                                                                  (@SchwartzMap.{0,
                                                                                                                        0}
                                                                                                                    Real
                                                                                                                    Complex
                                                                                                                    Real.normedAddCommGroup
                                                                                                                    (@InnerProductSpace.toNormedSpace.{0,
                                                                                                                          0}
                                                                                                                      Real
                                                                                                                      Real
                                                                                                                      Real.instRCLike
                                                                                                                      (@NormedAddCommGroup.toSeminormedAddCommGroup.{0}
                                                                                                                        Real
                                                                                                                        Real.normedAddCommGroup)
                                                                                                                      (@RCLike.toInnerProductSpaceReal.{0}
                                                                                                                        Real
                                                                                                                        Real.instRCLike))
                                                                                                                    Complex.instNormedAddCommGroup
                                                                                                                    (@InnerProductSpace.toNormedSpace.{0,
                                                                                                                          0}
                                                                                                                      Real
                                                                                                                      Complex
                                                                                                                      Real.instRCLike
                                                                                                                      (@NormedAddCommGroup.toSeminormedAddCommGroup.{0}
                                                                                                                        Complex
                                                                                                                        Complex.instNormedAddCommGroup)
                                                                                                                      instInnerProductSpaceRealComplex))
                                                                                                                  (@Ring.toSemiring.{0}
                                                                                                                    Real
                                                                                                                    (@SeminormedRing.toRing.{0}
                                                                                                                      Real
                                                                                                                      (@SeminormedCommRing.toSeminormedRing.{0}
                                                                                                                        Real
                                                                                                                        (@NormedCommRing.toSeminormedCommRing.{0}
                                                                                                                          Real
                                                                                                                          (@NormedField.toNormedCommRing.{0}
                                                                                                                            Real
                                                                                                                            Real.normedField)))))
                                                                                                                  (@AddCommGroup.toAddCommMonoid.{0}
                                                                                                                    (@SchwartzMap.{0,
                                                                                                                          0}
                                                                                                                      Real
                                                                                                                      Complex
                                                                                                                      Real.normedAddCommGroup
                                                                                                                      (@InnerProductSpace.toNormedSpace.{0,
                                                                                                                            0}
                                                                                                                        Real
                                                                                                                        Real
                                                                                                                        Real.instRCLike
                                                                                                                        (@NormedAddCommGroup.toSeminormedAddCommGroup.{0}
                                                                                                                          Real
                                                                                                                          Real.normedAddCommGroup)
                                                                                                                        (@RCLike.toInnerProductSpaceReal.{0}
                                                                                                                          Real
                                                                                                                          Real.instRCLike))
                                                                                                                      Complex.instNormedAddCommGroup
                                                                                                                      (@InnerProductSpace.toNormedSpace.{0,
                                                                                                                            0}
                                                                                                                        Real
                                                                                                                        Complex
                                                                                                                        Real.instRCLike
                                                                                                                        (@NormedAddCommGroup.toSeminormedAddCommGroup.{0}
                                                                                                                          Complex
                                                                                                                          Complex.instNormedAddCommGroup)
                                                                                                                        instInnerProductSpaceRealComplex))
                                                                                                                    (@SchwartzMap.instAddCommGroup.{0,
                                                                                                                          0}
                                                                                                                      Real
                                                                                                                      Complex
                                                                                                                      Real.normedAddCommGroup
                                                                                                                      (@InnerProductSpace.toNormedSpace.{0,
                                                                                                                            0}
                                                                                                                        Real
                                                                                                                        Real
                                                                                                                        Real.instRCLike
                                                                                                                        (@NormedAddCommGroup.toSeminormedAddCommGroup.{0}
                                                                                                                          Real
                                                                                                                          Real.normedAddCommGroup)
                                                                                                                        (@RCLike.toInnerProductSpaceReal.{0}
                                                                                                                          Real
                                                                                                                          Real.instRCLike))
                                                                                                                      Complex.instNormedAddCommGroup
                                                                                                                      (@InnerProductSpace.toNormedSpace.{0,
                                                                                                                            0}
                                                                                                                        Real
                                                                                                                        Complex
                                                                                                                        Real.instRCLike
                                                                                                                        (@NormedAddCommGroup.toSeminormedAddCommGroup.{0}
                                                                                                                          Complex
                                                                                                                          Complex.instNormedAddCommGroup)
                                                                                                                        instInnerProductSpaceRealComplex)))
                                                                                                                  (@SchwartzMap.instModule.{0,
                                                                                                                        0,
                                                                                                                        0}
                                                                                                                    Real
                                                                                                                    Real
                                                                                                                    Complex
                                                                                                                    Real.normedAddCommGroup
                                                                                                                    (@InnerProductSpace.toNormedSpace.{0,
                                                                                                                          0}
                                                                                                                      Real
                                                                                                                      Real
                                                                                                                      Real.instRCLike
                                                                                                                      (@NormedAddCommGroup.toSeminormedAddCommGroup.{0}
                                                                                                                        Real
                                                                                                                        Real.normedAddCommGroup)
                                                                                                                      (@RCLike.toInnerProductSpaceReal.{0}
                                                                                                                        Real
                                                                                                                        Real.instRCLike))
                                                                                                                    Complex.instNormedAddCommGroup
                                                                                                                    (@InnerProductSpace.toNormedSpace.{0,
                                                                                                                          0}
                                                                                                                      Real
                                                                                                                      Complex
                                                                                                                      Real.instRCLike
                                                                                                                      (@NormedAddCommGroup.toSeminormedAddCommGroup.{0}
                                                                                                                        Complex
                                                                                                                        Complex.instNormedAddCommGroup)
                                                                                                                      instInnerProductSpaceRealComplex)
                                                                                                                    Real.normedField
                                                                                                                    (@InnerProductSpace.toNormedSpace.{0,
                                                                                                                          0}
                                                                                                                      Real
                                                                                                                      Complex
                                                                                                                      Real.instRCLike
                                                                                                                      (@NormedAddCommGroup.toSeminormedAddCommGroup.{0}
                                                                                                                        Complex
                                                                                                                        Complex.instNormedAddCommGroup)
                                                                                                                      instInnerProductSpaceRealComplex)
                                                                                                                    (@smulCommClass_self.{0,
                                                                                                                          0}
                                                                                                                      Real
                                                                                                                      Complex
                                                                                                                      Real.instCommMonoid
                                                                                                                      (@DistribMulAction.toMulAction.{0,
                                                                                                                            0}
                                                                                                                        Real
                                                                                                                        Complex
                                                                                                                        (@CommMonoid.toMonoid.{0}
                                                                                                                          Real
                                                                                                                          Real.instCommMonoid)
                                                                                                                        (@AddCommMonoid.toAddMonoid.{0}
                                                                                                                          Complex
                                                                                                                          Complex.instAddCommMonoid)
                                                                                                                        (@Module.toDistribMulAction.{0,
                                                                                                                              0}
                                                                                                                          Real
                                                                                                                          Complex
                                                                                                                          Real.semiring
                                                                                                                          Complex.instAddCommMonoid
                                                                                                                          (@NormedSpace.toModule.{0,
                                                                                                                                0}
                                                                                                                            Real
                                                                                                                            Complex
                                                                                                                            Real.normedField
                                                                                                                            (@NonUnitalSeminormedRing.toSeminormedAddCommGroup.{0}
                                                                                                                              Complex
                                                                                                                              (@NonUnitalSeminormedCommRing.toNonUnitalSeminormedRing.{0}
                                                                                                                                Complex
                                                                                                                                (@SeminormedCommRing.toNonUnitalSeminormedCommRing.{0}
                                                                                                                                  Complex
                                                                                                                                  (@NormedCommRing.toSeminormedCommRing.{0}
                                                                                                                                    Complex
                                                                                                                                    (@CommCStarAlgebra.toNormedCommRing.{0}
                                                                                                                                      Complex
                                                                                                                                      instCommCStarAlgebraComplex)))))
                                                                                                                            (@InnerProductSpace.toNormedSpace.{0,
                                                                                                                                  0}
                                                                                                                              Real
                                                                                                                              Complex
                                                                                                                              Real.instRCLike
                                                                                                                              (@NonUnitalSeminormedRing.toSeminormedAddCommGroup.{0}
                                                                                                                                Complex
                                                                                                                                (@NonUnitalSeminormedCommRing.toNonUnitalSeminormedRing.{0}
                                                                                                                                  Complex
                                                                                                                                  (@SeminormedCommRing.toNonUnitalSeminormedCommRing.{0}
                                                                                                                                    Complex
                                                                                                                                    (@NormedCommRing.toSeminormedCommRing.{0}
                                                                                                                                      Complex
                                                                                                                                      (@CommCStarAlgebra.toNormedCommRing.{0}
                                                                                                                                        Complex
                                                                                                                                        instCommCStarAlgebraComplex)))))
                                                                                                                              instInnerProductSpaceRealComplex)))))))))))
                                                                                                        (@SchwartzMap.{0,
                                                                                                              0}
                                                                                                          Real Complex
                                                                                                          Real.normedAddCommGroup
                                                                                                          (@InnerProductSpace.toNormedSpace.{0,
                                                                                                                0}
                                                                                                            Real Real
                                                                                                            Real.instRCLike
                                                                                                            (@NormedAddCommGroup.toSeminormedAddCommGroup.{0}
                                                                                                              Real
                                                                                                              Real.normedAddCommGroup)
                                                                                                            (@RCLike.toInnerProductSpaceReal.{0}
                                                                                                              Real
                                                                                                              Real.instRCLike))
                                                                                                          Complex.instNormedAddCommGroup
                                                                                                          (@InnerProductSpace.toNormedSpace.{0,
                                                                                                                0}
                                                                                                            Real Complex
                                                                                                            Real.instRCLike
                                                                                                            (@NormedAddCommGroup.toSeminormedAddCommGroup.{0}
                                                                                                              Complex
                                                                                                              Complex.instNormedAddCommGroup)
                                                                                                            instInnerProductSpaceRealComplex))
                                                                                                        (fun
                                                                                                            (x :
                                                                                                              @SchwartzMap.{0,
                                                                                                                    0}
                                                                                                                Real
                                                                                                                Complex
                                                                                                                Real.normedAddCommGroup
                                                                                                                (@InnerProductSpace.toNormedSpace.{0,
                                                                                                                      0}
                                                                                                                  Real
                                                                                                                  Real
                                                                                                                  Real.instRCLike
                                                                                                                  (@NormedAddCommGroup.toSeminormedAddCommGroup.{0}
                                                                                                                    Real
                                                                                                                    Real.normedAddCommGroup)
                                                                                                                  (@RCLike.toInnerProductSpaceReal.{0}
                                                                                                                    Real
                                                                                                                    Real.instRCLike))
                                                                                                                Complex.instNormedAddCommGroup
                                                                                                                (@InnerProductSpace.toNormedSpace.{0,
                                                                                                                      0}
                                                                                                                  Real
                                                                                                                  Complex
                                                                                                                  Real.instRCLike
                                                                                                                  (@NormedAddCommGroup.toSeminormedAddCommGroup.{0}
                                                                                                                    Complex
                                                                                                                    Complex.instNormedAddCommGroup)
                                                                                                                  instInnerProductSpaceRealComplex)) =>
                                                                                                          Real)
                                                                                                        (@Seminorm.instFunLike.{0,
                                                                                                              0}
                                                                                                          Real
                                                                                                          (@SchwartzMap.{0,
                                                                                                                0}
                                                                                                            Real Complex
                                                                                                            Real.normedAddCommGroup
                                                                                                            (@InnerProductSpace.toNormedSpace.{0,
                                                                                                                  0}
                                                                                                              Real Real
                                                                                                              Real.instRCLike
                                                                                                              (@NormedAddCommGroup.toSeminormedAddCommGroup.{0}
                                                                                                                Real
                                                                                                                Real.normedAddCommGroup)
                                                                                                              (@RCLike.toInnerProductSpaceReal.{0}
                                                                                                                Real
                                                                                                                Real.instRCLike))
                                                                                                            Complex.instNormedAddCommGroup
                                                                                                            (@InnerProductSpace.toNormedSpace.{0,
                                                                                                                  0}
                                                                                                              Real
                                                                                                              Complex
                                                                                                              Real.instRCLike
                                                                                                              (@NormedAddCommGroup.toSeminormedAddCommGroup.{0}
                                                                                                                Complex
                                                                                                                Complex.instNormedAddCommGroup)
                                                                                                              instInnerProductSpaceRealComplex))
                                                                                                          (@SeminormedCommRing.toSeminormedRing.{0}
                                                                                                            Real
                                                                                                            (@NormedCommRing.toSeminormedCommRing.{0}
                                                                                                              Real
                                                                                                              (@NormedField.toNormedCommRing.{0}
                                                                                                                Real
                                                                                                                Real.normedField)))
                                                                                                          (@AddCommGroup.toAddGroup.{0}
                                                                                                            (@SchwartzMap.{0,
                                                                                                                  0}
                                                                                                              Real
                                                                                                              Complex
                                                                                                              Real.normedAddCommGroup
                                                                                                              (@InnerProductSpace.toNormedSpace.{0,
                                                                                                                    0}
                                                                                                                Real
                                                                                                                Real
                                                                                                                Real.instRCLike
                                                                                                                (@NormedAddCommGroup.toSeminormedAddCommGroup.{0}
                                                                                                                  Real
                                                                                                                  Real.normedAddCommGroup)
                                                                                                                (@RCLike.toInnerProductSpaceReal.{0}
                                                                                                                  Real
                                                                                                                  Real.instRCLike))
                                                                                                              Complex.instNormedAddCommGroup
                                                                                                              (@InnerProductSpace.toNormedSpace.{0,
                                                                                                                    0}
                                                                                                                Real
                                                                                                                Complex
                                                                                                                Real.instRCLike
                                                                                                                (@NormedAddCommGroup.toSeminormedAddCommGroup.{0}
                                                                                                                  Complex
                                                                                                                  Complex.instNormedAddCommGroup)
                                                                                                                instInnerProductSpaceRealComplex))
                                                                                                            (@SchwartzMap.instAddCommGroup.{0,
                                                                                                                  0}
                                                                                                              Real
                                                                                                              Complex
                                                                                                              Real.normedAddCommGroup
                                                                                                              (@InnerProductSpace.toNormedSpace.{0,
                                                                                                                    0}
                                                                                                                Real
                                                                                                                Real
                                                                                                                Real.instRCLike
                                                                                                                (@NormedAddCommGroup.toSeminormedAddCommGroup.{0}
                                                                                                                  Real
                                                                                                                  Real.normedAddCommGroup)
                                                                                                                (@RCLike.toInnerProductSpaceReal.{0}
                                                                                                                  Real
                                                                                                                  Real.instRCLike))
                                                                                                              Complex.instNormedAddCommGroup
                                                                                                              (@InnerProductSpace.toNormedSpace.{0,
                                                                                                                    0}
                                                                                                                Real
                                                                                                                Complex
                                                                                                                Real.instRCLike
                                                                                                                (@NormedAddCommGroup.toSeminormedAddCommGroup.{0}
                                                                                                                  Complex
                                                                                                                  Complex.instNormedAddCommGroup)
                                                                                                                instInnerProductSpaceRealComplex)))
                                                                                                          (@SMulZeroClass.toSMul.{0,
                                                                                                                0}
                                                                                                            Real
                                                                                                            (@SchwartzMap.{0,
                                                                                                                  0}
                                                                                                              Real
                                                                                                              Complex
                                                                                                              Real.normedAddCommGroup
                                                                                                              (@InnerProductSpace.toNormedSpace.{0,
                                                                                                                    0}
                                                                                                                Real
                                                                                                                Real
                                                                                                                Real.instRCLike
                                                                                                                (@NormedAddCommGroup.toSeminormedAddCommGroup.{0}
                                                                                                                  Real
                                                                                                                  Real.normedAddCommGroup)
                                                                                                                (@RCLike.toInnerProductSpaceReal.{0}
                                                                                                                  Real
                                                                                                                  Real.instRCLike))
                                                                                                              Complex.instNormedAddCommGroup
                                                                                                              (@InnerProductSpace.toNormedSpace.{0,
                                                                                                                    0}
                                                                                                                Real
                                                                                                                Complex
                                                                                                                Real.instRCLike
                                                                                                                (@NormedAddCommGroup.toSeminormedAddCommGroup.{0}
                                                                                                                  Complex
                                                                                                                  Complex.instNormedAddCommGroup)
                                                                                                                instInnerProductSpaceRealComplex))
                                                                                                            (@AddZero.toZero.{0}
                                                                                                              (@SchwartzMap.{0,
                                                                                                                    0}
                                                                                                                Real
                                                                                                                Complex
                                                                                                                Real.normedAddCommGroup
                                                                                                                (@InnerProductSpace.toNormedSpace.{0,
                                                                                                                      0}
                                                                                                                  Real
                                                                                                                  Real
                                                                                                                  Real.instRCLike
                                                                                                                  (@NormedAddCommGroup.toSeminormedAddCommGroup.{0}
                                                                                                                    Real
                                                                                                                    Real.normedAddCommGroup)
                                                                                                                  (@RCLike.toInnerProductSpaceReal.{0}
                                                                                                                    Real
                                                                                                                    Real.instRCLike))
                                                                                                                Complex.instNormedAddCommGroup
                                                                                                                (@InnerProductSpace.toNormedSpace.{0,
                                                                                                                      0}
                                                                                                                  Real
                                                                                                                  Complex
                                                                                                                  Real.instRCLike
                                                                                                                  (@NormedAddCommGroup.toSeminormedAddCommGroup.{0}
                                                                                                                    Complex
                                                                                                                    Complex.instNormedAddCommGroup)
                                                                                                                  instInnerProductSpaceRealComplex))
                                                                                                              (@AddZeroClass.toAddZero.{0}
                                                                                                                (@SchwartzMap.{0,
                                                                                                                      0}
                                                                                                                  Real
                                                                                                                  Complex
                                                                                                                  Real.normedAddCommGroup
                                                                                                                  (@InnerProductSpace.toNormedSpace.{0,
                                                                                                                        0}
                                                                                                                    Real
                                                                                                                    Real
                                                                                                                    Real.instRCLike
                                                                                                                    (@NormedAddCommGroup.toSeminormedAddCommGroup.{0}
                                                                                                                      Real
                                                                                                                      Real.normedAddCommGroup)
                                                                                                                    (@RCLike.toInnerProductSpaceReal.{0}
                                                                                                                      Real
                                                                                                                      Real.instRCLike))
                                                                                                                  Complex.instNormedAddCommGroup
                                                                                                                  (@InnerProductSpace.toNormedSpace.{0,
                                                                                                                        0}
                                                                                                                    Real
                                                                                                                    Complex
                                                                                                                    Real.instRCLike
                                                                                                                    (@NormedAddCommGroup.toSeminormedAddCommGroup.{0}
                                                                                                                      Complex
                                                                                                                      Complex.instNormedAddCommGroup)
                                                                                                                    instInnerProductSpaceRealComplex))
                                                                                                                (@AddMonoid.toAddZeroClass.{0}
                                                                                                                  (@SchwartzMap.{0,
                                                                                                                        0}
                                                                                                                    Real
                                                                                                                    Complex
                                                                                                                    Real.normedAddCommGroup
                                                                                                                    (@InnerProductSpace.toNormedSpace.{0,
                                                                                                                          0}
                                                                                                                      Real
                                                                                                                      Real
                                                                                                                      Real.instRCLike
                                                                                                                      (@NormedAddCommGroup.toSeminormedAddCommGroup.{0}
                                                                                                                        Real
                                                                                                                        Real.normedAddCommGroup)
                                                                                                                      (@RCLike.toInnerProductSpaceReal.{0}
                                                                                                                        Real
                                                                                                                        Real.instRCLike))
                                                                                                                    Complex.instNormedAddCommGroup
                                                                                                                    (@InnerProductSpace.toNormedSpace.{0,
                                                                                                                          0}
                                                                                                                      Real
                                                                                                                      Complex
                                                                                                                      Real.instRCLike
                                                                                                                      (@NormedAddCommGroup.toSeminormedAddCommGroup.{0}
                                                                                                                        Complex
                                                                                                                        Complex.instNormedAddCommGroup)
                                                                                                                      instInnerProductSpaceRealComplex))
                                                                                                                  (@SubNegMonoid.toAddMonoid.{0}
                                                                                                                    (@SchwartzMap.{0,
                                                                                                                          0}
                                                                                                                      Real
                                                                                                                      Complex
                                                                                                                      Real.normedAddCommGroup
                                                                                                                      (@InnerProductSpace.toNormedSpace.{0,
                                                                                                                            0}
                                                                                                                        Real
                                                                                                                        Real
                                                                                                                        Real.instRCLike
                                                                                                                        (@NormedAddCommGroup.toSeminormedAddCommGroup.{0}
                                                                                                                          Real
                                                                                                                          Real.normedAddCommGroup)
                                                                                                                        (@RCLike.toInnerProductSpaceReal.{0}
                                                                                                                          Real
                                                                                                                          Real.instRCLike))
                                                                                                                      Complex.instNormedAddCommGroup
                                                                                                                      (@InnerProductSpace.toNormedSpace.{0,
                                                                                                                            0}
                                                                                                                        Real
                                                                                                                        Complex
                                                                                                                        Real.instRCLike
                                                                                                                        (@NormedAddCommGroup.toSeminormedAddCommGroup.{0}
                                                                                                                          Complex
                                                                                                                          Complex.instNormedAddCommGroup)
                                                                                                                        instInnerProductSpaceRealComplex))
                                                                                                                    (@AddGroup.toSubNegMonoid.{0}
                                                                                                                      (@SchwartzMap.{0,
                                                                                                                            0}
                                                                                                                        Real
                                                                                                                        Complex
                                                                                                                        Real.normedAddCommGroup
                                                                                                                        (@InnerProductSpace.toNormedSpace.{0,
                                                                                                                              0}
                                                                                                                          Real
                                                                                                                          Real
                                                                                                                          Real.instRCLike
                                                                                                                          (@NormedAddCommGroup.toSeminormedAddCommGroup.{0}
                                                                                                                            Real
                                                                                                                            Real.normedAddCommGroup)
                                                                                                                          (@RCLike.toInnerProductSpaceReal.{0}
                                                                                                                            Real
                                                                                                                            Real.instRCLike))
                                                                                                                        Complex.instNormedAddCommGroup
                                                                                                                        (@InnerProductSpace.toNormedSpace.{0,
                                                                                                                              0}
                                                                                                                          Real
                                                                                                                          Complex
                                                                                                                          Real.instRCLike
                                                                                                                          (@NormedAddCommGroup.toSeminormedAddCommGroup.{0}
                                                                                                                            Complex
                                                                                                                            Complex.instNormedAddCommGroup)
                                                                                                                          instInnerProductSpaceRealComplex))
                                                                                                                      (@AddCommGroup.toAddGroup.{0}
                                                                                                                        (@SchwartzMap.{0,
                                                                                                                              0}
                                                                                                                          Real
                                                                                                                          Complex
                                                                                                                          Real.normedAddCommGroup
                                                                                                                          (@InnerProductSpace.toNormedSpace.{0,
                                                                                                                                0}
                                                                                                                            Real
                                                                                                                            Real
                                                                                                                            Real.instRCLike
                                                                                                                            (@NormedAddCommGroup.toSeminormedAddCommGroup.{0}
                                                                                                                              Real
                                                                                                                              Real.normedAddCommGroup)
                                                                                                                            (@RCLike.toInnerProductSpaceReal.{0}
                                                                                                                              Real
                                                                                                                              Real.instRCLike))
                                                                                                                          Complex.instNormedAddCommGroup
                                                                                                                          (@InnerProductSpace.toNormedSpace.{0,
                                                                                                                                0}
                                                                                                                            Real
                                                                                                                            Complex
                                                                                                                            Real.instRCLike
                                                                                                                            (@NormedAddCommGroup.toSeminormedAddCommGroup.{0}
                                                                                                                              Complex
                                                                                                                              Complex.instNormedAddCommGroup)
                                                                                                                            instInnerProductSpaceRealComplex))
                                                                                                                        (@SchwartzMap.instAddCommGroup.{0,
                                                                                                                              0}
                                                                                                                          Real
                                                                                                                          Complex
                                                                                                                          Real.normedAddCommGroup
                                                                                                                          (@InnerProductSpace.toNormedSpace.{0,
                                                                                                                                0}
                                                                                                                            Real
                                                                                                                            Real
                                                                                                                            Real.instRCLike
                                                                                                                            (@NormedAddCommGroup.toSeminormedAddCommGroup.{0}
                                                                                                                              Real
                                                                                                                              Real.normedAddCommGroup)
                                                                                                                            (@RCLike.toInnerProductSpaceReal.{0}
                                                                                                                              Real
                                                                                                                              Real.instRCLike))
                                                                                                                          Complex.instNormedAddCommGroup
                                                                                                                          (@InnerProductSpace.toNormedSpace.{0,
                                                                                                                                0}
                                                                                                                            Real
                                                                                                                            Complex
                                                                                                                            Real.instRCLike
                                                                                                                            (@NormedAddCommGroup.toSeminormedAddCommGroup.{0}
                                                                                                                              Complex
                                                                                                                              Complex.instNormedAddCommGroup)
                                                                                                                            instInnerProductSpaceRealComplex))))))))
                                                                                                            (@DistribSMul.toSMulZeroClass.{0,
                                                                                                                  0}
                                                                                                              Real
                                                                                                              (@SchwartzMap.{0,
                                                                                                                    0}
                                                                                                                Real
                                                                                                                Complex
                                                                                                                Real.normedAddCommGroup
                                                                                                                (@InnerProductSpace.toNormedSpace.{0,
                                                                                                                      0}
                                                                                                                  Real
                                                                                                                  Real
                                                                                                                  Real.instRCLike
                                                                                                                  (@NormedAddCommGroup.toSeminormedAddCommGroup.{0}
                                                                                                                    Real
                                                                                                                    Real.normedAddCommGroup)
                                                                                                                  (@RCLike.toInnerProductSpaceReal.{0}
                                                                                                                    Real
                                                                                                                    Real.instRCLike))
                                                                                                                Complex.instNormedAddCommGroup
                                                                                                                (@InnerProductSpace.toNormedSpace.{0,
                                                                                                                      0}
                                                                                                                  Real
                                                                                                                  Complex
                                                                                                                  Real.instRCLike
                                                                                                                  (@NormedAddCommGroup.toSeminormedAddCommGroup.{0}
                                                                                                                    Complex
                                                                                                                    Complex.instNormedAddCommGroup)
                                                                                                                  instInnerProductSpaceRealComplex))
                                                                                                              (@AddMonoid.toAddZeroClass.{0}
                                                                                                                (@SchwartzMap.{0,
                                                                                                                      0}
                                                                                                                  Real
                                                                                                                  Complex
                                                                                                                  Real.normedAddCommGroup
                                                                                                                  (@InnerProductSpace.toNormedSpace.{0,
                                                                                                                        0}
                                                                                                                    Real
                                                                                                                    Real
                                                                                                                    Real.instRCLike
                                                                                                                    (@NormedAddCommGroup.toSeminormedAddCommGroup.{0}
                                                                                                                      Real
                                                                                                                      Real.normedAddCommGroup)
                                                                                                                    (@RCLike.toInnerProductSpaceReal.{0}
                                                                                                                      Real
                                                                                                                      Real.instRCLike))
                                                                                                                  Complex.instNormedAddCommGroup
                                                                                                                  (@InnerProductSpace.toNormedSpace.{0,
                                                                                                                        0}
                                                                                                                    Real
                                                                                                                    Complex
                                                                                                                    Real.instRCLike
                                                                                                                    (@NormedAddCommGroup.toSeminormedAddCommGroup.{0}
                                                                                                                      Complex
                                                                                                                      Complex.instNormedAddCommGroup)
                                                                                                                    instInnerProductSpaceRealComplex))
                                                                                                                (@SubNegMonoid.toAddMonoid.{0}
                                                                                                                  (@SchwartzMap.{0,
                                                                                                                        0}
                                                                                                                    Real
                                                                                                                    Complex
                                                                                                                    Real.normedAddCommGroup
                                                                                                                    (@InnerProductSpace.toNormedSpace.{0,
                                                                                                                          0}
                                                                                                                      Real
                                                                                                                      Real
                                                                                                                      Real.instRCLike
                                                                                                                      (@NormedAddCommGroup.toSeminormedAddCommGroup.{0}
                                                                                                                        Real
                                                                                                                        Real.normedAddCommGroup)
                                                                                                                      (@RCLike.toInnerProductSpaceReal.{0}
                                                                                                                        Real
                                                                                                                        Real.instRCLike))
                                                                                                                    Complex.instNormedAddCommGroup
                                                                                                                    (@InnerProductSpace.toNormedSpace.{0,
                                                                                                                          0}
                                                                                                                      Real
                                                                                                                      Complex
                                                                                                                      Real.instRCLike
                                                                                                                      (@NormedAddCommGroup.toSeminormedAddCommGroup.{0}
                                                                                                                        Complex
                                                                                                                        Complex.instNormedAddCommGroup)
                                                                                                                      instInnerProductSpaceRealComplex))
                                                                                                                  (@AddGroup.toSubNegMonoid.{0}
                                                                                                                    (@SchwartzMap.{0,
                                                                                                                          0}
                                                                                                                      Real
                                                                                                                      Complex
                                                                                                                      Real.normedAddCommGroup
                                                                                                                      (@InnerProductSpace.toNormedSpace.{0,
                                                                                                                            0}
                                                                                                                        Real
                                                                                                                        Real
                                                                                                                        Real.instRCLike
                                                                                                                        (@NormedAddCommGroup.toSeminormedAddCommGroup.{0}
                                                                                                                          Real
                                                                                                                          Real.normedAddCommGroup)
                                                                                                                        (@RCLike.toInnerProductSpaceReal.{0}
                                                                                                                          Real
                                                                                                                          Real.instRCLike))
                                                                                                                      Complex.instNormedAddCommGroup
                                                                                                                      (@InnerProductSpace.toNormedSpace.{0,
                                                                                                                            0}
                                                                                                                        Real
                                                                                                                        Complex
                                                                                                                        Real.instRCLike
                                                                                                                        (@NormedAddCommGroup.toSeminormedAddCommGroup.{0}
                                                                                                                          Complex
                                                                                                                          Complex.instNormedAddCommGroup)
                                                                                                                        instInnerProductSpaceRealComplex))
                                                                                                                    (@AddCommGroup.toAddGroup.{0}
                                                                                                                      (@SchwartzMap.{0,
                                                                                                                            0}
                                                                                                                        Real
                                                                                                                        Complex
                                                                                                                        Real.normedAddCommGroup
                                                                                                                        (@InnerProductSpace.toNormedSpace.{0,
                                                                                                                              0}
                                                                                                                          Real
                                                                                                                          Real
                                                                                                                          Real.instRCLike
                                                                                                                          (@NormedAddCommGroup.toSeminormedAddCommGroup.{0}
                                                                                                                            Real
                                                                                                                            Real.normedAddCommGroup)
                                                                                                                          (@RCLike.toInnerProductSpaceReal.{0}
                                                                                                                            Real
                                                                                                                            Real.instRCLike))
                                                                                                                        Complex.instNormedAddCommGroup
                                                                                                                        (@InnerProductSpace.toNormedSpace.{0,
                                                                                                                              0}
                                                                                                                          Real
                                                                                                                          Complex
                                                                                                                          Real.instRCLike
                                                                                                                          (@NormedAddCommGroup.toSeminormedAddCommGroup.{0}
                                                                                                                            Complex
                                                                                                                            Complex.instNormedAddCommGroup)
                                                                                                                          instInnerProductSpaceRealComplex))
                                                                                                                      (@SchwartzMap.instAddCommGroup.{0,
                                                                                                                            0}
                                                                                                                        Real
                                                                                                                        Complex
                                                                                                                        Real.normedAddCommGroup
                                                                                                                        (@InnerProductSpace.toNormedSpace.{0,
                                                                                                                              0}
                                                                                                                          Real
                                                                                                                          Real
                                                                                                                          Real.instRCLike
                                                                                                                          (@NormedAddCommGroup.toSeminormedAddCommGroup.{0}
                                                                                                                            Real
                                                                                                                            Real.normedAddCommGroup)
                                                                                                                          (@RCLike.toInnerProductSpaceReal.{0}
                                                                                                                            Real
                                                                                                                            Real.instRCLike))
                                                                                                                        Complex.instNormedAddCommGroup
                                                                                                                        (@InnerProductSpace.toNormedSpace.{0,
                                                                                                                              0}
                                                                                                                          Real
                                                                                                                          Complex
                                                                                                                          Real.instRCLike
                                                                                                                          (@NormedAddCommGroup.toSeminormedAddCommGroup.{0}
                                                                                                                            Complex
                                                                                                                            Complex.instNormedAddCommGroup)
                                                                                                                          instInnerProductSpaceRealComplex))))))
                                                                                                              (@DistribMulAction.toDistribSMul.{0,
                                                                                                                    0}
                                                                                                                Real
                                                                                                                (@SchwartzMap.{0,
                                                                                                                      0}
                                                                                                                  Real
                                                                                                                  Complex
                                                                                                                  Real.normedAddCommGroup
                                                                                                                  (@InnerProductSpace.toNormedSpace.{0,
                                                                                                                        0}
                                                                                                                    Real
                                                                                                                    Real
                                                                                                                    Real.instRCLike
                                                                                                                    (@NormedAddCommGroup.toSeminormedAddCommGroup.{0}
                                                                                                                      Real
                                                                                                                      Real.normedAddCommGroup)
                                                                                                                    (@RCLike.toInnerProductSpaceReal.{0}
                                                                                                                      Real
                                                                                                                      Real.instRCLike))
                                                                                                                  Complex.instNormedAddCommGroup
                                                                                                                  (@InnerProductSpace.toNormedSpace.{0,
                                                                                                                        0}
                                                                                                                    Real
                                                                                                                    Complex
                                                                                                                    Real.instRCLike
                                                                                                                    (@NormedAddCommGroup.toSeminormedAddCommGroup.{0}
                                                                                                                      Complex
                                                                                                                      Complex.instNormedAddCommGroup)
                                                                                                                    instInnerProductSpaceRealComplex))
                                                                                                                (@Semiring.toMonoid.{0}
                                                                                                                  Real
                                                                                                                  (@Ring.toSemiring.{0}
                                                                                                                    Real
                                                                                                                    (@SeminormedRing.toRing.{0}
                                                                                                                      Real
                                                                                                                      (@SeminormedCommRing.toSeminormedRing.{0}
                                                                                                                        Real
                                                                                                                        (@NormedCommRing.toSeminormedCommRing.{0}
                                                                                                                          Real
                                                                                                                          (@NormedField.toNormedCommRing.{0}
                                                                                                                            Real
                                                                                                                            Real.normedField))))))
                                                                                                                (@SubNegMonoid.toAddMonoid.{0}
                                                                                                                  (@SchwartzMap.{0,
                                                                                                                        0}
                                                                                                                    Real
                                                                                                                    Complex
                                                                                                                    Real.normedAddCommGroup
                                                                                                                    (@InnerProductSpace.toNormedSpace.{0,
                                                                                                                          0}
                                                                                                                      Real
                                                                                                                      Real
                                                                                                                      Real.instRCLike
                                                                                                                      (@NormedAddCommGroup.toSeminormedAddCommGroup.{0}
                                                                                                                        Real
                                                                                                                        Real.normedAddCommGroup)
                                                                                                                      (@RCLike.toInnerProductSpaceReal.{0}
                                                                                                                        Real
                                                                                                                        Real.instRCLike))
                                                                                                                    Complex.instNormedAddCommGroup
                                                                                                                    (@InnerProductSpace.toNormedSpace.{0,
                                                                                                                          0}
                                                                                                                      Real
                                                                                                                      Complex
                                                                                                                      Real.instRCLike
                                                                                                                      (@NormedAddCommGroup.toSeminormedAddCommGroup.{0}
                                                                                                                        Complex
                                                                                                                        Complex.instNormedAddCommGroup)
                                                                                                                      instInnerProductSpaceRealComplex))
                                                                                                                  (@AddGroup.toSubNegMonoid.{0}
                                                                                                                    (@SchwartzMap.{0,
                                                                                                                          0}
                                                                                                                      Real
                                                                                                                      Complex
                                                                                                                      Real.normedAddCommGroup
                                                                                                                      (@InnerProductSpace.toNormedSpace.{0,
                                                                                                                            0}
                                                                                                                        Real
                                                                                                                        Real
                                                                                                                        Real.instRCLike
                                                                                                                        (@NormedAddCommGroup.toSeminormedAddCommGroup.{0}
                                                                                                                          Real
                                                                                                                          Real.normedAddCommGroup)
                                                                                                                        (@RCLike.toInnerProductSpaceReal.{0}
                                                                                                                          Real
                                                                                                                          Real.instRCLike))
                                                                                                                      Complex.instNormedAddCommGroup
                                                                                                                      (@InnerProductSpace.toNormedSpace.{0,
                                                                                                                            0}
                                                                                                                        Real
                                                                                                                        Complex
                                                                                                                        Real.instRCLike
                                                                                                                        (@NormedAddCommGroup.toSeminormedAddCommGroup.{0}
                                                                                                                          Complex
                                                                                                                          Complex.instNormedAddCommGroup)
                                                                                                                        instInnerProductSpaceRealComplex))
                                                                                                                    (@AddCommGroup.toAddGroup.{0}
                                                                                                                      (@SchwartzMap.{0,
                                                                                                                            0}
                                                                                                                        Real
                                                                                                                        Complex
                                                                                                                        Real.normedAddCommGroup
                                                                                                                        (@InnerProductSpace.toNormedSpace.{0,
                                                                                                                              0}
                                                                                                                          Real
                                                                                                                          Real
                                                                                                                          Real.instRCLike
                                                                                                                          (@NormedAddCommGroup.toSeminormedAddCommGroup.{0}
                                                                                                                            Real
                                                                                                                            Real.normedAddCommGroup)
                                                                                                                          (@RCLike.toInnerProductSpaceReal.{0}
                                                                                                                            Real
                                                                                                                            Real.instRCLike))
                                                                                                                        Complex.instNormedAddCommGroup
                                                                                                                        (@InnerProductSpace.toNormedSpace.{0,
                                                                                                                              0}
                                                                                                                          Real
                                                                                                                          Complex
                                                                                                                          Real.instRCLike
                                                                                                                          (@NormedAddCommGroup.toSeminormedAddCommGroup.{0}
                                                                                                                            Complex
                                                                                                                            Complex.instNormedAddCommGroup)
                                                                                                                          instInnerProductSpaceRealComplex))
                                                                                                                      (@SchwartzMap.instAddCommGroup.{0,
                                                                                                                            0}
                                                                                                                        Real
                                                                                                                        Complex
                                                                                                                        Real.normedAddCommGroup
                                                                                                                        (@InnerProductSpace.toNormedSpace.{0,
                                                                                                                              0}
                                                                                                                          Real
                                                                                                                          Real
                                                                                                                          Real.instRCLike
                                                                                                                          (@NormedAddCommGroup.toSeminormedAddCommGroup.{0}
                                                                                                                            Real
                                                                                                                            Real.normedAddCommGroup)
                                                                                                                          (@RCLike.toInnerProductSpaceReal.{0}
                                                                                                                            Real
                                                                                                                            Real.instRCLike))
                                                                                                                        Complex.instNormedAddCommGroup
                                                                                                                        (@InnerProductSpace.toNormedSpace.{0,
                                                                                                                              0}
                                                                                                                          Real
                                                                                                                          Complex
                                                                                                                          Real.instRCLike
                                                                                                                          (@NormedAddCommGroup.toSeminormedAddCommGroup.{0}
                                                                                                                            Complex
                                                                                                                            Complex.instNormedAddCommGroup)
                                                                                                                          instInnerProductSpaceRealComplex)))))
                                                                                                                (@Module.toDistribMulAction.{0,
                                                                                                                      0}
                                                                                                                  Real
                                                                                                                  (@SchwartzMap.{0,
                                                                                                                        0}
                                                                                                                    Real
                                                                                                                    Complex
                                                                                                                    Real.normedAddCommGroup
                                                                                                                    (@InnerProductSpace.toNormedSpace.{0,
                                                                                                                          0}
                                                                                                                      Real
                                                                                                                      Real
                                                                                                                      Real.instRCLike
                                                                                                                      (@NormedAddCommGroup.toSeminormedAddCommGroup.{0}
                                                                                                                        Real
                                                                                                                        Real.normedAddCommGroup)
                                                                                                                      (@RCLike.toInnerProductSpaceReal.{0}
                                                                                                                        Real
                                                                                                                        Real.instRCLike))
                                                                                                                    Complex.instNormedAddCommGroup
                                                                                                                    (@InnerProductSpace.toNormedSpace.{0,
                                                                                                                          0}
                                                                                                                      Real
                                                                                                                      Complex
                                                                                                                      Real.instRCLike
                                                                                                                      (@NormedAddCommGroup.toSeminormedAddCommGroup.{0}
                                                                                                                        Complex
                                                                                                                        Complex.instNormedAddCommGroup)
                                                                                                                      instInnerProductSpaceRealComplex))
                                                                                                                  (@Ring.toSemiring.{0}
                                                                                                                    Real
                                                                                                                    (@SeminormedRing.toRing.{0}
                                                                                                                      Real
                                                                                                                      (@SeminormedCommRing.toSeminormedRing.{0}
                                                                                                                        Real
                                                                                                                        (@NormedCommRing.toSeminormedCommRing.{0}
                                                                                                                          Real
                                                                                                                          (@NormedField.toNormedCommRing.{0}
                                                                                                                            Real
                                                                                                                            Real.normedField)))))
                                                                                                                  (@AddCommGroup.toAddCommMonoid.{0}
                                                                                                                    (@SchwartzMap.{0,
                                                                                                                          0}
                                                                                                                      Real
                                                                                                                      Complex
                                                                                                                      Real.normedAddCommGroup
                                                                                                                      (@InnerProductSpace.toNormedSpace.{0,
                                                                                                                            0}
                                                                                                                        Real
                                                                                                                        Real
                                                                                                                        Real.instRCLike
                                                                                                                        (@NormedAddCommGroup.toSeminormedAddCommGroup.{0}
                                                                                                                          Real
                                                                                                                          Real.normedAddCommGroup)
                                                                                                                        (@RCLike.toInnerProductSpaceReal.{0}
                                                                                                                          Real
                                                                                                                          Real.instRCLike))
                                                                                                                      Complex.instNormedAddCommGroup
                                                                                                                      (@InnerProductSpace.toNormedSpace.{0,
                                                                                                                            0}
                                                                                                                        Real
                                                                                                                        Complex
                                                                                                                        Real.instRCLike
                                                                                                                        (@NormedAddCommGroup.toSeminormedAddCommGroup.{0}
                                                                                                                          Complex
                                                                                                                          Complex.instNormedAddCommGroup)
                                                                                                                        instInnerProductSpaceRealComplex))
                                                                                                                    (@SchwartzMap.instAddCommGroup.{0,
                                                                                                                          0}
                                                                                                                      Real
                                                                                                                      Complex
                                                                                                                      Real.normedAddCommGroup
                                                                                                                      (@InnerProductSpace.toNormedSpace.{0,
                                                                                                                            0}
                                                                                                                        Real
                                                                                                                        Real
                                                                                                                        Real.instRCLike
                                                                                                                        (@NormedAddCommGroup.toSeminormedAddCommGroup.{0}
                                                                                                                          Real
                                                                                                                          Real.normedAddCommGroup)
                                                                                                                        (@RCLike.toInnerProductSpaceReal.{0}
                                                                                                                          Real
                                                                                                                          Real.instRCLike))
                                                                                                                      Complex.instNormedAddCommGroup
                                                                                                                      (@InnerProductSpace.toNormedSpace.{0,
                                                                                                                            0}
                                                                                                                        Real
                                                                                                                        Complex
                                                                                                                        Real.instRCLike
                                                                                                                        (@NormedAddCommGroup.toSeminormedAddCommGroup.{0}
                                                                                                                          Complex
                                                                                                                          Complex.instNormedAddCommGroup)
                                                                                                                        instInnerProductSpaceRealComplex)))
                                                                                                                  (@SchwartzMap.instModule.{0,
                                                                                                                        0,
                                                                                                                        0}
                                                                                                                    Real
                                                                                                                    Real
                                                                                                                    Complex
                                                                                                                    Real.normedAddCommGroup
                                                                                                                    (@InnerProductSpace.toNormedSpace.{0,
                                                                                                                          0}
                                                                                                                      Real
                                                                                                                      Real
                                                                                                                      Real.instRCLike
                                                                                                                      (@NormedAddCommGroup.toSeminormedAddCommGroup.{0}
                                                                                                                        Real
                                                                                                                        Real.normedAddCommGroup)
                                                                                                                      (@RCLike.toInnerProductSpaceReal.{0}
                                                                                                                        Real
                                                                                                                        Real.instRCLike))
                                                                                                                    Complex.instNormedAddCommGroup
                                                                                                                    (@InnerProductSpace.toNormedSpace.{0,
                                                                                                                          0}
                                                                                                                      Real
                                                                                                                      Complex
                                                                                                                      Real.instRCLike
                                                                                                                      (@NormedAddCommGroup.toSeminormedAddCommGroup.{0}
                                                                                                                        Complex
                                                                                                                        Complex.instNormedAddCommGroup)
                                                                                                                      instInnerProductSpaceRealComplex)
                                                                                                                    Real.normedField
                                                                                                                    (@InnerProductSpace.toNormedSpace.{0,
                                                                                                                          0}
                                                                                                                      Real
                                                                                                                      Complex
                                                                                                                      Real.instRCLike
                                                                                                                      (@NormedAddCommGroup.toSeminormedAddCommGroup.{0}
                                                                                                                        Complex
                                                                                                                        Complex.instNormedAddCommGroup)
                                                                                                                      instInnerProductSpaceRealComplex)
                                                                                                                    (@smulCommClass_self.{0,
                                                                                                                          0}
                                                                                                                      Real
                                                                                                                      Complex
                                                                                                                      Real.instCommMonoid
                                                                                                                      (@DistribMulAction.toMulAction.{0,
                                                                                                                            0}
                                                                                                                        Real
                                                                                                                        Complex
                                                                                                                        (@CommMonoid.toMonoid.{0}
                                                                                                                          Real
                                                                                                                          Real.instCommMonoid)
                                                                                                                        (@AddCommMonoid.toAddMonoid.{0}
                                                                                                                          Complex
                                                                                                                          Complex.instAddCommMonoid)
                                                                                                                        (@Module.toDistribMulAction.{0,
                                                                                                                              0}
                                                                                                                          Real
                                                                                                                          Complex
                                                                                                                          Real.semiring
                                                                                                                          Complex.instAddCommMonoid
                                                                                                                          (@NormedSpace.toModule.{0,
                                                                                                                                0}
                                                                                                                            Real
                                                                                                                            Complex
                                                                                                                            Real.normedField
                                                                                                                            (@NonUnitalSeminormedRing.toSeminormedAddCommGroup.{0}
                                                                                                                              Complex
                                                                                                                              (@NonUnitalSeminormedCommRing.toNonUnitalSeminormedRing.{0}
                                                                                                                                Complex
                                                                                                                                (@SeminormedCommRing.toNonUnitalSeminormedCommRing.{0}
                                                                                                                                  Complex
                                                                                                                                  (@NormedCommRing.toSeminormedCommRing.{0}
                                                                                                                                    Complex
                                                                                                                                    (@CommCStarAlgebra.toNormedCommRing.{0}
                                                                                                                                      Complex
                                                                                                                                      instCommCStarAlgebraComplex)))))
                                                                                                                            (@InnerProductSpace.toNormedSpace.{0,
                                                                                                                                  0}
                                                                                                                              Real
                                                                                                                              Complex
                                                                                                                              Real.instRCLike
                                                                                                                              (@NonUnitalSeminormedRing.toSeminormedAddCommGroup.{0}
                                                                                                                                Complex
                                                                                                                                (@NonUnitalSeminormedCommRing.toNonUnitalSeminormedRing.{0}
                                                                                                                                  Complex
                                                                                                                                  (@SeminormedCommRing.toNonUnitalSeminormedCommRing.{0}
                                                                                                                                    Complex
                                                                                                                                    (@NormedCommRing.toSeminormedCommRing.{0}
                                                                                                                                      Complex
                                                                                                                                      (@CommCStarAlgebra.toNormedCommRing.{0}
                                                                                                                                        Complex
                                                                                                                                        instCommCStarAlgebraComplex)))))
                                                                                                                              instInnerProductSpaceRealComplex)))))))))))
                                                                                                        (@Finset.sup.{0,
                                                                                                              0}
                                                                                                          (@Seminorm.{0,
                                                                                                                0}
                                                                                                            Real
                                                                                                            (@SchwartzMap.{0,
                                                                                                                  0}
                                                                                                              Real
                                                                                                              Complex
                                                                                                              Real.normedAddCommGroup
                                                                                                              (@InnerProductSpace.toNormedSpace.{0,
                                                                                                                    0}
                                                                                                                Real
                                                                                                                Real
                                                                                                                Real.instRCLike
                                                                                                                (@NormedAddCommGroup.toSeminormedAddCommGroup.{0}
                                                                                                                  Real
                                                                                                                  Real.normedAddCommGroup)
                                                                                                                (@RCLike.toInnerProductSpaceReal.{0}
                                                                                                                  Real
                                                                                                                  Real.instRCLike))
                                                                                                              Complex.instNormedAddCommGroup
                                                                                                              (@InnerProductSpace.toNormedSpace.{0,
                                                                                                                    0}
                                                                                                                Real
                                                                                                                Complex
                                                                                                                Real.instRCLike
                                                                                                                (@NormedAddCommGroup.toSeminormedAddCommGroup.{0}
                                                                                                                  Complex
                                                                                                                  Complex.instNormedAddCommGroup)
                                                                                                                instInnerProductSpaceRealComplex))
                                                                                                            (@SeminormedCommRing.toSeminormedRing.{0}
                                                                                                              Real
                                                                                                              (@NormedCommRing.toSeminormedCommRing.{0}
                                                                                                                Real
                                                                                                                (@NormedField.toNormedCommRing.{0}
                                                                                                                  Real
                                                                                                                  Real.normedField)))
                                                                                                            (@AddCommGroup.toAddGroup.{0}
                                                                                                              (@SchwartzMap.{0,
                                                                                                                    0}
                                                                                                                Real
                                                                                                                Complex
                                                                                                                Real.normedAddCommGroup
                                                                                                                (@InnerProductSpace.toNormedSpace.{0,
                                                                                                                      0}
                                                                                                                  Real
                                                                                                                  Real
                                                                                                                  Real.instRCLike
                                                                                                                  (@NormedAddCommGroup.toSeminormedAddCommGroup.{0}
                                                                                                                    Real
                                                                                                                    Real.normedAddCommGroup)
                                                                                                                  (@RCLike.toInnerProductSpaceReal.{0}
                                                                                                                    Real
                                                                                                                    Real.instRCLike))
                                                                                                                Complex.instNormedAddCommGroup
                                                                                                                (@InnerProductSpace.toNormedSpace.{0,
                                                                                                                      0}
                                                                                                                  Real
                                                                                                                  Complex
                                                                                                                  Real.instRCLike
                                                                                                                  (@NormedAddCommGroup.toSeminormedAddCommGroup.{0}
                                                                                                                    Complex
                                                                                                                    Complex.instNormedAddCommGroup)
                                                                                                                  instInnerProductSpaceRealComplex))
                                                                                                              (@SchwartzMap.instAddCommGroup.{0,
                                                                                                                    0}
                                                                                                                Real
                                                                                                                Complex
                                                                                                                Real.normedAddCommGroup
                                                                                                                (@InnerProductSpace.toNormedSpace.{0,
                                                                                                                      0}
                                                                                                                  Real
                                                                                                                  Real
                                                                                                                  Real.instRCLike
                                                                                                                  (@NormedAddCommGroup.toSeminormedAddCommGroup.{0}
                                                                                                                    Real
                                                                                                                    Real.normedAddCommGroup)
                                                                                                                  (@RCLike.toInnerProductSpaceReal.{0}
                                                                                                                    Real
                                                                                                                    Real.instRCLike))
                                                                                                                Complex.instNormedAddCommGroup
                                                                                                                (@InnerProductSpace.toNormedSpace.{0,
                                                                                                                      0}
                                                                                                                  Real
                                                                                                                  Complex
                                                                                                                  Real.instRCLike
                                                                                                                  (@NormedAddCommGroup.toSeminormedAddCommGroup.{0}
                                                                                                                    Complex
                                                                                                                    Complex.instNormedAddCommGroup)
                                                                                                                  instInnerProductSpaceRealComplex)))
                                                                                                            (@SMulZeroClass.toSMul.{0,
                                                                                                                  0}
                                                                                                              Real
                                                                                                              (@SchwartzMap.{0,
                                                                                                                    0}
                                                                                                                Real
                                                                                                                Complex
                                                                                                                Real.normedAddCommGroup
                                                                                                                (@InnerProductSpace.toNormedSpace.{0,
                                                                                                                      0}
                                                                                                                  Real
                                                                                                                  Real
                                                                                                                  Real.instRCLike
                                                                                                                  (@NormedAddCommGroup.toSeminormedAddCommGroup.{0}
                                                                                                                    Real
                                                                                                                    Real.normedAddCommGroup)
                                                                                                                  (@RCLike.toInnerProductSpaceReal.{0}
                                                                                                                    Real
                                                                                                                    Real.instRCLike))
                                                                                                                Complex.instNormedAddCommGroup
                                                                                                                (@InnerProductSpace.toNormedSpace.{0,
                                                                                                                      0}
                                                                                                                  Real
                                                                                                                  Complex
                                                                                                                  Real.instRCLike
                                                                                                                  (@NormedAddCommGroup.toSeminormedAddCommGroup.{0}
                                                                                                                    Complex
                                                                                                                    Complex.instNormedAddCommGroup)
                                                                                                                  instInnerProductSpaceRealComplex))
                                                                                                              (@AddZero.toZero.{0}
                                                                                                                (@SchwartzMap.{0,
                                                                                                                      0}
                                                                                                                  Real
                                                                                                                  Complex
                                                                                                                  Real.normedAddCommGroup
                                                                                                                  (@InnerProductSpace.toNormedSpace.{0,
                                                                                                                        0}
                                                                                                                    Real
                                                                                                                    Real
                                                                                                                    Real.instRCLike
                                                                                                                    (@NormedAddCommGroup.toSeminormedAddCommGroup.{0}
                                                                                                                      Real
                                                                                                                      Real.normedAddCommGroup)
                                                                                                                    (@RCLike.toInnerProductSpaceReal.{0}
                                                                                                                      Real
                                                                                                                      Real.instRCLike))
                                                                                                                  Complex.instNormedAddCommGroup
                                                                                                                  (@InnerProductSpace.toNormedSpace.{0,
                                                                                                                        0}
                                                                                                                    Real
                                                                                                                    Complex
                                                                                                                    Real.instRCLike
                                                                                                                    (@NormedAddCommGroup.toSeminormedAddCommGroup.{0}
                                                                                                                      Complex
                                                                                                                      Complex.instNormedAddCommGroup)
                                                                                                                    instInnerProductSpaceRealComplex))
                                                                                                                (@AddZeroClass.toAddZero.{0}
                                                                                                                  (@SchwartzMap.{0,
                                                                                                                        0}
                                                                                                                    Real
                                                                                                                    Complex
                                                                                                                    Real.normedAddCommGroup
                                                                                                                    (@InnerProductSpace.toNormedSpace.{0,
                                                                                                                          0}
                                                                                                                      Real
                                                                                                                      Real
                                                                                                                      Real.instRCLike
                                                                                                                      (@NormedAddCommGroup.toSeminormedAddCommGroup.{0}
                                                                                                                        Real
                                                                                                                        Real.normedAddCommGroup)
                                                                                                                      (@RCLike.toInnerProductSpaceReal.{0}
                                                                                                                        Real
                                                                                                                        Real.instRCLike))
                                                                                                                    Complex.instNormedAddCommGroup
                                                                                                                    (@InnerProductSpace.toNormedSpace.{0,
                                                                                                                          0}
                                                                                                                      Real
                                                                                                                      Complex
                                                                                                                      Real.instRCLike
                                                                                                                      (@NormedAddCommGroup.toSeminormedAddCommGroup.{0}
                                                                                                                        Complex
                                                                                                                        Complex.instNormedAddCommGroup)
                                                                                                                      instInnerProductSpaceRealComplex))
                                                                                                                  (@AddMonoid.toAddZeroClass.{0}
                                                                                                                    (@SchwartzMap.{0,
                                                                                                                          0}
                                                                                                                      Real
                                                                                                                      Complex
                                                                                                                      Real.normedAddCommGroup
                                                                                                                      (@InnerProductSpace.toNormedSpace.{0,
                                                                                                                            0}
                                                                                                                        Real
                                                                                                                        Real
                                                                                                                        Real.instRCLike
                                                                                                                        (@NormedAddCommGroup.toSeminormedAddCommGroup.{0}
                                                                                                                          Real
                                                                                                                          Real.normedAddCommGroup)
                                                                                                                        (@RCLike.toInnerProductSpaceReal.{0}
                                                                                                                          Real
                                                                                                                          Real.instRCLike))
                                                                                                                      Complex.instNormedAddCommGroup
                                                                                                                      (@InnerProductSpace.toNormedSpace.{0,
                                                                                                                            0}
                                                                                                                        Real
                                                                                                                        Complex
                                                                                                                        Real.instRCLike
                                                                                                                        (@NormedAddCommGroup.toSeminormedAddCommGroup.{0}
                                                                                                                          Complex
                                                                                                                          Complex.instNormedAddCommGroup)
                                                                                                                        instInnerProductSpaceRealComplex))
                                                                                                                    (@SubNegMonoid.toAddMonoid.{0}
                                                                                                                      (@SchwartzMap.{0,
                                                                                                                            0}
                                                                                                                        Real
                                                                                                                        Complex
                                                                                                                        Real.normedAddCommGroup
                                                                                                                        (@InnerProductSpace.toNormedSpace.{0,
                                                                                                                              0}
                                                                                                                          Real
                                                                                                                          Real
                                                                                                                          Real.instRCLike
                                                                                                                          (@NormedAddCommGroup.toSeminormedAddCommGroup.{0}
                                                                                                                            Real
                                                                                                                            Real.normedAddCommGroup)
                                                                                                                          (@RCLike.toInnerProductSpaceReal.{0}
                                                                                                                            Real
                                                                                                                            Real.instRCLike))
                                                                                                                        Complex.instNormedAddCommGroup
                                                                                                                        (@InnerProductSpace.toNormedSpace.{0,
                                                                                                                              0}
                                                                                                                          Real
                                                                                                                          Complex
                                                                                                                          Real.instRCLike
                                                                                                                          (@NormedAddCommGroup.toSeminormedAddCommGroup.{0}
                                                                                                                            Complex
                                                                                                                            Complex.instNormedAddCommGroup)
                                                                                                                          instInnerProductSpaceRealComplex))
                                                                                                                      (@AddGroup.toSubNegMonoid.{0}
                                                                                                                        (@SchwartzMap.{0,
                                                                                                                              0}
                                                                                                                          Real
                                                                                                                          Complex
                                                                                                                          Real.normedAddCommGroup
                                                                                                                          (@InnerProductSpace.toNormedSpace.{0,
                                                                                                                                0}
                                                                                                                            Real
                                                                                                                            Real
                                                                                                                            Real.instRCLike
                                                                                                                            (@NormedAddCommGroup.toSeminormedAddCommGroup.{0}
                                                                                                                              Real
                                                                                                                              Real.normedAddCommGroup)
                                                                                                                            (@RCLike.toInnerProductSpaceReal.{0}
                                                                                                                              Real
                                                                                                                              Real.instRCLike))
                                                                                                                          Complex.instNormedAddCommGroup
                                                                                                                          (@InnerProductSpace.toNormedSpace.{0,
                                                                                                                                0}
                                                                                                                            Real
                                                                                                                            Complex
                                                                                                                            Real.instRCLike
                                                                                                                            (@NormedAddCommGroup.toSeminormedAddCommGroup.{0}
                                                                                                                              Complex
                                                                                                                              Complex.instNormedAddCommGroup)
                                                                                                                            instInnerProductSpaceRealComplex))
                                                                                                                        (@AddCommGroup.toAddGroup.{0}
                                                                                                                          (@SchwartzMap.{0,
                                                                                                                                0}
                                                                                                                            Real
                                                                                                                            Complex
                                                                                                                            Real.normedAddCommGroup
                                                                                                                            (@InnerProductSpace.toNormedSpace.{0,
                                                                                                                                  0}
                                                                                                                              Real
                                                                                                                              Real
                                                                                                                              Real.instRCLike
                                                                                                                              (@NormedAddCommGroup.toSeminormedAddCommGroup.{0}
                                                                                                                                Real
                                                                                                                                Real.normedAddCommGroup)
                                                                                                                              (@RCLike.toInnerProductSpaceReal.{0}
                                                                                                                                Real
                                                                                                                                Real.instRCLike))
                                                                                                                            Complex.instNormedAddCommGroup
                                                                                                                            (@InnerProductSpace.toNormedSpace.{0,
                                                                                                                                  0}
                                                                                                                              Real
                                                                                                                              Complex
                                                                                                                              Real.instRCLike
                                                                                                                              (@NormedAddCommGroup.toSeminormedAddCommGroup.{0}
                                                                                                                                Complex
                                                                                                                                Complex.instNormedAddCommGroup)
                                                                                                                              instInnerProductSpaceRealComplex))
                                                                                                                          (@SchwartzMap.instAddCommGroup.{0,
                                                                                                                                0}
                                                                                                                            Real
                                                                                                                            Complex
                                                                                                                            Real.normedAddCommGroup
                                                                                                                            (@InnerProductSpace.toNormedSpace.{0,
                                                                                                                                  0}
                                                                                                                              Real
                                                                                                                              Real
                                                                                                                              Real.instRCLike
                                                                                                                              (@NormedAddCommGroup.toSeminormedAddCommGroup.{0}
                                                                                                                                Real
                                                                                                                                Real.normedAddCommGroup)
                                                                                                                              (@RCLike.toInnerProductSpaceReal.{0}
                                                                                                                                Real
                                                                                                                                Real.instRCLike))
                                                                                                                            Complex.instNormedAddCommGroup
                                                                                                                            (@InnerProductSpace.toNormedSpace.{0,
                                                                                                                                  0}
                                                                                                                              Real
                                                                                                                              Complex
                                                                                                                              Real.instRCLike
                                                                                                                              (@NormedAddCommGroup.toSeminormedAddCommGroup.{0}
                                                                                                                                Complex
                                                                                                                                Complex.instNormedAddCommGroup)
                                                                                                                              instInnerProductSpaceRealComplex))))))))
                                                                                                              (@DistribSMul.toSMulZeroClass.{0,
                                                                                                                    0}
                                                                                                                Real
                                                                                                                (@SchwartzMap.{0,
                                                                                                                      0}
                                                                                                                  Real
                                                                                                                  Complex
                                                                                                                  Real.normedAddCommGroup
                                                                                                                  (@InnerProductSpace.toNormedSpace.{0,
                                                                                                                        0}
                                                                                                                    Real
                                                                                                                    Real
                                                                                                                    Real.instRCLike
                                                                                                                    (@NormedAddCommGroup.toSeminormedAddCommGroup.{0}
                                                                                                                      Real
                                                                                                                      Real.normedAddCommGroup)
                                                                                                                    (@RCLike.toInnerProductSpaceReal.{0}
                                                                                                                      Real
                                                                                                                      Real.instRCLike))
                                                                                                                  Complex.instNormedAddCommGroup
                                                                                                                  (@InnerProductSpace.toNormedSpace.{0,
                                                                                                                        0}
                                                                                                                    Real
                                                                                                                    Complex
                                                                                                                    Real.instRCLike
                                                                                                                    (@NormedAddCommGroup.toSeminormedAddCommGroup.{0}
                                                                                                                      Complex
                                                                                                                      Complex.instNormedAddCommGroup)
                                                                                                                    instInnerProductSpaceRealComplex))
                                                                                                                (@AddMonoid.toAddZeroClass.{0}
                                                                                                                  (@SchwartzMap.{0,
                                                                                                                        0}
                                                                                                                    Real
                                                                                                                    Complex
                                                                                                                    Real.normedAddCommGroup
                                                                                                                    (@InnerProductSpace.toNormedSpace.{0,
                                                                                                                          0}
                                                                                                                      Real
                                                                                                                      Real
                                                                                                                      Real.instRCLike
                                                                                                                      (@NormedAddCommGroup.toSeminormedAddCommGroup.{0}
                                                                                                                        Real
                                                                                                                        Real.normedAddCommGroup)
                                                                                                                      (@RCLike.toInnerProductSpaceReal.{0}
                                                                                                                        Real
                                                                                                                        Real.instRCLike))
                                                                                                                    Complex.instNormedAddCommGroup
                                                                                                                    (@InnerProductSpace.toNormedSpace.{0,
                                                                                                                          0}
                                                                                                                      Real
                                                                                                                      Complex
                                                                                                                      Real.instRCLike
                                                                                                                      (@NormedAddCommGroup.toSeminormedAddCommGroup.{0}
                                                                                                                        Complex
                                                                                                                        Complex.instNormedAddCommGroup)
                                                                                                                      instInnerProductSpaceRealComplex))
                                                                                                                  (@SubNegMonoid.toAddMonoid.{0}
                                                                                                                    (@SchwartzMap.{0,
                                                                                                                          0}
                                                                                                                      Real
                                                                                                                      Complex
                                                                                                                      Real.normedAddCommGroup
                                                                                                                      (@InnerProductSpace.toNormedSpace.{0,
                                                                                                                            0}
                                                                                                                        Real
                                                                                                                        Real
                                                                                                                        Real.instRCLike
                                                                                                                        (@NormedAddCommGroup.toSeminormedAddCommGroup.{0}
                                                                                                                          Real
                                                                                                                          Real.normedAddCommGroup)
                                                                                                                        (@RCLike.toInnerProductSpaceReal.{0}
                                                                                                                          Real
                                                                                                                          Real.instRCLike))
                                                                                                                      Complex.instNormedAddCommGroup
                                                                                                                      (@InnerProductSpace.toNormedSpace.{0,
                                                                                                                            0}
                                                                                                                        Real
                                                                                                                        Complex
                                                                                                                        Real.instRCLike
                                                                                                                        (@NormedAddCommGroup.toSeminormedAddCommGroup.{0}
                                                                                                                          Complex
                                                                                                                          Complex.instNormedAddCommGroup)
                                                                                                                        instInnerProductSpaceRealComplex))
                                                                                                                    (@AddGroup.toSubNegMonoid.{0}
                                                                                                                      (@SchwartzMap.{0,
                                                                                                                            0}
                                                                                                                        Real
                                                                                                                        Complex
                                                                                                                        Real.normedAddCommGroup
                                                                                                                        (@InnerProductSpace.toNormedSpace.{0,
                                                                                                                              0}
                                                                                                                          Real
                                                                                                                          Real
                                                                                                                          Real.instRCLike
                                                                                                                          (@NormedAddCommGroup.toSeminormedAddCommGroup.{0}
                                                                                                                            Real
                                                                                                                            Real.normedAddCommGroup)
                                                                                                                          (@RCLike.toInnerProductSpaceReal.{0}
                                                                                                                            Real
                                                                                                                            Real.instRCLike))
                                                                                                                        Complex.instNormedAddCommGroup
                                                                                                                        (@InnerProductSpace.toNormedSpace.{0,
                                                                                                                              0}
                                                                                                                          Real
                                                                                                                          Complex
                                                                                                                          Real.instRCLike
                                                                                                                          (@NormedAddCommGroup.toSeminormedAddCommGroup.{0}
                                                                                                                            Complex
                                                                                                                            Complex.instNormedAddCommGroup)
                                                                                                                          instInnerProductSpaceRealComplex))
                                                                                                                      (@AddCommGroup.toAddGroup.{0}
                                                                                                                        (@SchwartzMap.{0,
                                                                                                                              0}
                                                                                                                          Real
                                                                                                                          Complex
                                                                                                                          Real.normedAddCommGroup
                                                                                                                          (@InnerProductSpace.toNormedSpace.{0,
                                                                                                                                0}
                                                                                                                            Real
                                                                                                                            Real
                                                                                                                            Real.instRCLike
                                                                                                                            (@NormedAddCommGroup.toSeminormedAddCommGroup.{0}
                                                                                                                              Real
                                                                                                                              Real.normedAddCommGroup)
                                                                                                                            (@RCLike.toInnerProductSpaceReal.{0}
                                                                                                                              Real
                                                                                                                              Real.instRCLike))
                                                                                                                          Complex.instNormedAddCommGroup
                                                                                                                          (@InnerProductSpace.toNormedSpace.{0,
                                                                                                                                0}
                                                                                                                            Real
                                                                                                                            Complex
                                                                                                                            Real.instRCLike
                                                                                                                            (@NormedAddCommGroup.toSeminormedAddCommGroup.{0}
                                                                                                                              Complex
                                                                                                                              Complex.instNormedAddCommGroup)
                                                                                                                            instInnerProductSpaceRealComplex))
                                                                                                                        (@SchwartzMap.instAddCommGroup.{0,
                                                                                                                              0}
                                                                                                                          Real
                                                                                                                          Complex
                                                                                                                          Real.normedAddCommGroup
                                                                                                                          (@InnerProductSpace.toNormedSpace.{0,
                                                                                                                                0}
                                                                                                                            Real
                                                                                                                            Real
                                                                                                                            Real.instRCLike
                                                                                                                            (@NormedAddCommGroup.toSeminormedAddCommGroup.{0}
                                                                                                                              Real
                                                                                                                              Real.normedAddCommGroup)
                                                                                                                            (@RCLike.toInnerProductSpaceReal.{0}
                                                                                                                              Real
                                                                                                                              Real.instRCLike))
                                                                                                                          Complex.instNormedAddCommGroup
                                                                                                                          (@InnerProductSpace.toNormedSpace.{0,
                                                                                                                                0}
                                                                                                                            Real
                                                                                                                            Complex
                                                                                                                            Real.instRCLike
                                                                                                                            (@NormedAddCommGroup.toSeminormedAddCommGroup.{0}
                                                                                                                              Complex
                                                                                                                              Complex.instNormedAddCommGroup)
                                                                                                                            instInnerProductSpaceRealComplex))))))
                                                                                                                (@DistribMulAction.toDistribSMul.{0,
                                                                                                                      0}
                                                                                                                  Real
                                                                                                                  (@SchwartzMap.{0,
                                                                                                                        0}
                                                                                                                    Real
                                                                                                                    Complex
                                                                                                                    Real.normedAddCommGroup
                                                                                                                    (@InnerProductSpace.toNormedSpace.{0,
                                                                                                                          0}
                                                                                                                      Real
                                                                                                                      Real
                                                                                                                      Real.instRCLike
                                                                                                                      (@NormedAddCommGroup.toSeminormedAddCommGroup.{0}
                                                                                                                        Real
                                                                                                                        Real.normedAddCommGroup)
                                                                                                                      (@RCLike.toInnerProductSpaceReal.{0}
                                                                                                                        Real
                                                                                                                        Real.instRCLike))
                                                                                                                    Complex.instNormedAddCommGroup
                                                                                                                    (@InnerProductSpace.toNormedSpace.{0,
                                                                                                                          0}
                                                                                                                      Real
                                                                                                                      Complex
                                                                                                                      Real.instRCLike
                                                                                                                      (@NormedAddCommGroup.toSeminormedAddCommGroup.{0}
                                                                                                                        Complex
                                                                                                                        Complex.instNormedAddCommGroup)
                                                                                                                      instInnerProductSpaceRealComplex))
                                                                                                                  (@Semiring.toMonoid.{0}
                                                                                                                    Real
                                                                                                                    (@Ring.toSemiring.{0}
                                                                                                                      Real
                                                                                                                      (@SeminormedRing.toRing.{0}
                                                                                                                        Real
                                                                                                                        (@SeminormedCommRing.toSeminormedRing.{0}
                                                                                                                          Real
                                                                                                                          (@NormedCommRing.toSeminormedCommRing.{0}
                                                                                                                            Real
                                                                                                                            (@NormedField.toNormedCommRing.{0}
                                                                                                                              Real
                                                                                                                              Real.normedField))))))
                                                                                                                  (@SubNegMonoid.toAddMonoid.{0}
                                                                                                                    (@SchwartzMap.{0,
                                                                                                                          0}
                                                                                                                      Real
                                                                                                                      Complex
                                                                                                                      Real.normedAddCommGroup
                                                                                                                      (@InnerProductSpace.toNormedSpace.{0,
                                                                                                                            0}
                                                                                                                        Real
                                                                                                                        Real
                                                                                                                        Real.instRCLike
                                                                                                                        (@NormedAddCommGroup.toSeminormedAddCommGroup.{0}
                                                                                                                          Real
                                                                                                                          Real.normedAddCommGroup)
                                                                                                                        (@RCLike.toInnerProductSpaceReal.{0}
                                                                                                                          Real
                                                                                                                          Real.instRCLike))
                                                                                                                      Complex.instNormedAddCommGroup
                                                                                                                      (@InnerProductSpace.toNormedSpace.{0,
                                                                                                                            0}
                                                                                                                        Real
                                                                                                                        Complex
                                                                                                                        Real.instRCLike
                                                                                                                        (@NormedAddCommGroup.toSeminormedAddCommGroup.{0}
                                                                                                                          Complex
                                                                                                                          Complex.instNormedAddCommGroup)
                                                                                                                        instInnerProductSpaceRealComplex))
                                                                                                                    (@AddGroup.toSubNegMonoid.{0}
                                                                                                                      (@SchwartzMap.{0,
                                                                                                                            0}
                                                                                                                        Real
                                                                                                                        Complex
                                                                                                                        Real.normedAddCommGroup
                                                                                                                        (@InnerProductSpace.toNormedSpace.{0,
                                                                                                                              0}
                                                                                                                          Real
                                                                                                                          Real
                                                                                                                          Real.instRCLike
                                                                                                                          (@NormedAddCommGroup.toSeminormedAddCommGroup.{0}
                                                                                                                            Real
                                                                                                                            Real.normedAddCommGroup)
                                                                                                                          (@RCLike.toInnerProductSpaceReal.{0}
                                                                                                                            Real
                                                                                                                            Real.instRCLike))
                                                                                                                        Complex.instNormedAddCommGroup
                                                                                                                        (@InnerProductSpace.toNormedSpace.{0,
                                                                                                                              0}
                                                                                                                          Real
                                                                                                                          Complex
                                                                                                                          Real.instRCLike
                                                                                                                          (@NormedAddCommGroup.toSeminormedAddCommGroup.{0}
                                                                                                                            Complex
                                                                                                                            Complex.instNormedAddCommGroup)
                                                                                                                          instInnerProductSpaceRealComplex))
                                                                                                                      (@AddCommGroup.toAddGroup.{0}
                                                                                                                        (@SchwartzMap.{0,
                                                                                                                              0}
                                                                                                                          Real
                                                                                                                          Complex
                                                                                                                          Real.normedAddCommGroup
                                                                                                                          (@InnerProductSpace.toNormedSpace.{0,
                                                                                                                                0}
                                                                                                                            Real
                                                                                                                            Real
                                                                                                                            Real.instRCLike
                                                                                                                            (@NormedAddCommGroup.toSeminormedAddCommGroup.{0}
                                                                                                                              Real
                                                                                                                              Real.normedAddCommGroup)
                                                                                                                            (@RCLike.toInnerProductSpaceReal.{0}
                                                                                                                              Real
                                                                                                                              Real.instRCLike))
                                                                                                                          Complex.instNormedAddCommGroup
                                                                                                                          (@InnerProductSpace.toNormedSpace.{0,
                                                                                                                                0}
                                                                                                                            Real
                                                                                                                            Complex
                                                                                                                            Real.instRCLike
                                                                                                                            (@NormedAddCommGroup.toSeminormedAddCommGroup.{0}
                                                                                                                              Complex
                                                                                                                              Complex.instNormedAddCommGroup)
                                                                                                                            instInnerProductSpaceRealComplex))
                                                                                                                        (@SchwartzMap.instAddCommGroup.{0,
                                                                                                                              0}
                                                                                                                          Real
                                                                                                                          Complex
                                                                                                                          Real.normedAddCommGroup
                                                                                                                          (@InnerProductSpace.toNormedSpace.{0,
                                                                                                                                0}
                                                                                                                            Real
                                                                                                                            Real
                                                                                                                            Real.instRCLike
                                                                                                                            (@NormedAddCommGroup.toSeminormedAddCommGroup.{0}
                                                                                                                              Real
                                                                                                                              Real.normedAddCommGroup)
                                                                                                                            (@RCLike.toInnerProductSpaceReal.{0}
                                                                                                                              Real
                                                                                                                              Real.instRCLike))
                                                                                                                          Complex.instNormedAddCommGroup
                                                                                                                          (@InnerProductSpace.toNormedSpace.{0,
                                                                                                                                0}
                                                                                                                            Real
                                                                                                                            Complex
                                                                                                                            Real.instRCLike
                                                                                                                            (@NormedAddCommGroup.toSeminormedAddCommGroup.{0}
                                                                                                                              Complex
                                                                                                                              Complex.instNormedAddCommGroup)
                                                                                                                            instInnerProductSpaceRealComplex)))))
                                                                                                                  (@Module.toDistribMulAction.{0,
                                                                                                                        0}
                                                                                                                    Real
                                                                                                                    (@SchwartzMap.{0,
                                                                                                                          0}
                                                                                                                      Real
                                                                                                                      Complex
                                                                                                                      Real.normedAddCommGroup
                                                                                                                      (@InnerProductSpace.toNormedSpace.{0,
                                                                                                                            0}
                                                                                                                        Real
                                                                                                                        Real
                                                                                                                        Real.instRCLike
                                                                                                                        (@NormedAddCommGroup.toSeminormedAddCommGroup.{0}
                                                                                                                          Real
                                                                                                                          Real.normedAddCommGroup)
                                                                                                                        (@RCLike.toInnerProductSpaceReal.{0}
                                                                                                                          Real
                                                                                                                          Real.instRCLike))
                                                                                                                      Complex.instNormedAddCommGroup
                                                                                                                      (@InnerProductSpace.toNormedSpace.{0,
                                                                                                                            0}
                                                                                                                        Real
                                                                                                                        Complex
                                                                                                                        Real.instRCLike
                                                                                                                        (@NormedAddCommGroup.toSeminormedAddCommGroup.{0}
                                                                                                                          Complex
                                                                                                                          Complex.instNormedAddCommGroup)
                                                                                                                        instInnerProductSpaceRealComplex))
                                                                                                                    (@Ring.toSemiring.{0}
                                                                                                                      Real
                                                                                                                      (@SeminormedRing.toRing.{0}
                                                                                                                        Real
                                                                                                                        (@SeminormedCommRing.toSeminormedRing.{0}
                                                                                                                          Real
                                                                                                                          (@NormedCommRing.toSeminormedCommRing.{0}
                                                                                                                            Real
                                                                                                                            (@NormedField.toNormedCommRing.{0}
                                                                                                                              Real
                                                                                                                              Real.normedField)))))
                                                                                                                    (@AddCommGroup.toAddCommMonoid.{0}
                                                                                                                      (@SchwartzMap.{0,
                                                                                                                            0}
                                                                                                                        Real
                                                                                                                        Complex
                                                                                                                        Real.normedAddCommGroup
                                                                                                                        (@InnerProductSpace.toNormedSpace.{0,
                                                                                                                              0}
                                                                                                                          Real
                                                                                                                          Real
                                                                                                                          Real.instRCLike
                                                                                                                          (@NormedAddCommGroup.toSeminormedAddCommGroup.{0}
                                                                                                                            Real
                                                                                                                            Real.normedAddCommGroup)
                                                                                                                          (@RCLike.toInnerProductSpaceReal.{0}
                                                                                                                            Real
                                                                                                                            Real.instRCLike))
                                                                                                                        Complex.instNormedAddCommGroup
                                                                                                                        (@InnerProductSpace.toNormedSpace.{0,
                                                                                                                              0}
                                                                                                                          Real
                                                                                                                          Complex
                                                                                                                          Real.instRCLike
                                                                                                                          (@NormedAddCommGroup.toSeminormedAddCommGroup.{0}
                                                                                                                            Complex
                                                                                                                            Complex.instNormedAddCommGroup)
                                                                                                                          instInnerProductSpaceRealComplex))
                                                                                                                      (@SchwartzMap.instAddCommGroup.{0,
                                                                                                                            0}
                                                                                                                        Real
                                                                                                                        Complex
                                                                                                                        Real.normedAddCommGroup
                                                                                                                        (@InnerProductSpace.toNormedSpace.{0,
                                                                                                                              0}
                                                                                                                          Real
                                                                                                                          Real
                                                                                                                          Real.instRCLike
                                                                                                                          (@NormedAddCommGroup.toSeminormedAddCommGroup.{0}
                                                                                                                            Real
                                                                                                                            Real.normedAddCommGroup)
                                                                                                                          (@RCLike.toInnerProductSpaceReal.{0}
                                                                                                                            Real
                                                                                                                            Real.instRCLike))
                                                                                                                        Complex.instNormedAddCommGroup
                                                                                                                        (@InnerProductSpace.toNormedSpace.{0,
                                                                                                                              0}
                                                                                                                          Real
                                                                                                                          Complex
                                                                                                                          Real.instRCLike
                                                                                                                          (@NormedAddCommGroup.toSeminormedAddCommGroup.{0}
                                                                                                                            Complex
                                                                                                                            Complex.instNormedAddCommGroup)
                                                                                                                          instInnerProductSpaceRealComplex)))
                                                                                                                    (@SchwartzMap.instModule.{0,
                                                                                                                          0,
                                                                                                                          0}
                                                                                                                      Real
                                                                                                                      Real
                                                                                                                      Complex
                                                                                                                      Real.normedAddCommGroup
                                                                                                                      (@InnerProductSpace.toNormedSpace.{0,
                                                                                                                            0}
                                                                                                                        Real
                                                                                                                        Real
                                                                                                                        Real.instRCLike
                                                                                                                        (@NormedAddCommGroup.toSeminormedAddCommGroup.{0}
                                                                                                                          Real
                                                                                                                          Real.normedAddCommGroup)
                                                                                                                        (@RCLike.toInnerProductSpaceReal.{0}
                                                                                                                          Real
                                                                                                                          Real.instRCLike))
                                                                                                                      Complex.instNormedAddCommGroup
                                                                                                                      (@InnerProductSpace.toNormedSpace.{0,
                                                                                                                            0}
                                                                                                                        Real
                                                                                                                        Complex
                                                                                                                        Real.instRCLike
                                                                                                                        (@NormedAddCommGroup.toSeminormedAddCommGroup.{0}
                                                                                                                          Complex
                                                                                                                          Complex.instNormedAddCommGroup)
                                                                                                                        instInnerProductSpaceRealComplex)
                                                                                                                      Real.normedField
                                                                                                                      (@InnerProductSpace.toNormedSpace.{0,
                                                                                                                            0}
                                                                                                                        Real
                                                                                                                        Complex
                                                                                                                        Real.instRCLike
                                                                                                                        (@NormedAddCommGroup.toSeminormedAddCommGroup.{0}
                                                                                                                          Complex
                                                                                                                          Complex.instNormedAddCommGroup)
                                                                                                                        instInnerProductSpaceRealComplex)
                                                                                                                      (@smulCommClass_self.{0,
                                                                                                                            0}
                                                                                                                        Real
                                                                                                                        Complex
                                                                                                                        Real.instCommMonoid
                                                                                                                        (@DistribMulAction.toMulAction.{0,
                                                                                                                              0}
                                                                                                                          Real
                                                                                                                          Complex
                                                                                                                          (@CommMonoid.toMonoid.{0}
                                                                                                                            Real
                                                                                                                            Real.instCommMonoid)
                                                                                                                          (@AddCommMonoid.toAddMonoid.{0}
                                                                                                                            Complex
                                                                                                                            Complex.instAddCommMonoid)
                                                                                                                          (@Module.toDistribMulAction.{0,
                                                                                                                                0}
                                                                                                                            Real
                                                                                                                            Complex
                                                                                                                            Real.semiring
                                                                                                                            Complex.instAddCommMonoid
                                                                                                                            (@NormedSpace.toModule.{0,
                                                                                                                                  0}
                                                                                                                              Real
                                                                                                                              Complex
                                                                                                                              Real.normedField
                                                                                                                              (@NonUnitalSeminormedRing.toSeminormedAddCommGroup.{0}
                                                                                                                                Complex
                                                                                                                                (@NonUnitalSeminormedCommRing.toNonUnitalSeminormedRing.{0}
                                                                                                                                  Complex
                                                                                                                                  (@SeminormedCommRing.toNonUnitalSeminormedCommRing.{0}
                                                                                                                                    Complex
                                                                                                                                    (@NormedCommRing.toSeminormedCommRing.{0}
                                                                                                                                      Complex
                                                                                                                                      (@CommCStarAlgebra.toNormedCommRing.{0}
                                                                                                                                        Complex
                                                                                                                                        instCommCStarAlgebraComplex)))))
                                                                                                                              (@InnerProductSpace.toNormedSpace.{0,
                                                                                                                                    0}
                                                                                                                                Real
                                                                                                                                Complex
                                                                                                                                Real.instRCLike
                                                                                                                                (@NonUnitalSeminormedRing.toSeminormedAddCommGroup.{0}
                                                                                                                                  Complex
                                                                                                                                  (@NonUnitalSeminormedCommRing.toNonUnitalSeminormedRing.{0}
                                                                                                                                    Complex
                                                                                                                                    (@SeminormedCommRing.toNonUnitalSeminormedCommRing.{0}
                                                                                                                                      Complex
                                                                                                                                      (@NormedCommRing.toSeminormedCommRing.{0}
                                                                                                                                        Complex
                                                                                                                                        (@CommCStarAlgebra.toNormedCommRing.{0}
                                                                                                                                          Complex
                                                                                                                                          instCommCStarAlgebraComplex)))))
                                                                                                                                instInnerProductSpaceRealComplex)))))))))))
                                                                                                          (Prod.{0, 0}
                                                                                                            Nat Nat)
                                                                                                          (@Seminorm.instSemilatticeSup.{0,
                                                                                                                0}
                                                                                                            Real
                                                                                                            (@SchwartzMap.{0,
                                                                                                                  0}
                                                                                                              Real
                                                                                                              Complex
                                                                                                              Real.normedAddCommGroup
                                                                                                              (@InnerProductSpace.toNormedSpace.{0,
                                                                                                                    0}
                                                                                                                Real
                                                                                                                Real
                                                                                                                Real.instRCLike
                                                                                                                (@NormedAddCommGroup.toSeminormedAddCommGroup.{0}
                                                                                                                  Real
                                                                                                                  Real.normedAddCommGroup)
                                                                                                                (@RCLike.toInnerProductSpaceReal.{0}
                                                                                                                  Real
                                                                                                                  Real.instRCLike))
                                                                                                              Complex.instNormedAddCommGroup
                                                                                                              (@InnerProductSpace.toNormedSpace.{0,
                                                                                                                    0}
                                                                                                                Real
                                                                                                                Complex
                                                                                                                Real.instRCLike
                                                                                                                (@NormedAddCommGroup.toSeminormedAddCommGroup.{0}
                                                                                                                  Complex
                                                                                                                  Complex.instNormedAddCommGroup)
                                                                                                                instInnerProductSpaceRealComplex))
                                                                                                            (@SeminormedCommRing.toSeminormedRing.{0}
                                                                                                              Real
                                                                                                              (@NormedCommRing.toSeminormedCommRing.{0}
                                                                                                                Real
                                                                                                                (@NormedField.toNormedCommRing.{0}
                                                                                                                  Real
                                                                                                                  Real.normedField)))
                                                                                                            (@AddCommGroup.toAddGroup.{0}
                                                                                                              (@SchwartzMap.{0,
                                                                                                                    0}
                                                                                                                Real
                                                                                                                Complex
                                                                                                                Real.normedAddCommGroup
                                                                                                                (@InnerProductSpace.toNormedSpace.{0,
                                                                                                                      0}
                                                                                                                  Real
                                                                                                                  Real
                                                                                                                  Real.instRCLike
                                                                                                                  (@NormedAddCommGroup.toSeminormedAddCommGroup.{0}
                                                                                                                    Real
                                                                                                                    Real.normedAddCommGroup)
                                                                                                                  (@RCLike.toInnerProductSpaceReal.{0}
                                                                                                                    Real
                                                                                                                    Real.instRCLike))
                                                                                                                Complex.instNormedAddCommGroup
                                                                                                                (@InnerProductSpace.toNormedSpace.{0,
                                                                                                                      0}
                                                                                                                  Real
                                                                                                                  Complex
                                                                                                                  Real.instRCLike
                                                                                                                  (@NormedAddCommGroup.toSeminormedAddCommGroup.{0}
                                                                                                                    Complex
                                                                                                                    Complex.instNormedAddCommGroup)
                                                                                                                  instInnerProductSpaceRealComplex))
                                                                                                              (@SchwartzMap.instAddCommGroup.{0,
                                                                                                                    0}
                                                                                                                Real
                                                                                                                Complex
                                                                                                                Real.normedAddCommGroup
                                                                                                                (@InnerProductSpace.toNormedSpace.{0,
                                                                                                                      0}
                                                                                                                  Real
                                                                                                                  Real
                                                                                                                  Real.instRCLike
                                                                                                                  (@NormedAddCommGroup.toSeminormedAddCommGroup.{0}
                                                                                                                    Real
                                                                                                                    Real.normedAddCommGroup)
                                                                                                                  (@RCLike.toInnerProductSpaceReal.{0}
                                                                                                                    Real
                                                                                                                    Real.instRCLike))
                                                                                                                Complex.instNormedAddCommGroup
                                                                                                                (@InnerProductSpace.toNormedSpace.{0,
                                                                                                                      0}
                                                                                                                  Real
                                                                                                                  Complex
                                                                                                                  Real.instRCLike
                                                                                                                  (@NormedAddCommGroup.toSeminormedAddCommGroup.{0}
                                                                                                                    Complex
                                                                                                                    Complex.instNormedAddCommGroup)
                                                                                                                  instInnerProductSpaceRealComplex)))
                                                                                                            (@SMulZeroClass.toSMul.{0,
                                                                                                                  0}
                                                                                                              Real
                                                                                                              (@SchwartzMap.{0,
                                                                                                                    0}
                                                                                                                Real
                                                                                                                Complex
                                                                                                                Real.normedAddCommGroup
                                                                                                                (@InnerProductSpace.toNormedSpace.{0,
                                                                                                                      0}
                                                                                                                  Real
                                                                                                                  Real
                                                                                                                  Real.instRCLike
                                                                                                                  (@NormedAddCommGroup.toSeminormedAddCommGroup.{0}
                                                                                                                    Real
                                                                                                                    Real.normedAddCommGroup)
                                                                                                                  (@RCLike.toInnerProductSpaceReal.{0}
                                                                                                                    Real
                                                                                                                    Real.instRCLike))
                                                                                                                Complex.instNormedAddCommGroup
                                                                                                                (@InnerProductSpace.toNormedSpace.{0,
                                                                                                                      0}
                                                                                                                  Real
                                                                                                                  Complex
                                                                                                                  Real.instRCLike
                                                                                                                  (@NormedAddCommGroup.toSeminormedAddCommGroup.{0}
                                                                                                                    Complex
                                                                                                                    Complex.instNormedAddCommGroup)
                                                                                                                  instInnerProductSpaceRealComplex))
                                                                                                              (@AddZero.toZero.{0}
                                                                                                                (@SchwartzMap.{0,
                                                                                                                      0}
                                                                                                                  Real
                                                                                                                  Complex
                                                                                                                  Real.normedAddCommGroup
                                                                                                                  (@InnerProductSpace.toNormedSpace.{0,
                                                                                                                        0}
                                                                                                                    Real
                                                                                                                    Real
                                                                                                                    Real.instRCLike
                                                                                                                    (@NormedAddCommGroup.toSeminormedAddCommGroup.{0}
                                                                                                                      Real
                                                                                                                      Real.normedAddCommGroup)
                                                                                                                    (@RCLike.toInnerProductSpaceReal.{0}
                                                                                                                      Real
                                                                                                                      Real.instRCLike))
                                                                                                                  Complex.instNormedAddCommGroup
                                                                                                                  (@InnerProductSpace.toNormedSpace.{0,
                                                                                                                        0}
                                                                                                                    Real
                                                                                                                    Complex
                                                                                                                    Real.instRCLike
                                                                                                                    (@NormedAddCommGroup.toSeminormedAddCommGroup.{0}
                                                                                                                      Complex
                                                                                                                      Complex.instNormedAddCommGroup)
                                                                                                                    instInnerProductSpaceRealComplex))
                                                                                                                (@AddZeroClass.toAddZero.{0}
                                                                                                                  (@SchwartzMap.{0,
                                                                                                                        0}
                                                                                                                    Real
                                                                                                                    Complex
                                                                                                                    Real.normedAddCommGroup
                                                                                                                    (@InnerProductSpace.toNormedSpace.{0,
                                                                                                                          0}
                                                                                                                      Real
                                                                                                                      Real
                                                                                                                      Real.instRCLike
                                                                                                                      (@NormedAddCommGroup.toSeminormedAddCommGroup.{0}
                                                                                                                        Real
                                                                                                                        Real.normedAddCommGroup)
                                                                                                                      (@RCLike.toInnerProductSpaceReal.{0}
                                                                                                                        Real
                                                                                                                        Real.instRCLike))
                                                                                                                    Complex.instNormedAddCommGroup
                                                                                                                    (@InnerProductSpace.toNormedSpace.{0,
                                                                                                                          0}
                                                                                                                      Real
                                                                                                                      Complex
                                                                                                                      Real.instRCLike
                                                                                                                      (@NormedAddCommGroup.toSeminormedAddCommGroup.{0}
                                                                                                                        Complex
                                                                                                                        Complex.instNormedAddCommGroup)
                                                                                                                      instInnerProductSpaceRealComplex))
                                                                                                                  (@AddMonoid.toAddZeroClass.{0}
                                                                                                                    (@SchwartzMap.{0,
                                                                                                                          0}
                                                                                                                      Real
                                                                                                                      Complex
                                                                                                                      Real.normedAddCommGroup
                                                                                                                      (@InnerProductSpace.toNormedSpace.{0,
                                                                                                                            0}
                                                                                                                        Real
                                                                                                                        Real
                                                                                                                        Real.instRCLike
                                                                                                                        (@NormedAddCommGroup.toSeminormedAddCommGroup.{0}
                                                                                                                          Real
                                                                                                                          Real.normedAddCommGroup)
                                                                                                                        (@RCLike.toInnerProductSpaceReal.{0}
                                                                                                                          Real
                                                                                                                          Real.instRCLike))
                                                                                                                      Complex.instNormedAddCommGroup
                                                                                                                      (@InnerProductSpace.toNormedSpace.{0,
                                                                                                                            0}
                                                                                                                        Real
                                                                                                                        Complex
                                                                                                                        Real.instRCLike
                                                                                                                        (@NormedAddCommGroup.toSeminormedAddCommGroup.{0}
                                                                                                                          Complex
                                                                                                                          Complex.instNormedAddCommGroup)
                                                                                                                        instInnerProductSpaceRealComplex))
                                                                                                                    (@SubNegMonoid.toAddMonoid.{0}
                                                                                                                      (@SchwartzMap.{0,
                                                                                                                            0}
                                                                                                                        Real
                                                                                                                        Complex
                                                                                                                        Real.normedAddCommGroup
                                                                                                                        (@InnerProductSpace.toNormedSpace.{0,
                                                                                                                              0}
                                                                                                                          Real
                                                                                                                          Real
                                                                                                                          Real.instRCLike
                                                                                                                          (@NormedAddCommGroup.toSeminormedAddCommGroup.{0}
                                                                                                                            Real
                                                                                                                            Real.normedAddCommGroup)
                                                                                                                          (@RCLike.toInnerProductSpaceReal.{0}
                                                                                                                            Real
                                                                                                                            Real.instRCLike))
                                                                                                                        Complex.instNormedAddCommGroup
                                                                                                                        (@InnerProductSpace.toNormedSpace.{0,
                                                                                                                              0}
                                                                                                                          Real
                                                                                                                          Complex
                                                                                                                          Real.instRCLike
                                                                                                                          (@NormedAddCommGroup.toSeminormedAddCommGroup.{0}
                                                                                                                            Complex
                                                                                                                            Complex.instNormedAddCommGroup)
                                                                                                                          instInnerProductSpaceRealComplex))
                                                                                                                      (@AddGroup.toSubNegMonoid.{0}
                                                                                                                        (@SchwartzMap.{0,
                                                                                                                              0}
                                                                                                                          Real
                                                                                                                          Complex
                                                                                                                          Real.normedAddCommGroup
                                                                                                                          (@InnerProductSpace.toNormedSpace.{0,
                                                                                                                                0}
                                                                                                                            Real
                                                                                                                            Real
                                                                                                                            Real.instRCLike
                                                                                                                            (@NormedAddCommGroup.toSeminormedAddCommGroup.{0}
                                                                                                                              Real
                                                                                                                              Real.normedAddCommGroup)
                                                                                                                            (@RCLike.toInnerProductSpaceReal.{0}
                                                                                                                              Real
                                                                                                                              Real.instRCLike))
                                                                                                                          Complex.instNormedAddCommGroup
                                                                                                                          (@InnerProductSpace.toNormedSpace.{0,
                                                                                                                                0}
                                                                                                                            Real
                                                                                                                            Complex
                                                                                                                            Real.instRCLike
                                                                                                                            (@NormedAddCommGroup.toSeminormedAddCommGroup.{0}
                                                                                                                              Complex
                                                                                                                              Complex.instNormedAddCommGroup)
                                                                                                                            instInnerProductSpaceRealComplex))
                                                                                                                        (@AddCommGroup.toAddGroup.{0}
                                                                                                                          (@SchwartzMap.{0,
                                                                                                                                0}
                                                                                                                            Real
                                                                                                                            Complex
                                                                                                                            Real.normedAddCommGroup
                                                                                                                            (@InnerProductSpace.toNormedSpace.{0,
                                                                                                                                  0}
                                                                                                                              Real
                                                                                                                              Real
                                                                                                                              Real.instRCLike
                                                                                                                              (@NormedAddCommGroup.toSeminormedAddCommGroup.{0}
                                                                                                                                Real
                                                                                                                                Real.normedAddCommGroup)
                                                                                                                              (@RCLike.toInnerProductSpaceReal.{0}
                                                                                                                                Real
                                                                                                                                Real.instRCLike))
                                                                                                                            Complex.instNormedAddCommGroup
                                                                                                                            (@InnerProductSpace.toNormedSpace.{0,
                                                                                                                                  0}
                                                                                                                              Real
                                                                                                                              Complex
                                                                                                                              Real.instRCLike
                                                                                                                              (@NormedAddCommGroup.toSeminormedAddCommGroup.{0}
                                                                                                                                Complex
                                                                                                                                Complex.instNormedAddCommGroup)
                                                                                                                              instInnerProductSpaceRealComplex))
                                                                                                                          (@SchwartzMap.instAddCommGroup.{0,
                                                                                                                                0}
                                                                                                                            Real
                                                                                                                            Complex
                                                                                                                            Real.normedAddCommGroup
                                                                                                                            (@InnerProductSpace.toNormedSpace.{0,
                                                                                                                                  0}
                                                                                                                              Real
                                                                                                                              Real
                                                                                                                              Real.instRCLike
                                                                                                                              (@NormedAddCommGroup.toSeminormedAddCommGroup.{0}
                                                                                                                                Real
                                                                                                                                Real.normedAddCommGroup)
                                                                                                                              (@RCLike.toInnerProductSpaceReal.{0}
                                                                                                                                Real
                                                                                                                                Real.instRCLike))
                                                                                                                            Complex.instNormedAddCommGroup
                                                                                                                            (@InnerProductSpace.toNormedSpace.{0,
                                                                                                                                  0}
                                                                                                                              Real
                                                                                                                              Complex
                                                                                                                              Real.instRCLike
                                                                                                                              (@NormedAddCommGroup.toSeminormedAddCommGroup.{0}
                                                                                                                                Complex
                                                                                                                                Complex.instNormedAddCommGroup)
                                                                                                                              instInnerProductSpaceRealComplex))))))))
                                                                                                              (@DistribSMul.toSMulZeroClass.{0,
                                                                                                                    0}
                                                                                                                Real
                                                                                                                (@SchwartzMap.{0,
                                                                                                                      0}
                                                                                                                  Real
                                                                                                                  Complex
                                                                                                                  Real.normedAddCommGroup
                                                                                                                  (@InnerProductSpace.toNormedSpace.{0,
                                                                                                                        0}
                                                                                                                    Real
                                                                                                                    Real
                                                                                                                    Real.instRCLike
                                                                                                                    (@NormedAddCommGroup.toSeminormedAddCommGroup.{0}
                                                                                                                      Real
                                                                                                                      Real.normedAddCommGroup)
                                                                                                                    (@RCLike.toInnerProductSpaceReal.{0}
                                                                                                                      Real
                                                                                                                      Real.instRCLike))
                                                                                                                  Complex.instNormedAddCommGroup
                                                                                                                  (@InnerProductSpace.toNormedSpace.{0,
                                                                                                                        0}
                                                                                                                    Real
                                                                                                                    Complex
                                                                                                                    Real.instRCLike
                                                                                                                    (@NormedAddCommGroup.toSeminormedAddCommGroup.{0}
                                                                                                                      Complex
                                                                                                                      Complex.instNormedAddCommGroup)
                                                                                                                    instInnerProductSpaceRealComplex))
                                                                                                                (@AddMonoid.toAddZeroClass.{0}
                                                                                                                  (@SchwartzMap.{0,
                                                                                                                        0}
                                                                                                                    Real
                                                                                                                    Complex
                                                                                                                    Real.normedAddCommGroup
                                                                                                                    (@InnerProductSpace.toNormedSpace.{0,
                                                                                                                          0}
                                                                                                                      Real
                                                                                                                      Real
                                                                                                                      Real.instRCLike
                                                                                                                      (@NormedAddCommGroup.toSeminormedAddCommGroup.{0}
                                                                                                                        Real
                                                                                                                        Real.normedAddCommGroup)
                                                                                                                      (@RCLike.toInnerProductSpaceReal.{0}
                                                                                                                        Real
                                                                                                                        Real.instRCLike))
                                                                                                                    Complex.instNormedAddCommGroup
                                                                                                                    (@InnerProductSpace.toNormedSpace.{0,
                                                                                                                          0}
                                                                                                                      Real
                                                                                                                      Complex
                                                                                                                      Real.instRCLike
                                                                                                                      (@NormedAddCommGroup.toSeminormedAddCommGroup.{0}
                                                                                                                        Complex
                                                                                                                        Complex.instNormedAddCommGroup)
                                                                                                                      instInnerProductSpaceRealComplex))
                                                                                                                  (@SubNegMonoid.toAddMonoid.{0}
                                                                                                                    (@SchwartzMap.{0,
                                                                                                                          0}
                                                                                                                      Real
                                                                                                                      Complex
                                                                                                                      Real.normedAddCommGroup
                                                                                                                      (@InnerProductSpace.toNormedSpace.{0,
                                                                                                                            0}
                                                                                                                        Real
                                                                                                                        Real
                                                                                                                        Real.instRCLike
                                                                                                                        (@NormedAddCommGroup.toSeminormedAddCommGroup.{0}
                                                                                                                          Real
                                                                                                                          Real.normedAddCommGroup)
                                                                                                                        (@RCLike.toInnerProductSpaceReal.{0}
                                                                                                                          Real
                                                                                                                          Real.instRCLike))
                                                                                                                      Complex.instNormedAddCommGroup
                                                                                                                      (@InnerProductSpace.toNormedSpace.{0,
                                                                                                                            0}
                                                                                                                        Real
                                                                                                                        Complex
                                                                                                                        Real.instRCLike
                                                                                                                        (@NormedAddCommGroup.toSeminormedAddCommGroup.{0}
                                                                                                                          Complex
                                                                                                                          Complex.instNormedAddCommGroup)
                                                                                                                        instInnerProductSpaceRealComplex))
                                                                                                                    (@AddGroup.toSubNegMonoid.{0}
                                                                                                                      (@SchwartzMap.{0,
                                                                                                                            0}
                                                                                                                        Real
                                                                                                                        Complex
                                                                                                                        Real.normedAddCommGroup
                                                                                                                        (@InnerProductSpace.toNormedSpace.{0,
                                                                                                                              0}
                                                                                                                          Real
                                                                                                                          Real
                                                                                                                          Real.instRCLike
                                                                                                                          (@NormedAddCommGroup.toSeminormedAddCommGroup.{0}
                                                                                                                            Real
                                                                                                                            Real.normedAddCommGroup)
                                                                                                                          (@RCLike.toInnerProductSpaceReal.{0}
                                                                                                                            Real
                                                                                                                            Real.instRCLike))
                                                                                                                        Complex.instNormedAddCommGroup
                                                                                                                        (@InnerProductSpace.toNormedSpace.{0,
                                                                                                                              0}
                                                                                                                          Real
                                                                                                                          Complex
                                                                                                                          Real.instRCLike
                                                                                                                          (@NormedAddCommGroup.toSeminormedAddCommGroup.{0}
                                                                                                                            Complex
                                                                                                                            Complex.instNormedAddCommGroup)
                                                                                                                          instInnerProductSpaceRealComplex))
                                                                                                                      (@AddCommGroup.toAddGroup.{0}
                                                                                                                        (@SchwartzMap.{0,
                                                                                                                              0}
                                                                                                                          Real
                                                                                                                          Complex
                                                                                                                          Real.normedAddCommGroup
                                                                                                                          (@InnerProductSpace.toNormedSpace.{0,
                                                                                                                                0}
                                                                                                                            Real
                                                                                                                            Real
                                                                                                                            Real.instRCLike
                                                                                                                            (@NormedAddCommGroup.toSeminormedAddCommGroup.{0}
                                                                                                                              Real
                                                                                                                              Real.normedAddCommGroup)
                                                                                                                            (@RCLike.toInnerProductSpaceReal.{0}
                                                                                                                              Real
                                                                                                                              Real.instRCLike))
                                                                                                                          Complex.instNormedAddCommGroup
                                                                                                                          (@InnerProductSpace.toNormedSpace.{0,
                                                                                                                                0}
                                                                                                                            Real
                                                                                                                            Complex
                                                                                                                            Real.instRCLike
                                                                                                                            (@NormedAddCommGroup.toSeminormedAddCommGroup.{0}
                                                                                                                              Complex
                                                                                                                              Complex.instNormedAddCommGroup)
                                                                                                                            instInnerProductSpaceRealComplex))
                                                                                                                        (@SchwartzMap.instAddCommGroup.{0,
                                                                                                                              0}
                                                                                                                          Real
                                                                                                                          Complex
                                                                                                                          Real.normedAddCommGroup
                                                                                                                          (@InnerProductSpace.toNormedSpace.{0,
                                                                                                                                0}
                                                                                                                            Real
                                                                                                                            Real
                                                                                                                            Real.instRCLike
                                                                                                                            (@NormedAddCommGroup.toSeminormedAddCommGroup.{0}
                                                                                                                              Real
                                                                                                                              Real.normedAddCommGroup)
                                                                                                                            (@RCLike.toInnerProductSpaceReal.{0}
                                                                                                                              Real
                                                                                                                              Real.instRCLike))
                                                                                                                          Complex.instNormedAddCommGroup
                                                                                                                          (@InnerProductSpace.toNormedSpace.{0,
                                                                                                                                0}
                                                                                                                            Real
                                                                                                                            Complex
                                                                                                                            Real.instRCLike
                                                                                                                            (@NormedAddCommGroup.toSeminormedAddCommGroup.{0}
                                                                                                                              Complex
                                                                                                                              Complex.instNormedAddCommGroup)
                                                                                                                            instInnerProductSpaceRealComplex))))))
                                                                                                                (@DistribMulAction.toDistribSMul.{0,
                                                                                                                      0}
                                                                                                                  Real
                                                                                                                  (@SchwartzMap.{0,
                                                                                                                        0}
                                                                                                                    Real
                                                                                                                    Complex
                                                                                                                    Real.normedAddCommGroup
                                                                                                                    (@InnerProductSpace.toNormedSpace.{0,
                                                                                                                          0}
                                                                                                                      Real
                                                                                                                      Real
                                                                                                                      Real.instRCLike
                                                                                                                      (@NormedAddCommGroup.toSeminormedAddCommGroup.{0}
                                                                                                                        Real
                                                                                                                        Real.normedAddCommGroup)
                                                                                                                      (@RCLike.toInnerProductSpaceReal.{0}
                                                                                                                        Real
                                                                                                                        Real.instRCLike))
                                                                                                                    Complex.instNormedAddCommGroup
                                                                                                                    (@InnerProductSpace.toNormedSpace.{0,
                                                                                                                          0}
                                                                                                                      Real
                                                                                                                      Complex
                                                                                                                      Real.instRCLike
                                                                                                                      (@NormedAddCommGroup.toSeminormedAddCommGroup.{0}
                                                                                                                        Complex
                                                                                                                        Complex.instNormedAddCommGroup)
                                                                                                                      instInnerProductSpaceRealComplex))
                                                                                                                  (@Semiring.toMonoid.{0}
                                                                                                                    Real
                                                                                                                    (@Ring.toSemiring.{0}
                                                                                                                      Real
                                                                                                                      (@SeminormedRing.toRing.{0}
                                                                                                                        Real
                                                                                                                        (@SeminormedCommRing.toSeminormedRing.{0}
                                                                                                                          Real
                                                                                                                          (@NormedCommRing.toSeminormedCommRing.{0}
                                                                                                                            Real
                                                                                                                            (@NormedField.toNormedCommRing.{0}
                                                                                                                              Real
                                                                                                                              Real.normedField))))))
                                                                                                                  (@SubNegMonoid.toAddMonoid.{0}
                                                                                                                    (@SchwartzMap.{0,
                                                                                                                          0}
                                                                                                                      Real
                                                                                                                      Complex
                                                                                                                      Real.normedAddCommGroup
                                                                                                                      (@InnerProductSpace.toNormedSpace.{0,
                                                                                                                            0}
                                                                                                                        Real
                                                                                                                        Real
                                                                                                                        Real.instRCLike
                                                                                                                        (@NormedAddCommGroup.toSeminormedAddCommGroup.{0}
                                                                                                                          Real
                                                                                                                          Real.normedAddCommGroup)
                                                                                                                        (@RCLike.toInnerProductSpaceReal.{0}
                                                                                                                          Real
                                                                                                                          Real.instRCLike))
                                                                                                                      Complex.instNormedAddCommGroup
                                                                                                                      (@InnerProductSpace.toNormedSpace.{0,
                                                                                                                            0}
                                                                                                                        Real
                                                                                                                        Complex
                                                                                                                        Real.instRCLike
                                                                                                                        (@NormedAddCommGroup.toSeminormedAddCommGroup.{0}
                                                                                                                          Complex
                                                                                                                          Complex.instNormedAddCommGroup)
                                                                                                                        instInnerProductSpaceRealComplex))
                                                                                                                    (@AddGroup.toSubNegMonoid.{0}
                                                                                                                      (@SchwartzMap.{0,
                                                                                                                            0}
                                                                                                                        Real
                                                                                                                        Complex
                                                                                                                        Real.normedAddCommGroup
                                                                                                                        (@InnerProductSpace.toNormedSpace.{0,
                                                                                                                              0}
                                                                                                                          Real
                                                                                                                          Real
                                                                                                                          Real.instRCLike
                                                                                                                          (@NormedAddCommGroup.toSeminormedAddCommGroup.{0}
                                                                                                                            Real
                                                                                                                            Real.normedAddCommGroup)
                                                                                                                          (@RCLike.toInnerProductSpaceReal.{0}
                                                                                                                            Real
                                                                                                                            Real.instRCLike))
                                                                                                                        Complex.instNormedAddCommGroup
                                                                                                                        (@InnerProductSpace.toNormedSpace.{0,
                                                                                                                              0}
                                                                                                                          Real
                                                                                                                          Complex
                                                                                                                          Real.instRCLike
                                                                                                                          (@NormedAddCommGroup.toSeminormedAddCommGroup.{0}
                                                                                                                            Complex
                                                                                                                            Complex.instNormedAddCommGroup)
                                                                                                                          instInnerProductSpaceRealComplex))
                                                                                                                      (@AddCommGroup.toAddGroup.{0}
                                                                                                                        (@SchwartzMap.{0,
                                                                                                                              0}
                                                                                                                          Real
                                                                                                                          Complex
                                                                                                                          Real.normedAddCommGroup
                                                                                                                          (@InnerProductSpace.toNormedSpace.{0,
                                                                                                                                0}
                                                                                                                            Real
                                                                                                                            Real
                                                                                                                            Real.instRCLike
                                                                                                                            (@NormedAddCommGroup.toSeminormedAddCommGroup.{0}
                                                                                                                              Real
                                                                                                                              Real.normedAddCommGroup)
                                                                                                                            (@RCLike.toInnerProductSpaceReal.{0}
                                                                                                                              Real
                                                                                                                              Real.instRCLike))
                                                                                                                          Complex.instNormedAddCommGroup
                                                                                                                          (@InnerProductSpace.toNormedSpace.{0,
                                                                                                                                0}
                                                                                                                            Real
                                                                                                                            Complex
                                                                                                                            Real.instRCLike
                                                                                                                            (@NormedAddCommGroup.toSeminormedAddCommGroup.{0}
                                                                                                                              Complex
                                                                                                                              Complex.instNormedAddCommGroup)
                                                                                                                            instInnerProductSpaceRealComplex))
                                                                                                                        (@SchwartzMap.instAddCommGroup.{0,
                                                                                                                              0}
                                                                                                                          Real
                                                                                                                          Complex
                                                                                                                          Real.normedAddCommGroup
                                                                                                                          (@InnerProductSpace.toNormedSpace.{0,
                                                                                                                                0}
                                                                                                                            Real
                                                                                                                            Real
                                                                                                                            Real.instRCLike
                                                                                                                            (@NormedAddCommGroup.toSeminormedAddCommGroup.{0}
                                                                                                                              Real
                                                                                                                              Real.normedAddCommGroup)
                                                                                                                            (@RCLike.toInnerProductSpaceReal.{0}
                                                                                                                              Real
                                                                                                                              Real.instRCLike))
                                                                                                                          Complex.instNormedAddCommGroup
                                                                                                                          (@InnerProductSpace.toNormedSpace.{0,
                                                                                                                                0}
                                                                                                                            Real
                                                                                                                            Complex
                                                                                                                            Real.instRCLike
                                                                                                                            (@NormedAddCommGroup.toSeminormedAddCommGroup.{0}
                                                                                                                              Complex
                                                                                                                              Complex.instNormedAddCommGroup)
                                                                                                                            instInnerProductSpaceRealComplex)))))
                                                                                                                  (@Module.toDistribMulAction.{0,
                                                                                                                        0}
                                                                                                                    Real
                                                                                                                    (@SchwartzMap.{0,
                                                                                                                          0}
                                                                                                                      Real
                                                                                                                      Complex
                                                                                                                      Real.normedAddCommGroup
                                                                                                                      (@InnerProductSpace.toNormedSpace.{0,
                                                                                                                            0}
                                                                                                                        Real
                                                                                                                        Real
                                                                                                                        Real.instRCLike
                                                                                                                        (@NormedAddCommGroup.toSeminormedAddCommGroup.{0}
                                                                                                                          Real
                                                                                                                          Real.normedAddCommGroup)
                                                                                                                        (@RCLike.toInnerProductSpaceReal.{0}
                                                                                                                          Real
                                                                                                                          Real.instRCLike))
                                                                                                                      Complex.instNormedAddCommGroup
                                                                                                                      (@InnerProductSpace.toNormedSpace.{0,
                                                                                                                            0}
                                                                                                                        Real
                                                                                                                        Complex
                                                                                                                        Real.instRCLike
                                                                                                                        (@NormedAddCommGroup.toSeminormedAddCommGroup.{0}
                                                                                                                          Complex
                                                                                                                          Complex.instNormedAddCommGroup)
                                                                                                                        instInnerProductSpaceRealComplex))
                                                                                                                    (@Ring.toSemiring.{0}
                                                                                                                      Real
                                                                                                                      (@SeminormedRing.toRing.{0}
                                                                                                                        Real
                                                                                                                        (@SeminormedCommRing.toSeminormedRing.{0}
                                                                                                                          Real
                                                                                                                          (@NormedCommRing.toSeminormedCommRing.{0}
                                                                                                                            Real
                                                                                                                            (@NormedField.toNormedCommRing.{0}
                                                                                                                              Real
                                                                                                                              Real.normedField)))))
                                                                                                                    (@AddCommGroup.toAddCommMonoid.{0}
                                                                                                                      (@SchwartzMap.{0,
                                                                                                                            0}
                                                                                                                        Real
                                                                                                                        Complex
                                                                                                                        Real.normedAddCommGroup
                                                                                                                        (@InnerProductSpace.toNormedSpace.{0,
                                                                                                                              0}
                                                                                                                          Real
                                                                                                                          Real
                                                                                                                          Real.instRCLike
                                                                                                                          (@NormedAddCommGroup.toSeminormedAddCommGroup.{0}
                                                                                                                            Real
                                                                                                                            Real.normedAddCommGroup)
                                                                                                                          (@RCLike.toInnerProductSpaceReal.{0}
                                                                                                                            Real
                                                                                                                            Real.instRCLike))
                                                                                                                        Complex.instNormedAddCommGroup
                                                                                                                        (@InnerProductSpace.toNormedSpace.{0,
                                                                                                                              0}
                                                                                                                          Real
                                                                                                                          Complex
                                                                                                                          Real.instRCLike
                                                                                                                          (@NormedAddCommGroup.toSeminormedAddCommGroup.{0}
                                                                                                                            Complex
                                                                                                                            Complex.instNormedAddCommGroup)
                                                                                                                          instInnerProductSpaceRealComplex))
                                                                                                                      (@SchwartzMap.instAddCommGroup.{0,
                                                                                                                            0}
                                                                                                                        Real
                                                                                                                        Complex
                                                                                                                        Real.normedAddCommGroup
                                                                                                                        (@InnerProductSpace.toNormedSpace.{0,
                                                                                                                              0}
                                                                                                                          Real
                                                                                                                          Real
                                                                                                                          Real.instRCLike
                                                                                                                          (@NormedAddCommGroup.toSeminormedAddCommGroup.{0}
                                                                                                                            Real
                                                                                                                            Real.normedAddCommGroup)
                                                                                                                          (@RCLike.toInnerProductSpaceReal.{0}
                                                                                                                            Real
                                                                                                                            Real.instRCLike))
                                                                                                                        Complex.instNormedAddCommGroup
                                                                                                                        (@InnerProductSpace.toNormedSpace.{0,
                                                                                                                              0}
                                                                                                                          Real
                                                                                                                          Complex
                                                                                                                          Real.instRCLike
                                                                                                                          (@NormedAddCommGroup.toSeminormedAddCommGroup.{0}
                                                                                                                            Complex
                                                                                                                            Complex.instNormedAddCommGroup)
                                                                                                                          instInnerProductSpaceRealComplex)))
                                                                                                                    (@SchwartzMap.instModule.{0,
                                                                                                                          0,
                                                                                                                          0}
                                                                                                                      Real
                                                                                                                      Real
                                                                                                                      Complex
                                                                                                                      Real.normedAddCommGroup
                                                                                                                      (@InnerProductSpace.toNormedSpace.{0,
                                                                                                                            0}
                                                                                                                        Real
                                                                                                                        Real
                                                                                                                        Real.instRCLike
                                                                                                                        (@NormedAddCommGroup.toSeminormedAddCommGroup.{0}
                                                                                                                          Real
                                                                                                                          Real.normedAddCommGroup)
                                                                                                                        (@RCLike.toInnerProductSpaceReal.{0}
                                                                                                                          Real
                                                                                                                          Real.instRCLike))
                                                                                                                      Complex.instNormedAddCommGroup
                                                                                                                      (@InnerProductSpace.toNormedSpace.{0,
                                                                                                                            0}
                                                                                                                        Real
                                                                                                                        Complex
                                                                                                                        Real.instRCLike
                                                                                                                        (@NormedAddCommGroup.toSeminormedAddCommGroup.{0}
                                                                                                                          Complex
                                                                                                                          Complex.instNormedAddCommGroup)
                                                                                                                        instInnerProductSpaceRealComplex)
                                                                                                                      Real.normedField
                                                                                                                      (@InnerProductSpace.toNormedSpace.{0,
                                                                                                                            0}
                                                                                                                        Real
                                                                                                                        Complex
                                                                                                                        Real.instRCLike
                                                                                                                        (@NormedAddCommGroup.toSeminormedAddCommGroup.{0}
                                                                                                                          Complex
                                                                                                                          Complex.instNormedAddCommGroup)
                                                                                                                        instInnerProductSpaceRealComplex)
                                                                                                                      (@smulCommClass_self.{0,
                                                                                                                            0}
                                                                                                                        Real
                                                                                                                        Complex
                                                                                                                        Real.instCommMonoid
                                                                                                                        (@DistribMulAction.toMulAction.{0,
                                                                                                                              0}
                                                                                                                          Real
                                                                                                                          Complex
                                                                                                                          (@CommMonoid.toMonoid.{0}
                                                                                                                            Real
                                                                                                                            Real.instCommMonoid)
                                                                                                                          (@AddCommMonoid.toAddMonoid.{0}
                                                                                                                            Complex
                                                                                                                            Complex.instAddCommMonoid)
                                                                                                                          (@Module.toDistribMulAction.{0,
                                                                                                                                0}
                                                                                                                            Real
                                                                                                                            Complex
                                                                                                                            Real.semiring
                                                                                                                            Complex.instAddCommMonoid
                                                                                                                            (@NormedSpace.toModule.{0,
                                                                                                                                  0}
                                                                                                                              Real
                                                                                                                              Complex
                                                                                                                              Real.normedField
                                                                                                                              (@NonUnitalSeminormedRing.toSeminormedAddCommGroup.{0}
                                                                                                                                Complex
                                                                                                                                (@NonUnitalSeminormedCommRing.toNonUnitalSeminormedRing.{0}
                                                                                                                                  Complex
                                                                                                                                  (@SeminormedCommRing.toNonUnitalSeminormedCommRing.{0}
                                                                                                                                    Complex
                                                                                                                                    (@NormedCommRing.toSeminormedCommRing.{0}
                                                                                                                                      Complex
                                                                                                                                      (@CommCStarAlgebra.toNormedCommRing.{0}
                                                                                                                                        Complex
                                                                                                                                        instCommCStarAlgebraComplex)))))
                                                                                                                              (@InnerProductSpace.toNormedSpace.{0,
                                                                                                                                    0}
                                                                                                                                Real
                                                                                                                                Complex
                                                                                                                                Real.instRCLike
                                                                                                                                (@NonUnitalSeminormedRing.toSeminormedAddCommGroup.{0}
                                                                                                                                  Complex
                                                                                                                                  (@NonUnitalSeminormedCommRing.toNonUnitalSeminormedRing.{0}
                                                                                                                                    Complex
                                                                                                                                    (@SeminormedCommRing.toNonUnitalSeminormedCommRing.{0}
                                                                                                                                      Complex
                                                                                                                                      (@NormedCommRing.toSeminormedCommRing.{0}
                                                                                                                                        Complex
                                                                                                                                        (@CommCStarAlgebra.toNormedCommRing.{0}
                                                                                                                                          Complex
                                                                                                                                          instCommCStarAlgebraComplex)))))
                                                                                                                                instInnerProductSpaceRealComplex)))))))))))
                                                                                                          (@Seminorm.instOrderBot.{0,
                                                                                                                0}
                                                                                                            Real
                                                                                                            (@SchwartzMap.{0,
                                                                                                                  0}
                                                                                                              Real
                                                                                                              Complex
                                                                                                              Real.normedAddCommGroup
                                                                                                              (@InnerProductSpace.toNormedSpace.{0,
                                                                                                                    0}
                                                                                                                Real
                                                                                                                Real
                                                                                                                Real.instRCLike
                                                                                                                (@NormedAddCommGroup.toSeminormedAddCommGroup.{0}
                                                                                                                  Real
                                                                                                                  Real.normedAddCommGroup)
                                                                                                                (@RCLike.toInnerProductSpaceReal.{0}
                                                                                                                  Real
                                                                                                                  Real.instRCLike))
                                                                                                              Complex.instNormedAddCommGroup
                                                                                                              (@InnerProductSpace.toNormedSpace.{0,
                                                                                                                    0}
                                                                                                                Real
                                                                                                                Complex
                                                                                                                Real.instRCLike
                                                                                                                (@NormedAddCommGroup.toSeminormedAddCommGroup.{0}
                                                                                                                  Complex
                                                                                                                  Complex.instNormedAddCommGroup)
                                                                                                                instInnerProductSpaceRealComplex))
                                                                                                            (@SeminormedCommRing.toSeminormedRing.{0}
                                                                                                              Real
                                                                                                              (@NormedCommRing.toSeminormedCommRing.{0}
                                                                                                                Real
                                                                                                                (@NormedField.toNormedCommRing.{0}
                                                                                                                  Real
                                                                                                                  Real.normedField)))
                                                                                                            (@SchwartzMap.instAddCommGroup.{0,
                                                                                                                  0}
                                                                                                              Real
                                                                                                              Complex
                                                                                                              Real.normedAddCommGroup
                                                                                                              (@InnerProductSpace.toNormedSpace.{0,
                                                                                                                    0}
                                                                                                                Real
                                                                                                                Real
                                                                                                                Real.instRCLike
                                                                                                                (@NormedAddCommGroup.toSeminormedAddCommGroup.{0}
                                                                                                                  Real
                                                                                                                  Real.normedAddCommGroup)
                                                                                                                (@RCLike.toInnerProductSpaceReal.{0}
                                                                                                                  Real
                                                                                                                  Real.instRCLike))
                                                                                                              Complex.instNormedAddCommGroup
                                                                                                              (@InnerProductSpace.toNormedSpace.{0,
                                                                                                                    0}
                                                                                                                Real
                                                                                                                Complex
                                                                                                                Real.instRCLike
                                                                                                                (@NormedAddCommGroup.toSeminormedAddCommGroup.{0}
                                                                                                                  Complex
                                                                                                                  Complex.instNormedAddCommGroup)
                                                                                                                instInnerProductSpaceRealComplex))
                                                                                                            (@SchwartzMap.instModule.{0,
                                                                                                                  0, 0}
                                                                                                              Real Real
                                                                                                              Complex
                                                                                                              Real.normedAddCommGroup
                                                                                                              (@InnerProductSpace.toNormedSpace.{0,
                                                                                                                    0}
                                                                                                                Real
                                                                                                                Real
                                                                                                                Real.instRCLike
                                                                                                                (@NormedAddCommGroup.toSeminormedAddCommGroup.{0}
                                                                                                                  Real
                                                                                                                  Real.normedAddCommGroup)
                                                                                                                (@RCLike.toInnerProductSpaceReal.{0}
                                                                                                                  Real
                                                                                                                  Real.instRCLike))
                                                                                                              Complex.instNormedAddCommGroup
                                                                                                              (@InnerProductSpace.toNormedSpace.{0,
                                                                                                                    0}
                                                                                                                Real
                                                                                                                Complex
                                                                                                                Real.instRCLike
                                                                                                                (@NormedAddCommGroup.toSeminormedAddCommGroup.{0}
                                                                                                                  Complex
                                                                                                                  Complex.instNormedAddCommGroup)
                                                                                                                instInnerProductSpaceRealComplex)
                                                                                                              Real.normedField
                                                                                                              (@InnerProductSpace.toNormedSpace.{0,
                                                                                                                    0}
                                                                                                                Real
                                                                                                                Complex
                                                                                                                Real.instRCLike
                                                                                                                (@NormedAddCommGroup.toSeminormedAddCommGroup.{0}
                                                                                                                  Complex
                                                                                                                  Complex.instNormedAddCommGroup)
                                                                                                                instInnerProductSpaceRealComplex)
                                                                                                              (@smulCommClass_self.{0,
                                                                                                                    0}
                                                                                                                Real
                                                                                                                Complex
                                                                                                                Real.instCommMonoid
                                                                                                                (@DistribMulAction.toMulAction.{0,
                                                                                                                      0}
                                                                                                                  Real
                                                                                                                  Complex
                                                                                                                  (@CommMonoid.toMonoid.{0}
                                                                                                                    Real
                                                                                                                    Real.instCommMonoid)
                                                                                                                  (@AddCommMonoid.toAddMonoid.{0}
                                                                                                                    Complex
                                                                                                                    (@AddCommGroup.toAddCommMonoid.{0}
                                                                                                                      Complex
                                                                                                                      Complex.addCommGroup))
                                                                                                                  (@Module.toDistribMulAction.{0,
                                                                                                                        0}
                                                                                                                    Real
                                                                                                                    Complex
                                                                                                                    (@Ring.toSemiring.{0}
                                                                                                                      Real
                                                                                                                      (@CommRing.toRing.{0}
                                                                                                                        Real
                                                                                                                        Real.commRing))
                                                                                                                    (@AddCommGroup.toAddCommMonoid.{0}
                                                                                                                      Complex
                                                                                                                      Complex.addCommGroup)
                                                                                                                    (@Module.complexToReal.{0}
                                                                                                                      Complex
                                                                                                                      Complex.addCommGroup
                                                                                                                      (@Semiring.toModule.{0}
                                                                                                                        Complex
                                                                                                                        Complex.instSemiring)))))))
                                                                                                          Sdiag
                                                                                                          (@schwartzSeminormFamily.{0,
                                                                                                                0, 0}
                                                                                                            Real Real
                                                                                                            Complex
                                                                                                            Real.normedAddCommGroup
                                                                                                            (@InnerProductSpace.toNormedSpace.{0,
                                                                                                                  0}
                                                                                                              Real Real
                                                                                                              Real.instRCLike
                                                                                                              (@NormedAddCommGroup.toSeminormedAddCommGroup.{0}
                                                                                                                Real
                                                                                                                Real.normedAddCommGroup)
                                                                                                              (@RCLike.toInnerProductSpaceReal.{0}
                                                                                                                Real
                                                                                                                Real.instRCLike))
                                                                                                            Complex.instNormedAddCommGroup
                                                                                                            (@InnerProductSpace.toNormedSpace.{0,
                                                                                                                  0}
                                                                                                              Real
                                                                                                              Complex
                                                                                                              Real.instRCLike
                                                                                                              (@NormedAddCommGroup.toSeminormedAddCommGroup.{0}
                                                                                                                Complex
                                                                                                                Complex.instNormedAddCommGroup)
                                                                                                              instInnerProductSpaceRealComplex)
                                                                                                            Real.normedField
                                                                                                            (@InnerProductSpace.toNormedSpace.{0,
                                                                                                                  0}
                                                                                                              Real
                                                                                                              Complex
                                                                                                              Real.instRCLike
                                                                                                              (@NormedAddCommGroup.toSeminormedAddCommGroup.{0}
                                                                                                                Complex
                                                                                                                Complex.instNormedAddCommGroup)
                                                                                                              instInnerProductSpaceRealComplex)
                                                                                                            (@smulCommClass_self.{0,
                                                                                                                  0}
                                                                                                              Real
                                                                                                              Complex
                                                                                                              Real.instCommMonoid
                                                                                                              (@DistribMulAction.toMulAction.{0,
                                                                                                                    0}
                                                                                                                Real
                                                                                                                Complex
                                                                                                                (@CommMonoid.toMonoid.{0}
                                                                                                                  Real
                                                                                                                  Real.instCommMonoid)
                                                                                                                (@AddCommMonoid.toAddMonoid.{0}
                                                                                                                  Complex
                                                                                                                  Complex.instAddCommMonoid)
                                                                                                                (@Module.toDistribMulAction.{0,
                                                                                                                      0}
                                                                                                                  Real
                                                                                                                  Complex
                                                                                                                  Real.semiring
                                                                                                                  Complex.instAddCommMonoid
                                                                                                                  (@NormedSpace.toModule.{0,
                                                                                                                        0}
                                                                                                                    Real
                                                                                                                    Complex
                                                                                                                    Real.normedField
                                                                                                                    (@NonUnitalSeminormedRing.toSeminormedAddCommGroup.{0}
                                                                                                                      Complex
                                                                                                                      (@NonUnitalSeminormedCommRing.toNonUnitalSeminormedRing.{0}
                                                                                                                        Complex
                                                                                                                        (@SeminormedCommRing.toNonUnitalSeminormedCommRing.{0}
                                                                                                                          Complex
                                                                                                                          (@NormedCommRing.toSeminormedCommRing.{0}
                                                                                                                            Complex
                                                                                                                            (@CommCStarAlgebra.toNormedCommRing.{0}
                                                                                                                              Complex
                                                                                                                              instCommCStarAlgebraComplex)))))
                                                                                                                    (@InnerProductSpace.toNormedSpace.{0,
                                                                                                                          0}
                                                                                                                      Real
                                                                                                                      Complex
                                                                                                                      Real.instRCLike
                                                                                                                      (@NonUnitalSeminormedRing.toSeminormedAddCommGroup.{0}
                                                                                                                        Complex
                                                                                                                        (@NonUnitalSeminormedCommRing.toNonUnitalSeminormedRing.{0}
                                                                                                                          Complex
                                                                                                                          (@SeminormedCommRing.toNonUnitalSeminormedCommRing.{0}
                                                                                                                            Complex
                                                                                                                            (@NormedCommRing.toSeminormedCommRing.{0}
                                                                                                                              Complex
                                                                                                                              (@CommCStarAlgebra.toNormedCommRing.{0}
                                                                                                                                Complex
                                                                                                                                instCommCStarAlgebraComplex)))))
                                                                                                                      instInnerProductSpaceRealComplex)))))))
                                                                                                        Ψ))
                                                                                                    (OAI.SevenEighths.CenteredMomentRadialEligibleEnergy.Radial.scale
                                                                                                      (@OAI.SevenEighths.CenteredMomentEnergyState.NaturalState.radial
                                                                                                        Z Bmask bΦ s)))
                                                                                                  (@HPow.hPow.{0, 0, 0}
                                                                                                    Real Real Real
                                                                                                    (@instHPow.{0, 0}
                                                                                                      Real Real
                                                                                                      Real.instPow)
                                                                                                    Z εdiag)))
                                                                                              (@HMul.hMul.{0, 0, 0} Real
                                                                                                Real Real
                                                                                                (@instHMul.{0} Real
                                                                                                  Real.instMul)
                                                                                                (@HMul.hMul.{0, 0, 0}
                                                                                                  Real Real Real
                                                                                                  (@instHMul.{0} Real
                                                                                                    Real.instMul)
                                                                                                  (@HMul.hMul.{0, 0, 0}
                                                                                                    Real Real Real
                                                                                                    (@instHMul.{0} Real
                                                                                                      Real.instMul)
                                                                                                    (@HMul.hMul.{0, 0,
                                                                                                          0}
                                                                                                      Real Real Real
                                                                                                      (@instHMul.{0}
                                                                                                        Real
                                                                                                        Real.instMul)
                                                                                                      Ctail
                                                                                                      (@HPow.hPow.{0, 0,
                                                                                                            0}
                                                                                                        Real Nat Real
                                                                                                        (@instHPow.{0,
                                                                                                              0}
                                                                                                          Real Nat
                                                                                                          (@NPow.toPow.{0}
                                                                                                            Real
                                                                                                            (@Monoid.toNPow.{0}
                                                                                                              Real
                                                                                                              Real.instMonoid)))
                                                                                                        (@OAI.SevenEighths.CenteredMomentSourceInputTailUniform.plainControl.{u_1}
                                                                                                          α inst inp
                                                                                                          (@OAI.SevenEighths.CenteredMomentFiniteProfileExceptional.Profiles.profile
                                                                                                            a b p
                                                                                                            (@OfNat.ofNat.{0}
                                                                                                              (Fin
                                                                                                                (@OfNat.ofNat.{0}
                                                                                                                  Nat
                                                                                                                  (nat_lit
                                                                                                                    2)
                                                                                                                  (instOfNatNat
                                                                                                                    (nat_lit
                                                                                                                      2))))
                                                                                                              (nat_lit
                                                                                                                0)
                                                                                                              (@Fin.instOfNat
                                                                                                                (@OfNat.ofNat.{0}
                                                                                                                  Nat
                                                                                                                  (nat_lit
                                                                                                                    2)
                                                                                                                  (instOfNatNat
                                                                                                                    (nat_lit
                                                                                                                      2)))
                                                                                                                (@Nat.instNeZeroSucc
                                                                                                                  (@OfNat.ofNat.{0}
                                                                                                                    Nat
                                                                                                                    (nat_lit
                                                                                                                      1)
                                                                                                                    (instOfNatNat
                                                                                                                      (nat_lit
                                                                                                                        1))))
                                                                                                                (nat_lit
                                                                                                                  0))))
                                                                                                          (@OAI.SevenEighths.CenteredMomentFiniteProfileExceptional.Profiles.profile
                                                                                                            a b p
                                                                                                            (@OfNat.ofNat.{0}
                                                                                                              (Fin
                                                                                                                (@OfNat.ofNat.{0}
                                                                                                                  Nat
                                                                                                                  (nat_lit
                                                                                                                    2)
                                                                                                                  (instOfNatNat
                                                                                                                    (nat_lit
                                                                                                                      2))))
                                                                                                              (nat_lit
                                                                                                                1)
                                                                                                              (@Fin.instOfNat
                                                                                                                (@OfNat.ofNat.{0}
                                                                                                                  Nat
                                                                                                                  (nat_lit
                                                                                                                    2)
                                                                                                                  (instOfNatNat
                                                                                                                    (nat_lit
                                                                                                                      2)))
                                                                                                                (@Nat.instNeZeroSucc
                                                                                                                  (@OfNat.ofNat.{0}
                                                                                                                    Nat
                                                                                                                    (nat_lit
                                                                                                                      1)
                                                                                                                    (instOfNatNat
                                                                                                                      (nat_lit
                                                                                                                        1))))
                                                                                                                (nat_lit
                                                                                                                  1)))))
                                                                                                        (@OfNat.ofNat.{0}
                                                                                                          Nat
                                                                                                          (nat_lit 2)
                                                                                                          (instOfNatNat
                                                                                                            (nat_lit
                                                                                                              2)))))
                                                                                                    (@DFunLike.coe.{1,
                                                                                                          1, 1}
                                                                                                      (@Seminorm.{0, 0}
                                                                                                        Real
                                                                                                        (@SchwartzMap.{0,
                                                                                                              0}
                                                                                                          Real Complex
                                                                                                          Real.normedAddCommGroup
                                                                                                          (@InnerProductSpace.toNormedSpace.{0,
                                                                                                                0}
                                                                                                            Real Real
                                                                                                            Real.instRCLike
                                                                                                            (@NormedAddCommGroup.toSeminormedAddCommGroup.{0}
                                                                                                              Real
                                                                                                              Real.normedAddCommGroup)
                                                                                                            (@RCLike.toInnerProductSpaceReal.{0}
                                                                                                              Real
                                                                                                              Real.instRCLike))
                                                                                                          Complex.instNormedAddCommGroup
                                                                                                          (@InnerProductSpace.toNormedSpace.{0,
                                                                                                                0}
                                                                                                            Real Complex
                                                                                                            Real.instRCLike
                                                                                                            (@NormedAddCommGroup.toSeminormedAddCommGroup.{0}
                                                                                                              Complex
                                                                                                              Complex.instNormedAddCommGroup)
                                                                                                            instInnerProductSpaceRealComplex))
                                                                                                        (@SeminormedCommRing.toSeminormedRing.{0}
                                                                                                          Real
                                                                                                          (@NormedCommRing.toSeminormedCommRing.{0}
                                                                                                            Real
                                                                                                            (@NormedField.toNormedCommRing.{0}
                                                                                                              Real
                                                                                                              Real.normedField)))
                                                                                                        (@AddCommGroup.toAddGroup.{0}
                                                                                                          (@SchwartzMap.{0,
                                                                                                                0}
                                                                                                            Real Complex
                                                                                                            Real.normedAddCommGroup
                                                                                                            (@InnerProductSpace.toNormedSpace.{0,
                                                                                                                  0}
                                                                                                              Real Real
                                                                                                              Real.instRCLike
                                                                                                              (@NormedAddCommGroup.toSeminormedAddCommGroup.{0}
                                                                                                                Real
                                                                                                                Real.normedAddCommGroup)
                                                                                                              (@RCLike.toInnerProductSpaceReal.{0}
                                                                                                                Real
                                                                                                                Real.instRCLike))
                                                                                                            Complex.instNormedAddCommGroup
                                                                                                            (@InnerProductSpace.toNormedSpace.{0,
                                                                                                                  0}
                                                                                                              Real
                                                                                                              Complex
                                                                                                              Real.instRCLike
                                                                                                              (@NormedAddCommGroup.toSeminormedAddCommGroup.{0}
                                                                                                                Complex
                                                                                                                Complex.instNormedAddCommGroup)
                                                                                                              instInnerProductSpaceRealComplex))
                                                                                                          (@SchwartzMap.instAddCommGroup.{0,
                                                                                                                0}
                                                                                                            Real Complex
                                                                                                            Real.normedAddCommGroup
                                                                                                            (@InnerProductSpace.toNormedSpace.{0,
                                                                                                                  0}
                                                                                                              Real Real
                                                                                                              Real.instRCLike
                                                                                                              (@NormedAddCommGroup.toSeminormedAddCommGroup.{0}
                                                                                                                Real
                                                                                                                Real.normedAddCommGroup)
                                                                                                              (@RCLike.toInnerProductSpaceReal.{0}
                                                                                                                Real
                                                                                                                Real.instRCLike))
                                                                                                            Complex.instNormedAddCommGroup
                                                                                                            (@InnerProductSpace.toNormedSpace.{0,
                                                                                                                  0}
                                                                                                              Real
                                                                                                              Complex
                                                                                                              Real.instRCLike
                                                                                                              (@NormedAddCommGroup.toSeminormedAddCommGroup.{0}
                                                                                                                Complex
                                                                                                                Complex.instNormedAddCommGroup)
                                                                                                              instInnerProductSpaceRealComplex)))
                                                                                                        (@SMulZeroClass.toSMul.{0,
                                                                                                              0}
                                                                                                          Real
                                                                                                          (@SchwartzMap.{0,
                                                                                                                0}
                                                                                                            Real Complex
                                                                                                            Real.normedAddCommGroup
                                                                                                            (@InnerProductSpace.toNormedSpace.{0,
                                                                                                                  0}
                                                                                                              Real Real
                                                                                                              Real.instRCLike
                                                                                                              (@NormedAddCommGroup.toSeminormedAddCommGroup.{0}
                                                                                                                Real
                                                                                                                Real.normedAddCommGroup)
                                                                                                              (@RCLike.toInnerProductSpaceReal.{0}
                                                                                                                Real
                                                                                                                Real.instRCLike))
                                                                                                            Complex.instNormedAddCommGroup
                                                                                                            (@InnerProductSpace.toNormedSpace.{0,
                                                                                                                  0}
                                                                                                              Real
                                                                                                              Complex
                                                                                                              Real.instRCLike
                                                                                                              (@NormedAddCommGroup.toSeminormedAddCommGroup.{0}
                                                                                                                Complex
                                                                                                                Complex.instNormedAddCommGroup)
                                                                                                              instInnerProductSpaceRealComplex))
                                                                                                          (@AddZero.toZero.{0}
                                                                                                            (@SchwartzMap.{0,
                                                                                                                  0}
                                                                                                              Real
                                                                                                              Complex
                                                                                                              Real.normedAddCommGroup
                                                                                                              (@InnerProductSpace.toNormedSpace.{0,
                                                                                                                    0}
                                                                                                                Real
                                                                                                                Real
                                                                                                                Real.instRCLike
                                                                                                                (@NormedAddCommGroup.toSeminormedAddCommGroup.{0}
                                                                                                                  Real
                                                                                                                  Real.normedAddCommGroup)
                                                                                                                (@RCLike.toInnerProductSpaceReal.{0}
                                                                                                                  Real
                                                                                                                  Real.instRCLike))
                                                                                                              Complex.instNormedAddCommGroup
                                                                                                              (@InnerProductSpace.toNormedSpace.{0,
                                                                                                                    0}
                                                                                                                Real
                                                                                                                Complex
                                                                                                                Real.instRCLike
                                                                                                                (@NormedAddCommGroup.toSeminormedAddCommGroup.{0}
                                                                                                                  Complex
                                                                                                                  Complex.instNormedAddCommGroup)
                                                                                                                instInnerProductSpaceRealComplex))
                                                                                                            (@AddZeroClass.toAddZero.{0}
                                                                                                              (@SchwartzMap.{0,
                                                                                                                    0}
                                                                                                                Real
                                                                                                                Complex
                                                                                                                Real.normedAddCommGroup
                                                                                                                (@InnerProductSpace.toNormedSpace.{0,
                                                                                                                      0}
                                                                                                                  Real
                                                                                                                  Real
                                                                                                                  Real.instRCLike
                                                                                                                  (@NormedAddCommGroup.toSeminormedAddCommGroup.{0}
                                                                                                                    Real
                                                                                                                    Real.normedAddCommGroup)
                                                                                                                  (@RCLike.toInnerProductSpaceReal.{0}
                                                                                                                    Real
                                                                                                                    Real.instRCLike))
                                                                                                                Complex.instNormedAddCommGroup
                                                                                                                (@InnerProductSpace.toNormedSpace.{0,
                                                                                                                      0}
                                                                                                                  Real
                                                                                                                  Complex
                                                                                                                  Real.instRCLike
                                                                                                                  (@NormedAddCommGroup.toSeminormedAddCommGroup.{0}
                                                                                                                    Complex
                                                                                                                    Complex.instNormedAddCommGroup)
                                                                                                                  instInnerProductSpaceRealComplex))
                                                                                                              (@AddMonoid.toAddZeroClass.{0}
                                                                                                                (@SchwartzMap.{0,
                                                                                                                      0}
                                                                                                                  Real
                                                                                                                  Complex
                                                                                                                  Real.normedAddCommGroup
                                                                                                                  (@InnerProductSpace.toNormedSpace.{0,
                                                                                                                        0}
                                                                                                                    Real
                                                                                                                    Real
                                                                                                                    Real.instRCLike
                                                                                                                    (@NormedAddCommGroup.toSeminormedAddCommGroup.{0}
                                                                                                                      Real
                                                                                                                      Real.normedAddCommGroup)
                                                                                                                    (@RCLike.toInnerProductSpaceReal.{0}
                                                                                                                      Real
                                                                                                                      Real.instRCLike))
                                                                                                                  Complex.instNormedAddCommGroup
                                                                                                                  (@InnerProductSpace.toNormedSpace.{0,
                                                                                                                        0}
                                                                                                                    Real
                                                                                                                    Complex
                                                                                                                    Real.instRCLike
                                                                                                                    (@NormedAddCommGroup.toSeminormedAddCommGroup.{0}
                                                                                                                      Complex
                                                                                                                      Complex.instNormedAddCommGroup)
                                                                                                                    instInnerProductSpaceRealComplex))
                                                                                                                (@SubNegMonoid.toAddMonoid.{0}
                                                                                                                  (@SchwartzMap.{0,
                                                                                                                        0}
                                                                                                                    Real
                                                                                                                    Complex
                                                                                                                    Real.normedAddCommGroup
                                                                                                                    (@InnerProductSpace.toNormedSpace.{0,
                                                                                                                          0}
                                                                                                                      Real
                                                                                                                      Real
                                                                                                                      Real.instRCLike
                                                                                                                      (@NormedAddCommGroup.toSeminormedAddCommGroup.{0}
                                                                                                                        Real
                                                                                                                        Real.normedAddCommGroup)
                                                                                                                      (@RCLike.toInnerProductSpaceReal.{0}
                                                                                                                        Real
                                                                                                                        Real.instRCLike))
                                                                                                                    Complex.instNormedAddCommGroup
                                                                                                                    (@InnerProductSpace.toNormedSpace.{0,
                                                                                                                          0}
                                                                                                                      Real
                                                                                                                      Complex
                                                                                                                      Real.instRCLike
                                                                                                                      (@NormedAddCommGroup.toSeminormedAddCommGroup.{0}
                                                                                                                        Complex
                                                                                                                        Complex.instNormedAddCommGroup)
                                                                                                                      instInnerProductSpaceRealComplex))
                                                                                                                  (@AddGroup.toSubNegMonoid.{0}
                                                                                                                    (@SchwartzMap.{0,
                                                                                                                          0}
                                                                                                                      Real
                                                                                                                      Complex
                                                                                                                      Real.normedAddCommGroup
                                                                                                                      (@InnerProductSpace.toNormedSpace.{0,
                                                                                                                            0}
                                                                                                                        Real
                                                                                                                        Real
                                                                                                                        Real.instRCLike
                                                                                                                        (@NormedAddCommGroup.toSeminormedAddCommGroup.{0}
                                                                                                                          Real
                                                                                                                          Real.normedAddCommGroup)
                                                                                                                        (@RCLike.toInnerProductSpaceReal.{0}
                                                                                                                          Real
                                                                                                                          Real.instRCLike))
                                                                                                                      Complex.instNormedAddCommGroup
                                                                                                                      (@InnerProductSpace.toNormedSpace.{0,
                                                                                                                            0}
                                                                                                                        Real
                                                                                                                        Complex
                                                                                                                        Real.instRCLike
                                                                                                                        (@NormedAddCommGroup.toSeminormedAddCommGroup.{0}
                                                                                                                          Complex
                                                                                                                          Complex.instNormedAddCommGroup)
                                                                                                                        instInnerProductSpaceRealComplex))
                                                                                                                    (@AddCommGroup.toAddGroup.{0}
                                                                                                                      (@SchwartzMap.{0,
                                                                                                                            0}
                                                                                                                        Real
                                                                                                                        Complex
                                                                                                                        Real.normedAddCommGroup
                                                                                                                        (@InnerProductSpace.toNormedSpace.{0,
                                                                                                                              0}
                                                                                                                          Real
                                                                                                                          Real
                                                                                                                          Real.instRCLike
                                                                                                                          (@NormedAddCommGroup.toSeminormedAddCommGroup.{0}
                                                                                                                            Real
                                                                                                                            Real.normedAddCommGroup)
                                                                                                                          (@RCLike.toInnerProductSpaceReal.{0}
                                                                                                                            Real
                                                                                                                            Real.instRCLike))
                                                                                                                        Complex.instNormedAddCommGroup
                                                                                                                        (@InnerProductSpace.toNormedSpace.{0,
                                                                                                                              0}
                                                                                                                          Real
                                                                                                                          Complex
                                                                                                                          Real.instRCLike
                                                                                                                          (@NormedAddCommGroup.toSeminormedAddCommGroup.{0}
                                                                                                                            Complex
                                                                                                                            Complex.instNormedAddCommGroup)
                                                                                                                          instInnerProductSpaceRealComplex))
                                                                                                                      (@SchwartzMap.instAddCommGroup.{0,
                                                                                                                            0}
                                                                                                                        Real
                                                                                                                        Complex
                                                                                                                        Real.normedAddCommGroup
                                                                                                                        (@InnerProductSpace.toNormedSpace.{0,
                                                                                                                              0}
                                                                                                                          Real
                                                                                                                          Real
                                                                                                                          Real.instRCLike
                                                                                                                          (@NormedAddCommGroup.toSeminormedAddCommGroup.{0}
                                                                                                                            Real
                                                                                                                            Real.normedAddCommGroup)
                                                                                                                          (@RCLike.toInnerProductSpaceReal.{0}
                                                                                                                            Real
                                                                                                                            Real.instRCLike))
                                                                                                                        Complex.instNormedAddCommGroup
                                                                                                                        (@InnerProductSpace.toNormedSpace.{0,
                                                                                                                              0}
                                                                                                                          Real
                                                                                                                          Complex
                                                                                                                          Real.instRCLike
                                                                                                                          (@NormedAddCommGroup.toSeminormedAddCommGroup.{0}
                                                                                                                            Complex
                                                                                                                            Complex.instNormedAddCommGroup)
                                                                                                                          instInnerProductSpaceRealComplex))))))))
                                                                                                          (@DistribSMul.toSMulZeroClass.{0,
                                                                                                                0}
                                                                                                            Real
                                                                                                            (@SchwartzMap.{0,
                                                                                                                  0}
                                                                                                              Real
                                                                                                              Complex
                                                                                                              Real.normedAddCommGroup
                                                                                                              (@InnerProductSpace.toNormedSpace.{0,
                                                                                                                    0}
                                                                                                                Real
                                                                                                                Real
                                                                                                                Real.instRCLike
                                                                                                                (@NormedAddCommGroup.toSeminormedAddCommGroup.{0}
                                                                                                                  Real
                                                                                                                  Real.normedAddCommGroup)
                                                                                                                (@RCLike.toInnerProductSpaceReal.{0}
                                                                                                                  Real
                                                                                                                  Real.instRCLike))
                                                                                                              Complex.instNormedAddCommGroup
                                                                                                              (@InnerProductSpace.toNormedSpace.{0,
                                                                                                                    0}
                                                                                                                Real
                                                                                                                Complex
                                                                                                                Real.instRCLike
                                                                                                                (@NormedAddCommGroup.toSeminormedAddCommGroup.{0}
                                                                                                                  Complex
                                                                                                                  Complex.instNormedAddCommGroup)
                                                                                                                instInnerProductSpaceRealComplex))
                                                                                                            (@AddMonoid.toAddZeroClass.{0}
                                                                                                              (@SchwartzMap.{0,
                                                                                                                    0}
                                                                                                                Real
                                                                                                                Complex
                                                                                                                Real.normedAddCommGroup
                                                                                                                (@InnerProductSpace.toNormedSpace.{0,
                                                                                                                      0}
                                                                                                                  Real
                                                                                                                  Real
                                                                                                                  Real.instRCLike
                                                                                                                  (@NormedAddCommGroup.toSeminormedAddCommGroup.{0}
                                                                                                                    Real
                                                                                                                    Real.normedAddCommGroup)
                                                                                                                  (@RCLike.toInnerProductSpaceReal.{0}
                                                                                                                    Real
                                                                                                                    Real.instRCLike))
                                                                                                                Complex.instNormedAddCommGroup
                                                                                                                (@InnerProductSpace.toNormedSpace.{0,
                                                                                                                      0}
                                                                                                                  Real
                                                                                                                  Complex
                                                                                                                  Real.instRCLike
                                                                                                                  (@NormedAddCommGroup.toSeminormedAddCommGroup.{0}
                                                                                                                    Complex
                                                                                                                    Complex.instNormedAddCommGroup)
                                                                                                                  instInnerProductSpaceRealComplex))
                                                                                                              (@SubNegMonoid.toAddMonoid.{0}
                                                                                                                (@SchwartzMap.{0,
                                                                                                                      0}
                                                                                                                  Real
                                                                                                                  Complex
                                                                                                                  Real.normedAddCommGroup
                                                                                                                  (@InnerProductSpace.toNormedSpace.{0,
                                                                                                                        0}
                                                                                                                    Real
                                                                                                                    Real
                                                                                                                    Real.instRCLike
                                                                                                                    (@NormedAddCommGroup.toSeminormedAddCommGroup.{0}
                                                                                                                      Real
                                                                                                                      Real.normedAddCommGroup)
                                                                                                                    (@RCLike.toInnerProductSpaceReal.{0}
                                                                                                                      Real
                                                                                                                      Real.instRCLike))
                                                                                                                  Complex.instNormedAddCommGroup
                                                                                                                  (@InnerProductSpace.toNormedSpace.{0,
                                                                                                                        0}
                                                                                                                    Real
                                                                                                                    Complex
                                                                                                                    Real.instRCLike
                                                                                                                    (@NormedAddCommGroup.toSeminormedAddCommGroup.{0}
                                                                                                                      Complex
                                                                                                                      Complex.instNormedAddCommGroup)
                                                                                                                    instInnerProductSpaceRealComplex))
                                                                                                                (@AddGroup.toSubNegMonoid.{0}
                                                                                                                  (@SchwartzMap.{0,
                                                                                                                        0}
                                                                                                                    Real
                                                                                                                    Complex
                                                                                                                    Real.normedAddCommGroup
                                                                                                                    (@InnerProductSpace.toNormedSpace.{0,
                                                                                                                          0}
                                                                                                                      Real
                                                                                                                      Real
                                                                                                                      Real.instRCLike
                                                                                                                      (@NormedAddCommGroup.toSeminormedAddCommGroup.{0}
                                                                                                                        Real
                                                                                                                        Real.normedAddCommGroup)
                                                                                                                      (@RCLike.toInnerProductSpaceReal.{0}
                                                                                                                        Real
                                                                                                                        Real.instRCLike))
                                                                                                                    Complex.instNormedAddCommGroup
                                                                                                                    (@InnerProductSpace.toNormedSpace.{0,
                                                                                                                          0}
                                                                                                                      Real
                                                                                                                      Complex
                                                                                                                      Real.instRCLike
                                                                                                                      (@NormedAddCommGroup.toSeminormedAddCommGroup.{0}
                                                                                                                        Complex
                                                                                                                        Complex.instNormedAddCommGroup)
                                                                                                                      instInnerProductSpaceRealComplex))
                                                                                                                  (@AddCommGroup.toAddGroup.{0}
                                                                                                                    (@SchwartzMap.{0,
                                                                                                                          0}
                                                                                                                      Real
                                                                                                                      Complex
                                                                                                                      Real.normedAddCommGroup
                                                                                                                      (@InnerProductSpace.toNormedSpace.{0,
                                                                                                                            0}
                                                                                                                        Real
                                                                                                                        Real
                                                                                                                        Real.instRCLike
                                                                                                                        (@NormedAddCommGroup.toSeminormedAddCommGroup.{0}
                                                                                                                          Real
                                                                                                                          Real.normedAddCommGroup)
                                                                                                                        (@RCLike.toInnerProductSpaceReal.{0}
                                                                                                                          Real
                                                                                                                          Real.instRCLike))
                                                                                                                      Complex.instNormedAddCommGroup
                                                                                                                      (@InnerProductSpace.toNormedSpace.{0,
                                                                                                                            0}
                                                                                                                        Real
                                                                                                                        Complex
                                                                                                                        Real.instRCLike
                                                                                                                        (@NormedAddCommGroup.toSeminormedAddCommGroup.{0}
                                                                                                                          Complex
                                                                                                                          Complex.instNormedAddCommGroup)
                                                                                                                        instInnerProductSpaceRealComplex))
                                                                                                                    (@SchwartzMap.instAddCommGroup.{0,
                                                                                                                          0}
                                                                                                                      Real
                                                                                                                      Complex
                                                                                                                      Real.normedAddCommGroup
                                                                                                                      (@InnerProductSpace.toNormedSpace.{0,
                                                                                                                            0}
                                                                                                                        Real
                                                                                                                        Real
                                                                                                                        Real.instRCLike
                                                                                                                        (@NormedAddCommGroup.toSeminormedAddCommGroup.{0}
                                                                                                                          Real
                                                                                                                          Real.normedAddCommGroup)
                                                                                                                        (@RCLike.toInnerProductSpaceReal.{0}
                                                                                                                          Real
                                                                                                                          Real.instRCLike))
                                                                                                                      Complex.instNormedAddCommGroup
                                                                                                                      (@InnerProductSpace.toNormedSpace.{0,
                                                                                                                            0}
                                                                                                                        Real
                                                                                                                        Complex
                                                                                                                        Real.instRCLike
                                                                                                                        (@NormedAddCommGroup.toSeminormedAddCommGroup.{0}
                                                                                                                          Complex
                                                                                                                          Complex.instNormedAddCommGroup)
                                                                                                                        instInnerProductSpaceRealComplex))))))
                                                                                                            (@DistribMulAction.toDistribSMul.{0,
                                                                                                                  0}
                                                                                                              Real
                                                                                                              (@SchwartzMap.{0,
                                                                                                                    0}
                                                                                                                Real
                                                                                                                Complex
                                                                                                                Real.normedAddCommGroup
                                                                                                                (@InnerProductSpace.toNormedSpace.{0,
                                                                                                                      0}
                                                                                                                  Real
                                                                                                                  Real
                                                                                                                  Real.instRCLike
                                                                                                                  (@NormedAddCommGroup.toSeminormedAddCommGroup.{0}
                                                                                                                    Real
                                                                                                                    Real.normedAddCommGroup)
                                                                                                                  (@RCLike.toInnerProductSpaceReal.{0}
                                                                                                                    Real
                                                                                                                    Real.instRCLike))
                                                                                                                Complex.instNormedAddCommGroup
                                                                                                                (@InnerProductSpace.toNormedSpace.{0,
                                                                                                                      0}
                                                                                                                  Real
                                                                                                                  Complex
                                                                                                                  Real.instRCLike
                                                                                                                  (@NormedAddCommGroup.toSeminormedAddCommGroup.{0}
                                                                                                                    Complex
                                                                                                                    Complex.instNormedAddCommGroup)
                                                                                                                  instInnerProductSpaceRealComplex))
                                                                                                              (@Semiring.toMonoid.{0}
                                                                                                                Real
                                                                                                                (@Ring.toSemiring.{0}
                                                                                                                  Real
                                                                                                                  (@SeminormedRing.toRing.{0}
                                                                                                                    Real
                                                                                                                    (@SeminormedCommRing.toSeminormedRing.{0}
                                                                                                                      Real
                                                                                                                      (@NormedCommRing.toSeminormedCommRing.{0}
                                                                                                                        Real
                                                                                                                        (@NormedField.toNormedCommRing.{0}
                                                                                                                          Real
                                                                                                                          Real.normedField))))))
                                                                                                              (@SubNegMonoid.toAddMonoid.{0}
                                                                                                                (@SchwartzMap.{0,
                                                                                                                      0}
                                                                                                                  Real
                                                                                                                  Complex
                                                                                                                  Real.normedAddCommGroup
                                                                                                                  (@InnerProductSpace.toNormedSpace.{0,
                                                                                                                        0}
                                                                                                                    Real
                                                                                                                    Real
                                                                                                                    Real.instRCLike
                                                                                                                    (@NormedAddCommGroup.toSeminormedAddCommGroup.{0}
                                                                                                                      Real
                                                                                                                      Real.normedAddCommGroup)
                                                                                                                    (@RCLike.toInnerProductSpaceReal.{0}
                                                                                                                      Real
                                                                                                                      Real.instRCLike))
                                                                                                                  Complex.instNormedAddCommGroup
                                                                                                                  (@InnerProductSpace.toNormedSpace.{0,
                                                                                                                        0}
                                                                                                                    Real
                                                                                                                    Complex
                                                                                                                    Real.instRCLike
                                                                                                                    (@NormedAddCommGroup.toSeminormedAddCommGroup.{0}
                                                                                                                      Complex
                                                                                                                      Complex.instNormedAddCommGroup)
                                                                                                                    instInnerProductSpaceRealComplex))
                                                                                                                (@AddGroup.toSubNegMonoid.{0}
                                                                                                                  (@SchwartzMap.{0,
                                                                                                                        0}
                                                                                                                    Real
                                                                                                                    Complex
                                                                                                                    Real.normedAddCommGroup
                                                                                                                    (@InnerProductSpace.toNormedSpace.{0,
                                                                                                                          0}
                                                                                                                      Real
                                                                                                                      Real
                                                                                                                      Real.instRCLike
                                                                                                                      (@NormedAddCommGroup.toSeminormedAddCommGroup.{0}
                                                                                                                        Real
                                                                                                                        Real.normedAddCommGroup)
                                                                                                                      (@RCLike.toInnerProductSpaceReal.{0}
                                                                                                                        Real
                                                                                                                        Real.instRCLike))
                                                                                                                    Complex.instNormedAddCommGroup
                                                                                                                    (@InnerProductSpace.toNormedSpace.{0,
                                                                                                                          0}
                                                                                                                      Real
                                                                                                                      Complex
                                                                                                                      Real.instRCLike
                                                                                                                      (@NormedAddCommGroup.toSeminormedAddCommGroup.{0}
                                                                                                                        Complex
                                                                                                                        Complex.instNormedAddCommGroup)
                                                                                                                      instInnerProductSpaceRealComplex))
                                                                                                                  (@AddCommGroup.toAddGroup.{0}
                                                                                                                    (@SchwartzMap.{0,
                                                                                                                          0}
                                                                                                                      Real
                                                                                                                      Complex
                                                                                                                      Real.normedAddCommGroup
                                                                                                                      (@InnerProductSpace.toNormedSpace.{0,
                                                                                                                            0}
                                                                                                                        Real
                                                                                                                        Real
                                                                                                                        Real.instRCLike
                                                                                                                        (@NormedAddCommGroup.toSeminormedAddCommGroup.{0}
                                                                                                                          Real
                                                                                                                          Real.normedAddCommGroup)
                                                                                                                        (@RCLike.toInnerProductSpaceReal.{0}
                                                                                                                          Real
                                                                                                                          Real.instRCLike))
                                                                                                                      Complex.instNormedAddCommGroup
                                                                                                                      (@InnerProductSpace.toNormedSpace.{0,
                                                                                                                            0}
                                                                                                                        Real
                                                                                                                        Complex
                                                                                                                        Real.instRCLike
                                                                                                                        (@NormedAddCommGroup.toSeminormedAddCommGroup.{0}
                                                                                                                          Complex
                                                                                                                          Complex.instNormedAddCommGroup)
                                                                                                                        instInnerProductSpaceRealComplex))
                                                                                                                    (@SchwartzMap.instAddCommGroup.{0,
                                                                                                                          0}
                                                                                                                      Real
                                                                                                                      Complex
                                                                                                                      Real.normedAddCommGroup
                                                                                                                      (@InnerProductSpace.toNormedSpace.{0,
                                                                                                                            0}
                                                                                                                        Real
                                                                                                                        Real
                                                                                                                        Real.instRCLike
                                                                                                                        (@NormedAddCommGroup.toSeminormedAddCommGroup.{0}
                                                                                                                          Real
                                                                                                                          Real.normedAddCommGroup)
                                                                                                                        ⋯)
                                                                                                                      ⋯
                                                                                                                      ⋯))))
                                                                                                              ⋯))))
                                                                                                      ⋯ ⋯ ⋯ ⋯ ⋯))
                                                                                                  ⋯)
                                                                                                ⋯)))
                                                                                          ⋯))))
                                              ⋯)))))))))
'OAI.SevenEighths.CenteredMomentEnergyPositiveHighSource.actual_positive_source_entry' depends on axioms: [propext,
 Classical.choice.{u},
 Quot.sound.{u}]
