warning: rellich-kondrachov: repository 'E:\codex-build\RH-Zero-Free-Formalization\tmp\upstream-plain\.lake/packages\rellich-kondrachov' has local changes
OAI.SevenEighths.ProbeEuler.unramifiedClosed_open_region_bound_lowKappa : ∀ (Q : Real) (A eta v x w z : Complex)
  (hQ :
    @LE.le.{0} Real Real.instLE
      (@OfNat.ofNat.{0} Real (nat_lit 4)
        (@instOfNatAtLeastTwo.{0} Real (nat_lit 4) Real.instNatCast
          (@Nat.instAtLeastTwoHAddOfNat (@OfNat.ofNat.{0} Nat (nat_lit 3) (instOfNatNat (nat_lit 3)))
            (@Nat.instNeZeroSucc (@OfNat.ofNat.{0} Nat (nat_lit 2) (instOfNatNat (nat_lit 2)))))))
      Q)
  (hA :
    @LE.le.{0} Real Real.instLE (@Norm.norm.{0} Complex Complex.instNorm A)
      (@OfNat.ofNat.{0} Real (nat_lit 1) (@One.toOfNat1.{0} Real Real.instOne)))
  (heta :
    @LE.le.{0} Real Real.instLE (@Norm.norm.{0} Complex Complex.instNorm eta)
      (@OfNat.ofNat.{0} Real (nat_lit 1) (@One.toOfNat1.{0} Real Real.instOne)))
  (hv :
    @LE.le.{0} Real Real.instLE (@Norm.norm.{0} Complex Complex.instNorm v)
      (@OfNat.ofNat.{0} Real (nat_lit 1) (@One.toOfNat1.{0} Real Real.instOne)))
  (hx :
    @LE.le.{0} Real Real.instLE
      (@HDiv.hDiv.{0, 0, 0} Real Real Real (@instHDiv.{0} Real (@DivInvMonoid.toDiv.{0} Real Real.instDivInvMonoid))
        (@OfNat.ofNat.{0} Real (nat_lit 21)
          (@instOfNatAtLeastTwo.{0} Real (nat_lit 21) Real.instNatCast
            (@Nat.instAtLeastTwoHAddOfNat (@OfNat.ofNat.{0} Nat (nat_lit 20) (instOfNatNat (nat_lit 20)))
              (@Nat.instNeZeroSucc (@OfNat.ofNat.{0} Nat (nat_lit 19) (instOfNatNat (nat_lit 19)))))))
        (@OfNat.ofNat.{0} Real (nat_lit 25)
          (@instOfNatAtLeastTwo.{0} Real (nat_lit 25) Real.instNatCast
            (@Nat.instAtLeastTwoHAddOfNat (@OfNat.ofNat.{0} Nat (nat_lit 24) (instOfNatNat (nat_lit 24)))
              (@Nat.instNeZeroSucc (@OfNat.ofNat.{0} Nat (nat_lit 23) (instOfNatNat (nat_lit 23))))))))
      (Complex.re x))
  (hw :
    @LE.le.{0} Real Real.instLE
      (@HDiv.hDiv.{0, 0, 0} Real Real Real (@instHDiv.{0} Real (@DivInvMonoid.toDiv.{0} Real Real.instDivInvMonoid))
        (@OfNat.ofNat.{0} Real (nat_lit 9)
          (@instOfNatAtLeastTwo.{0} Real (nat_lit 9) Real.instNatCast
            (@Nat.instAtLeastTwoHAddOfNat (@OfNat.ofNat.{0} Nat (nat_lit 8) (instOfNatNat (nat_lit 8)))
              (@Nat.instNeZeroSucc (@OfNat.ofNat.{0} Nat (nat_lit 7) (instOfNatNat (nat_lit 7)))))))
        (@OfNat.ofNat.{0} Real (nat_lit 10)
          (@instOfNatAtLeastTwo.{0} Real (nat_lit 10) Real.instNatCast
            (@Nat.instAtLeastTwoHAddOfNat (@OfNat.ofNat.{0} Nat (nat_lit 9) (instOfNatNat (nat_lit 9)))
              (@Nat.instNeZeroSucc (@OfNat.ofNat.{0} Nat (nat_lit 8) (instOfNatNat (nat_lit 8))))))))
      (Complex.re w))
  (hz :
    @LE.le.{0} Real Real.instLE
      (@HDiv.hDiv.{0, 0, 0} Real Real Real (@instHDiv.{0} Real (@DivInvMonoid.toDiv.{0} Real Real.instDivInvMonoid))
        (@OfNat.ofNat.{0} Real (nat_lit 4)
          (@instOfNatAtLeastTwo.{0} Real (nat_lit 4) Real.instNatCast
            (@Nat.instAtLeastTwoHAddOfNat (@OfNat.ofNat.{0} Nat (nat_lit 3) (instOfNatNat (nat_lit 3)))
              (@Nat.instNeZeroSucc (@OfNat.ofNat.{0} Nat (nat_lit 2) (instOfNatNat (nat_lit 2)))))))
        (@OfNat.ofNat.{0} Real (nat_lit 25)
          (@instOfNatAtLeastTwo.{0} Real (nat_lit 25) Real.instNatCast
            (@Nat.instAtLeastTwoHAddOfNat (@OfNat.ofNat.{0} Nat (nat_lit 24) (instOfNatNat (nat_lit 24)))
              (@Nat.instNeZeroSucc (@OfNat.ofNat.{0} Nat (nat_lit 23) (instOfNatNat (nat_lit 23))))))))
      (Complex.re z)),
  @LE.le.{0} Real Real.instLE
    (@Norm.norm.{0} Complex Complex.instNorm
      (@HSub.hSub.{0, 0, 0} Complex Complex Complex (@instHSub.{0} Complex Complex.instSub)
        (OAI.SevenEighths.ProbeEuler.unramifiedClosed Q A eta v x w z)
        (@OfNat.ofNat.{0} Complex (nat_lit 1) (@One.toOfNat1.{0} Complex Complex.instOne))))
    (@HMul.hMul.{0, 0, 0} Real Real Real (@instHMul.{0} Real Real.instMul)
      (@OfNat.ofNat.{0} Real (nat_lit 240)
        (@instOfNatAtLeastTwo.{0} Real (nat_lit 240) Real.instNatCast
          (@Nat.instAtLeastTwoHAddOfNat (@OfNat.ofNat.{0} Nat (nat_lit 239) (instOfNatNat (nat_lit 239)))
            (@Nat.instNeZeroSucc (@OfNat.ofNat.{0} Nat (nat_lit 238) (instOfNatNat (nat_lit 238)))))))
      (@HPow.hPow.{0, 0, 0} Real Real Real (@instHPow.{0, 0} Real Real Real.instPow) Q
        (@Neg.neg.{0} Real Real.instNeg
          (@HDiv.hDiv.{0, 0, 0} Real Real Real (@instHDiv.{0} Real (@DivInvMonoid.toDiv.{0} Real Real.instDivInvMonoid))
            (@OfNat.ofNat.{0} Real (nat_lit 17)
              (@instOfNatAtLeastTwo.{0} Real (nat_lit 17) Real.instNatCast
                (@Nat.instAtLeastTwoHAddOfNat (@OfNat.ofNat.{0} Nat (nat_lit 16) (instOfNatNat (nat_lit 16)))
                  (@Nat.instNeZeroSucc (@OfNat.ofNat.{0} Nat (nat_lit 15) (instOfNatNat (nat_lit 15)))))))
            (@OfNat.ofNat.{0} Real (nat_lit 10)
              (@instOfNatAtLeastTwo.{0} Real (nat_lit 10) Real.instNatCast
                (@Nat.instAtLeastTwoHAddOfNat (@OfNat.ofNat.{0} Nat (nat_lit 9) (instOfNatNat (nat_lit 9)))
                  (@Nat.instNeZeroSucc (@OfNat.ofNat.{0} Nat (nat_lit 8) (instOfNatNat (nat_lit 8)))))))))))
'OAI.SevenEighths.ProbeEuler.unramifiedClosed_open_region_bound_lowKappa' depends on axioms: [propext,
 Classical.choice,
 Quot.sound]
OAI.SevenEighths.ProbeEuler.open_region_denominators_lowKappa : ∀ (Q : Real) (A eta v x z : Complex)
  (hQ :
    @LE.le.{0} Real Real.instLE
      (@OfNat.ofNat.{0} Real (nat_lit 4)
        (@instOfNatAtLeastTwo.{0} Real (nat_lit 4) Real.instNatCast
          (@Nat.instAtLeastTwoHAddOfNat (@OfNat.ofNat.{0} Nat (nat_lit 3) (instOfNatNat (nat_lit 3)))
            (@Nat.instNeZeroSucc (@OfNat.ofNat.{0} Nat (nat_lit 2) (instOfNatNat (nat_lit 2)))))))
      Q)
  (hA :
    @LE.le.{0} Real Real.instLE (@Norm.norm.{0} Complex Complex.instNorm A)
      (@OfNat.ofNat.{0} Real (nat_lit 1) (@One.toOfNat1.{0} Real Real.instOne)))
  (he :
    @LE.le.{0} Real Real.instLE (@Norm.norm.{0} Complex Complex.instNorm eta)
      (@OfNat.ofNat.{0} Real (nat_lit 1) (@One.toOfNat1.{0} Real Real.instOne)))
  (hv :
    @LE.le.{0} Real Real.instLE (@Norm.norm.{0} Complex Complex.instNorm v)
      (@OfNat.ofNat.{0} Real (nat_lit 1) (@One.toOfNat1.{0} Real Real.instOne)))
  (hx :
    @LE.le.{0} Real Real.instLE
      (@HDiv.hDiv.{0, 0, 0} Real Real Real (@instHDiv.{0} Real (@DivInvMonoid.toDiv.{0} Real Real.instDivInvMonoid))
        (@OfNat.ofNat.{0} Real (nat_lit 21)
          (@instOfNatAtLeastTwo.{0} Real (nat_lit 21) Real.instNatCast
            (@Nat.instAtLeastTwoHAddOfNat (@OfNat.ofNat.{0} Nat (nat_lit 20) (instOfNatNat (nat_lit 20)))
              (@Nat.instNeZeroSucc (@OfNat.ofNat.{0} Nat (nat_lit 19) (instOfNatNat (nat_lit 19)))))))
        (@OfNat.ofNat.{0} Real (nat_lit 25)
          (@instOfNatAtLeastTwo.{0} Real (nat_lit 25) Real.instNatCast
            (@Nat.instAtLeastTwoHAddOfNat (@OfNat.ofNat.{0} Nat (nat_lit 24) (instOfNatNat (nat_lit 24)))
              (@Nat.instNeZeroSucc (@OfNat.ofNat.{0} Nat (nat_lit 23) (instOfNatNat (nat_lit 23))))))))
      (Complex.re x))
  (hz :
    @LE.le.{0} Real Real.instLE
      (@HDiv.hDiv.{0, 0, 0} Real Real Real (@instHDiv.{0} Real (@DivInvMonoid.toDiv.{0} Real Real.instDivInvMonoid))
        (@OfNat.ofNat.{0} Real (nat_lit 4)
          (@instOfNatAtLeastTwo.{0} Real (nat_lit 4) Real.instNatCast
            (@Nat.instAtLeastTwoHAddOfNat (@OfNat.ofNat.{0} Nat (nat_lit 3) (instOfNatNat (nat_lit 3)))
              (@Nat.instNeZeroSucc (@OfNat.ofNat.{0} Nat (nat_lit 2) (instOfNatNat (nat_lit 2)))))))
        (@OfNat.ofNat.{0} Real (nat_lit 25)
          (@instOfNatAtLeastTwo.{0} Real (nat_lit 25) Real.instNatCast
            (@Nat.instAtLeastTwoHAddOfNat (@OfNat.ofNat.{0} Nat (nat_lit 24) (instOfNatNat (nat_lit 24)))
              (@Nat.instNeZeroSucc (@OfNat.ofNat.{0} Nat (nat_lit 23) (instOfNatNat (nat_lit 23))))))))
      (Complex.re z)),
  And
    (@Ne.{1} Complex
      (@HSub.hSub.{0, 0, 0} Complex Complex Complex (@instHSub.{0} Complex Complex.instSub)
        (@OfNat.ofNat.{0} Complex (nat_lit 1) (@One.toOfNat1.{0} Complex Complex.instOne))
        (OAI.SevenEighths.ProbeEuler.coordR Q A x z))
      (@OfNat.ofNat.{0} Complex (nat_lit 0) (@Zero.toOfNat0.{0} Complex Complex.instZero)))
    (And
      (@Ne.{1} Complex
        (@HSub.hSub.{0, 0, 0} Complex Complex Complex (@instHSub.{0} Complex Complex.instSub)
          (@OfNat.ofNat.{0} Complex (nat_lit 1) (@One.toOfNat1.{0} Complex Complex.instOne))
          (OAI.SevenEighths.ProbeEuler.coordV Q z))
        (@OfNat.ofNat.{0} Complex (nat_lit 0) (@Zero.toOfNat0.{0} Complex Complex.instZero)))
      (@Ne.{1} Complex
        (@HSub.hSub.{0, 0, 0} Complex Complex Complex (@instHSub.{0} Complex Complex.instSub)
          (@OfNat.ofNat.{0} Complex (nat_lit 1) (@One.toOfNat1.{0} Complex Complex.instOne))
          (OAI.SevenEighths.ProbeEuler.coordD Q eta v x))
        (@OfNat.ofNat.{0} Complex (nat_lit 0) (@Zero.toOfNat0.{0} Complex Complex.instZero))))
'OAI.SevenEighths.ProbeEuler.open_region_denominators_lowKappa' depends on axioms: [propext,
 Classical.choice,
 Quot.sound]
OAI.SevenEighths.ProbeEuler.unramifiedClosed_analytic_x_lowKappa : ∀ (Q : Real) (A eta v w z : Complex)
  (hQ :
    @LE.le.{0} Real Real.instLE
      (@OfNat.ofNat.{0} Real (nat_lit 4)
        (@instOfNatAtLeastTwo.{0} Real (nat_lit 4) Real.instNatCast
          (@Nat.instAtLeastTwoHAddOfNat (@OfNat.ofNat.{0} Nat (nat_lit 3) (instOfNatNat (nat_lit 3)))
            (@Nat.instNeZeroSucc (@OfNat.ofNat.{0} Nat (nat_lit 2) (instOfNatNat (nat_lit 2)))))))
      Q)
  (hA :
    @LE.le.{0} Real Real.instLE (@Norm.norm.{0} Complex Complex.instNorm A)
      (@OfNat.ofNat.{0} Real (nat_lit 1) (@One.toOfNat1.{0} Real Real.instOne)))
  (he :
    @LE.le.{0} Real Real.instLE (@Norm.norm.{0} Complex Complex.instNorm eta)
      (@OfNat.ofNat.{0} Real (nat_lit 1) (@One.toOfNat1.{0} Real Real.instOne)))
  (hv :
    @LE.le.{0} Real Real.instLE (@Norm.norm.{0} Complex Complex.instNorm v)
      (@OfNat.ofNat.{0} Real (nat_lit 1) (@One.toOfNat1.{0} Real Real.instOne)))
  (hz :
    @LE.le.{0} Real Real.instLE
      (@HDiv.hDiv.{0, 0, 0} Real Real Real (@instHDiv.{0} Real (@DivInvMonoid.toDiv.{0} Real Real.instDivInvMonoid))
        (@OfNat.ofNat.{0} Real (nat_lit 4)
          (@instOfNatAtLeastTwo.{0} Real (nat_lit 4) Real.instNatCast
            (@Nat.instAtLeastTwoHAddOfNat (@OfNat.ofNat.{0} Nat (nat_lit 3) (instOfNatNat (nat_lit 3)))
              (@Nat.instNeZeroSucc (@OfNat.ofNat.{0} Nat (nat_lit 2) (instOfNatNat (nat_lit 2)))))))
        (@OfNat.ofNat.{0} Real (nat_lit 25)
          (@instOfNatAtLeastTwo.{0} Real (nat_lit 25) Real.instNatCast
            (@Nat.instAtLeastTwoHAddOfNat (@OfNat.ofNat.{0} Nat (nat_lit 24) (instOfNatNat (nat_lit 24)))
              (@Nat.instNeZeroSucc (@OfNat.ofNat.{0} Nat (nat_lit 23) (instOfNatNat (nat_lit 23))))))))
      (Complex.re z)),
  @AnalyticOnNhd.{0, 0, 0} Complex Complex Complex
    (@DenselyNormedField.toNontriviallyNormedField.{0} Complex Complex.instDenselyNormedField)
    Complex.instNormedAddCommGroup
    (@NonUnitalCStarAlgebra.toNormedSpace.{0} Complex
      (@NonUnitalCommCStarAlgebra.toNonUnitalCStarAlgebra.{0} Complex
        (@CommCStarAlgebra.toNonUnitalCommCStarAlgebra.{0} Complex instCommCStarAlgebraComplex)))
    Complex.instNormedAddCommGroup
    (@NonUnitalCStarAlgebra.toNormedSpace.{0} Complex
      (@NonUnitalCommCStarAlgebra.toNonUnitalCStarAlgebra.{0} Complex
        (@CommCStarAlgebra.toNonUnitalCommCStarAlgebra.{0} Complex instCommCStarAlgebraComplex)))
    (fun (x : Complex) => OAI.SevenEighths.ProbeEuler.unramifiedClosed Q A eta v x w z)
    (@Set.ofPred.{0} Complex fun (x : Complex) =>
      @LT.lt.{0} Real Real.instLT
        (@HDiv.hDiv.{0, 0, 0} Real Real Real (@instHDiv.{0} Real (@DivInvMonoid.toDiv.{0} Real Real.instDivInvMonoid))
          (@OfNat.ofNat.{0} Real (nat_lit 21)
            (@instOfNatAtLeastTwo.{0} Real (nat_lit 21) Real.instNatCast
              (@Nat.instAtLeastTwoHAddOfNat (@OfNat.ofNat.{0} Nat (nat_lit 20) (instOfNatNat (nat_lit 20)))
                (@Nat.instNeZeroSucc (@OfNat.ofNat.{0} Nat (nat_lit 19) (instOfNatNat (nat_lit 19)))))))
          (@OfNat.ofNat.{0} Real (nat_lit 25)
            (@instOfNatAtLeastTwo.{0} Real (nat_lit 25) Real.instNatCast
              (@Nat.instAtLeastTwoHAddOfNat (@OfNat.ofNat.{0} Nat (nat_lit 24) (instOfNatNat (nat_lit 24)))
                (@Nat.instNeZeroSucc (@OfNat.ofNat.{0} Nat (nat_lit 23) (instOfNatNat (nat_lit 23))))))))
        (Complex.re x))
'OAI.SevenEighths.ProbeEuler.unramifiedClosed_analytic_x_lowKappa' depends on axioms: [propext,
 Classical.choice,
 Quot.sound]
OAI.SevenEighths.ProbeEuler.unramifiedClosed_analytic_w_lowKappa : ∀ (Q : Real) (A eta v x z : Complex)
  (hQ :
    @LE.le.{0} Real Real.instLE
      (@OfNat.ofNat.{0} Real (nat_lit 4)
        (@instOfNatAtLeastTwo.{0} Real (nat_lit 4) Real.instNatCast
          (@Nat.instAtLeastTwoHAddOfNat (@OfNat.ofNat.{0} Nat (nat_lit 3) (instOfNatNat (nat_lit 3)))
            (@Nat.instNeZeroSucc (@OfNat.ofNat.{0} Nat (nat_lit 2) (instOfNatNat (nat_lit 2)))))))
      Q)
  (hA :
    @LE.le.{0} Real Real.instLE (@Norm.norm.{0} Complex Complex.instNorm A)
      (@OfNat.ofNat.{0} Real (nat_lit 1) (@One.toOfNat1.{0} Real Real.instOne)))
  (he :
    @LE.le.{0} Real Real.instLE (@Norm.norm.{0} Complex Complex.instNorm eta)
      (@OfNat.ofNat.{0} Real (nat_lit 1) (@One.toOfNat1.{0} Real Real.instOne)))
  (hv :
    @LE.le.{0} Real Real.instLE (@Norm.norm.{0} Complex Complex.instNorm v)
      (@OfNat.ofNat.{0} Real (nat_lit 1) (@One.toOfNat1.{0} Real Real.instOne)))
  (hx :
    @LE.le.{0} Real Real.instLE
      (@HDiv.hDiv.{0, 0, 0} Real Real Real (@instHDiv.{0} Real (@DivInvMonoid.toDiv.{0} Real Real.instDivInvMonoid))
        (@OfNat.ofNat.{0} Real (nat_lit 21)
          (@instOfNatAtLeastTwo.{0} Real (nat_lit 21) Real.instNatCast
            (@Nat.instAtLeastTwoHAddOfNat (@OfNat.ofNat.{0} Nat (nat_lit 20) (instOfNatNat (nat_lit 20)))
              (@Nat.instNeZeroSucc (@OfNat.ofNat.{0} Nat (nat_lit 19) (instOfNatNat (nat_lit 19)))))))
        (@OfNat.ofNat.{0} Real (nat_lit 25)
          (@instOfNatAtLeastTwo.{0} Real (nat_lit 25) Real.instNatCast
            (@Nat.instAtLeastTwoHAddOfNat (@OfNat.ofNat.{0} Nat (nat_lit 24) (instOfNatNat (nat_lit 24)))
              (@Nat.instNeZeroSucc (@OfNat.ofNat.{0} Nat (nat_lit 23) (instOfNatNat (nat_lit 23))))))))
      (Complex.re x))
  (hz :
    @LE.le.{0} Real Real.instLE
      (@HDiv.hDiv.{0, 0, 0} Real Real Real (@instHDiv.{0} Real (@DivInvMonoid.toDiv.{0} Real Real.instDivInvMonoid))
        (@OfNat.ofNat.{0} Real (nat_lit 4)
          (@instOfNatAtLeastTwo.{0} Real (nat_lit 4) Real.instNatCast
            (@Nat.instAtLeastTwoHAddOfNat (@OfNat.ofNat.{0} Nat (nat_lit 3) (instOfNatNat (nat_lit 3)))
              (@Nat.instNeZeroSucc (@OfNat.ofNat.{0} Nat (nat_lit 2) (instOfNatNat (nat_lit 2)))))))
        (@OfNat.ofNat.{0} Real (nat_lit 25)
          (@instOfNatAtLeastTwo.{0} Real (nat_lit 25) Real.instNatCast
            (@Nat.instAtLeastTwoHAddOfNat (@OfNat.ofNat.{0} Nat (nat_lit 24) (instOfNatNat (nat_lit 24)))
              (@Nat.instNeZeroSucc (@OfNat.ofNat.{0} Nat (nat_lit 23) (instOfNatNat (nat_lit 23))))))))
      (Complex.re z)),
  @AnalyticOnNhd.{0, 0, 0} Complex Complex Complex
    (@DenselyNormedField.toNontriviallyNormedField.{0} Complex Complex.instDenselyNormedField)
    Complex.instNormedAddCommGroup
    (@NonUnitalCStarAlgebra.toNormedSpace.{0} Complex
      (@NonUnitalCommCStarAlgebra.toNonUnitalCStarAlgebra.{0} Complex
        (@CommCStarAlgebra.toNonUnitalCommCStarAlgebra.{0} Complex instCommCStarAlgebraComplex)))
    Complex.instNormedAddCommGroup
    (@NonUnitalCStarAlgebra.toNormedSpace.{0} Complex
      (@NonUnitalCommCStarAlgebra.toNonUnitalCStarAlgebra.{0} Complex
        (@CommCStarAlgebra.toNonUnitalCommCStarAlgebra.{0} Complex instCommCStarAlgebraComplex)))
    (fun (w : Complex) => OAI.SevenEighths.ProbeEuler.unramifiedClosed Q A eta v x w z)
    (@Set.ofPred.{0} Complex fun (w : Complex) =>
      @LT.lt.{0} Real Real.instLT
        (@HDiv.hDiv.{0, 0, 0} Real Real Real (@instHDiv.{0} Real (@DivInvMonoid.toDiv.{0} Real Real.instDivInvMonoid))
          (@OfNat.ofNat.{0} Real (nat_lit 9)
            (@instOfNatAtLeastTwo.{0} Real (nat_lit 9) Real.instNatCast
              (@Nat.instAtLeastTwoHAddOfNat (@OfNat.ofNat.{0} Nat (nat_lit 8) (instOfNatNat (nat_lit 8)))
                (@Nat.instNeZeroSucc (@OfNat.ofNat.{0} Nat (nat_lit 7) (instOfNatNat (nat_lit 7)))))))
          (@OfNat.ofNat.{0} Real (nat_lit 10)
            (@instOfNatAtLeastTwo.{0} Real (nat_lit 10) Real.instNatCast
              (@Nat.instAtLeastTwoHAddOfNat (@OfNat.ofNat.{0} Nat (nat_lit 9) (instOfNatNat (nat_lit 9)))
                (@Nat.instNeZeroSucc (@OfNat.ofNat.{0} Nat (nat_lit 8) (instOfNatNat (nat_lit 8))))))))
        (Complex.re w))
'OAI.SevenEighths.ProbeEuler.unramifiedClosed_analytic_w_lowKappa' depends on axioms: [propext,
 Classical.choice,
 Quot.sound]
OAI.SevenEighths.ProbeEuler.unramifiedClosed_analytic_z_lowKappa : ∀ (Q : Real) (A eta v x w : Complex)
  (hQ :
    @LE.le.{0} Real Real.instLE
      (@OfNat.ofNat.{0} Real (nat_lit 4)
        (@instOfNatAtLeastTwo.{0} Real (nat_lit 4) Real.instNatCast
          (@Nat.instAtLeastTwoHAddOfNat (@OfNat.ofNat.{0} Nat (nat_lit 3) (instOfNatNat (nat_lit 3)))
            (@Nat.instNeZeroSucc (@OfNat.ofNat.{0} Nat (nat_lit 2) (instOfNatNat (nat_lit 2)))))))
      Q)
  (hA :
    @LE.le.{0} Real Real.instLE (@Norm.norm.{0} Complex Complex.instNorm A)
      (@OfNat.ofNat.{0} Real (nat_lit 1) (@One.toOfNat1.{0} Real Real.instOne)))
  (he :
    @LE.le.{0} Real Real.instLE (@Norm.norm.{0} Complex Complex.instNorm eta)
      (@OfNat.ofNat.{0} Real (nat_lit 1) (@One.toOfNat1.{0} Real Real.instOne)))
  (hv :
    @LE.le.{0} Real Real.instLE (@Norm.norm.{0} Complex Complex.instNorm v)
      (@OfNat.ofNat.{0} Real (nat_lit 1) (@One.toOfNat1.{0} Real Real.instOne)))
  (hx :
    @LE.le.{0} Real Real.instLE
      (@HDiv.hDiv.{0, 0, 0} Real Real Real (@instHDiv.{0} Real (@DivInvMonoid.toDiv.{0} Real Real.instDivInvMonoid))
        (@OfNat.ofNat.{0} Real (nat_lit 21)
          (@instOfNatAtLeastTwo.{0} Real (nat_lit 21) Real.instNatCast
            (@Nat.instAtLeastTwoHAddOfNat (@OfNat.ofNat.{0} Nat (nat_lit 20) (instOfNatNat (nat_lit 20)))
              (@Nat.instNeZeroSucc (@OfNat.ofNat.{0} Nat (nat_lit 19) (instOfNatNat (nat_lit 19)))))))
        (@OfNat.ofNat.{0} Real (nat_lit 25)
          (@instOfNatAtLeastTwo.{0} Real (nat_lit 25) Real.instNatCast
            (@Nat.instAtLeastTwoHAddOfNat (@OfNat.ofNat.{0} Nat (nat_lit 24) (instOfNatNat (nat_lit 24)))
              (@Nat.instNeZeroSucc (@OfNat.ofNat.{0} Nat (nat_lit 23) (instOfNatNat (nat_lit 23))))))))
      (Complex.re x)),
  @AnalyticOnNhd.{0, 0, 0} Complex Complex Complex
    (@DenselyNormedField.toNontriviallyNormedField.{0} Complex Complex.instDenselyNormedField)
    Complex.instNormedAddCommGroup
    (@NonUnitalCStarAlgebra.toNormedSpace.{0} Complex
      (@NonUnitalCommCStarAlgebra.toNonUnitalCStarAlgebra.{0} Complex
        (@CommCStarAlgebra.toNonUnitalCommCStarAlgebra.{0} Complex instCommCStarAlgebraComplex)))
    Complex.instNormedAddCommGroup
    (@NonUnitalCStarAlgebra.toNormedSpace.{0} Complex
      (@NonUnitalCommCStarAlgebra.toNonUnitalCStarAlgebra.{0} Complex
        (@CommCStarAlgebra.toNonUnitalCommCStarAlgebra.{0} Complex instCommCStarAlgebraComplex)))
    (fun (z : Complex) => OAI.SevenEighths.ProbeEuler.unramifiedClosed Q A eta v x w z)
    (@Set.ofPred.{0} Complex fun (z : Complex) =>
      @LT.lt.{0} Real Real.instLT
        (@HDiv.hDiv.{0, 0, 0} Real Real Real (@instHDiv.{0} Real (@DivInvMonoid.toDiv.{0} Real Real.instDivInvMonoid))
          (@OfNat.ofNat.{0} Real (nat_lit 4)
            (@instOfNatAtLeastTwo.{0} Real (nat_lit 4) Real.instNatCast
              (@Nat.instAtLeastTwoHAddOfNat (@OfNat.ofNat.{0} Nat (nat_lit 3) (instOfNatNat (nat_lit 3)))
                (@Nat.instNeZeroSucc (@OfNat.ofNat.{0} Nat (nat_lit 2) (instOfNatNat (nat_lit 2)))))))
          (@OfNat.ofNat.{0} Real (nat_lit 25)
            (@instOfNatAtLeastTwo.{0} Real (nat_lit 25) Real.instNatCast
              (@Nat.instAtLeastTwoHAddOfNat (@OfNat.ofNat.{0} Nat (nat_lit 24) (instOfNatNat (nat_lit 24)))
                (@Nat.instNeZeroSucc (@OfNat.ofNat.{0} Nat (nat_lit 23) (instOfNatNat (nat_lit 23))))))))
        (Complex.re z))
'OAI.SevenEighths.ProbeEuler.unramifiedClosed_analytic_z_lowKappa' depends on axioms: [propext,
 Classical.choice,
 Quot.sound]
OAI.SevenEighths.ProbePhysical.idealClosedCorrection_bound_lowKappa : ∀ (η : OAI.SevenEighths.HeckeFamily.Character)
  (P : OAI.SevenEighths.ProbePhysical.PrimeIdeal)
  (hP :
    @LE.le.{0} Nat instLENat (@OfNat.ofNat.{0} Nat (nat_lit 4) (instOfNatNat (nat_lit 4)))
      (@DFunLike.coe.{1, 1, 1}
        (@MonoidWithZeroHom.{0, 0}
          (@Ideal.{0} OAI.ActualEisensteinCubic.O
            (@CommSemiring.toSemiring.{0} OAI.ActualEisensteinCubic.O
              (@CommRing.toCommSemiring.{0} OAI.ActualEisensteinCubic.O
                (@NumberField.instCommRingRingOfIntegers.{0} OAI.ActualEisensteinCubic.K
                  (@CyclotomicField.instField.{0} (@OfNat.ofNat.{0} Nat (nat_lit 3) (instOfNatNat (nat_lit 3))) Rat
                    Rat.instField)))))
          Nat
          (@instMulZeroOneClassOfSemiring.{0}
            (@Ideal.{0} OAI.ActualEisensteinCubic.O
              (@CommSemiring.toSemiring.{0} OAI.ActualEisensteinCubic.O
                (@CommRing.toCommSemiring.{0} OAI.ActualEisensteinCubic.O
                  (@NumberField.instCommRingRingOfIntegers.{0} OAI.ActualEisensteinCubic.K
                    (@CyclotomicField.instField.{0} (@OfNat.ofNat.{0} Nat (nat_lit 3) (instOfNatNat (nat_lit 3))) Rat
                      Rat.instField)))))
            (@IdemSemiring.toSemiring.{0}
              (@Ideal.{0} OAI.ActualEisensteinCubic.O
                (@CommSemiring.toSemiring.{0} OAI.ActualEisensteinCubic.O
                  (@CommRing.toCommSemiring.{0} OAI.ActualEisensteinCubic.O
                    (@NumberField.instCommRingRingOfIntegers.{0} OAI.ActualEisensteinCubic.K
                      (@CyclotomicField.instField.{0} (@OfNat.ofNat.{0} Nat (nat_lit 3) (instOfNatNat (nat_lit 3))) Rat
                        Rat.instField)))))
              (@Submodule.idemSemiring.{0, 0} OAI.ActualEisensteinCubic.O
                (@CommRing.toCommSemiring.{0} OAI.ActualEisensteinCubic.O
                  (@NumberField.instCommRingRingOfIntegers.{0} OAI.ActualEisensteinCubic.K
                    (@CyclotomicField.instField.{0} (@OfNat.ofNat.{0} Nat (nat_lit 3) (instOfNatNat (nat_lit 3))) Rat
                      Rat.instField)))
                OAI.ActualEisensteinCubic.O
                (@CommSemiring.toSemiring.{0} OAI.ActualEisensteinCubic.O
                  (@CommRing.toCommSemiring.{0} OAI.ActualEisensteinCubic.O
                    (@NumberField.instCommRingRingOfIntegers.{0} OAI.ActualEisensteinCubic.K
                      (@CyclotomicField.instField.{0} (@OfNat.ofNat.{0} Nat (nat_lit 3) (instOfNatNat (nat_lit 3))) Rat
                        Rat.instField))))
                (@Algebra.id.{0} OAI.ActualEisensteinCubic.O
                  (@CommRing.toCommSemiring.{0} OAI.ActualEisensteinCubic.O
                    (@NumberField.instCommRingRingOfIntegers.{0} OAI.ActualEisensteinCubic.K
                      (@CyclotomicField.instField.{0} (@OfNat.ofNat.{0} Nat (nat_lit 3) (instOfNatNat (nat_lit 3))) Rat
                        Rat.instField)))))))
          Nat.instMulZeroOneClass)
        (@Ideal.{0} OAI.ActualEisensteinCubic.O
          (@CommSemiring.toSemiring.{0} OAI.ActualEisensteinCubic.O
            (@CommRing.toCommSemiring.{0} OAI.ActualEisensteinCubic.O
              (@NumberField.instCommRingRingOfIntegers.{0} OAI.ActualEisensteinCubic.K
                (@CyclotomicField.instField.{0} (@OfNat.ofNat.{0} Nat (nat_lit 3) (instOfNatNat (nat_lit 3))) Rat
                  Rat.instField)))))
        (fun
            (x :
              @Ideal.{0} OAI.ActualEisensteinCubic.O
                (@CommSemiring.toSemiring.{0} OAI.ActualEisensteinCubic.O
                  (@CommRing.toCommSemiring.{0} OAI.ActualEisensteinCubic.O
                    (@NumberField.instCommRingRingOfIntegers.{0} OAI.ActualEisensteinCubic.K
                      (@CyclotomicField.instField.{0} (@OfNat.ofNat.{0} Nat (nat_lit 3) (instOfNatNat (nat_lit 3))) Rat
                        Rat.instField))))) =>
          Nat)
        (@MonoidWithZeroHom.funLike.{0, 0}
          (@Ideal.{0} OAI.ActualEisensteinCubic.O
            (@CommSemiring.toSemiring.{0} OAI.ActualEisensteinCubic.O
              (@CommRing.toCommSemiring.{0} OAI.ActualEisensteinCubic.O
                (@NumberField.instCommRingRingOfIntegers.{0} OAI.ActualEisensteinCubic.K
                  (@CyclotomicField.instField.{0} (@OfNat.ofNat.{0} Nat (nat_lit 3) (instOfNatNat (nat_lit 3))) Rat
                    Rat.instField)))))
          Nat
          (@instMulZeroOneClassOfSemiring.{0}
            (@Ideal.{0} OAI.ActualEisensteinCubic.O
              (@CommSemiring.toSemiring.{0} OAI.ActualEisensteinCubic.O
                (@CommRing.toCommSemiring.{0} OAI.ActualEisensteinCubic.O
                  (@NumberField.instCommRingRingOfIntegers.{0} OAI.ActualEisensteinCubic.K
                    (@CyclotomicField.instField.{0} (@OfNat.ofNat.{0} Nat (nat_lit 3) (instOfNatNat (nat_lit 3))) Rat
                      Rat.instField)))))
            (@IdemSemiring.toSemiring.{0}
              (@Ideal.{0} OAI.ActualEisensteinCubic.O
                (@CommSemiring.toSemiring.{0} OAI.ActualEisensteinCubic.O
                  (@CommRing.toCommSemiring.{0} OAI.ActualEisensteinCubic.O
                    (@NumberField.instCommRingRingOfIntegers.{0} OAI.ActualEisensteinCubic.K
                      (@CyclotomicField.instField.{0} (@OfNat.ofNat.{0} Nat (nat_lit 3) (instOfNatNat (nat_lit 3))) Rat
                        Rat.instField)))))
              (@Submodule.idemSemiring.{0, 0} OAI.ActualEisensteinCubic.O
                (@CommRing.toCommSemiring.{0} OAI.ActualEisensteinCubic.O
                  (@NumberField.instCommRingRingOfIntegers.{0} OAI.ActualEisensteinCubic.K
                    (@CyclotomicField.instField.{0} (@OfNat.ofNat.{0} Nat (nat_lit 3) (instOfNatNat (nat_lit 3))) Rat
                      Rat.instField)))
                OAI.ActualEisensteinCubic.O
                (@CommSemiring.toSemiring.{0} OAI.ActualEisensteinCubic.O
                  (@CommRing.toCommSemiring.{0} OAI.ActualEisensteinCubic.O
                    (@NumberField.instCommRingRingOfIntegers.{0} OAI.ActualEisensteinCubic.K
                      (@CyclotomicField.instField.{0} (@OfNat.ofNat.{0} Nat (nat_lit 3) (instOfNatNat (nat_lit 3))) Rat
                        Rat.instField))))
                (@Algebra.id.{0} OAI.ActualEisensteinCubic.O
                  (@CommRing.toCommSemiring.{0} OAI.ActualEisensteinCubic.O
                    (@NumberField.instCommRingRingOfIntegers.{0} OAI.ActualEisensteinCubic.K
                      (@CyclotomicField.instField.{0} (@OfNat.ofNat.{0} Nat (nat_lit 3) (instOfNatNat (nat_lit 3))) Rat
                        Rat.instField)))))))
          Nat.instMulZeroOneClass)
        (@Ideal.absNorm.{0} OAI.ActualEisensteinCubic.O
          (@NumberField.instCommRingRingOfIntegers.{0} OAI.ActualEisensteinCubic.K
            (@CyclotomicField.instField.{0} (@OfNat.ofNat.{0} Nat (nat_lit 3) (instOfNatNat (nat_lit 3))) Rat
              Rat.instField))
          (@NumberField.RingOfIntegers.instIsDedekindDomain.{0} OAI.ActualEisensteinCubic.K
            (@CyclotomicField.instField.{0} (@OfNat.ofNat.{0} Nat (nat_lit 3) (instOfNatNat (nat_lit 3))) Rat
              Rat.instField)
            (@CyclotomicField.instNumberField.{0} (@OfNat.ofNat.{0} Nat (nat_lit 3) (instOfNatNat (nat_lit 3))) Rat
              Rat.instField Rat.numberField))
          (@CharZero.infinite.{0} OAI.ActualEisensteinCubic.O
            (@AddGroupWithOne.toAddMonoidWithOne.{0} OAI.ActualEisensteinCubic.O
              (@Ring.toAddGroupWithOne.{0} OAI.ActualEisensteinCubic.O
                (@CommRing.toRing.{0} OAI.ActualEisensteinCubic.O
                  (@NumberField.instCommRingRingOfIntegers.{0} OAI.ActualEisensteinCubic.K
                    (@CyclotomicField.instField.{0} (@OfNat.ofNat.{0} Nat (nat_lit 3) (instOfNatNat (nat_lit 3))) Rat
                      Rat.instField)))))
            (@NumberField.RingOfIntegers.instCharZero_1.{0} OAI.ActualEisensteinCubic.K
              (@CyclotomicField.instField.{0} (@OfNat.ofNat.{0} Nat (nat_lit 3) (instOfNatNat (nat_lit 3))) Rat
                Rat.instField)
              (@CyclotomicField.instCharZero.{0} (@OfNat.ofNat.{0} Nat (nat_lit 3) (instOfNatNat (nat_lit 3))) Rat
                Rat.instField Rat.instCharZero))))
        (@Subtype.val.{1}
          (@Ideal.{0} OAI.ActualEisensteinCubic.O
            (@CommSemiring.toSemiring.{0} OAI.ActualEisensteinCubic.O
              (@CommRing.toCommSemiring.{0} OAI.ActualEisensteinCubic.O
                (@NumberField.instCommRingRingOfIntegers.{0} OAI.ActualEisensteinCubic.K
                  (@CyclotomicField.instField.{0} (@OfNat.ofNat.{0} Nat (nat_lit 3) (instOfNatNat (nat_lit 3))) Rat
                    Rat.instField)))))
          (fun
              (P :
                @Ideal.{0} OAI.ActualEisensteinCubic.O
                  (@CommSemiring.toSemiring.{0} OAI.ActualEisensteinCubic.O
                    (@CommRing.toCommSemiring.{0} OAI.ActualEisensteinCubic.O
                      (@NumberField.instCommRingRingOfIntegers.{0} OAI.ActualEisensteinCubic.K
                        (@CyclotomicField.instField.{0} (@OfNat.ofNat.{0} Nat (nat_lit 3) (instOfNatNat (nat_lit 3)))
                          Rat Rat.instField))))) =>
            @Prime.{0}
              (@Ideal.{0} OAI.ActualEisensteinCubic.O
                (@CommSemiring.toSemiring.{0} OAI.ActualEisensteinCubic.O
                  (@CommRing.toCommSemiring.{0} OAI.ActualEisensteinCubic.O
                    (@NumberField.instCommRingRingOfIntegers.{0} OAI.ActualEisensteinCubic.K
                      (@CyclotomicField.instField.{0} (@OfNat.ofNat.{0} Nat (nat_lit 3) (instOfNatNat (nat_lit 3))) Rat
                        Rat.instField)))))
              (@CommSemiring.toCommMonoidWithZero.{0}
                (@Ideal.{0} OAI.ActualEisensteinCubic.O
                  (@CommSemiring.toSemiring.{0} OAI.ActualEisensteinCubic.O
                    (@CommRing.toCommSemiring.{0} OAI.ActualEisensteinCubic.O
                      (@NumberField.instCommRingRingOfIntegers.{0} OAI.ActualEisensteinCubic.K
                        (@CyclotomicField.instField.{0} (@OfNat.ofNat.{0} Nat (nat_lit 3) (instOfNatNat (nat_lit 3)))
                          Rat Rat.instField)))))
                (@IdemCommSemiring.toCommSemiring.{0}
                  (@Ideal.{0} OAI.ActualEisensteinCubic.O
                    (@CommSemiring.toSemiring.{0} OAI.ActualEisensteinCubic.O
                      (@CommRing.toCommSemiring.{0} OAI.ActualEisensteinCubic.O
                        (@NumberField.instCommRingRingOfIntegers.{0} OAI.ActualEisensteinCubic.K
                          (@CyclotomicField.instField.{0} (@OfNat.ofNat.{0} Nat (nat_lit 3) (instOfNatNat (nat_lit 3)))
                            Rat Rat.instField)))))
                  (@Ideal.instIdemCommSemiring.{0} OAI.ActualEisensteinCubic.O
                    (@CommRing.toCommSemiring.{0} OAI.ActualEisensteinCubic.O
                      (@NumberField.instCommRingRingOfIntegers.{0} OAI.ActualEisensteinCubic.K
                        (@CyclotomicField.instField.{0} (@OfNat.ofNat.{0} Nat (nat_lit 3) (instOfNatNat (nat_lit 3)))
                          Rat Rat.instField))))))
              P)
          P)))
  (x w z : Complex)
  (hx :
    @LE.le.{0} Real Real.instLE
      (@HDiv.hDiv.{0, 0, 0} Real Real Real (@instHDiv.{0} Real (@DivInvMonoid.toDiv.{0} Real Real.instDivInvMonoid))
        (@OfNat.ofNat.{0} Real (nat_lit 21)
          (@instOfNatAtLeastTwo.{0} Real (nat_lit 21) Real.instNatCast
            (@Nat.instAtLeastTwoHAddOfNat (@OfNat.ofNat.{0} Nat (nat_lit 20) (instOfNatNat (nat_lit 20)))
              (@Nat.instNeZeroSucc (@OfNat.ofNat.{0} Nat (nat_lit 19) (instOfNatNat (nat_lit 19)))))))
        (@OfNat.ofNat.{0} Real (nat_lit 25)
          (@instOfNatAtLeastTwo.{0} Real (nat_lit 25) Real.instNatCast
            (@Nat.instAtLeastTwoHAddOfNat (@OfNat.ofNat.{0} Nat (nat_lit 24) (instOfNatNat (nat_lit 24)))
              (@Nat.instNeZeroSucc (@OfNat.ofNat.{0} Nat (nat_lit 23) (instOfNatNat (nat_lit 23))))))))
      (Complex.re x))
  (hw :
    @LE.le.{0} Real Real.instLE
      (@HDiv.hDiv.{0, 0, 0} Real Real Real (@instHDiv.{0} Real (@DivInvMonoid.toDiv.{0} Real Real.instDivInvMonoid))
        (@OfNat.ofNat.{0} Real (nat_lit 9)
          (@instOfNatAtLeastTwo.{0} Real (nat_lit 9) Real.instNatCast
            (@Nat.instAtLeastTwoHAddOfNat (@OfNat.ofNat.{0} Nat (nat_lit 8) (instOfNatNat (nat_lit 8)))
              (@Nat.instNeZeroSucc (@OfNat.ofNat.{0} Nat (nat_lit 7) (instOfNatNat (nat_lit 7)))))))
        (@OfNat.ofNat.{0} Real (nat_lit 10)
          (@instOfNatAtLeastTwo.{0} Real (nat_lit 10) Real.instNatCast
            (@Nat.instAtLeastTwoHAddOfNat (@OfNat.ofNat.{0} Nat (nat_lit 9) (instOfNatNat (nat_lit 9)))
              (@Nat.instNeZeroSucc (@OfNat.ofNat.{0} Nat (nat_lit 8) (instOfNatNat (nat_lit 8))))))))
      (Complex.re w))
  (hz :
    @LE.le.{0} Real Real.instLE
      (@HDiv.hDiv.{0, 0, 0} Real Real Real (@instHDiv.{0} Real (@DivInvMonoid.toDiv.{0} Real Real.instDivInvMonoid))
        (@OfNat.ofNat.{0} Real (nat_lit 4)
          (@instOfNatAtLeastTwo.{0} Real (nat_lit 4) Real.instNatCast
            (@Nat.instAtLeastTwoHAddOfNat (@OfNat.ofNat.{0} Nat (nat_lit 3) (instOfNatNat (nat_lit 3)))
              (@Nat.instNeZeroSucc (@OfNat.ofNat.{0} Nat (nat_lit 2) (instOfNatNat (nat_lit 2)))))))
        (@OfNat.ofNat.{0} Real (nat_lit 25)
          (@instOfNatAtLeastTwo.{0} Real (nat_lit 25) Real.instNatCast
            (@Nat.instAtLeastTwoHAddOfNat (@OfNat.ofNat.{0} Nat (nat_lit 24) (instOfNatNat (nat_lit 24)))
              (@Nat.instNeZeroSucc (@OfNat.ofNat.{0} Nat (nat_lit 23) (instOfNatNat (nat_lit 23))))))))
      (Complex.re z)),
  @LE.le.{0} Real Real.instLE
    (@Norm.norm.{0} Complex Complex.instNorm
      (@HSub.hSub.{0, 0, 0} Complex Complex Complex (@instHSub.{0} Complex Complex.instSub)
        (OAI.SevenEighths.ProbePhysical.idealClosedCorrection η P x w z)
        (@OfNat.ofNat.{0} Complex (nat_lit 1) (@One.toOfNat1.{0} Complex Complex.instOne))))
    (OAI.SevenEighths.ProbePhysical.globalPrimeDefectBound P)
'OAI.SevenEighths.ProbePhysical.idealClosedCorrection_bound_lowKappa' depends on axioms: [propext,
 Classical.choice,
 Quot.sound]
OAI.SevenEighths.ProbePhysical.globalClosedCorrection_bound_lowKappa : ∀ (η : OAI.SevenEighths.HeckeFamily.Character)
  (S :
    Finset.{0}
      (@Ideal.{0} OAI.ActualEisensteinCubic.O
        (@CommSemiring.toSemiring.{0} OAI.ActualEisensteinCubic.O
          (@CommRing.toCommSemiring.{0} OAI.ActualEisensteinCubic.O
            (@NumberField.instCommRingRingOfIntegers.{0} OAI.ActualEisensteinCubic.K
              (@CyclotomicField.instField.{0} (@OfNat.ofNat.{0} Nat (nat_lit 3) (instOfNatNat (nat_lit 3))) Rat
                Rat.instField))))))
  (hS : OAI.SevenEighths.ProbePhysical.CorrectionTail S) (x w z : Complex)
  (hx :
    @LE.le.{0} Real Real.instLE
      (@HDiv.hDiv.{0, 0, 0} Real Real Real (@instHDiv.{0} Real (@DivInvMonoid.toDiv.{0} Real Real.instDivInvMonoid))
        (@OfNat.ofNat.{0} Real (nat_lit 21)
          (@instOfNatAtLeastTwo.{0} Real (nat_lit 21) Real.instNatCast
            (@Nat.instAtLeastTwoHAddOfNat (@OfNat.ofNat.{0} Nat (nat_lit 20) (instOfNatNat (nat_lit 20)))
              (@Nat.instNeZeroSucc (@OfNat.ofNat.{0} Nat (nat_lit 19) (instOfNatNat (nat_lit 19)))))))
        (@OfNat.ofNat.{0} Real (nat_lit 25)
          (@instOfNatAtLeastTwo.{0} Real (nat_lit 25) Real.instNatCast
            (@Nat.instAtLeastTwoHAddOfNat (@OfNat.ofNat.{0} Nat (nat_lit 24) (instOfNatNat (nat_lit 24)))
              (@Nat.instNeZeroSucc (@OfNat.ofNat.{0} Nat (nat_lit 23) (instOfNatNat (nat_lit 23))))))))
      (Complex.re x))
  (hw :
    @LE.le.{0} Real Real.instLE
      (@HDiv.hDiv.{0, 0, 0} Real Real Real (@instHDiv.{0} Real (@DivInvMonoid.toDiv.{0} Real Real.instDivInvMonoid))
        (@OfNat.ofNat.{0} Real (nat_lit 9)
          (@instOfNatAtLeastTwo.{0} Real (nat_lit 9) Real.instNatCast
            (@Nat.instAtLeastTwoHAddOfNat (@OfNat.ofNat.{0} Nat (nat_lit 8) (instOfNatNat (nat_lit 8)))
              (@Nat.instNeZeroSucc (@OfNat.ofNat.{0} Nat (nat_lit 7) (instOfNatNat (nat_lit 7)))))))
        (@OfNat.ofNat.{0} Real (nat_lit 10)
          (@instOfNatAtLeastTwo.{0} Real (nat_lit 10) Real.instNatCast
            (@Nat.instAtLeastTwoHAddOfNat (@OfNat.ofNat.{0} Nat (nat_lit 9) (instOfNatNat (nat_lit 9)))
              (@Nat.instNeZeroSucc (@OfNat.ofNat.{0} Nat (nat_lit 8) (instOfNatNat (nat_lit 8))))))))
      (Complex.re w))
  (hz :
    @LE.le.{0} Real Real.instLE
      (@HDiv.hDiv.{0, 0, 0} Real Real Real (@instHDiv.{0} Real (@DivInvMonoid.toDiv.{0} Real Real.instDivInvMonoid))
        (@OfNat.ofNat.{0} Real (nat_lit 4)
          (@instOfNatAtLeastTwo.{0} Real (nat_lit 4) Real.instNatCast
            (@Nat.instAtLeastTwoHAddOfNat (@OfNat.ofNat.{0} Nat (nat_lit 3) (instOfNatNat (nat_lit 3)))
              (@Nat.instNeZeroSucc (@OfNat.ofNat.{0} Nat (nat_lit 2) (instOfNatNat (nat_lit 2)))))))
        (@OfNat.ofNat.{0} Real (nat_lit 25)
          (@instOfNatAtLeastTwo.{0} Real (nat_lit 25) Real.instNatCast
            (@Nat.instAtLeastTwoHAddOfNat (@OfNat.ofNat.{0} Nat (nat_lit 24) (instOfNatNat (nat_lit 24)))
              (@Nat.instNeZeroSucc (@OfNat.ofNat.{0} Nat (nat_lit 23) (instOfNatNat (nat_lit 23))))))))
      (Complex.re z)),
  @LE.le.{0} Real Real.instLE
    (@Norm.norm.{0} Complex Complex.instNorm
      (@HSub.hSub.{0, 0, 0} Complex Complex Complex (@instHSub.{0} Complex Complex.instSub)
        (OAI.SevenEighths.ProbePhysical.globalClosedCorrection η S x w z)
        (@OfNat.ofNat.{0} Complex (nat_lit 1) (@One.toOfNat1.{0} Complex Complex.instOne))))
    (@HDiv.hDiv.{0, 0, 0} Real Real Real (@instHDiv.{0} Real (@DivInvMonoid.toDiv.{0} Real Real.instDivInvMonoid))
      (@OfNat.ofNat.{0} Real (nat_lit 1) (@One.toOfNat1.{0} Real Real.instOne))
      (@OfNat.ofNat.{0} Real (nat_lit 2)
        (@instOfNatAtLeastTwo.{0} Real (nat_lit 2) Real.instNatCast
          (@Nat.instAtLeastTwoHAddOfNat (@OfNat.ofNat.{0} Nat (nat_lit 1) (instOfNatNat (nat_lit 1)))
            (@Nat.instNeZeroSucc (@OfNat.ofNat.{0} Nat (nat_lit 0) (instOfNatNat (nat_lit 0))))))))
'OAI.SevenEighths.ProbePhysical.globalClosedCorrection_bound_lowKappa' depends on axioms: [propext,
 Classical.choice,
 Quot.sound]
OAI.SevenEighths.ProbePhysical.globalClosedCorrection_multipliable_lowKappa : ∀
  (η : OAI.SevenEighths.HeckeFamily.Character)
  (S :
    Finset.{0}
      (@Ideal.{0} OAI.ActualEisensteinCubic.O
        (@CommSemiring.toSemiring.{0} OAI.ActualEisensteinCubic.O
          (@CommRing.toCommSemiring.{0} OAI.ActualEisensteinCubic.O
            (@NumberField.instCommRingRingOfIntegers.{0} OAI.ActualEisensteinCubic.K
              (@CyclotomicField.instField.{0} (@OfNat.ofNat.{0} Nat (nat_lit 3) (instOfNatNat (nat_lit 3))) Rat
                Rat.instField))))))
  (hS : OAI.SevenEighths.ProbePhysical.CorrectionTail S) (x w z : Complex)
  (hx :
    @LE.le.{0} Real Real.instLE
      (@HDiv.hDiv.{0, 0, 0} Real Real Real (@instHDiv.{0} Real (@DivInvMonoid.toDiv.{0} Real Real.instDivInvMonoid))
        (@OfNat.ofNat.{0} Real (nat_lit 21)
          (@instOfNatAtLeastTwo.{0} Real (nat_lit 21) Real.instNatCast
            (@Nat.instAtLeastTwoHAddOfNat (@OfNat.ofNat.{0} Nat (nat_lit 20) (instOfNatNat (nat_lit 20)))
              (@Nat.instNeZeroSucc (@OfNat.ofNat.{0} Nat (nat_lit 19) (instOfNatNat (nat_lit 19)))))))
        (@OfNat.ofNat.{0} Real (nat_lit 25)
          (@instOfNatAtLeastTwo.{0} Real (nat_lit 25) Real.instNatCast
            (@Nat.instAtLeastTwoHAddOfNat (@OfNat.ofNat.{0} Nat (nat_lit 24) (instOfNatNat (nat_lit 24)))
              (@Nat.instNeZeroSucc (@OfNat.ofNat.{0} Nat (nat_lit 23) (instOfNatNat (nat_lit 23))))))))
      (Complex.re x))
  (hw :
    @LE.le.{0} Real Real.instLE
      (@HDiv.hDiv.{0, 0, 0} Real Real Real (@instHDiv.{0} Real (@DivInvMonoid.toDiv.{0} Real Real.instDivInvMonoid))
        (@OfNat.ofNat.{0} Real (nat_lit 9)
          (@instOfNatAtLeastTwo.{0} Real (nat_lit 9) Real.instNatCast
            (@Nat.instAtLeastTwoHAddOfNat (@OfNat.ofNat.{0} Nat (nat_lit 8) (instOfNatNat (nat_lit 8)))
              (@Nat.instNeZeroSucc (@OfNat.ofNat.{0} Nat (nat_lit 7) (instOfNatNat (nat_lit 7)))))))
        (@OfNat.ofNat.{0} Real (nat_lit 10)
          (@instOfNatAtLeastTwo.{0} Real (nat_lit 10) Real.instNatCast
            (@Nat.instAtLeastTwoHAddOfNat (@OfNat.ofNat.{0} Nat (nat_lit 9) (instOfNatNat (nat_lit 9)))
              (@Nat.instNeZeroSucc (@OfNat.ofNat.{0} Nat (nat_lit 8) (instOfNatNat (nat_lit 8))))))))
      (Complex.re w))
  (hz :
    @LE.le.{0} Real Real.instLE
      (@HDiv.hDiv.{0, 0, 0} Real Real Real (@instHDiv.{0} Real (@DivInvMonoid.toDiv.{0} Real Real.instDivInvMonoid))
        (@OfNat.ofNat.{0} Real (nat_lit 4)
          (@instOfNatAtLeastTwo.{0} Real (nat_lit 4) Real.instNatCast
            (@Nat.instAtLeastTwoHAddOfNat (@OfNat.ofNat.{0} Nat (nat_lit 3) (instOfNatNat (nat_lit 3)))
              (@Nat.instNeZeroSucc (@OfNat.ofNat.{0} Nat (nat_lit 2) (instOfNatNat (nat_lit 2)))))))
        (@OfNat.ofNat.{0} Real (nat_lit 25)
          (@instOfNatAtLeastTwo.{0} Real (nat_lit 25) Real.instNatCast
            (@Nat.instAtLeastTwoHAddOfNat (@OfNat.ofNat.{0} Nat (nat_lit 24) (instOfNatNat (nat_lit 24)))
              (@Nat.instNeZeroSucc (@OfNat.ofNat.{0} Nat (nat_lit 23) (instOfNatNat (nat_lit 23))))))))
      (Complex.re z)),
  @Multipliable.{0, 0} Complex
    (@Subtype.{1} OAI.SevenEighths.ProbePhysical.PrimeIdeal fun (P : OAI.SevenEighths.ProbePhysical.PrimeIdeal) =>
      Not
        (@Membership.mem.{0, 0}
          (@Ideal.{0} OAI.ActualEisensteinCubic.O
            (@CommSemiring.toSemiring.{0} OAI.ActualEisensteinCubic.O
              (@CommRing.toCommSemiring.{0} OAI.ActualEisensteinCubic.O
                (@NumberField.instCommRingRingOfIntegers.{0} OAI.ActualEisensteinCubic.K
                  (@CyclotomicField.instField.{0} (@OfNat.ofNat.{0} Nat (nat_lit 3) (instOfNatNat (nat_lit 3))) Rat
                    Rat.instField)))))
          (Finset.{0}
            (@Ideal.{0} OAI.ActualEisensteinCubic.O
              (@CommSemiring.toSemiring.{0} OAI.ActualEisensteinCubic.O
                (@CommRing.toCommSemiring.{0} OAI.ActualEisensteinCubic.O
                  (@NumberField.instCommRingRingOfIntegers.{0} OAI.ActualEisensteinCubic.K
                    (@CyclotomicField.instField.{0} (@OfNat.ofNat.{0} Nat (nat_lit 3) (instOfNatNat (nat_lit 3))) Rat
                      Rat.instField))))))
          (@SetLike.instMembership.{0, 0}
            (Finset.{0}
              (@Ideal.{0} OAI.ActualEisensteinCubic.O
                (@CommSemiring.toSemiring.{0} OAI.ActualEisensteinCubic.O
                  (@CommRing.toCommSemiring.{0} OAI.ActualEisensteinCubic.O
                    (@NumberField.instCommRingRingOfIntegers.{0} OAI.ActualEisensteinCubic.K
                      (@CyclotomicField.instField.{0} (@OfNat.ofNat.{0} Nat (nat_lit 3) (instOfNatNat (nat_lit 3))) Rat
                        Rat.instField))))))
            (@Ideal.{0} OAI.ActualEisensteinCubic.O
              (@CommSemiring.toSemiring.{0} OAI.ActualEisensteinCubic.O
                (@CommRing.toCommSemiring.{0} OAI.ActualEisensteinCubic.O
                  (@NumberField.instCommRingRingOfIntegers.{0} OAI.ActualEisensteinCubic.K
                    (@CyclotomicField.instField.{0} (@OfNat.ofNat.{0} Nat (nat_lit 3) (instOfNatNat (nat_lit 3))) Rat
                      Rat.instField)))))
            (@Finset.instSetLike.{0}
              (@Ideal.{0} OAI.ActualEisensteinCubic.O
                (@CommSemiring.toSemiring.{0} OAI.ActualEisensteinCubic.O
                  (@CommRing.toCommSemiring.{0} OAI.ActualEisensteinCubic.O
                    (@NumberField.instCommRingRingOfIntegers.{0} OAI.ActualEisensteinCubic.K
                      (@CyclotomicField.instField.{0} (@OfNat.ofNat.{0} Nat (nat_lit 3) (instOfNatNat (nat_lit 3))) Rat
                        Rat.instField)))))))
          S
          (@Subtype.val.{1}
            (@Ideal.{0} OAI.ActualEisensteinCubic.O
              (@CommSemiring.toSemiring.{0} OAI.ActualEisensteinCubic.O
                (@CommRing.toCommSemiring.{0} OAI.ActualEisensteinCubic.O
                  (@NumberField.instCommRingRingOfIntegers.{0} OAI.ActualEisensteinCubic.K
                    (@CyclotomicField.instField.{0} (@OfNat.ofNat.{0} Nat (nat_lit 3) (instOfNatNat (nat_lit 3))) Rat
                      Rat.instField)))))
            (fun
                (P :
                  @Ideal.{0} OAI.ActualEisensteinCubic.O
                    (@CommSemiring.toSemiring.{0} OAI.ActualEisensteinCubic.O
                      (@CommRing.toCommSemiring.{0} OAI.ActualEisensteinCubic.O
                        (@NumberField.instCommRingRingOfIntegers.{0} OAI.ActualEisensteinCubic.K
                          (@CyclotomicField.instField.{0} (@OfNat.ofNat.{0} Nat (nat_lit 3) (instOfNatNat (nat_lit 3)))
                            Rat Rat.instField))))) =>
              @Prime.{0}
                (@Ideal.{0} OAI.ActualEisensteinCubic.O
                  (@CommSemiring.toSemiring.{0} OAI.ActualEisensteinCubic.O
                    (@CommRing.toCommSemiring.{0} OAI.ActualEisensteinCubic.O
                      (@NumberField.instCommRingRingOfIntegers.{0} OAI.ActualEisensteinCubic.K
                        (@CyclotomicField.instField.{0} (@OfNat.ofNat.{0} Nat (nat_lit 3) (instOfNatNat (nat_lit 3)))
                          Rat Rat.instField)))))
                (@CommSemiring.toCommMonoidWithZero.{0}
                  (@Ideal.{0} OAI.ActualEisensteinCubic.O
                    (@CommSemiring.toSemiring.{0} OAI.ActualEisensteinCubic.O
                      (@CommRing.toCommSemiring.{0} OAI.ActualEisensteinCubic.O
                        (@NumberField.instCommRingRingOfIntegers.{0} OAI.ActualEisensteinCubic.K
                          (@CyclotomicField.instField.{0} (@OfNat.ofNat.{0} Nat (nat_lit 3) (instOfNatNat (nat_lit 3)))
                            Rat Rat.instField)))))
                  (@IdemCommSemiring.toCommSemiring.{0}
                    (@Ideal.{0} OAI.ActualEisensteinCubic.O
                      (@CommSemiring.toSemiring.{0} OAI.ActualEisensteinCubic.O
                        (@CommRing.toCommSemiring.{0} OAI.ActualEisensteinCubic.O
                          (@NumberField.instCommRingRingOfIntegers.{0} OAI.ActualEisensteinCubic.K
                            (@CyclotomicField.instField.{0}
                              (@OfNat.ofNat.{0} Nat (nat_lit 3) (instOfNatNat (nat_lit 3))) Rat Rat.instField)))))
                    (@Ideal.instIdemCommSemiring.{0} OAI.ActualEisensteinCubic.O
                      (@CommRing.toCommSemiring.{0} OAI.ActualEisensteinCubic.O
                        (@NumberField.instCommRingRingOfIntegers.{0} OAI.ActualEisensteinCubic.K
                          (@CyclotomicField.instField.{0} (@OfNat.ofNat.{0} Nat (nat_lit 3) (instOfNatNat (nat_lit 3)))
                            Rat Rat.instField))))))
                P)
            P)))
    (@CommRing.toCommMonoid.{0} Complex Complex.commRing)
    (@UniformSpace.toTopologicalSpace.{0} Complex
      (@PseudoMetricSpace.toUniformSpace.{0} Complex
        (@SeminormedRing.toPseudoMetricSpace.{0} Complex
          (@SeminormedCommRing.toSeminormedRing.{0} Complex
            (@NormedCommRing.toSeminormedCommRing.{0} Complex
              (@CommCStarAlgebra.toNormedCommRing.{0} Complex instCommCStarAlgebraComplex))))))
    (fun
        (P :
          @Subtype.{1} OAI.SevenEighths.ProbePhysical.PrimeIdeal fun (P : OAI.SevenEighths.ProbePhysical.PrimeIdeal) =>
            Not
              (@Membership.mem.{0, 0}
                (@Ideal.{0} OAI.ActualEisensteinCubic.O
                  (@CommSemiring.toSemiring.{0} OAI.ActualEisensteinCubic.O
                    (@CommRing.toCommSemiring.{0} OAI.ActualEisensteinCubic.O
                      (@NumberField.instCommRingRingOfIntegers.{0} OAI.ActualEisensteinCubic.K
                        (@CyclotomicField.instField.{0} (@OfNat.ofNat.{0} Nat (nat_lit 3) (instOfNatNat (nat_lit 3)))
                          Rat Rat.instField)))))
                (Finset.{0}
                  (@Ideal.{0} OAI.ActualEisensteinCubic.O
                    (@CommSemiring.toSemiring.{0} OAI.ActualEisensteinCubic.O
                      (@CommRing.toCommSemiring.{0} OAI.ActualEisensteinCubic.O
                        (@NumberField.instCommRingRingOfIntegers.{0} OAI.ActualEisensteinCubic.K
                          (@CyclotomicField.instField.{0} (@OfNat.ofNat.{0} Nat (nat_lit 3) (instOfNatNat (nat_lit 3)))
                            Rat Rat.instField))))))
                (@SetLike.instMembership.{0, 0}
                  (Finset.{0}
                    (@Ideal.{0} OAI.ActualEisensteinCubic.O
                      (@CommSemiring.toSemiring.{0} OAI.ActualEisensteinCubic.O
                        (@CommRing.toCommSemiring.{0} OAI.ActualEisensteinCubic.O
                          (@NumberField.instCommRingRingOfIntegers.{0} OAI.ActualEisensteinCubic.K
                            (@CyclotomicField.instField.{0}
                              (@OfNat.ofNat.{0} Nat (nat_lit 3) (instOfNatNat (nat_lit 3))) Rat Rat.instField))))))
                  (@Ideal.{0} OAI.ActualEisensteinCubic.O
                    (@CommSemiring.toSemiring.{0} OAI.ActualEisensteinCubic.O
                      (@CommRing.toCommSemiring.{0} OAI.ActualEisensteinCubic.O
                        (@NumberField.instCommRingRingOfIntegers.{0} OAI.ActualEisensteinCubic.K
                          (@CyclotomicField.instField.{0} (@OfNat.ofNat.{0} Nat (nat_lit 3) (instOfNatNat (nat_lit 3)))
                            Rat Rat.instField)))))
                  (@Finset.instSetLike.{0}
                    (@Ideal.{0} OAI.ActualEisensteinCubic.O
                      (@CommSemiring.toSemiring.{0} OAI.ActualEisensteinCubic.O
                        (@CommRing.toCommSemiring.{0} OAI.ActualEisensteinCubic.O
                          (@NumberField.instCommRingRingOfIntegers.{0} OAI.ActualEisensteinCubic.K
                            (@CyclotomicField.instField.{0}
                              (@OfNat.ofNat.{0} Nat (nat_lit 3) (instOfNatNat (nat_lit 3))) Rat Rat.instField)))))))
                S
                (@Subtype.val.{1}
                  (@Ideal.{0} OAI.ActualEisensteinCubic.O
                    (@CommSemiring.toSemiring.{0} OAI.ActualEisensteinCubic.O
                      (@CommRing.toCommSemiring.{0} OAI.ActualEisensteinCubic.O
                        (@NumberField.instCommRingRingOfIntegers.{0} OAI.ActualEisensteinCubic.K
                          (@CyclotomicField.instField.{0} (@OfNat.ofNat.{0} Nat (nat_lit 3) (instOfNatNat (nat_lit 3)))
                            Rat Rat.instField)))))
                  (fun
                      (P :
                        @Ideal.{0} OAI.ActualEisensteinCubic.O
                          (@CommSemiring.toSemiring.{0} OAI.ActualEisensteinCubic.O
                            (@CommRing.toCommSemiring.{0} OAI.ActualEisensteinCubic.O
                              (@NumberField.instCommRingRingOfIntegers.{0} OAI.ActualEisensteinCubic.K
                                (@CyclotomicField.instField.{0}
                                  (@OfNat.ofNat.{0} Nat (nat_lit 3) (instOfNatNat (nat_lit 3))) Rat
                                  Rat.instField))))) =>
                    @Prime.{0}
                      (@Ideal.{0} OAI.ActualEisensteinCubic.O
                        (@CommSemiring.toSemiring.{0} OAI.ActualEisensteinCubic.O
                          (@CommRing.toCommSemiring.{0} OAI.ActualEisensteinCubic.O
                            (@NumberField.instCommRingRingOfIntegers.{0} OAI.ActualEisensteinCubic.K
                              (@CyclotomicField.instField.{0}
                                (@OfNat.ofNat.{0} Nat (nat_lit 3) (instOfNatNat (nat_lit 3))) Rat Rat.instField)))))
                      (@CommSemiring.toCommMonoidWithZero.{0}
                        (@Ideal.{0} OAI.ActualEisensteinCubic.O
                          (@CommSemiring.toSemiring.{0} OAI.ActualEisensteinCubic.O
                            (@CommRing.toCommSemiring.{0} OAI.ActualEisensteinCubic.O
                              (@NumberField.instCommRingRingOfIntegers.{0} OAI.ActualEisensteinCubic.K
                                (@CyclotomicField.instField.{0}
                                  (@OfNat.ofNat.{0} Nat (nat_lit 3) (instOfNatNat (nat_lit 3))) Rat Rat.instField)))))
                        (@IdemCommSemiring.toCommSemiring.{0}
                          (@Ideal.{0} OAI.ActualEisensteinCubic.O
                            (@CommSemiring.toSemiring.{0} OAI.ActualEisensteinCubic.O
                              (@CommRing.toCommSemiring.{0} OAI.ActualEisensteinCubic.O
                                (@NumberField.instCommRingRingOfIntegers.{0} OAI.ActualEisensteinCubic.K
                                  (@CyclotomicField.instField.{0}
                                    (@OfNat.ofNat.{0} Nat (nat_lit 3) (instOfNatNat (nat_lit 3))) Rat Rat.instField)))))
                          (@Ideal.instIdemCommSemiring.{0} OAI.ActualEisensteinCubic.O
                            (@CommRing.toCommSemiring.{0} OAI.ActualEisensteinCubic.O
                              (@NumberField.instCommRingRingOfIntegers.{0} OAI.ActualEisensteinCubic.K
                                (@CyclotomicField.instField.{0}
                                  (@OfNat.ofNat.{0} Nat (nat_lit 3) (instOfNatNat (nat_lit 3))) Rat Rat.instField))))))
                      P)
                  P))) =>
      OAI.SevenEighths.ProbePhysical.idealClosedCorrection η
        (@Subtype.val.{1} OAI.SevenEighths.ProbePhysical.PrimeIdeal
          (fun (P : OAI.SevenEighths.ProbePhysical.PrimeIdeal) =>
            Not
              (@Membership.mem.{0, 0}
                (@Ideal.{0} OAI.ActualEisensteinCubic.O
                  (@CommSemiring.toSemiring.{0} OAI.ActualEisensteinCubic.O
                    (@CommRing.toCommSemiring.{0} OAI.ActualEisensteinCubic.O
                      (@NumberField.instCommRingRingOfIntegers.{0} OAI.ActualEisensteinCubic.K
                        (@CyclotomicField.instField.{0} (@OfNat.ofNat.{0} Nat (nat_lit 3) (instOfNatNat (nat_lit 3)))
                          Rat Rat.instField)))))
                (Finset.{0}
                  (@Ideal.{0} OAI.ActualEisensteinCubic.O
                    (@CommSemiring.toSemiring.{0} OAI.ActualEisensteinCubic.O
                      (@CommRing.toCommSemiring.{0} OAI.ActualEisensteinCubic.O
                        (@NumberField.instCommRingRingOfIntegers.{0} OAI.ActualEisensteinCubic.K
                          (@CyclotomicField.instField.{0} (@OfNat.ofNat.{0} Nat (nat_lit 3) (instOfNatNat (nat_lit 3)))
                            Rat Rat.instField))))))
                (@SetLike.instMembership.{0, 0}
                  (Finset.{0}
                    (@Ideal.{0} OAI.ActualEisensteinCubic.O
                      (@CommSemiring.toSemiring.{0} OAI.ActualEisensteinCubic.O
                        (@CommRing.toCommSemiring.{0} OAI.ActualEisensteinCubic.O
                          (@NumberField.instCommRingRingOfIntegers.{0} OAI.ActualEisensteinCubic.K
                            (@CyclotomicField.instField.{0}
                              (@OfNat.ofNat.{0} Nat (nat_lit 3) (instOfNatNat (nat_lit 3))) Rat Rat.instField))))))
                  (@Ideal.{0} OAI.ActualEisensteinCubic.O
                    (@CommSemiring.toSemiring.{0} OAI.ActualEisensteinCubic.O
                      (@CommRing.toCommSemiring.{0} OAI.ActualEisensteinCubic.O
                        (@NumberField.instCommRingRingOfIntegers.{0} OAI.ActualEisensteinCubic.K
                          (@CyclotomicField.instField.{0} (@OfNat.ofNat.{0} Nat (nat_lit 3) (instOfNatNat (nat_lit 3)))
                            Rat Rat.instField)))))
                  (@Finset.instSetLike.{0}
                    (@Ideal.{0} OAI.ActualEisensteinCubic.O
                      (@CommSemiring.toSemiring.{0} OAI.ActualEisensteinCubic.O
                        (@CommRing.toCommSemiring.{0} OAI.ActualEisensteinCubic.O
                          (@NumberField.instCommRingRingOfIntegers.{0} OAI.ActualEisensteinCubic.K
                            (@CyclotomicField.instField.{0}
                              (@OfNat.ofNat.{0} Nat (nat_lit 3) (instOfNatNat (nat_lit 3))) Rat Rat.instField)))))))
                S
                (@Subtype.val.{1}
                  (@Ideal.{0} OAI.ActualEisensteinCubic.O
                    (@CommSemiring.toSemiring.{0} OAI.ActualEisensteinCubic.O
                      (@CommRing.toCommSemiring.{0} OAI.ActualEisensteinCubic.O
                        (@NumberField.instCommRingRingOfIntegers.{0} OAI.ActualEisensteinCubic.K
                          (@CyclotomicField.instField.{0} (@OfNat.ofNat.{0} Nat (nat_lit 3) (instOfNatNat (nat_lit 3)))
                            Rat Rat.instField)))))
                  (fun
                      (P :
                        @Ideal.{0} OAI.ActualEisensteinCubic.O
                          (@CommSemiring.toSemiring.{0} OAI.ActualEisensteinCubic.O
                            (@CommRing.toCommSemiring.{0} OAI.ActualEisensteinCubic.O
                              (@NumberField.instCommRingRingOfIntegers.{0} OAI.ActualEisensteinCubic.K
                                (@CyclotomicField.instField.{0}
                                  (@OfNat.ofNat.{0} Nat (nat_lit 3) (instOfNatNat (nat_lit 3))) Rat
                                  Rat.instField))))) =>
                    @Prime.{0}
                      (@Ideal.{0} OAI.ActualEisensteinCubic.O
                        (@CommSemiring.toSemiring.{0} OAI.ActualEisensteinCubic.O
                          (@CommRing.toCommSemiring.{0} OAI.ActualEisensteinCubic.O
                            (@NumberField.instCommRingRingOfIntegers.{0} OAI.ActualEisensteinCubic.K
                              (@CyclotomicField.instField.{0}
                                (@OfNat.ofNat.{0} Nat (nat_lit 3) (instOfNatNat (nat_lit 3))) Rat Rat.instField)))))
                      (@CommSemiring.toCommMonoidWithZero.{0}
                        (@Ideal.{0} OAI.ActualEisensteinCubic.O
                          (@CommSemiring.toSemiring.{0} OAI.ActualEisensteinCubic.O
                            (@CommRing.toCommSemiring.{0} OAI.ActualEisensteinCubic.O
                              (@NumberField.instCommRingRingOfIntegers.{0} OAI.ActualEisensteinCubic.K
                                (@CyclotomicField.instField.{0}
                                  (@OfNat.ofNat.{0} Nat (nat_lit 3) (instOfNatNat (nat_lit 3))) Rat Rat.instField)))))
                        (@IdemCommSemiring.toCommSemiring.{0}
                          (@Ideal.{0} OAI.ActualEisensteinCubic.O
                            (@CommSemiring.toSemiring.{0} OAI.ActualEisensteinCubic.O
                              (@CommRing.toCommSemiring.{0} OAI.ActualEisensteinCubic.O
                                (@NumberField.instCommRingRingOfIntegers.{0} OAI.ActualEisensteinCubic.K
                                  (@CyclotomicField.instField.{0}
                                    (@OfNat.ofNat.{0} Nat (nat_lit 3) (instOfNatNat (nat_lit 3))) Rat Rat.instField)))))
                          (@Ideal.instIdemCommSemiring.{0} OAI.ActualEisensteinCubic.O
                            (@CommRing.toCommSemiring.{0} OAI.ActualEisensteinCubic.O
                              (@NumberField.instCommRingRingOfIntegers.{0} OAI.ActualEisensteinCubic.K
                                (@CyclotomicField.instField.{0}
                                  (@OfNat.ofNat.{0} Nat (nat_lit 3) (instOfNatNat (nat_lit 3))) Rat Rat.instField))))))
                      P)
                  P)))
          P)
        x w z)
    (SummationFilter.unconditional.{0}
      (@Subtype.{1} OAI.SevenEighths.ProbePhysical.PrimeIdeal fun (P : OAI.SevenEighths.ProbePhysical.PrimeIdeal) =>
        Not
          (@Membership.mem.{0, 0}
            (@Ideal.{0} OAI.ActualEisensteinCubic.O
              (@CommSemiring.toSemiring.{0} OAI.ActualEisensteinCubic.O
                (@CommRing.toCommSemiring.{0} OAI.ActualEisensteinCubic.O
                  (@NumberField.instCommRingRingOfIntegers.{0} OAI.ActualEisensteinCubic.K
                    (@CyclotomicField.instField.{0} (@OfNat.ofNat.{0} Nat (nat_lit 3) (instOfNatNat (nat_lit 3))) Rat
                      Rat.instField)))))
            (Finset.{0}
              (@Ideal.{0} OAI.ActualEisensteinCubic.O
                (@CommSemiring.toSemiring.{0} OAI.ActualEisensteinCubic.O
                  (@CommRing.toCommSemiring.{0} OAI.ActualEisensteinCubic.O
                    (@NumberField.instCommRingRingOfIntegers.{0} OAI.ActualEisensteinCubic.K
                      (@CyclotomicField.instField.{0} (@OfNat.ofNat.{0} Nat (nat_lit 3) (instOfNatNat (nat_lit 3))) Rat
                        Rat.instField))))))
            (@SetLike.instMembership.{0, 0}
              (Finset.{0}
                (@Ideal.{0} OAI.ActualEisensteinCubic.O
                  (@CommSemiring.toSemiring.{0} OAI.ActualEisensteinCubic.O
                    (@CommRing.toCommSemiring.{0} OAI.ActualEisensteinCubic.O
                      (@NumberField.instCommRingRingOfIntegers.{0} OAI.ActualEisensteinCubic.K
                        (@CyclotomicField.instField.{0} (@OfNat.ofNat.{0} Nat (nat_lit 3) (instOfNatNat (nat_lit 3)))
                          Rat Rat.instField))))))
              (@Ideal.{0} OAI.ActualEisensteinCubic.O
                (@CommSemiring.toSemiring.{0} OAI.ActualEisensteinCubic.O
                  (@CommRing.toCommSemiring.{0} OAI.ActualEisensteinCubic.O
                    (@NumberField.instCommRingRingOfIntegers.{0} OAI.ActualEisensteinCubic.K
                      (@CyclotomicField.instField.{0} (@OfNat.ofNat.{0} Nat (nat_lit 3) (instOfNatNat (nat_lit 3))) Rat
                        Rat.instField)))))
              (@Finset.instSetLike.{0}
                (@Ideal.{0} OAI.ActualEisensteinCubic.O
                  (@CommSemiring.toSemiring.{0} OAI.ActualEisensteinCubic.O
                    (@CommRing.toCommSemiring.{0} OAI.ActualEisensteinCubic.O
                      (@NumberField.instCommRingRingOfIntegers.{0} OAI.ActualEisensteinCubic.K
                        (@CyclotomicField.instField.{0} (@OfNat.ofNat.{0} Nat (nat_lit 3) (instOfNatNat (nat_lit 3)))
                          Rat Rat.instField)))))))
            S
            (@Subtype.val.{1}
              (@Ideal.{0} OAI.ActualEisensteinCubic.O
                (@CommSemiring.toSemiring.{0} OAI.ActualEisensteinCubic.O
                  (@CommRing.toCommSemiring.{0} OAI.ActualEisensteinCubic.O
                    (@NumberField.instCommRingRingOfIntegers.{0} OAI.ActualEisensteinCubic.K
                      (@CyclotomicField.instField.{0} (@OfNat.ofNat.{0} Nat (nat_lit 3) (instOfNatNat (nat_lit 3))) Rat
                        Rat.instField)))))
              (fun
                  (P :
                    @Ideal.{0} OAI.ActualEisensteinCubic.O
                      (@CommSemiring.toSemiring.{0} OAI.ActualEisensteinCubic.O
                        (@CommRing.toCommSemiring.{0} OAI.ActualEisensteinCubic.O
                          (@NumberField.instCommRingRingOfIntegers.{0} OAI.ActualEisensteinCubic.K
                            (@CyclotomicField.instField.{0}
                              (@OfNat.ofNat.{0} Nat (nat_lit 3) (instOfNatNat (nat_lit 3))) Rat Rat.instField))))) =>
                @Prime.{0}
                  (@Ideal.{0} OAI.ActualEisensteinCubic.O
                    (@CommSemiring.toSemiring.{0} OAI.ActualEisensteinCubic.O
                      (@CommRing.toCommSemiring.{0} OAI.ActualEisensteinCubic.O
                        (@NumberField.instCommRingRingOfIntegers.{0} OAI.ActualEisensteinCubic.K
                          (@CyclotomicField.instField.{0} (@OfNat.ofNat.{0} Nat (nat_lit 3) (instOfNatNat (nat_lit 3)))
                            Rat Rat.instField)))))
                  (@CommSemiring.toCommMonoidWithZero.{0}
                    (@Ideal.{0} OAI.ActualEisensteinCubic.O
                      (@CommSemiring.toSemiring.{0} OAI.ActualEisensteinCubic.O
                        (@CommRing.toCommSemiring.{0} OAI.ActualEisensteinCubic.O
                          (@NumberField.instCommRingRingOfIntegers.{0} OAI.ActualEisensteinCubic.K
                            (@CyclotomicField.instField.{0}
                              (@OfNat.ofNat.{0} Nat (nat_lit 3) (instOfNatNat (nat_lit 3))) Rat Rat.instField)))))
                    (@IdemCommSemiring.toCommSemiring.{0}
                      (@Ideal.{0} OAI.ActualEisensteinCubic.O
                        (@CommSemiring.toSemiring.{0} OAI.ActualEisensteinCubic.O
                          (@CommRing.toCommSemiring.{0} OAI.ActualEisensteinCubic.O
                            (@NumberField.instCommRingRingOfIntegers.{0} OAI.ActualEisensteinCubic.K
                              (@CyclotomicField.instField.{0}
                                (@OfNat.ofNat.{0} Nat (nat_lit 3) (instOfNatNat (nat_lit 3))) Rat Rat.instField)))))
                      (@Ideal.instIdemCommSemiring.{0} OAI.ActualEisensteinCubic.O
                        (@CommRing.toCommSemiring.{0} OAI.ActualEisensteinCubic.O
                          (@NumberField.instCommRingRingOfIntegers.{0} OAI.ActualEisensteinCubic.K
                            (@CyclotomicField.instField.{0}
                              (@OfNat.ofNat.{0} Nat (nat_lit 3) (instOfNatNat (nat_lit 3))) Rat Rat.instField))))))
                  P)
              P))))
'OAI.SevenEighths.ProbePhysical.globalClosedCorrection_multipliable_lowKappa' depends on axioms: [propext,
 Classical.choice,
 Quot.sound]
OAI.SevenEighths.ProbePhysical.globalClosedCorrection_analytic_x_lowKappa : ∀
  (η : OAI.SevenEighths.HeckeFamily.Character)
  (S :
    Finset.{0}
      (@Ideal.{0} OAI.ActualEisensteinCubic.O
        (@CommSemiring.toSemiring.{0} OAI.ActualEisensteinCubic.O
          (@CommRing.toCommSemiring.{0} OAI.ActualEisensteinCubic.O
            (@NumberField.instCommRingRingOfIntegers.{0} OAI.ActualEisensteinCubic.K
              (@CyclotomicField.instField.{0} (@OfNat.ofNat.{0} Nat (nat_lit 3) (instOfNatNat (nat_lit 3))) Rat
                Rat.instField))))))
  (hS : OAI.SevenEighths.ProbePhysical.CorrectionTail S) (w z : Complex)
  (hw :
    @LE.le.{0} Real Real.instLE
      (@HDiv.hDiv.{0, 0, 0} Real Real Real (@instHDiv.{0} Real (@DivInvMonoid.toDiv.{0} Real Real.instDivInvMonoid))
        (@OfNat.ofNat.{0} Real (nat_lit 9)
          (@instOfNatAtLeastTwo.{0} Real (nat_lit 9) Real.instNatCast
            (@Nat.instAtLeastTwoHAddOfNat (@OfNat.ofNat.{0} Nat (nat_lit 8) (instOfNatNat (nat_lit 8)))
              (@Nat.instNeZeroSucc (@OfNat.ofNat.{0} Nat (nat_lit 7) (instOfNatNat (nat_lit 7)))))))
        (@OfNat.ofNat.{0} Real (nat_lit 10)
          (@instOfNatAtLeastTwo.{0} Real (nat_lit 10) Real.instNatCast
            (@Nat.instAtLeastTwoHAddOfNat (@OfNat.ofNat.{0} Nat (nat_lit 9) (instOfNatNat (nat_lit 9)))
              (@Nat.instNeZeroSucc (@OfNat.ofNat.{0} Nat (nat_lit 8) (instOfNatNat (nat_lit 8))))))))
      (Complex.re w))
  (hz :
    @LE.le.{0} Real Real.instLE
      (@HDiv.hDiv.{0, 0, 0} Real Real Real (@instHDiv.{0} Real (@DivInvMonoid.toDiv.{0} Real Real.instDivInvMonoid))
        (@OfNat.ofNat.{0} Real (nat_lit 4)
          (@instOfNatAtLeastTwo.{0} Real (nat_lit 4) Real.instNatCast
            (@Nat.instAtLeastTwoHAddOfNat (@OfNat.ofNat.{0} Nat (nat_lit 3) (instOfNatNat (nat_lit 3)))
              (@Nat.instNeZeroSucc (@OfNat.ofNat.{0} Nat (nat_lit 2) (instOfNatNat (nat_lit 2)))))))
        (@OfNat.ofNat.{0} Real (nat_lit 25)
          (@instOfNatAtLeastTwo.{0} Real (nat_lit 25) Real.instNatCast
            (@Nat.instAtLeastTwoHAddOfNat (@OfNat.ofNat.{0} Nat (nat_lit 24) (instOfNatNat (nat_lit 24)))
              (@Nat.instNeZeroSucc (@OfNat.ofNat.{0} Nat (nat_lit 23) (instOfNatNat (nat_lit 23))))))))
      (Complex.re z)),
  @AnalyticOnNhd.{0, 0, 0} Complex Complex Complex
    (@DenselyNormedField.toNontriviallyNormedField.{0} Complex Complex.instDenselyNormedField)
    Complex.instNormedAddCommGroup
    (@NonUnitalCStarAlgebra.toNormedSpace.{0} Complex
      (@NonUnitalCommCStarAlgebra.toNonUnitalCStarAlgebra.{0} Complex
        (@CommCStarAlgebra.toNonUnitalCommCStarAlgebra.{0} Complex instCommCStarAlgebraComplex)))
    Complex.instNormedAddCommGroup
    (@NonUnitalCStarAlgebra.toNormedSpace.{0} Complex
      (@NonUnitalCommCStarAlgebra.toNonUnitalCStarAlgebra.{0} Complex
        (@CommCStarAlgebra.toNonUnitalCommCStarAlgebra.{0} Complex instCommCStarAlgebraComplex)))
    (fun (x : Complex) => OAI.SevenEighths.ProbePhysical.globalClosedCorrection η S x w z)
    (@Set.ofPred.{0} Complex fun (x : Complex) =>
      @LT.lt.{0} Real Real.instLT
        (@HDiv.hDiv.{0, 0, 0} Real Real Real (@instHDiv.{0} Real (@DivInvMonoid.toDiv.{0} Real Real.instDivInvMonoid))
          (@OfNat.ofNat.{0} Real (nat_lit 21)
            (@instOfNatAtLeastTwo.{0} Real (nat_lit 21) Real.instNatCast
              (@Nat.instAtLeastTwoHAddOfNat (@OfNat.ofNat.{0} Nat (nat_lit 20) (instOfNatNat (nat_lit 20)))
                (@Nat.instNeZeroSucc (@OfNat.ofNat.{0} Nat (nat_lit 19) (instOfNatNat (nat_lit 19)))))))
          (@OfNat.ofNat.{0} Real (nat_lit 25)
            (@instOfNatAtLeastTwo.{0} Real (nat_lit 25) Real.instNatCast
              (@Nat.instAtLeastTwoHAddOfNat (@OfNat.ofNat.{0} Nat (nat_lit 24) (instOfNatNat (nat_lit 24)))
                (@Nat.instNeZeroSucc (@OfNat.ofNat.{0} Nat (nat_lit 23) (instOfNatNat (nat_lit 23))))))))
        (Complex.re x))
'OAI.SevenEighths.ProbePhysical.globalClosedCorrection_analytic_x_lowKappa' depends on axioms: [propext,
 Classical.choice,
 Quot.sound]
OAI.SevenEighths.ProbePhysical.globalClosedCorrection_analytic_w_lowKappa : ∀
  (η : OAI.SevenEighths.HeckeFamily.Character)
  (S :
    Finset.{0}
      (@Ideal.{0} OAI.ActualEisensteinCubic.O
        (@CommSemiring.toSemiring.{0} OAI.ActualEisensteinCubic.O
          (@CommRing.toCommSemiring.{0} OAI.ActualEisensteinCubic.O
            (@NumberField.instCommRingRingOfIntegers.{0} OAI.ActualEisensteinCubic.K
              (@CyclotomicField.instField.{0} (@OfNat.ofNat.{0} Nat (nat_lit 3) (instOfNatNat (nat_lit 3))) Rat
                Rat.instField))))))
  (hS : OAI.SevenEighths.ProbePhysical.CorrectionTail S) (x z : Complex)
  (hx :
    @LE.le.{0} Real Real.instLE
      (@HDiv.hDiv.{0, 0, 0} Real Real Real (@instHDiv.{0} Real (@DivInvMonoid.toDiv.{0} Real Real.instDivInvMonoid))
        (@OfNat.ofNat.{0} Real (nat_lit 21)
          (@instOfNatAtLeastTwo.{0} Real (nat_lit 21) Real.instNatCast
            (@Nat.instAtLeastTwoHAddOfNat (@OfNat.ofNat.{0} Nat (nat_lit 20) (instOfNatNat (nat_lit 20)))
              (@Nat.instNeZeroSucc (@OfNat.ofNat.{0} Nat (nat_lit 19) (instOfNatNat (nat_lit 19)))))))
        (@OfNat.ofNat.{0} Real (nat_lit 25)
          (@instOfNatAtLeastTwo.{0} Real (nat_lit 25) Real.instNatCast
            (@Nat.instAtLeastTwoHAddOfNat (@OfNat.ofNat.{0} Nat (nat_lit 24) (instOfNatNat (nat_lit 24)))
              (@Nat.instNeZeroSucc (@OfNat.ofNat.{0} Nat (nat_lit 23) (instOfNatNat (nat_lit 23))))))))
      (Complex.re x))
  (hz :
    @LE.le.{0} Real Real.instLE
      (@HDiv.hDiv.{0, 0, 0} Real Real Real (@instHDiv.{0} Real (@DivInvMonoid.toDiv.{0} Real Real.instDivInvMonoid))
        (@OfNat.ofNat.{0} Real (nat_lit 4)
          (@instOfNatAtLeastTwo.{0} Real (nat_lit 4) Real.instNatCast
            (@Nat.instAtLeastTwoHAddOfNat (@OfNat.ofNat.{0} Nat (nat_lit 3) (instOfNatNat (nat_lit 3)))
              (@Nat.instNeZeroSucc (@OfNat.ofNat.{0} Nat (nat_lit 2) (instOfNatNat (nat_lit 2)))))))
        (@OfNat.ofNat.{0} Real (nat_lit 25)
          (@instOfNatAtLeastTwo.{0} Real (nat_lit 25) Real.instNatCast
            (@Nat.instAtLeastTwoHAddOfNat (@OfNat.ofNat.{0} Nat (nat_lit 24) (instOfNatNat (nat_lit 24)))
              (@Nat.instNeZeroSucc (@OfNat.ofNat.{0} Nat (nat_lit 23) (instOfNatNat (nat_lit 23))))))))
      (Complex.re z)),
  @AnalyticOnNhd.{0, 0, 0} Complex Complex Complex
    (@DenselyNormedField.toNontriviallyNormedField.{0} Complex Complex.instDenselyNormedField)
    Complex.instNormedAddCommGroup
    (@NonUnitalCStarAlgebra.toNormedSpace.{0} Complex
      (@NonUnitalCommCStarAlgebra.toNonUnitalCStarAlgebra.{0} Complex
        (@CommCStarAlgebra.toNonUnitalCommCStarAlgebra.{0} Complex instCommCStarAlgebraComplex)))
    Complex.instNormedAddCommGroup
    (@NonUnitalCStarAlgebra.toNormedSpace.{0} Complex
      (@NonUnitalCommCStarAlgebra.toNonUnitalCStarAlgebra.{0} Complex
        (@CommCStarAlgebra.toNonUnitalCommCStarAlgebra.{0} Complex instCommCStarAlgebraComplex)))
    (fun (w : Complex) => OAI.SevenEighths.ProbePhysical.globalClosedCorrection η S x w z)
    (@Set.ofPred.{0} Complex fun (w : Complex) =>
      @LT.lt.{0} Real Real.instLT
        (@HDiv.hDiv.{0, 0, 0} Real Real Real (@instHDiv.{0} Real (@DivInvMonoid.toDiv.{0} Real Real.instDivInvMonoid))
          (@OfNat.ofNat.{0} Real (nat_lit 9)
            (@instOfNatAtLeastTwo.{0} Real (nat_lit 9) Real.instNatCast
              (@Nat.instAtLeastTwoHAddOfNat (@OfNat.ofNat.{0} Nat (nat_lit 8) (instOfNatNat (nat_lit 8)))
                (@Nat.instNeZeroSucc (@OfNat.ofNat.{0} Nat (nat_lit 7) (instOfNatNat (nat_lit 7)))))))
          (@OfNat.ofNat.{0} Real (nat_lit 10)
            (@instOfNatAtLeastTwo.{0} Real (nat_lit 10) Real.instNatCast
              (@Nat.instAtLeastTwoHAddOfNat (@OfNat.ofNat.{0} Nat (nat_lit 9) (instOfNatNat (nat_lit 9)))
                (@Nat.instNeZeroSucc (@OfNat.ofNat.{0} Nat (nat_lit 8) (instOfNatNat (nat_lit 8))))))))
        (Complex.re w))
'OAI.SevenEighths.ProbePhysical.globalClosedCorrection_analytic_w_lowKappa' depends on axioms: [propext,
 Classical.choice,
 Quot.sound]
OAI.SevenEighths.ProbePhysical.globalClosedCorrection_analytic_z_lowKappa : ∀
  (η : OAI.SevenEighths.HeckeFamily.Character)
  (S :
    Finset.{0}
      (@Ideal.{0} OAI.ActualEisensteinCubic.O
        (@CommSemiring.toSemiring.{0} OAI.ActualEisensteinCubic.O
          (@CommRing.toCommSemiring.{0} OAI.ActualEisensteinCubic.O
            (@NumberField.instCommRingRingOfIntegers.{0} OAI.ActualEisensteinCubic.K
              (@CyclotomicField.instField.{0} (@OfNat.ofNat.{0} Nat (nat_lit 3) (instOfNatNat (nat_lit 3))) Rat
                Rat.instField))))))
  (hS : OAI.SevenEighths.ProbePhysical.CorrectionTail S) (x w : Complex)
  (hx :
    @LE.le.{0} Real Real.instLE
      (@HDiv.hDiv.{0, 0, 0} Real Real Real (@instHDiv.{0} Real (@DivInvMonoid.toDiv.{0} Real Real.instDivInvMonoid))
        (@OfNat.ofNat.{0} Real (nat_lit 21)
          (@instOfNatAtLeastTwo.{0} Real (nat_lit 21) Real.instNatCast
            (@Nat.instAtLeastTwoHAddOfNat (@OfNat.ofNat.{0} Nat (nat_lit 20) (instOfNatNat (nat_lit 20)))
              (@Nat.instNeZeroSucc (@OfNat.ofNat.{0} Nat (nat_lit 19) (instOfNatNat (nat_lit 19)))))))
        (@OfNat.ofNat.{0} Real (nat_lit 25)
          (@instOfNatAtLeastTwo.{0} Real (nat_lit 25) Real.instNatCast
            (@Nat.instAtLeastTwoHAddOfNat (@OfNat.ofNat.{0} Nat (nat_lit 24) (instOfNatNat (nat_lit 24)))
              (@Nat.instNeZeroSucc (@OfNat.ofNat.{0} Nat (nat_lit 23) (instOfNatNat (nat_lit 23))))))))
      (Complex.re x))
  (hw :
    @LE.le.{0} Real Real.instLE
      (@HDiv.hDiv.{0, 0, 0} Real Real Real (@instHDiv.{0} Real (@DivInvMonoid.toDiv.{0} Real Real.instDivInvMonoid))
        (@OfNat.ofNat.{0} Real (nat_lit 9)
          (@instOfNatAtLeastTwo.{0} Real (nat_lit 9) Real.instNatCast
            (@Nat.instAtLeastTwoHAddOfNat (@OfNat.ofNat.{0} Nat (nat_lit 8) (instOfNatNat (nat_lit 8)))
              (@Nat.instNeZeroSucc (@OfNat.ofNat.{0} Nat (nat_lit 7) (instOfNatNat (nat_lit 7)))))))
        (@OfNat.ofNat.{0} Real (nat_lit 10)
          (@instOfNatAtLeastTwo.{0} Real (nat_lit 10) Real.instNatCast
            (@Nat.instAtLeastTwoHAddOfNat (@OfNat.ofNat.{0} Nat (nat_lit 9) (instOfNatNat (nat_lit 9)))
              (@Nat.instNeZeroSucc (@OfNat.ofNat.{0} Nat (nat_lit 8) (instOfNatNat (nat_lit 8))))))))
      (Complex.re w)),
  @AnalyticOnNhd.{0, 0, 0} Complex Complex Complex
    (@DenselyNormedField.toNontriviallyNormedField.{0} Complex Complex.instDenselyNormedField)
    Complex.instNormedAddCommGroup
    (@NonUnitalCStarAlgebra.toNormedSpace.{0} Complex
      (@NonUnitalCommCStarAlgebra.toNonUnitalCStarAlgebra.{0} Complex
        (@CommCStarAlgebra.toNonUnitalCommCStarAlgebra.{0} Complex instCommCStarAlgebraComplex)))
    Complex.instNormedAddCommGroup
    (@NonUnitalCStarAlgebra.toNormedSpace.{0} Complex
      (@NonUnitalCommCStarAlgebra.toNonUnitalCStarAlgebra.{0} Complex
        (@CommCStarAlgebra.toNonUnitalCommCStarAlgebra.{0} Complex instCommCStarAlgebraComplex)))
    (fun (z : Complex) => OAI.SevenEighths.ProbePhysical.globalClosedCorrection η S x w z)
    (@Set.ofPred.{0} Complex fun (z : Complex) =>
      @LT.lt.{0} Real Real.instLT
        (@HDiv.hDiv.{0, 0, 0} Real Real Real (@instHDiv.{0} Real (@DivInvMonoid.toDiv.{0} Real Real.instDivInvMonoid))
          (@OfNat.ofNat.{0} Real (nat_lit 4)
            (@instOfNatAtLeastTwo.{0} Real (nat_lit 4) Real.instNatCast
              (@Nat.instAtLeastTwoHAddOfNat (@OfNat.ofNat.{0} Nat (nat_lit 3) (instOfNatNat (nat_lit 3)))
                (@Nat.instNeZeroSucc (@OfNat.ofNat.{0} Nat (nat_lit 2) (instOfNatNat (nat_lit 2)))))))
          (@OfNat.ofNat.{0} Real (nat_lit 25)
            (@instOfNatAtLeastTwo.{0} Real (nat_lit 25) Real.instNatCast
              (@Nat.instAtLeastTwoHAddOfNat (@OfNat.ofNat.{0} Nat (nat_lit 24) (instOfNatNat (nat_lit 24)))
                (@Nat.instNeZeroSucc (@OfNat.ofNat.{0} Nat (nat_lit 23) (instOfNatNat (nat_lit 23))))))))
        (Complex.re z))
'OAI.SevenEighths.ProbePhysical.globalClosedCorrection_analytic_z_lowKappa' depends on axioms: [propext,
 Classical.choice,
 Quot.sound]
OAI.SevenEighths.PrincipalSignalComparison.sourceCorrection_analytic_lowKappa : ∀
  (eta : OAI.SevenEighths.HeckeFamily.Character)
  (S :
    Finset.{0}
      (@Ideal.{0} OAI.SevenEighths.HeckeFamily.O
        (@CommSemiring.toSemiring.{0} OAI.SevenEighths.HeckeFamily.O
          (@CommRing.toCommSemiring.{0} OAI.SevenEighths.HeckeFamily.O
            (@NumberField.instCommRingRingOfIntegers.{0} OAI.SevenEighths.HeckeFamily.K
              (@CyclotomicField.instField.{0} (@OfNat.ofNat.{0} Nat (nat_lit 3) (instOfNatNat (nat_lit 3))) Rat
                Rat.instField))))))
  (hS : OAI.SevenEighths.ProbePhysical.SourceExclusions S),
  @AnalyticOnNhd.{0, 0, 0} Complex Complex Complex
    (@DenselyNormedField.toNontriviallyNormedField.{0} Complex Complex.instDenselyNormedField)
    Complex.instNormedAddCommGroup
    (@NonUnitalCStarAlgebra.toNormedSpace.{0} Complex
      (@NonUnitalCommCStarAlgebra.toNonUnitalCStarAlgebra.{0} Complex
        (@CommCStarAlgebra.toNonUnitalCommCStarAlgebra.{0} Complex instCommCStarAlgebraComplex)))
    Complex.instNormedAddCommGroup
    (@NonUnitalCStarAlgebra.toNormedSpace.{0} Complex
      (@NonUnitalCommCStarAlgebra.toNonUnitalCStarAlgebra.{0} Complex
        (@CommCStarAlgebra.toNonUnitalCommCStarAlgebra.{0} Complex instCommCStarAlgebraComplex)))
    (OAI.SevenEighths.PrincipalSignalComparison.sourceCorrection eta S)
    (@Set.ofPred.{0} Complex fun (s : Complex) =>
      @LT.lt.{0} Real Real.instLT
        (@HDiv.hDiv.{0, 0, 0} Real Real Real (@instHDiv.{0} Real (@DivInvMonoid.toDiv.{0} Real Real.instDivInvMonoid))
          (@OfNat.ofNat.{0} Real (nat_lit 21)
            (@instOfNatAtLeastTwo.{0} Real (nat_lit 21) Real.instNatCast
              (@Nat.instAtLeastTwoHAddOfNat (@OfNat.ofNat.{0} Nat (nat_lit 20) (instOfNatNat (nat_lit 20)))
                (@Nat.instNeZeroSucc (@OfNat.ofNat.{0} Nat (nat_lit 19) (instOfNatNat (nat_lit 19)))))))
          (@OfNat.ofNat.{0} Real (nat_lit 25)
            (@instOfNatAtLeastTwo.{0} Real (nat_lit 25) Real.instNatCast
              (@Nat.instAtLeastTwoHAddOfNat (@OfNat.ofNat.{0} Nat (nat_lit 24) (instOfNatNat (nat_lit 24)))
                (@Nat.instNeZeroSucc (@OfNat.ofNat.{0} Nat (nat_lit 23) (instOfNatNat (nat_lit 23))))))))
        (Complex.re s))
'OAI.SevenEighths.PrincipalSignalComparison.sourceCorrection_analytic_lowKappa' depends on axioms: [propext,
 Classical.choice,
 Quot.sound]
OAI.SevenEighths.PrincipalSignalComparison.sourceCorrection_differentiable_lowKappa : ∀
  (eta : OAI.SevenEighths.HeckeFamily.Character)
  (S :
    Finset.{0}
      (@Ideal.{0} OAI.SevenEighths.HeckeFamily.O
        (@CommSemiring.toSemiring.{0} OAI.SevenEighths.HeckeFamily.O
          (@CommRing.toCommSemiring.{0} OAI.SevenEighths.HeckeFamily.O
            (@NumberField.instCommRingRingOfIntegers.{0} OAI.SevenEighths.HeckeFamily.K
              (@CyclotomicField.instField.{0} (@OfNat.ofNat.{0} Nat (nat_lit 3) (instOfNatNat (nat_lit 3))) Rat
                Rat.instField))))))
  (hS : OAI.SevenEighths.ProbePhysical.SourceExclusions S),
  @DifferentiableOn.{0, 0, 0} Complex
    (@DenselyNormedField.toNontriviallyNormedField.{0} Complex Complex.instDenselyNormedField) Complex
    Complex.addCommGroup
    (@Semiring.toModule.{0} Complex
      (@CommSemiring.toSemiring.{0} Complex
        (@Semifield.toCommSemiring.{0} Complex
          (@Field.toSemifield.{0} Complex
            (@NormedField.toField.{0} Complex
              (@NontriviallyNormedField.toNormedField.{0} Complex
                (@DenselyNormedField.toNontriviallyNormedField.{0} Complex Complex.instDenselyNormedField)))))))
    (@UniformSpace.toTopologicalSpace.{0} Complex
      (@PseudoMetricSpace.toUniformSpace.{0} Complex
        (@SeminormedRing.toPseudoMetricSpace.{0} Complex
          (@SeminormedCommRing.toSeminormedRing.{0} Complex
            (@NormedCommRing.toSeminormedCommRing.{0} Complex
              (@CommCStarAlgebra.toNormedCommRing.{0} Complex instCommCStarAlgebraComplex))))))
    Complex Complex.addCommGroup
    (@Semiring.toModule.{0} Complex
      (@CommSemiring.toSemiring.{0} Complex
        (@Semifield.toCommSemiring.{0} Complex
          (@Field.toSemifield.{0} Complex
            (@NormedField.toField.{0} Complex
              (@NontriviallyNormedField.toNormedField.{0} Complex
                (@DenselyNormedField.toNontriviallyNormedField.{0} Complex Complex.instDenselyNormedField)))))))
    (@UniformSpace.toTopologicalSpace.{0} Complex
      (@PseudoMetricSpace.toUniformSpace.{0} Complex
        (@SeminormedRing.toPseudoMetricSpace.{0} Complex
          (@SeminormedCommRing.toSeminormedRing.{0} Complex
            (@NormedCommRing.toSeminormedCommRing.{0} Complex
              (@CommCStarAlgebra.toNormedCommRing.{0} Complex instCommCStarAlgebraComplex))))))
    (OAI.SevenEighths.PrincipalSignalComparison.sourceCorrection eta S)
    (@Set.ofPred.{0} Complex fun (s : Complex) =>
      @LT.lt.{0} Real Real.instLT
        (@HDiv.hDiv.{0, 0, 0} Real Real Real (@instHDiv.{0} Real (@DivInvMonoid.toDiv.{0} Real Real.instDivInvMonoid))
          (@OfNat.ofNat.{0} Real (nat_lit 21)
            (@instOfNatAtLeastTwo.{0} Real (nat_lit 21) Real.instNatCast
              (@Nat.instAtLeastTwoHAddOfNat (@OfNat.ofNat.{0} Nat (nat_lit 20) (instOfNatNat (nat_lit 20)))
                (@Nat.instNeZeroSucc (@OfNat.ofNat.{0} Nat (nat_lit 19) (instOfNatNat (nat_lit 19)))))))
          (@OfNat.ofNat.{0} Real (nat_lit 25)
            (@instOfNatAtLeastTwo.{0} Real (nat_lit 25) Real.instNatCast
              (@Nat.instAtLeastTwoHAddOfNat (@OfNat.ofNat.{0} Nat (nat_lit 24) (instOfNatNat (nat_lit 24)))
                (@Nat.instNeZeroSucc (@OfNat.ofNat.{0} Nat (nat_lit 23) (instOfNatNat (nat_lit 23))))))))
        (Complex.re s))
'OAI.SevenEighths.PrincipalSignalComparison.sourceCorrection_differentiable_lowKappa' depends on axioms: [propext,
 Classical.choice,
 Quot.sound]
OAI.SevenEighths.PrincipalSignalComparison.sourceCorrection_bound_lowKappa : ∀
  (eta : OAI.SevenEighths.HeckeFamily.Character)
  (S :
    Finset.{0}
      (@Ideal.{0} OAI.SevenEighths.HeckeFamily.O
        (@CommSemiring.toSemiring.{0} OAI.SevenEighths.HeckeFamily.O
          (@CommRing.toCommSemiring.{0} OAI.SevenEighths.HeckeFamily.O
            (@NumberField.instCommRingRingOfIntegers.{0} OAI.SevenEighths.HeckeFamily.K
              (@CyclotomicField.instField.{0} (@OfNat.ofNat.{0} Nat (nat_lit 3) (instOfNatNat (nat_lit 3))) Rat
                Rat.instField))))))
  (hS : OAI.SevenEighths.ProbePhysical.SourceExclusions S) (s : Complex)
  (hs :
    @LE.le.{0} Real Real.instLE
      (@HDiv.hDiv.{0, 0, 0} Real Real Real (@instHDiv.{0} Real (@DivInvMonoid.toDiv.{0} Real Real.instDivInvMonoid))
        (@OfNat.ofNat.{0} Real (nat_lit 21)
          (@instOfNatAtLeastTwo.{0} Real (nat_lit 21) Real.instNatCast
            (@Nat.instAtLeastTwoHAddOfNat (@OfNat.ofNat.{0} Nat (nat_lit 20) (instOfNatNat (nat_lit 20)))
              (@Nat.instNeZeroSucc (@OfNat.ofNat.{0} Nat (nat_lit 19) (instOfNatNat (nat_lit 19)))))))
        (@OfNat.ofNat.{0} Real (nat_lit 25)
          (@instOfNatAtLeastTwo.{0} Real (nat_lit 25) Real.instNatCast
            (@Nat.instAtLeastTwoHAddOfNat (@OfNat.ofNat.{0} Nat (nat_lit 24) (instOfNatNat (nat_lit 24)))
              (@Nat.instNeZeroSucc (@OfNat.ofNat.{0} Nat (nat_lit 23) (instOfNatNat (nat_lit 23))))))))
      (Complex.re s)),
  @LE.le.{0} Real Real.instLE
    (@Norm.norm.{0} Complex Complex.instNorm
      (@HSub.hSub.{0, 0, 0} Complex Complex Complex (@instHSub.{0} Complex Complex.instSub)
        (OAI.SevenEighths.PrincipalSignalComparison.sourceCorrection eta S s)
        (@OfNat.ofNat.{0} Complex (nat_lit 1) (@One.toOfNat1.{0} Complex Complex.instOne))))
    (@HDiv.hDiv.{0, 0, 0} Real Real Real (@instHDiv.{0} Real (@DivInvMonoid.toDiv.{0} Real Real.instDivInvMonoid))
      (@OfNat.ofNat.{0} Real (nat_lit 1) (@One.toOfNat1.{0} Real Real.instOne))
      (@OfNat.ofNat.{0} Real (nat_lit 2)
        (@instOfNatAtLeastTwo.{0} Real (nat_lit 2) Real.instNatCast
          (@Nat.instAtLeastTwoHAddOfNat (@OfNat.ofNat.{0} Nat (nat_lit 1) (instOfNatNat (nat_lit 1)))
            (@Nat.instNeZeroSucc (@OfNat.ofNat.{0} Nat (nat_lit 0) (instOfNatNat (nat_lit 0))))))))
'OAI.SevenEighths.PrincipalSignalComparison.sourceCorrection_bound_lowKappa' depends on axioms: [propext,
 Classical.choice,
 Quot.sound]
OAI.SevenEighths.PrincipalSignalComparison.sourceCorrection_on_lower_halfplane_lowKappa : ∀
  (eta : OAI.SevenEighths.HeckeFamily.Character)
  (S :
    Finset.{0}
      (@Ideal.{0} OAI.SevenEighths.HeckeFamily.O
        (@CommSemiring.toSemiring.{0} OAI.SevenEighths.HeckeFamily.O
          (@CommRing.toCommSemiring.{0} OAI.SevenEighths.HeckeFamily.O
            (@NumberField.instCommRingRingOfIntegers.{0} OAI.SevenEighths.HeckeFamily.K
              (@CyclotomicField.instField.{0} (@OfNat.ofNat.{0} Nat (nat_lit 3) (instOfNatNat (nat_lit 3))) Rat
                Rat.instField))))))
  (hS : OAI.SevenEighths.ProbePhysical.SourceExclusions S) {sigma : Real}
  (hsigma :
    @LE.le.{0} Real Real.instLE
      (@HDiv.hDiv.{0, 0, 0} Real Real Real (@instHDiv.{0} Real (@DivInvMonoid.toDiv.{0} Real Real.instDivInvMonoid))
        (@OfNat.ofNat.{0} Real (nat_lit 21)
          (@instOfNatAtLeastTwo.{0} Real (nat_lit 21) Real.instNatCast
            (@Nat.instAtLeastTwoHAddOfNat (@OfNat.ofNat.{0} Nat (nat_lit 20) (instOfNatNat (nat_lit 20)))
              (@Nat.instNeZeroSucc (@OfNat.ofNat.{0} Nat (nat_lit 19) (instOfNatNat (nat_lit 19)))))))
        (@OfNat.ofNat.{0} Real (nat_lit 25)
          (@instOfNatAtLeastTwo.{0} Real (nat_lit 25) Real.instNatCast
            (@Nat.instAtLeastTwoHAddOfNat (@OfNat.ofNat.{0} Nat (nat_lit 24) (instOfNatNat (nat_lit 24)))
              (@Nat.instNeZeroSucc (@OfNat.ofNat.{0} Nat (nat_lit 23) (instOfNatNat (nat_lit 23))))))))
      sigma),
  And
    (@AnalyticOnNhd.{0, 0, 0} Complex Complex Complex
      (@DenselyNormedField.toNontriviallyNormedField.{0} Complex Complex.instDenselyNormedField)
      Complex.instNormedAddCommGroup
      (@NonUnitalCStarAlgebra.toNormedSpace.{0} Complex
        (@NonUnitalCommCStarAlgebra.toNonUnitalCStarAlgebra.{0} Complex
          (@CommCStarAlgebra.toNonUnitalCommCStarAlgebra.{0} Complex instCommCStarAlgebraComplex)))
      Complex.instNormedAddCommGroup
      (@NonUnitalCStarAlgebra.toNormedSpace.{0} Complex
        (@NonUnitalCommCStarAlgebra.toNonUnitalCStarAlgebra.{0} Complex
          (@CommCStarAlgebra.toNonUnitalCommCStarAlgebra.{0} Complex instCommCStarAlgebraComplex)))
      (OAI.SevenEighths.PrincipalSignalComparison.sourceCorrection eta S)
      (@Set.ofPred.{0} Complex fun (s : Complex) => @LT.lt.{0} Real Real.instLT sigma (Complex.re s)))
    (∀ (s : Complex),
      @LT.lt.{0} Real Real.instLT sigma (Complex.re s) →
        @LE.le.{0} Real Real.instLE
          (@Norm.norm.{0} Complex Complex.instNorm
            (@HSub.hSub.{0, 0, 0} Complex Complex Complex (@instHSub.{0} Complex Complex.instSub)
              (OAI.SevenEighths.PrincipalSignalComparison.sourceCorrection eta S s)
              (@OfNat.ofNat.{0} Complex (nat_lit 1) (@One.toOfNat1.{0} Complex Complex.instOne))))
          (@HDiv.hDiv.{0, 0, 0} Real Real Real (@instHDiv.{0} Real (@DivInvMonoid.toDiv.{0} Real Real.instDivInvMonoid))
            (@OfNat.ofNat.{0} Real (nat_lit 1) (@One.toOfNat1.{0} Real Real.instOne))
            (@OfNat.ofNat.{0} Real (nat_lit 2)
              (@instOfNatAtLeastTwo.{0} Real (nat_lit 2) Real.instNatCast
                (@Nat.instAtLeastTwoHAddOfNat (@OfNat.ofNat.{0} Nat (nat_lit 1) (instOfNatNat (nat_lit 1)))
                  (@Nat.instNeZeroSucc (@OfNat.ofNat.{0} Nat (nat_lit 0) (instOfNatNat (nat_lit 0)))))))))
'OAI.SevenEighths.PrincipalSignalComparison.sourceCorrection_on_lower_halfplane_lowKappa' depends on axioms: [propext,
 Classical.choice,
 Quot.sound]
OAI.SevenEighths.PrincipalSignalComparison.exists_actual_sourceCorrection_uniform_lowKappa : @Exists.{1}
  (Finset.{0}
    (@Ideal.{0} OAI.ActualEisensteinCubic.O
      (@CommSemiring.toSemiring.{0} OAI.ActualEisensteinCubic.O
        (@CommRing.toCommSemiring.{0} OAI.ActualEisensteinCubic.O
          (@NumberField.instCommRingRingOfIntegers.{0} OAI.ActualEisensteinCubic.K
            (@CyclotomicField.instField.{0} (@OfNat.ofNat.{0} Nat (nat_lit 3) (instOfNatNat (nat_lit 3))) Rat
              Rat.instField))))))
  fun
    (S :
      Finset.{0}
        (@Ideal.{0} OAI.ActualEisensteinCubic.O
          (@CommSemiring.toSemiring.{0} OAI.ActualEisensteinCubic.O
            (@CommRing.toCommSemiring.{0} OAI.ActualEisensteinCubic.O
              (@NumberField.instCommRingRingOfIntegers.{0} OAI.ActualEisensteinCubic.K
                (@CyclotomicField.instField.{0} (@OfNat.ofNat.{0} Nat (nat_lit 3) (instOfNatNat (nat_lit 3))) Rat
                  Rat.instField)))))) =>
  And (OAI.SevenEighths.ProbePhysical.SourceExclusions S)
    (∀ (eta : OAI.SevenEighths.HeckeFamily.Character),
      And
        (@AnalyticOnNhd.{0, 0, 0} Complex Complex Complex
          (@DenselyNormedField.toNontriviallyNormedField.{0} Complex Complex.instDenselyNormedField)
          Complex.instNormedAddCommGroup
          (@NonUnitalCStarAlgebra.toNormedSpace.{0} Complex
            (@NonUnitalCommCStarAlgebra.toNonUnitalCStarAlgebra.{0} Complex
              (@CommCStarAlgebra.toNonUnitalCommCStarAlgebra.{0} Complex instCommCStarAlgebraComplex)))
          Complex.instNormedAddCommGroup
          (@NonUnitalCStarAlgebra.toNormedSpace.{0} Complex
            (@NonUnitalCommCStarAlgebra.toNonUnitalCStarAlgebra.{0} Complex
              (@CommCStarAlgebra.toNonUnitalCommCStarAlgebra.{0} Complex instCommCStarAlgebraComplex)))
          (OAI.SevenEighths.PrincipalSignalComparison.sourceCorrection eta S)
          (@Set.ofPred.{0} Complex fun (s : Complex) =>
            @LT.lt.{0} Real Real.instLT
              (@HDiv.hDiv.{0, 0, 0} Real Real Real
                (@instHDiv.{0} Real (@DivInvMonoid.toDiv.{0} Real Real.instDivInvMonoid))
                (@OfNat.ofNat.{0} Real (nat_lit 21)
                  (@instOfNatAtLeastTwo.{0} Real (nat_lit 21) Real.instNatCast
                    (@Nat.instAtLeastTwoHAddOfNat (@OfNat.ofNat.{0} Nat (nat_lit 20) (instOfNatNat (nat_lit 20)))
                      (@Nat.instNeZeroSucc (@OfNat.ofNat.{0} Nat (nat_lit 19) (instOfNatNat (nat_lit 19)))))))
                (@OfNat.ofNat.{0} Real (nat_lit 25)
                  (@instOfNatAtLeastTwo.{0} Real (nat_lit 25) Real.instNatCast
                    (@Nat.instAtLeastTwoHAddOfNat (@OfNat.ofNat.{0} Nat (nat_lit 24) (instOfNatNat (nat_lit 24)))
                      (@Nat.instNeZeroSucc (@OfNat.ofNat.{0} Nat (nat_lit 23) (instOfNatNat (nat_lit 23))))))))
              (Complex.re s)))
        (∀ (s : Complex),
          @LE.le.{0} Real Real.instLE
              (@HDiv.hDiv.{0, 0, 0} Real Real Real
                (@instHDiv.{0} Real (@DivInvMonoid.toDiv.{0} Real Real.instDivInvMonoid))
                (@OfNat.ofNat.{0} Real (nat_lit 21)
                  (@instOfNatAtLeastTwo.{0} Real (nat_lit 21) Real.instNatCast
                    (@Nat.instAtLeastTwoHAddOfNat (@OfNat.ofNat.{0} Nat (nat_lit 20) (instOfNatNat (nat_lit 20)))
                      (@Nat.instNeZeroSucc (@OfNat.ofNat.{0} Nat (nat_lit 19) (instOfNatNat (nat_lit 19)))))))
                (@OfNat.ofNat.{0} Real (nat_lit 25)
                  (@instOfNatAtLeastTwo.{0} Real (nat_lit 25) Real.instNatCast
                    (@Nat.instAtLeastTwoHAddOfNat (@OfNat.ofNat.{0} Nat (nat_lit 24) (instOfNatNat (nat_lit 24)))
                      (@Nat.instNeZeroSucc (@OfNat.ofNat.{0} Nat (nat_lit 23) (instOfNatNat (nat_lit 23))))))))
              (Complex.re s) →
            @LE.le.{0} Real Real.instLE
              (@Norm.norm.{0} Complex Complex.instNorm
                (@HSub.hSub.{0, 0, 0} Complex Complex Complex (@instHSub.{0} Complex Complex.instSub)
                  (OAI.SevenEighths.PrincipalSignalComparison.sourceCorrection eta S s)
                  (@OfNat.ofNat.{0} Complex (nat_lit 1) (@One.toOfNat1.{0} Complex Complex.instOne))))
              (@HDiv.hDiv.{0, 0, 0} Real Real Real
                (@instHDiv.{0} Real (@DivInvMonoid.toDiv.{0} Real Real.instDivInvMonoid))
                (@OfNat.ofNat.{0} Real (nat_lit 1) (@One.toOfNat1.{0} Real Real.instOne))
                (@OfNat.ofNat.{0} Real (nat_lit 2)
                  (@instOfNatAtLeastTwo.{0} Real (nat_lit 2) Real.instNatCast
                    (@Nat.instAtLeastTwoHAddOfNat (@OfNat.ofNat.{0} Nat (nat_lit 1) (instOfNatNat (nat_lit 1)))
                      (@Nat.instNeZeroSucc (@OfNat.ofNat.{0} Nat (nat_lit 0) (instOfNatNat (nat_lit 0))))))))))
'OAI.SevenEighths.PrincipalSignalComparison.exists_actual_sourceCorrection_uniform_lowKappa' depends on axioms: [propext,
 Classical.choice,
 Quot.sound]
OAI.SevenEighths.PrincipalSignalComparison.exists_actual_sourceCorrection_uniform_halfplanes_lowKappa : @Exists.{1}
  (Finset.{0}
    (@Ideal.{0} OAI.ActualEisensteinCubic.O
      (@CommSemiring.toSemiring.{0} OAI.ActualEisensteinCubic.O
        (@CommRing.toCommSemiring.{0} OAI.ActualEisensteinCubic.O
          (@NumberField.instCommRingRingOfIntegers.{0} OAI.ActualEisensteinCubic.K
            (@CyclotomicField.instField.{0} (@OfNat.ofNat.{0} Nat (nat_lit 3) (instOfNatNat (nat_lit 3))) Rat
              Rat.instField))))))
  fun
    (S :
      Finset.{0}
        (@Ideal.{0} OAI.ActualEisensteinCubic.O
          (@CommSemiring.toSemiring.{0} OAI.ActualEisensteinCubic.O
            (@CommRing.toCommSemiring.{0} OAI.ActualEisensteinCubic.O
              (@NumberField.instCommRingRingOfIntegers.{0} OAI.ActualEisensteinCubic.K
                (@CyclotomicField.instField.{0} (@OfNat.ofNat.{0} Nat (nat_lit 3) (instOfNatNat (nat_lit 3))) Rat
                  Rat.instField)))))) =>
  And (OAI.SevenEighths.ProbePhysical.SourceExclusions S)
    (∀ (sigma : Real),
      @LE.le.{0} Real Real.instLE
          (@HDiv.hDiv.{0, 0, 0} Real Real Real (@instHDiv.{0} Real (@DivInvMonoid.toDiv.{0} Real Real.instDivInvMonoid))
            (@OfNat.ofNat.{0} Real (nat_lit 21)
              (@instOfNatAtLeastTwo.{0} Real (nat_lit 21) Real.instNatCast
                (@Nat.instAtLeastTwoHAddOfNat (@OfNat.ofNat.{0} Nat (nat_lit 20) (instOfNatNat (nat_lit 20)))
                  (@Nat.instNeZeroSucc (@OfNat.ofNat.{0} Nat (nat_lit 19) (instOfNatNat (nat_lit 19)))))))
            (@OfNat.ofNat.{0} Real (nat_lit 25)
              (@instOfNatAtLeastTwo.{0} Real (nat_lit 25) Real.instNatCast
                (@Nat.instAtLeastTwoHAddOfNat (@OfNat.ofNat.{0} Nat (nat_lit 24) (instOfNatNat (nat_lit 24)))
                  (@Nat.instNeZeroSucc (@OfNat.ofNat.{0} Nat (nat_lit 23) (instOfNatNat (nat_lit 23))))))))
          sigma →
        ∀ (eta : OAI.SevenEighths.HeckeFamily.Character),
          And
            (@AnalyticOnNhd.{0, 0, 0} Complex Complex Complex
              (@DenselyNormedField.toNontriviallyNormedField.{0} Complex Complex.instDenselyNormedField)
              Complex.instNormedAddCommGroup
              (@NonUnitalCStarAlgebra.toNormedSpace.{0} Complex
                (@NonUnitalCommCStarAlgebra.toNonUnitalCStarAlgebra.{0} Complex
                  (@CommCStarAlgebra.toNonUnitalCommCStarAlgebra.{0} Complex instCommCStarAlgebraComplex)))
              Complex.instNormedAddCommGroup
              (@NonUnitalCStarAlgebra.toNormedSpace.{0} Complex
                (@NonUnitalCommCStarAlgebra.toNonUnitalCStarAlgebra.{0} Complex
                  (@CommCStarAlgebra.toNonUnitalCommCStarAlgebra.{0} Complex instCommCStarAlgebraComplex)))
              (OAI.SevenEighths.PrincipalSignalComparison.sourceCorrection eta S)
              (@Set.ofPred.{0} Complex fun (s : Complex) => @LT.lt.{0} Real Real.instLT sigma (Complex.re s)))
            (∀ (s : Complex),
              @LE.le.{0} Real Real.instLE sigma (Complex.re s) →
                @LE.le.{0} Real Real.instLE
                  (@Norm.norm.{0} Complex Complex.instNorm
                    (@HSub.hSub.{0, 0, 0} Complex Complex Complex (@instHSub.{0} Complex Complex.instSub)
                      (OAI.SevenEighths.PrincipalSignalComparison.sourceCorrection eta S s)
                      (@OfNat.ofNat.{0} Complex (nat_lit 1) (@One.toOfNat1.{0} Complex Complex.instOne))))
                  (@HDiv.hDiv.{0, 0, 0} Real Real Real
                    (@instHDiv.{0} Real (@DivInvMonoid.toDiv.{0} Real Real.instDivInvMonoid))
                    (@OfNat.ofNat.{0} Real (nat_lit 1) (@One.toOfNat1.{0} Real Real.instOne))
                    (@OfNat.ofNat.{0} Real (nat_lit 2)
                      (@instOfNatAtLeastTwo.{0} Real (nat_lit 2) Real.instNatCast
                        (@Nat.instAtLeastTwoHAddOfNat (@OfNat.ofNat.{0} Nat (nat_lit 1) (instOfNatNat (nat_lit 1)))
                          (@Nat.instNeZeroSucc (@OfNat.ofNat.{0} Nat (nat_lit 0) (instOfNatNat (nat_lit 0))))))))))
'OAI.SevenEighths.PrincipalSignalComparison.exists_actual_sourceCorrection_uniform_halfplanes_lowKappa' depends on axioms: [propext,
 Classical.choice,
 Quot.sound]
@OAI.SevenEighths.HeckeDirichlet.dirichlet_ne_zero_of_hecke_halfplane : ∀ {sigma : Real}
  (hsigma :
    @LT.lt.{0} Real Real.instLT (@OfNat.ofNat.{0} Real (nat_lit 0) (@Zero.toOfNat0.{0} Real Real.instZero)) sigma)
  (hH :
    ∀ (eta : OAI.SevenEighths.HeckeFamily.Character) (s : Complex),
      @LT.lt.{0} Real Real.instLT sigma (Complex.re s) →
        Or (@Ne.{1} Complex s (@OfNat.ofNat.{0} Complex (nat_lit 1) (@One.toOfNat1.{0} Complex Complex.instOne)))
            (@Ne.{1}
              (@MulChar.{0, 0}
                (@HasQuotient.Quotient.{0, 0} OAI.SevenEighths.HeckeFamily.O
                  (@Ideal.{0} OAI.SevenEighths.HeckeFamily.O
                    (@CommSemiring.toSemiring.{0} OAI.SevenEighths.HeckeFamily.O
                      (@CommRing.toCommSemiring.{0} OAI.SevenEighths.HeckeFamily.O
                        (@NumberField.instCommRingRingOfIntegers.{0} OAI.SevenEighths.HeckeFamily.K
                          (@CyclotomicField.instField.{0} (@OfNat.ofNat.{0} Nat (nat_lit 3) (instOfNatNat (nat_lit 3)))
                            Rat Rat.instField)))))
                  (@Ideal.instHasQuotient_1.{0} OAI.SevenEighths.HeckeFamily.O
                    (@NumberField.instCommRingRingOfIntegers.{0} OAI.SevenEighths.HeckeFamily.K
                      (@CyclotomicField.instField.{0} (@OfNat.ofNat.{0} Nat (nat_lit 3) (instOfNatNat (nat_lit 3))) Rat
                        Rat.instField)))
                  (OAI.SevenEighths.HeckeFamily.Character.modulus eta))
                (@CommRing.toCommMonoid.{0}
                  (@HasQuotient.Quotient.{0, 0} OAI.SevenEighths.HeckeFamily.O
                    (@Ideal.{0} OAI.SevenEighths.HeckeFamily.O
                      (@CommSemiring.toSemiring.{0} OAI.SevenEighths.HeckeFamily.O
                        (@CommRing.toCommSemiring.{0} OAI.SevenEighths.HeckeFamily.O
                          (@NumberField.instCommRingRingOfIntegers.{0} OAI.SevenEighths.HeckeFamily.K
                            (@CyclotomicField.instField.{0}
                              (@OfNat.ofNat.{0} Nat (nat_lit 3) (instOfNatNat (nat_lit 3))) Rat Rat.instField)))))
                    (@Ideal.instHasQuotient_1.{0} OAI.SevenEighths.HeckeFamily.O
                      (@NumberField.instCommRingRingOfIntegers.{0} OAI.SevenEighths.HeckeFamily.K
                        (@CyclotomicField.instField.{0} (@OfNat.ofNat.{0} Nat (nat_lit 3) (instOfNatNat (nat_lit 3)))
                          Rat Rat.instField)))
                    (OAI.SevenEighths.HeckeFamily.Character.modulus eta))
                  (@Ideal.Quotient.commRing.{0} OAI.SevenEighths.HeckeFamily.O
                    (@NumberField.instCommRingRingOfIntegers.{0} OAI.SevenEighths.HeckeFamily.K
                      (@CyclotomicField.instField.{0} (@OfNat.ofNat.{0} Nat (nat_lit 3) (instOfNatNat (nat_lit 3))) Rat
                        Rat.instField))
                    (OAI.SevenEighths.HeckeFamily.Character.modulus eta)))
                Complex
                (@CommGroupWithZero.toCommMonoidWithZero.{0} Complex
                  (@Semifield.toCommGroupWithZero.{0} Complex (@Field.toSemifield.{0} Complex Complex.instField))))
              (OAI.SevenEighths.HeckeFamily.Character.residue eta)
              (@OfNat.ofNat.{0}
                (@MulChar.{0, 0}
                  (@HasQuotient.Quotient.{0, 0} OAI.SevenEighths.HeckeFamily.O
                    (@Ideal.{0} OAI.SevenEighths.HeckeFamily.O
                      (@CommSemiring.toSemiring.{0} OAI.SevenEighths.HeckeFamily.O
                        (@CommRing.toCommSemiring.{0} OAI.SevenEighths.HeckeFamily.O
                          (@NumberField.instCommRingRingOfIntegers.{0} OAI.SevenEighths.HeckeFamily.K
                            (@CyclotomicField.instField.{0}
                              (@OfNat.ofNat.{0} Nat (nat_lit 3) (instOfNatNat (nat_lit 3))) Rat Rat.instField)))))
                    (@Ideal.instHasQuotient_1.{0} OAI.SevenEighths.HeckeFamily.O
                      (@NumberField.instCommRingRingOfIntegers.{0} OAI.SevenEighths.HeckeFamily.K
                        (@CyclotomicField.instField.{0} (@OfNat.ofNat.{0} Nat (nat_lit 3) (instOfNatNat (nat_lit 3)))
                          Rat Rat.instField)))
                    (OAI.SevenEighths.HeckeFamily.Character.modulus eta))
                  (@CommRing.toCommMonoid.{0}
                    (@HasQuotient.Quotient.{0, 0} OAI.SevenEighths.HeckeFamily.O
                      (@Ideal.{0} OAI.SevenEighths.HeckeFamily.O
                        (@CommSemiring.toSemiring.{0} OAI.SevenEighths.HeckeFamily.O
                          (@CommRing.toCommSemiring.{0} OAI.SevenEighths.HeckeFamily.O
                            (@NumberField.instCommRingRingOfIntegers.{0} OAI.SevenEighths.HeckeFamily.K
                              (@CyclotomicField.instField.{0}
                                (@OfNat.ofNat.{0} Nat (nat_lit 3) (instOfNatNat (nat_lit 3))) Rat Rat.instField)))))
                      (@Ideal.instHasQuotient_1.{0} OAI.SevenEighths.HeckeFamily.O
                        (@NumberField.instCommRingRingOfIntegers.{0} OAI.SevenEighths.HeckeFamily.K
                          (@CyclotomicField.instField.{0} (@OfNat.ofNat.{0} Nat (nat_lit 3) (instOfNatNat (nat_lit 3)))
                            Rat Rat.instField)))
                      (OAI.SevenEighths.HeckeFamily.Character.modulus eta))
                    (@Ideal.Quotient.commRing.{0} OAI.SevenEighths.HeckeFamily.O
                      (@NumberField.instCommRingRingOfIntegers.{0} OAI.SevenEighths.HeckeFamily.K
                        (@CyclotomicField.instField.{0} (@OfNat.ofNat.{0} Nat (nat_lit 3) (instOfNatNat (nat_lit 3)))
                          Rat Rat.instField))
                      (OAI.SevenEighths.HeckeFamily.Character.modulus eta)))
                  Complex
                  (@CommGroupWithZero.toCommMonoidWithZero.{0} Complex
                    (@Semifield.toCommGroupWithZero.{0} Complex (@Field.toSemifield.{0} Complex Complex.instField))))
                (nat_lit 1)
                (@One.toOfNat1.{0}
                  (@MulChar.{0, 0}
                    (@HasQuotient.Quotient.{0, 0} OAI.SevenEighths.HeckeFamily.O
                      (@Ideal.{0} OAI.SevenEighths.HeckeFamily.O
                        (@CommSemiring.toSemiring.{0} OAI.SevenEighths.HeckeFamily.O
                          (@CommRing.toCommSemiring.{0} OAI.SevenEighths.HeckeFamily.O
                            (@NumberField.instCommRingRingOfIntegers.{0} OAI.SevenEighths.HeckeFamily.K
                              (@CyclotomicField.instField.{0}
                                (@OfNat.ofNat.{0} Nat (nat_lit 3) (instOfNatNat (nat_lit 3))) Rat Rat.instField)))))
                      (@Ideal.instHasQuotient_1.{0} OAI.SevenEighths.HeckeFamily.O
                        (@NumberField.instCommRingRingOfIntegers.{0} OAI.SevenEighths.HeckeFamily.K
                          (@CyclotomicField.instField.{0} (@OfNat.ofNat.{0} Nat (nat_lit 3) (instOfNatNat (nat_lit 3)))
                            Rat Rat.instField)))
                      (OAI.SevenEighths.HeckeFamily.Character.modulus eta))
                    (@CommRing.toCommMonoid.{0}
                      (@HasQuotient.Quotient.{0, 0} OAI.SevenEighths.HeckeFamily.O
                        (@Ideal.{0} OAI.SevenEighths.HeckeFamily.O
                          (@CommSemiring.toSemiring.{0} OAI.SevenEighths.HeckeFamily.O
                            (@CommRing.toCommSemiring.{0} OAI.SevenEighths.HeckeFamily.O
                              (@NumberField.instCommRingRingOfIntegers.{0} OAI.SevenEighths.HeckeFamily.K
                                (@CyclotomicField.instField.{0}
                                  (@OfNat.ofNat.{0} Nat (nat_lit 3) (instOfNatNat (nat_lit 3))) Rat Rat.instField)))))
                        (@Ideal.instHasQuotient_1.{0} OAI.SevenEighths.HeckeFamily.O
                          (@NumberField.instCommRingRingOfIntegers.{0} OAI.SevenEighths.HeckeFamily.K
                            (@CyclotomicField.instField.{0}
                              (@OfNat.ofNat.{0} Nat (nat_lit 3) (instOfNatNat (nat_lit 3))) Rat Rat.instField)))
                        (OAI.SevenEighths.HeckeFamily.Character.modulus eta))
                      (@Ideal.Quotient.commRing.{0} OAI.SevenEighths.HeckeFamily.O
                        (@NumberField.instCommRingRingOfIntegers.{0} OAI.SevenEighths.HeckeFamily.K
                          (@CyclotomicField.instField.{0} (@OfNat.ofNat.{0} Nat (nat_lit 3) (instOfNatNat (nat_lit 3)))
                            Rat Rat.instField))
                        (OAI.SevenEighths.HeckeFamily.Character.modulus eta)))
                    Complex
                    (@CommGroupWithZero.toCommMonoidWithZero.{0} Complex
                      (@Semifield.toCommGroupWithZero.{0} Complex (@Field.toSemifield.{0} Complex Complex.instField))))
                  (@MulChar.hasOne.{0, 0}
                    (@HasQuotient.Quotient.{0, 0} OAI.SevenEighths.HeckeFamily.O
                      (@Ideal.{0} OAI.SevenEighths.HeckeFamily.O
                        (@CommSemiring.toSemiring.{0} OAI.SevenEighths.HeckeFamily.O
                          (@CommRing.toCommSemiring.{0} OAI.SevenEighths.HeckeFamily.O
                            (@NumberField.instCommRingRingOfIntegers.{0} OAI.SevenEighths.HeckeFamily.K
                              (@CyclotomicField.instField.{0}
                                (@OfNat.ofNat.{0} Nat (nat_lit 3) (instOfNatNat (nat_lit 3))) Rat Rat.instField)))))
                      (@Ideal.instHasQuotient_1.{0} OAI.SevenEighths.HeckeFamily.O
                        (@NumberField.instCommRingRingOfIntegers.{0} OAI.SevenEighths.HeckeFamily.K
                          (@CyclotomicField.instField.{0} (@OfNat.ofNat.{0} Nat (nat_lit 3) (instOfNatNat (nat_lit 3)))
                            Rat Rat.instField)))
                      (OAI.SevenEighths.HeckeFamily.Character.modulus eta))
                    (@CommRing.toCommMonoid.{0}
                      (@HasQuotient.Quotient.{0, 0} OAI.SevenEighths.HeckeFamily.O
                        (@Ideal.{0} OAI.SevenEighths.HeckeFamily.O
                          (@CommSemiring.toSemiring.{0} OAI.SevenEighths.HeckeFamily.O
                            (@CommRing.toCommSemiring.{0} OAI.SevenEighths.HeckeFamily.O
                              (@NumberField.instCommRingRingOfIntegers.{0} OAI.SevenEighths.HeckeFamily.K
                                (@CyclotomicField.instField.{0}
                                  (@OfNat.ofNat.{0} Nat (nat_lit 3) (instOfNatNat (nat_lit 3))) Rat Rat.instField)))))
                        (@Ideal.instHasQuotient_1.{0} OAI.SevenEighths.HeckeFamily.O
                          (@NumberField.instCommRingRingOfIntegers.{0} OAI.SevenEighths.HeckeFamily.K
                            (@CyclotomicField.instField.{0}
                              (@OfNat.ofNat.{0} Nat (nat_lit 3) (instOfNatNat (nat_lit 3))) Rat Rat.instField)))
                        (OAI.SevenEighths.HeckeFamily.Character.modulus eta))
                      (@Ideal.Quotient.commRing.{0} OAI.SevenEighths.HeckeFamily.O
                        (@NumberField.instCommRingRingOfIntegers.{0} OAI.SevenEighths.HeckeFamily.K
                          (@CyclotomicField.instField.{0} (@OfNat.ofNat.{0} Nat (nat_lit 3) (instOfNatNat (nat_lit 3)))
                            Rat Rat.instField))
                        (OAI.SevenEighths.HeckeFamily.Character.modulus eta)))
                    Complex
                    (@CommGroupWithZero.toCommMonoidWithZero.{0} Complex
                      (@Semifield.toCommGroupWithZero.{0} Complex
                        (@Field.toSemifield.{0} Complex Complex.instField))))))) →
          @Ne.{1} Complex (OAI.SevenEighths.HeckeFamily.LFunction eta s)
            (@OfNat.ofNat.{0} Complex (nat_lit 0) (@Zero.toOfNat0.{0} Complex Complex.instZero)))
  {q : Nat} [inst : @NeZero.{0} Nat (@MulZeroClass.toZero.{0} Nat Nat.instMulZeroClass) q]
  (chi :
    @DirichletCharacter.{0} Complex
      (@CommGroupWithZero.toCommMonoidWithZero.{0} Complex
        (@Semifield.toCommGroupWithZero.{0} Complex (@Field.toSemifield.{0} Complex Complex.instField)))
      q)
  (s : Complex) (hs : @LT.lt.{0} Real Real.instLT sigma (Complex.re s))
  (hexc :
    Not
      (And
        (@Eq.{1}
          (@DirichletCharacter.{0} Complex
            (@CommGroupWithZero.toCommMonoidWithZero.{0} Complex
              (@Semifield.toCommGroupWithZero.{0} Complex (@Field.toSemifield.{0} Complex Complex.instField)))
            q)
          chi
          (@OfNat.ofNat.{0}
            (@DirichletCharacter.{0} Complex
              (@CommGroupWithZero.toCommMonoidWithZero.{0} Complex
                (@Semifield.toCommGroupWithZero.{0} Complex (@Field.toSemifield.{0} Complex Complex.instField)))
              q)
            (nat_lit 1)
            (@One.toOfNat1.{0}
              (@DirichletCharacter.{0} Complex
                (@CommGroupWithZero.toCommMonoidWithZero.{0} Complex
                  (@Semifield.toCommGroupWithZero.{0} Complex (@Field.toSemifield.{0} Complex Complex.instField)))
                q)
              (@MulChar.hasOne.{0, 0} (ZMod q) (@CommRing.toCommMonoid.{0} (ZMod q) (ZMod.commRing q)) Complex
                (@CommGroupWithZero.toCommMonoidWithZero.{0} Complex
                  (@Semifield.toCommGroupWithZero.{0} Complex (@Field.toSemifield.{0} Complex Complex.instField)))))))
        (@Eq.{1} Complex s (@OfNat.ofNat.{0} Complex (nat_lit 1) (@One.toOfNat1.{0} Complex Complex.instOne))))),
  @Ne.{1} Complex (@DirichletCharacter.LFunction q inst chi s)
    (@OfNat.ofNat.{0} Complex (nat_lit 0) (@Zero.toOfNat0.{0} Complex Complex.instZero))
'OAI.SevenEighths.HeckeDirichlet.dirichlet_ne_zero_of_hecke_halfplane' depends on axioms: [propext,
 Classical.choice,
 Quot.sound]
@OAI.SevenEighths.HeckeDirichlet.zeta_ne_zero_of_hecke_halfplane : ∀ {sigma : Real}
  (hsigma :
    @LT.lt.{0} Real Real.instLT (@OfNat.ofNat.{0} Real (nat_lit 0) (@Zero.toOfNat0.{0} Real Real.instZero)) sigma)
  (hH :
    ∀ (eta : OAI.SevenEighths.HeckeFamily.Character) (s : Complex),
      @LT.lt.{0} Real Real.instLT sigma (Complex.re s) →
        Or (@Ne.{1} Complex s (@OfNat.ofNat.{0} Complex (nat_lit 1) (@One.toOfNat1.{0} Complex Complex.instOne)))
            (@Ne.{1}
              (@MulChar.{0, 0}
                (@HasQuotient.Quotient.{0, 0} OAI.SevenEighths.HeckeFamily.O
                  (@Ideal.{0} OAI.SevenEighths.HeckeFamily.O
                    (@CommSemiring.toSemiring.{0} OAI.SevenEighths.HeckeFamily.O
                      (@CommRing.toCommSemiring.{0} OAI.SevenEighths.HeckeFamily.O
                        (@NumberField.instCommRingRingOfIntegers.{0} OAI.SevenEighths.HeckeFamily.K
                          (@CyclotomicField.instField.{0} (@OfNat.ofNat.{0} Nat (nat_lit 3) (instOfNatNat (nat_lit 3)))
                            Rat Rat.instField)))))
                  (@Ideal.instHasQuotient_1.{0} OAI.SevenEighths.HeckeFamily.O
                    (@NumberField.instCommRingRingOfIntegers.{0} OAI.SevenEighths.HeckeFamily.K
                      (@CyclotomicField.instField.{0} (@OfNat.ofNat.{0} Nat (nat_lit 3) (instOfNatNat (nat_lit 3))) Rat
                        Rat.instField)))
                  (OAI.SevenEighths.HeckeFamily.Character.modulus eta))
                (@CommRing.toCommMonoid.{0}
                  (@HasQuotient.Quotient.{0, 0} OAI.SevenEighths.HeckeFamily.O
                    (@Ideal.{0} OAI.SevenEighths.HeckeFamily.O
                      (@CommSemiring.toSemiring.{0} OAI.SevenEighths.HeckeFamily.O
                        (@CommRing.toCommSemiring.{0} OAI.SevenEighths.HeckeFamily.O
                          (@NumberField.instCommRingRingOfIntegers.{0} OAI.SevenEighths.HeckeFamily.K
                            (@CyclotomicField.instField.{0}
                              (@OfNat.ofNat.{0} Nat (nat_lit 3) (instOfNatNat (nat_lit 3))) Rat Rat.instField)))))
                    (@Ideal.instHasQuotient_1.{0} OAI.SevenEighths.HeckeFamily.O
                      (@NumberField.instCommRingRingOfIntegers.{0} OAI.SevenEighths.HeckeFamily.K
                        (@CyclotomicField.instField.{0} (@OfNat.ofNat.{0} Nat (nat_lit 3) (instOfNatNat (nat_lit 3)))
                          Rat Rat.instField)))
                    (OAI.SevenEighths.HeckeFamily.Character.modulus eta))
                  (@Ideal.Quotient.commRing.{0} OAI.SevenEighths.HeckeFamily.O
                    (@NumberField.instCommRingRingOfIntegers.{0} OAI.SevenEighths.HeckeFamily.K
                      (@CyclotomicField.instField.{0} (@OfNat.ofNat.{0} Nat (nat_lit 3) (instOfNatNat (nat_lit 3))) Rat
                        Rat.instField))
                    (OAI.SevenEighths.HeckeFamily.Character.modulus eta)))
                Complex
                (@CommGroupWithZero.toCommMonoidWithZero.{0} Complex
                  (@Semifield.toCommGroupWithZero.{0} Complex (@Field.toSemifield.{0} Complex Complex.instField))))
              (OAI.SevenEighths.HeckeFamily.Character.residue eta)
              (@OfNat.ofNat.{0}
                (@MulChar.{0, 0}
                  (@HasQuotient.Quotient.{0, 0} OAI.SevenEighths.HeckeFamily.O
                    (@Ideal.{0} OAI.SevenEighths.HeckeFamily.O
                      (@CommSemiring.toSemiring.{0} OAI.SevenEighths.HeckeFamily.O
                        (@CommRing.toCommSemiring.{0} OAI.SevenEighths.HeckeFamily.O
                          (@NumberField.instCommRingRingOfIntegers.{0} OAI.SevenEighths.HeckeFamily.K
                            (@CyclotomicField.instField.{0}
                              (@OfNat.ofNat.{0} Nat (nat_lit 3) (instOfNatNat (nat_lit 3))) Rat Rat.instField)))))
                    (@Ideal.instHasQuotient_1.{0} OAI.SevenEighths.HeckeFamily.O
                      (@NumberField.instCommRingRingOfIntegers.{0} OAI.SevenEighths.HeckeFamily.K
                        (@CyclotomicField.instField.{0} (@OfNat.ofNat.{0} Nat (nat_lit 3) (instOfNatNat (nat_lit 3)))
                          Rat Rat.instField)))
                    (OAI.SevenEighths.HeckeFamily.Character.modulus eta))
                  (@CommRing.toCommMonoid.{0}
                    (@HasQuotient.Quotient.{0, 0} OAI.SevenEighths.HeckeFamily.O
                      (@Ideal.{0} OAI.SevenEighths.HeckeFamily.O
                        (@CommSemiring.toSemiring.{0} OAI.SevenEighths.HeckeFamily.O
                          (@CommRing.toCommSemiring.{0} OAI.SevenEighths.HeckeFamily.O
                            (@NumberField.instCommRingRingOfIntegers.{0} OAI.SevenEighths.HeckeFamily.K
                              (@CyclotomicField.instField.{0}
                                (@OfNat.ofNat.{0} Nat (nat_lit 3) (instOfNatNat (nat_lit 3))) Rat Rat.instField)))))
                      (@Ideal.instHasQuotient_1.{0} OAI.SevenEighths.HeckeFamily.O
                        (@NumberField.instCommRingRingOfIntegers.{0} OAI.SevenEighths.HeckeFamily.K
                          (@CyclotomicField.instField.{0} (@OfNat.ofNat.{0} Nat (nat_lit 3) (instOfNatNat (nat_lit 3)))
                            Rat Rat.instField)))
                      (OAI.SevenEighths.HeckeFamily.Character.modulus eta))
                    (@Ideal.Quotient.commRing.{0} OAI.SevenEighths.HeckeFamily.O
                      (@NumberField.instCommRingRingOfIntegers.{0} OAI.SevenEighths.HeckeFamily.K
                        (@CyclotomicField.instField.{0} (@OfNat.ofNat.{0} Nat (nat_lit 3) (instOfNatNat (nat_lit 3)))
                          Rat Rat.instField))
                      (OAI.SevenEighths.HeckeFamily.Character.modulus eta)))
                  Complex
                  (@CommGroupWithZero.toCommMonoidWithZero.{0} Complex
                    (@Semifield.toCommGroupWithZero.{0} Complex (@Field.toSemifield.{0} Complex Complex.instField))))
                (nat_lit 1)
                (@One.toOfNat1.{0}
                  (@MulChar.{0, 0}
                    (@HasQuotient.Quotient.{0, 0} OAI.SevenEighths.HeckeFamily.O
                      (@Ideal.{0} OAI.SevenEighths.HeckeFamily.O
                        (@CommSemiring.toSemiring.{0} OAI.SevenEighths.HeckeFamily.O
                          (@CommRing.toCommSemiring.{0} OAI.SevenEighths.HeckeFamily.O
                            (@NumberField.instCommRingRingOfIntegers.{0} OAI.SevenEighths.HeckeFamily.K
                              (@CyclotomicField.instField.{0}
                                (@OfNat.ofNat.{0} Nat (nat_lit 3) (instOfNatNat (nat_lit 3))) Rat Rat.instField)))))
                      (@Ideal.instHasQuotient_1.{0} OAI.SevenEighths.HeckeFamily.O
                        (@NumberField.instCommRingRingOfIntegers.{0} OAI.SevenEighths.HeckeFamily.K
                          (@CyclotomicField.instField.{0} (@OfNat.ofNat.{0} Nat (nat_lit 3) (instOfNatNat (nat_lit 3)))
                            Rat Rat.instField)))
                      (OAI.SevenEighths.HeckeFamily.Character.modulus eta))
                    (@CommRing.toCommMonoid.{0}
                      (@HasQuotient.Quotient.{0, 0} OAI.SevenEighths.HeckeFamily.O
                        (@Ideal.{0} OAI.SevenEighths.HeckeFamily.O
                          (@CommSemiring.toSemiring.{0} OAI.SevenEighths.HeckeFamily.O
                            (@CommRing.toCommSemiring.{0} OAI.SevenEighths.HeckeFamily.O
                              (@NumberField.instCommRingRingOfIntegers.{0} OAI.SevenEighths.HeckeFamily.K
                                (@CyclotomicField.instField.{0}
                                  (@OfNat.ofNat.{0} Nat (nat_lit 3) (instOfNatNat (nat_lit 3))) Rat Rat.instField)))))
                        (@Ideal.instHasQuotient_1.{0} OAI.SevenEighths.HeckeFamily.O
                          (@NumberField.instCommRingRingOfIntegers.{0} OAI.SevenEighths.HeckeFamily.K
                            (@CyclotomicField.instField.{0}
                              (@OfNat.ofNat.{0} Nat (nat_lit 3) (instOfNatNat (nat_lit 3))) Rat Rat.instField)))
                        (OAI.SevenEighths.HeckeFamily.Character.modulus eta))
                      (@Ideal.Quotient.commRing.{0} OAI.SevenEighths.HeckeFamily.O
                        (@NumberField.instCommRingRingOfIntegers.{0} OAI.SevenEighths.HeckeFamily.K
                          (@CyclotomicField.instField.{0} (@OfNat.ofNat.{0} Nat (nat_lit 3) (instOfNatNat (nat_lit 3)))
                            Rat Rat.instField))
                        (OAI.SevenEighths.HeckeFamily.Character.modulus eta)))
                    Complex
                    (@CommGroupWithZero.toCommMonoidWithZero.{0} Complex
                      (@Semifield.toCommGroupWithZero.{0} Complex (@Field.toSemifield.{0} Complex Complex.instField))))
                  (@MulChar.hasOne.{0, 0}
                    (@HasQuotient.Quotient.{0, 0} OAI.SevenEighths.HeckeFamily.O
                      (@Ideal.{0} OAI.SevenEighths.HeckeFamily.O
                        (@CommSemiring.toSemiring.{0} OAI.SevenEighths.HeckeFamily.O
                          (@CommRing.toCommSemiring.{0} OAI.SevenEighths.HeckeFamily.O
                            (@NumberField.instCommRingRingOfIntegers.{0} OAI.SevenEighths.HeckeFamily.K
                              (@CyclotomicField.instField.{0}
                                (@OfNat.ofNat.{0} Nat (nat_lit 3) (instOfNatNat (nat_lit 3))) Rat Rat.instField)))))
                      (@Ideal.instHasQuotient_1.{0} OAI.SevenEighths.HeckeFamily.O
                        (@NumberField.instCommRingRingOfIntegers.{0} OAI.SevenEighths.HeckeFamily.K
                          (@CyclotomicField.instField.{0} (@OfNat.ofNat.{0} Nat (nat_lit 3) (instOfNatNat (nat_lit 3)))
                            Rat Rat.instField)))
                      (OAI.SevenEighths.HeckeFamily.Character.modulus eta))
                    (@CommRing.toCommMonoid.{0}
                      (@HasQuotient.Quotient.{0, 0} OAI.SevenEighths.HeckeFamily.O
                        (@Ideal.{0} OAI.SevenEighths.HeckeFamily.O
                          (@CommSemiring.toSemiring.{0} OAI.SevenEighths.HeckeFamily.O
                            (@CommRing.toCommSemiring.{0} OAI.SevenEighths.HeckeFamily.O
                              (@NumberField.instCommRingRingOfIntegers.{0} OAI.SevenEighths.HeckeFamily.K
                                (@CyclotomicField.instField.{0}
                                  (@OfNat.ofNat.{0} Nat (nat_lit 3) (instOfNatNat (nat_lit 3))) Rat Rat.instField)))))
                        (@Ideal.instHasQuotient_1.{0} OAI.SevenEighths.HeckeFamily.O
                          (@NumberField.instCommRingRingOfIntegers.{0} OAI.SevenEighths.HeckeFamily.K
                            (@CyclotomicField.instField.{0}
                              (@OfNat.ofNat.{0} Nat (nat_lit 3) (instOfNatNat (nat_lit 3))) Rat Rat.instField)))
                        (OAI.SevenEighths.HeckeFamily.Character.modulus eta))
                      (@Ideal.Quotient.commRing.{0} OAI.SevenEighths.HeckeFamily.O
                        (@NumberField.instCommRingRingOfIntegers.{0} OAI.SevenEighths.HeckeFamily.K
                          (@CyclotomicField.instField.{0} (@OfNat.ofNat.{0} Nat (nat_lit 3) (instOfNatNat (nat_lit 3)))
                            Rat Rat.instField))
                        (OAI.SevenEighths.HeckeFamily.Character.modulus eta)))
                    Complex
                    (@CommGroupWithZero.toCommMonoidWithZero.{0} Complex
                      (@Semifield.toCommGroupWithZero.{0} Complex
                        (@Field.toSemifield.{0} Complex Complex.instField))))))) →
          @Ne.{1} Complex (OAI.SevenEighths.HeckeFamily.LFunction eta s)
            (@OfNat.ofNat.{0} Complex (nat_lit 0) (@Zero.toOfNat0.{0} Complex Complex.instZero)))
  (s : Complex) (hs : @LT.lt.{0} Real Real.instLT sigma (Complex.re s)),
  @Ne.{1} Complex (riemannZeta s) (@OfNat.ofNat.{0} Complex (nat_lit 0) (@Zero.toOfNat0.{0} Complex Complex.instZero))
'OAI.SevenEighths.HeckeDirichlet.zeta_ne_zero_of_hecke_halfplane' depends on axioms: [propext,
 Classical.choice,
 Quot.sound]
@OAI.SevenEighths.PrincipalSlotEstimate.principal_correction_defect_lowKappa : ∀ {Q : Real} {A η s : Complex}
  (hQ :
    @LE.le.{0} Real Real.instLE
      (@OfNat.ofNat.{0} Real (nat_lit 480)
        (@instOfNatAtLeastTwo.{0} Real (nat_lit 480) Real.instNatCast
          (@Nat.instAtLeastTwoHAddOfNat (@OfNat.ofNat.{0} Nat (nat_lit 479) (instOfNatNat (nat_lit 479)))
            (@Nat.instNeZeroSucc (@OfNat.ofNat.{0} Nat (nat_lit 478) (instOfNatNat (nat_lit 478)))))))
      Q)
  (hA :
    @LE.le.{0} Real Real.instLE (@Norm.norm.{0} Complex Complex.instNorm A)
      (@OfNat.ofNat.{0} Real (nat_lit 1) (@One.toOfNat1.{0} Real Real.instOne)))
  (hη :
    @LE.le.{0} Real Real.instLE (@Norm.norm.{0} Complex Complex.instNorm η)
      (@OfNat.ofNat.{0} Real (nat_lit 1) (@One.toOfNat1.{0} Real Real.instOne)))
  (hs :
    @LE.le.{0} Real Real.instLE
      (@HDiv.hDiv.{0, 0, 0} Real Real Real (@instHDiv.{0} Real (@DivInvMonoid.toDiv.{0} Real Real.instDivInvMonoid))
        (@OfNat.ofNat.{0} Real (nat_lit 21)
          (@instOfNatAtLeastTwo.{0} Real (nat_lit 21) Real.instNatCast
            (@Nat.instAtLeastTwoHAddOfNat (@OfNat.ofNat.{0} Nat (nat_lit 20) (instOfNatNat (nat_lit 20)))
              (@Nat.instNeZeroSucc (@OfNat.ofNat.{0} Nat (nat_lit 19) (instOfNatNat (nat_lit 19)))))))
        (@OfNat.ofNat.{0} Real (nat_lit 25)
          (@instOfNatAtLeastTwo.{0} Real (nat_lit 25) Real.instNatCast
            (@Nat.instAtLeastTwoHAddOfNat (@OfNat.ofNat.{0} Nat (nat_lit 24) (instOfNatNat (nat_lit 24)))
              (@Nat.instNeZeroSucc (@OfNat.ofNat.{0} Nat (nat_lit 23) (instOfNatNat (nat_lit 23))))))))
      (Complex.re s)),
  @LE.le.{0} Real Real.instLE
    (@Norm.norm.{0} Complex Complex.instNorm
      (@HSub.hSub.{0, 0, 0} Complex Complex Complex (@instHSub.{0} Complex Complex.instSub)
        (OAI.SevenEighths.ProbeEuler.unramifiedClosed Q A η
          (@OfNat.ofNat.{0} Complex (nat_lit 1) (@One.toOfNat1.{0} Complex Complex.instOne)) s
          (@OfNat.ofNat.{0} Complex (nat_lit 1) (@One.toOfNat1.{0} Complex Complex.instOne))
          (@HDiv.hDiv.{0, 0, 0} Complex Complex Complex
            (@instHDiv.{0} Complex (@DivInvMonoid.toDiv.{0} Complex Complex.instDivInvMonoid))
            (@OfNat.ofNat.{0} Complex (nat_lit 1) (@One.toOfNat1.{0} Complex Complex.instOne))
            (@OfNat.ofNat.{0} Complex (nat_lit 6)
              (@instOfNatAtLeastTwo.{0} Complex (nat_lit 6) Complex.instNatCast
                (@Nat.instAtLeastTwoHAddOfNat (@OfNat.ofNat.{0} Nat (nat_lit 5) (instOfNatNat (nat_lit 5)))
                  (@Nat.instNeZeroSucc (@OfNat.ofNat.{0} Nat (nat_lit 4) (instOfNatNat (nat_lit 4)))))))))
        (@OfNat.ofNat.{0} Complex (nat_lit 1) (@One.toOfNat1.{0} Complex Complex.instOne))))
    (@HDiv.hDiv.{0, 0, 0} Real Real Real (@instHDiv.{0} Real (@DivInvMonoid.toDiv.{0} Real Real.instDivInvMonoid))
      (@OfNat.ofNat.{0} Real (nat_lit 1) (@One.toOfNat1.{0} Real Real.instOne))
      (@OfNat.ofNat.{0} Real (nat_lit 2)
        (@instOfNatAtLeastTwo.{0} Real (nat_lit 2) Real.instNatCast
          (@Nat.instAtLeastTwoHAddOfNat (@OfNat.ofNat.{0} Nat (nat_lit 1) (instOfNatNat (nat_lit 1)))
            (@Nat.instNeZeroSucc (@OfNat.ofNat.{0} Nat (nat_lit 0) (instOfNatNat (nat_lit 0))))))))
'OAI.SevenEighths.PrincipalSlotEstimate.principal_correction_defect_lowKappa' depends on axioms: [propext,
 Classical.choice,
 Quot.sound]
@OAI.SevenEighths.PrincipalSlotEstimate.principal_correction_lower_bound_lowKappa : ∀ {Q : Real} {A η s : Complex}
  (hQ :
    @LE.le.{0} Real Real.instLE
      (@OfNat.ofNat.{0} Real (nat_lit 480)
        (@instOfNatAtLeastTwo.{0} Real (nat_lit 480) Real.instNatCast
          (@Nat.instAtLeastTwoHAddOfNat (@OfNat.ofNat.{0} Nat (nat_lit 479) (instOfNatNat (nat_lit 479)))
            (@Nat.instNeZeroSucc (@OfNat.ofNat.{0} Nat (nat_lit 478) (instOfNatNat (nat_lit 478)))))))
      Q)
  (hA :
    @LE.le.{0} Real Real.instLE (@Norm.norm.{0} Complex Complex.instNorm A)
      (@OfNat.ofNat.{0} Real (nat_lit 1) (@One.toOfNat1.{0} Real Real.instOne)))
  (hη :
    @LE.le.{0} Real Real.instLE (@Norm.norm.{0} Complex Complex.instNorm η)
      (@OfNat.ofNat.{0} Real (nat_lit 1) (@One.toOfNat1.{0} Real Real.instOne)))
  (hs :
    @LE.le.{0} Real Real.instLE
      (@HDiv.hDiv.{0, 0, 0} Real Real Real (@instHDiv.{0} Real (@DivInvMonoid.toDiv.{0} Real Real.instDivInvMonoid))
        (@OfNat.ofNat.{0} Real (nat_lit 21)
          (@instOfNatAtLeastTwo.{0} Real (nat_lit 21) Real.instNatCast
            (@Nat.instAtLeastTwoHAddOfNat (@OfNat.ofNat.{0} Nat (nat_lit 20) (instOfNatNat (nat_lit 20)))
              (@Nat.instNeZeroSucc (@OfNat.ofNat.{0} Nat (nat_lit 19) (instOfNatNat (nat_lit 19)))))))
        (@OfNat.ofNat.{0} Real (nat_lit 25)
          (@instOfNatAtLeastTwo.{0} Real (nat_lit 25) Real.instNatCast
            (@Nat.instAtLeastTwoHAddOfNat (@OfNat.ofNat.{0} Nat (nat_lit 24) (instOfNatNat (nat_lit 24)))
              (@Nat.instNeZeroSucc (@OfNat.ofNat.{0} Nat (nat_lit 23) (instOfNatNat (nat_lit 23))))))))
      (Complex.re s)),
  @LE.le.{0} Real Real.instLE
    (@HDiv.hDiv.{0, 0, 0} Real Real Real (@instHDiv.{0} Real (@DivInvMonoid.toDiv.{0} Real Real.instDivInvMonoid))
      (@OfNat.ofNat.{0} Real (nat_lit 1) (@One.toOfNat1.{0} Real Real.instOne))
      (@OfNat.ofNat.{0} Real (nat_lit 2)
        (@instOfNatAtLeastTwo.{0} Real (nat_lit 2) Real.instNatCast
          (@Nat.instAtLeastTwoHAddOfNat (@OfNat.ofNat.{0} Nat (nat_lit 1) (instOfNatNat (nat_lit 1)))
            (@Nat.instNeZeroSucc (@OfNat.ofNat.{0} Nat (nat_lit 0) (instOfNatNat (nat_lit 0))))))))
    (@Norm.norm.{0} Complex Complex.instNorm
      (OAI.SevenEighths.ProbeEuler.unramifiedClosed Q A η
        (@OfNat.ofNat.{0} Complex (nat_lit 1) (@One.toOfNat1.{0} Complex Complex.instOne)) s
        (@OfNat.ofNat.{0} Complex (nat_lit 1) (@One.toOfNat1.{0} Complex Complex.instOne))
        (@HDiv.hDiv.{0, 0, 0} Complex Complex Complex
          (@instHDiv.{0} Complex (@DivInvMonoid.toDiv.{0} Complex Complex.instDivInvMonoid))
          (@OfNat.ofNat.{0} Complex (nat_lit 1) (@One.toOfNat1.{0} Complex Complex.instOne))
          (@OfNat.ofNat.{0} Complex (nat_lit 6)
            (@instOfNatAtLeastTwo.{0} Complex (nat_lit 6) Complex.instNatCast
              (@Nat.instAtLeastTwoHAddOfNat (@OfNat.ofNat.{0} Nat (nat_lit 5) (instOfNatNat (nat_lit 5)))
                (@Nat.instNeZeroSucc (@OfNat.ofNat.{0} Nat (nat_lit 4) (instOfNatNat (nat_lit 4))))))))))
'OAI.SevenEighths.PrincipalSlotEstimate.principal_correction_lower_bound_lowKappa' depends on axioms: [propext,
 Classical.choice,
 Quot.sound]
@OAI.SevenEighths.PrincipalSlotEstimate.principal_correction_ne_zero_lowKappa : ∀ {Q : Real} {A η s : Complex}
  (hQ :
    @LE.le.{0} Real Real.instLE
      (@OfNat.ofNat.{0} Real (nat_lit 480)
        (@instOfNatAtLeastTwo.{0} Real (nat_lit 480) Real.instNatCast
          (@Nat.instAtLeastTwoHAddOfNat (@OfNat.ofNat.{0} Nat (nat_lit 479) (instOfNatNat (nat_lit 479)))
            (@Nat.instNeZeroSucc (@OfNat.ofNat.{0} Nat (nat_lit 478) (instOfNatNat (nat_lit 478)))))))
      Q)
  (hA :
    @LE.le.{0} Real Real.instLE (@Norm.norm.{0} Complex Complex.instNorm A)
      (@OfNat.ofNat.{0} Real (nat_lit 1) (@One.toOfNat1.{0} Real Real.instOne)))
  (hη :
    @LE.le.{0} Real Real.instLE (@Norm.norm.{0} Complex Complex.instNorm η)
      (@OfNat.ofNat.{0} Real (nat_lit 1) (@One.toOfNat1.{0} Real Real.instOne)))
  (hs :
    @LE.le.{0} Real Real.instLE
      (@HDiv.hDiv.{0, 0, 0} Real Real Real (@instHDiv.{0} Real (@DivInvMonoid.toDiv.{0} Real Real.instDivInvMonoid))
        (@OfNat.ofNat.{0} Real (nat_lit 21)
          (@instOfNatAtLeastTwo.{0} Real (nat_lit 21) Real.instNatCast
            (@Nat.instAtLeastTwoHAddOfNat (@OfNat.ofNat.{0} Nat (nat_lit 20) (instOfNatNat (nat_lit 20)))
              (@Nat.instNeZeroSucc (@OfNat.ofNat.{0} Nat (nat_lit 19) (instOfNatNat (nat_lit 19)))))))
        (@OfNat.ofNat.{0} Real (nat_lit 25)
          (@instOfNatAtLeastTwo.{0} Real (nat_lit 25) Real.instNatCast
            (@Nat.instAtLeastTwoHAddOfNat (@OfNat.ofNat.{0} Nat (nat_lit 24) (instOfNatNat (nat_lit 24)))
              (@Nat.instNeZeroSucc (@OfNat.ofNat.{0} Nat (nat_lit 23) (instOfNatNat (nat_lit 23))))))))
      (Complex.re s)),
  @Ne.{1} Complex
    (OAI.SevenEighths.ProbeEuler.unramifiedClosed Q A η
      (@OfNat.ofNat.{0} Complex (nat_lit 1) (@One.toOfNat1.{0} Complex Complex.instOne)) s
      (@OfNat.ofNat.{0} Complex (nat_lit 1) (@One.toOfNat1.{0} Complex Complex.instOne))
      (@HDiv.hDiv.{0, 0, 0} Complex Complex Complex
        (@instHDiv.{0} Complex (@DivInvMonoid.toDiv.{0} Complex Complex.instDivInvMonoid))
        (@OfNat.ofNat.{0} Complex (nat_lit 1) (@One.toOfNat1.{0} Complex Complex.instOne))
        (@OfNat.ofNat.{0} Complex (nat_lit 6)
          (@instOfNatAtLeastTwo.{0} Complex (nat_lit 6) Complex.instNatCast
            (@Nat.instAtLeastTwoHAddOfNat (@OfNat.ofNat.{0} Nat (nat_lit 5) (instOfNatNat (nat_lit 5)))
              (@Nat.instNeZeroSucc (@OfNat.ofNat.{0} Nat (nat_lit 4) (instOfNatNat (nat_lit 4)))))))))
    (@OfNat.ofNat.{0} Complex (nat_lit 0) (@Zero.toOfNat0.{0} Complex Complex.instZero))
'OAI.SevenEighths.PrincipalSlotEstimate.principal_correction_ne_zero_lowKappa' depends on axioms: [propext,
 Classical.choice,
 Quot.sound]
@OAI.SevenEighths.PrincipalSlotEstimate.principal_correction_inverse_bound_lowKappa : ∀ {Q : Real} {A η s : Complex}
  (hQ :
    @LE.le.{0} Real Real.instLE
      (@OfNat.ofNat.{0} Real (nat_lit 480)
        (@instOfNatAtLeastTwo.{0} Real (nat_lit 480) Real.instNatCast
          (@Nat.instAtLeastTwoHAddOfNat (@OfNat.ofNat.{0} Nat (nat_lit 479) (instOfNatNat (nat_lit 479)))
            (@Nat.instNeZeroSucc (@OfNat.ofNat.{0} Nat (nat_lit 478) (instOfNatNat (nat_lit 478)))))))
      Q)
  (hA :
    @LE.le.{0} Real Real.instLE (@Norm.norm.{0} Complex Complex.instNorm A)
      (@OfNat.ofNat.{0} Real (nat_lit 1) (@One.toOfNat1.{0} Real Real.instOne)))
  (hη :
    @LE.le.{0} Real Real.instLE (@Norm.norm.{0} Complex Complex.instNorm η)
      (@OfNat.ofNat.{0} Real (nat_lit 1) (@One.toOfNat1.{0} Real Real.instOne)))
  (hs :
    @LE.le.{0} Real Real.instLE
      (@HDiv.hDiv.{0, 0, 0} Real Real Real (@instHDiv.{0} Real (@DivInvMonoid.toDiv.{0} Real Real.instDivInvMonoid))
        (@OfNat.ofNat.{0} Real (nat_lit 21)
          (@instOfNatAtLeastTwo.{0} Real (nat_lit 21) Real.instNatCast
            (@Nat.instAtLeastTwoHAddOfNat (@OfNat.ofNat.{0} Nat (nat_lit 20) (instOfNatNat (nat_lit 20)))
              (@Nat.instNeZeroSucc (@OfNat.ofNat.{0} Nat (nat_lit 19) (instOfNatNat (nat_lit 19)))))))
        (@OfNat.ofNat.{0} Real (nat_lit 25)
          (@instOfNatAtLeastTwo.{0} Real (nat_lit 25) Real.instNatCast
            (@Nat.instAtLeastTwoHAddOfNat (@OfNat.ofNat.{0} Nat (nat_lit 24) (instOfNatNat (nat_lit 24)))
              (@Nat.instNeZeroSucc (@OfNat.ofNat.{0} Nat (nat_lit 23) (instOfNatNat (nat_lit 23))))))))
      (Complex.re s)),
  @LE.le.{0} Real Real.instLE
    (@Norm.norm.{0} Complex Complex.instNorm
      (@Inv.inv.{0} Complex Complex.instInv
        (OAI.SevenEighths.ProbeEuler.unramifiedClosed Q A η
          (@OfNat.ofNat.{0} Complex (nat_lit 1) (@One.toOfNat1.{0} Complex Complex.instOne)) s
          (@OfNat.ofNat.{0} Complex (nat_lit 1) (@One.toOfNat1.{0} Complex Complex.instOne))
          (@HDiv.hDiv.{0, 0, 0} Complex Complex Complex
            (@instHDiv.{0} Complex (@DivInvMonoid.toDiv.{0} Complex Complex.instDivInvMonoid))
            (@OfNat.ofNat.{0} Complex (nat_lit 1) (@One.toOfNat1.{0} Complex Complex.instOne))
            (@OfNat.ofNat.{0} Complex (nat_lit 6)
              (@instOfNatAtLeastTwo.{0} Complex (nat_lit 6) Complex.instNatCast
                (@Nat.instAtLeastTwoHAddOfNat (@OfNat.ofNat.{0} Nat (nat_lit 5) (instOfNatNat (nat_lit 5)))
                  (@Nat.instNeZeroSucc (@OfNat.ofNat.{0} Nat (nat_lit 4) (instOfNatNat (nat_lit 4)))))))))))
    (@OfNat.ofNat.{0} Real (nat_lit 2)
      (@instOfNatAtLeastTwo.{0} Real (nat_lit 2) Real.instNatCast
        (@Nat.instAtLeastTwoHAddOfNat (@OfNat.ofNat.{0} Nat (nat_lit 1) (instOfNatNat (nat_lit 1)))
          (@Nat.instNeZeroSucc (@OfNat.ofNat.{0} Nat (nat_lit 0) (instOfNatNat (nat_lit 0)))))))
'OAI.SevenEighths.PrincipalSlotEstimate.principal_correction_inverse_bound_lowKappa' depends on axioms: [propext,
 Classical.choice,
 Quot.sound]
@OAI.SevenEighths.PrincipalSlotEstimate.principal_marked_error_bounds_lowKappa : ∀ {Q : Real} {A η s : Complex}
  (hQ :
    @LE.le.{0} Real Real.instLE
      (@OfNat.ofNat.{0} Real (nat_lit 480)
        (@instOfNatAtLeastTwo.{0} Real (nat_lit 480) Real.instNatCast
          (@Nat.instAtLeastTwoHAddOfNat (@OfNat.ofNat.{0} Nat (nat_lit 479) (instOfNatNat (nat_lit 479)))
            (@Nat.instNeZeroSucc (@OfNat.ofNat.{0} Nat (nat_lit 478) (instOfNatNat (nat_lit 478)))))))
      Q)
  (hA :
    @LE.le.{0} Real Real.instLE (@Norm.norm.{0} Complex Complex.instNorm A)
      (@OfNat.ofNat.{0} Real (nat_lit 1) (@One.toOfNat1.{0} Real Real.instOne)))
  (hη :
    @Eq.{1} Real (@Norm.norm.{0} Complex Complex.instNorm η)
      (@OfNat.ofNat.{0} Real (nat_lit 1) (@One.toOfNat1.{0} Real Real.instOne)))
  (hs :
    @LE.le.{0} Real Real.instLE
      (@HDiv.hDiv.{0, 0, 0} Real Real Real (@instHDiv.{0} Real (@DivInvMonoid.toDiv.{0} Real Real.instDivInvMonoid))
        (@OfNat.ofNat.{0} Real (nat_lit 21)
          (@instOfNatAtLeastTwo.{0} Real (nat_lit 21) Real.instNatCast
            (@Nat.instAtLeastTwoHAddOfNat (@OfNat.ofNat.{0} Nat (nat_lit 20) (instOfNatNat (nat_lit 20)))
              (@Nat.instNeZeroSucc (@OfNat.ofNat.{0} Nat (nat_lit 19) (instOfNatNat (nat_lit 19)))))))
        (@OfNat.ofNat.{0} Real (nat_lit 25)
          (@instOfNatAtLeastTwo.{0} Real (nat_lit 25) Real.instNatCast
            (@Nat.instAtLeastTwoHAddOfNat (@OfNat.ofNat.{0} Nat (nat_lit 24) (instOfNatNat (nat_lit 24)))
              (@Nat.instNeZeroSucc (@OfNat.ofNat.{0} Nat (nat_lit 23) (instOfNatNat (nat_lit 23))))))))
      (Complex.re s)),
  And
    (@LE.le.{0} Real Real.instLE
      (@Norm.norm.{0} Complex Complex.instNorm
        (@HAdd.hAdd.{0, 0, 0} Complex Complex Complex (@instHAdd.{0} Complex Complex.instAdd)
          (OAI.SevenEighths.PrincipalSlotEstimate.principalMarked Q A η s)
          (OAI.SevenEighths.ProbeEuler.coordD Q η
            (@OfNat.ofNat.{0} Complex (nat_lit 1) (@One.toOfNat1.{0} Complex Complex.instOne)) s)))
      (@HMul.hMul.{0, 0, 0} Real Real Real (@instHMul.{0} Real Real.instMul)
        (@OfNat.ofNat.{0} Real (nat_lit 28)
          (@instOfNatAtLeastTwo.{0} Real (nat_lit 28) Real.instNatCast
            (@Nat.instAtLeastTwoHAddOfNat (@OfNat.ofNat.{0} Nat (nat_lit 27) (instOfNatNat (nat_lit 27)))
              (@Nat.instNeZeroSucc (@OfNat.ofNat.{0} Nat (nat_lit 26) (instOfNatNat (nat_lit 26)))))))
        (@HPow.hPow.{0, 0, 0} Real Real Real (@instHPow.{0, 0} Real Real Real.instPow) Q
          (@Neg.neg.{0} Real Real.instNeg
            (@HDiv.hDiv.{0, 0, 0} Real Real Real
              (@instHDiv.{0} Real (@DivInvMonoid.toDiv.{0} Real Real.instDivInvMonoid))
              (@OfNat.ofNat.{0} Real (nat_lit 21)
                (@instOfNatAtLeastTwo.{0} Real (nat_lit 21) Real.instNatCast
                  (@Nat.instAtLeastTwoHAddOfNat (@OfNat.ofNat.{0} Nat (nat_lit 20) (instOfNatNat (nat_lit 20)))
                    (@Nat.instNeZeroSucc (@OfNat.ofNat.{0} Nat (nat_lit 19) (instOfNatNat (nat_lit 19)))))))
              (@OfNat.ofNat.{0} Real (nat_lit 25)
                (@instOfNatAtLeastTwo.{0} Real (nat_lit 25) Real.instNatCast
                  (@Nat.instAtLeastTwoHAddOfNat (@OfNat.ofNat.{0} Nat (nat_lit 24) (instOfNatNat (nat_lit 24)))
                    (@Nat.instNeZeroSucc (@OfNat.ofNat.{0} Nat (nat_lit 23) (instOfNatNat (nat_lit 23))))))))))))
    (@LE.le.{0} Real Real.instLE
      (@HMul.hMul.{0, 0, 0} Real Real Real (@instHMul.{0} Real Real.instMul)
        (@Norm.norm.{0} Complex Complex.instNorm
          (@HMul.hMul.{0, 0, 0} Complex Complex Complex (@instHMul.{0} Complex Complex.instMul)
            (@Star.star.{0} Complex
              (@InvolutiveStar.toStar.{0} Complex
                (@StarAddMonoid.toInvolutiveStar.{0} Complex
                  (@AddCommMonoid.toAddMonoid.{0} Complex
                    (@NonUnitalNonAssocSemiring.toAddCommMonoid.{0} Complex
                      (@NonUnitalNonAssocRing.toNonUnitalNonAssocSemiring.{0} Complex
                        (@NonUnitalNonAssocCommRing.toNonUnitalNonAssocRing.{0} Complex
                          (@NonUnitalCommRing.toNonUnitalNonAssocCommRing.{0} Complex Complex.instNonUnitalCommRing)))))
                  (@StarRing.toStarAddMonoid.{0} Complex
                    (@NonUnitalNonAssocRing.toNonUnitalNonAssocSemiring.{0} Complex
                      (@NonUnitalNonAssocCommRing.toNonUnitalNonAssocRing.{0} Complex
                        (@NonUnitalCommRing.toNonUnitalNonAssocCommRing.{0} Complex Complex.instNonUnitalCommRing)))
                    Complex.instStarRing)))
              η)
            (@HPow.hPow.{0, 0, 0} Complex Complex Complex (@instHPow.{0, 0} Complex Complex Complex.instPow)
              (Complex.ofReal Q) s)))
        (@Norm.norm.{0} Complex Complex.instNorm
          (@HAdd.hAdd.{0, 0, 0} Complex Complex Complex (@instHAdd.{0} Complex Complex.instAdd)
            (OAI.SevenEighths.PrincipalSlotEstimate.principalMarked Q A η s)
            (OAI.SevenEighths.ProbeEuler.coordD Q η
              (@OfNat.ofNat.{0} Complex (nat_lit 1) (@One.toOfNat1.{0} Complex Complex.instOne)) s))))
      (@HMul.hMul.{0, 0, 0} Real Real Real (@instHMul.{0} Real Real.instMul)
        (@OfNat.ofNat.{0} Real (nat_lit 28)
          (@instOfNatAtLeastTwo.{0} Real (nat_lit 28) Real.instNatCast
            (@Nat.instAtLeastTwoHAddOfNat (@OfNat.ofNat.{0} Nat (nat_lit 27) (instOfNatNat (nat_lit 27)))
              (@Nat.instNeZeroSucc (@OfNat.ofNat.{0} Nat (nat_lit 26) (instOfNatNat (nat_lit 26)))))))
        (@HPow.hPow.{0, 0, 0} Real Real Real (@instHPow.{0, 0} Real Real Real.instPow) Q
          (@Neg.neg.{0} Real Real.instNeg
            (@HDiv.hDiv.{0, 0, 0} Real Real Real
              (@instHDiv.{0} Real (@DivInvMonoid.toDiv.{0} Real Real.instDivInvMonoid))
              (@OfNat.ofNat.{0} Real (nat_lit 21)
                (@instOfNatAtLeastTwo.{0} Real (nat_lit 21) Real.instNatCast
                  (@Nat.instAtLeastTwoHAddOfNat (@OfNat.ofNat.{0} Nat (nat_lit 20) (instOfNatNat (nat_lit 20)))
                    (@Nat.instNeZeroSucc (@OfNat.ofNat.{0} Nat (nat_lit 19) (instOfNatNat (nat_lit 19)))))))
              (@OfNat.ofNat.{0} Real (nat_lit 25)
                (@instOfNatAtLeastTwo.{0} Real (nat_lit 25) Real.instNatCast
                  (@Nat.instAtLeastTwoHAddOfNat (@OfNat.ofNat.{0} Nat (nat_lit 24) (instOfNatNat (nat_lit 24)))
                    (@Nat.instNeZeroSucc (@OfNat.ofNat.{0} Nat (nat_lit 23) (instOfNatNat (nat_lit 23))))))))))))
'OAI.SevenEighths.PrincipalSlotEstimate.principal_marked_error_bounds_lowKappa' depends on axioms: [propext,
 Classical.choice,
 Quot.sound]
@OAI.SevenEighths.PrincipalSlotEstimate.principal_replacement_error_lowKappa : ∀ {Q : Real} {A η s : Complex}
  (hQ :
    @LE.le.{0} Real Real.instLE
      (@OfNat.ofNat.{0} Real (nat_lit 480)
        (@instOfNatAtLeastTwo.{0} Real (nat_lit 480) Real.instNatCast
          (@Nat.instAtLeastTwoHAddOfNat (@OfNat.ofNat.{0} Nat (nat_lit 479) (instOfNatNat (nat_lit 479)))
            (@Nat.instNeZeroSucc (@OfNat.ofNat.{0} Nat (nat_lit 478) (instOfNatNat (nat_lit 478)))))))
      Q)
  (hA :
    @LE.le.{0} Real Real.instLE (@Norm.norm.{0} Complex Complex.instNorm A)
      (@OfNat.ofNat.{0} Real (nat_lit 1) (@One.toOfNat1.{0} Real Real.instOne)))
  (hη :
    @Eq.{1} Real (@Norm.norm.{0} Complex Complex.instNorm η)
      (@OfNat.ofNat.{0} Real (nat_lit 1) (@One.toOfNat1.{0} Real Real.instOne)))
  (hs :
    @LE.le.{0} Real Real.instLE
      (@HDiv.hDiv.{0, 0, 0} Real Real Real (@instHDiv.{0} Real (@DivInvMonoid.toDiv.{0} Real Real.instDivInvMonoid))
        (@OfNat.ofNat.{0} Real (nat_lit 21)
          (@instOfNatAtLeastTwo.{0} Real (nat_lit 21) Real.instNatCast
            (@Nat.instAtLeastTwoHAddOfNat (@OfNat.ofNat.{0} Nat (nat_lit 20) (instOfNatNat (nat_lit 20)))
              (@Nat.instNeZeroSucc (@OfNat.ofNat.{0} Nat (nat_lit 19) (instOfNatNat (nat_lit 19)))))))
        (@OfNat.ofNat.{0} Real (nat_lit 25)
          (@instOfNatAtLeastTwo.{0} Real (nat_lit 25) Real.instNatCast
            (@Nat.instAtLeastTwoHAddOfNat (@OfNat.ofNat.{0} Nat (nat_lit 24) (instOfNatNat (nat_lit 24)))
              (@Nat.instNeZeroSucc (@OfNat.ofNat.{0} Nat (nat_lit 23) (instOfNatNat (nat_lit 23))))))))
      (Complex.re s)),
  @LE.le.{0} Real Real.instLE
    (@Norm.norm.{0} Complex Complex.instNorm
      (@HAdd.hAdd.{0, 0, 0} Complex Complex Complex (@instHAdd.{0} Complex Complex.instAdd)
        (OAI.SevenEighths.PrincipalSlotEstimate.principalReplacement Q A η s)
        (OAI.SevenEighths.ProbeEuler.unramifiedClosed Q A η
          (@OfNat.ofNat.{0} Complex (nat_lit 1) (@One.toOfNat1.{0} Complex Complex.instOne)) s
          (@OfNat.ofNat.{0} Complex (nat_lit 1) (@One.toOfNat1.{0} Complex Complex.instOne))
          (@HDiv.hDiv.{0, 0, 0} Complex Complex Complex
            (@instHDiv.{0} Complex (@DivInvMonoid.toDiv.{0} Complex Complex.instDivInvMonoid))
            (@OfNat.ofNat.{0} Complex (nat_lit 1) (@One.toOfNat1.{0} Complex Complex.instOne))
            (@OfNat.ofNat.{0} Complex (nat_lit 6)
              (@instOfNatAtLeastTwo.{0} Complex (nat_lit 6) Complex.instNatCast
                (@Nat.instAtLeastTwoHAddOfNat (@OfNat.ofNat.{0} Nat (nat_lit 5) (instOfNatNat (nat_lit 5)))
                  (@Nat.instNeZeroSucc (@OfNat.ofNat.{0} Nat (nat_lit 4) (instOfNatNat (nat_lit 4)))))))))))
    (@HMul.hMul.{0, 0, 0} Real Real Real (@instHMul.{0} Real Real.instMul)
      (@OfNat.ofNat.{0} Real (nat_lit 720)
        (@instOfNatAtLeastTwo.{0} Real (nat_lit 720) Real.instNatCast
          (@Nat.instAtLeastTwoHAddOfNat (@OfNat.ofNat.{0} Nat (nat_lit 719) (instOfNatNat (nat_lit 719)))
            (@Nat.instNeZeroSucc (@OfNat.ofNat.{0} Nat (nat_lit 718) (instOfNatNat (nat_lit 718)))))))
      (@HPow.hPow.{0, 0, 0} Real Real Real (@instHPow.{0, 0} Real Real Real.instPow) Q
        (@Neg.neg.{0} Real Real.instNeg
          (@HDiv.hDiv.{0, 0, 0} Real Real Real (@instHDiv.{0} Real (@DivInvMonoid.toDiv.{0} Real Real.instDivInvMonoid))
            (@OfNat.ofNat.{0} Real (nat_lit 21)
              (@instOfNatAtLeastTwo.{0} Real (nat_lit 21) Real.instNatCast
                (@Nat.instAtLeastTwoHAddOfNat (@OfNat.ofNat.{0} Nat (nat_lit 20) (instOfNatNat (nat_lit 20)))
                  (@Nat.instNeZeroSucc (@OfNat.ofNat.{0} Nat (nat_lit 19) (instOfNatNat (nat_lit 19)))))))
            (@OfNat.ofNat.{0} Real (nat_lit 25)
              (@instOfNatAtLeastTwo.{0} Real (nat_lit 25) Real.instNatCast
                (@Nat.instAtLeastTwoHAddOfNat (@OfNat.ofNat.{0} Nat (nat_lit 24) (instOfNatNat (nat_lit 24)))
                  (@Nat.instNeZeroSucc (@OfNat.ofNat.{0} Nat (nat_lit 23) (instOfNatNat (nat_lit 23)))))))))))
'OAI.SevenEighths.PrincipalSlotEstimate.principal_replacement_error_lowKappa' depends on axioms: [propext,
 Classical.choice,
 Quot.sound]
@OAI.SevenEighths.PrincipalSlotEstimate.principal_slot_error_lowKappa : ∀ {Q : Real} {A η s : Complex}
  (hQ :
    @LE.le.{0} Real Real.instLE
      (@OfNat.ofNat.{0} Real (nat_lit 480)
        (@instOfNatAtLeastTwo.{0} Real (nat_lit 480) Real.instNatCast
          (@Nat.instAtLeastTwoHAddOfNat (@OfNat.ofNat.{0} Nat (nat_lit 479) (instOfNatNat (nat_lit 479)))
            (@Nat.instNeZeroSucc (@OfNat.ofNat.{0} Nat (nat_lit 478) (instOfNatNat (nat_lit 478)))))))
      Q)
  (hA :
    @LE.le.{0} Real Real.instLE (@Norm.norm.{0} Complex Complex.instNorm A)
      (@OfNat.ofNat.{0} Real (nat_lit 1) (@One.toOfNat1.{0} Real Real.instOne)))
  (hη :
    @Eq.{1} Real (@Norm.norm.{0} Complex Complex.instNorm η)
      (@OfNat.ofNat.{0} Real (nat_lit 1) (@One.toOfNat1.{0} Real Real.instOne)))
  (hs :
    @LE.le.{0} Real Real.instLE
      (@HDiv.hDiv.{0, 0, 0} Real Real Real (@instHDiv.{0} Real (@DivInvMonoid.toDiv.{0} Real Real.instDivInvMonoid))
        (@OfNat.ofNat.{0} Real (nat_lit 21)
          (@instOfNatAtLeastTwo.{0} Real (nat_lit 21) Real.instNatCast
            (@Nat.instAtLeastTwoHAddOfNat (@OfNat.ofNat.{0} Nat (nat_lit 20) (instOfNatNat (nat_lit 20)))
              (@Nat.instNeZeroSucc (@OfNat.ofNat.{0} Nat (nat_lit 19) (instOfNatNat (nat_lit 19)))))))
        (@OfNat.ofNat.{0} Real (nat_lit 25)
          (@instOfNatAtLeastTwo.{0} Real (nat_lit 25) Real.instNatCast
            (@Nat.instAtLeastTwoHAddOfNat (@OfNat.ofNat.{0} Nat (nat_lit 24) (instOfNatNat (nat_lit 24)))
              (@Nat.instNeZeroSucc (@OfNat.ofNat.{0} Nat (nat_lit 23) (instOfNatNat (nat_lit 23))))))))
      (Complex.re s)),
  @LE.le.{0} Real Real.instLE
    (@Norm.norm.{0} Complex Complex.instNorm
      (@HAdd.hAdd.{0, 0, 0} Complex Complex Complex (@instHAdd.{0} Complex Complex.instAdd)
        (OAI.SevenEighths.PrincipalSlotEstimate.principalSlot Q A η s)
        (@OfNat.ofNat.{0} Complex (nat_lit 1) (@One.toOfNat1.{0} Complex Complex.instOne))))
    (@HMul.hMul.{0, 0, 0} Real Real Real (@instHMul.{0} Real Real.instMul)
      (@OfNat.ofNat.{0} Real (nat_lit 1440)
        (@instOfNatAtLeastTwo.{0} Real (nat_lit 1440) Real.instNatCast
          (@Nat.instAtLeastTwoHAddOfNat (@OfNat.ofNat.{0} Nat (nat_lit 1439) (instOfNatNat (nat_lit 1439)))
            (@Nat.instNeZeroSucc (@OfNat.ofNat.{0} Nat (nat_lit 1438) (instOfNatNat (nat_lit 1438)))))))
      (@HPow.hPow.{0, 0, 0} Real Real Real (@instHPow.{0, 0} Real Real Real.instPow) Q
        (@Neg.neg.{0} Real Real.instNeg
          (@HDiv.hDiv.{0, 0, 0} Real Real Real (@instHDiv.{0} Real (@DivInvMonoid.toDiv.{0} Real Real.instDivInvMonoid))
            (@OfNat.ofNat.{0} Real (nat_lit 21)
              (@instOfNatAtLeastTwo.{0} Real (nat_lit 21) Real.instNatCast
                (@Nat.instAtLeastTwoHAddOfNat (@OfNat.ofNat.{0} Nat (nat_lit 20) (instOfNatNat (nat_lit 20)))
                  (@Nat.instNeZeroSucc (@OfNat.ofNat.{0} Nat (nat_lit 19) (instOfNatNat (nat_lit 19)))))))
            (@OfNat.ofNat.{0} Real (nat_lit 25)
              (@instOfNatAtLeastTwo.{0} Real (nat_lit 25) Real.instNatCast
                (@Nat.instAtLeastTwoHAddOfNat (@OfNat.ofNat.{0} Nat (nat_lit 24) (instOfNatNat (nat_lit 24)))
                  (@Nat.instNeZeroSucc (@OfNat.ofNat.{0} Nat (nat_lit 23) (instOfNatNat (nat_lit 23)))))))))))
'OAI.SevenEighths.PrincipalSlotEstimate.principal_slot_error_lowKappa' depends on axioms: [propext,
 Classical.choice,
 Quot.sound]
OAI.SevenEighths.PrincipalSlotEstimate.actual_principal_slot_error_lowKappa : ∀
  (η : OAI.SevenEighths.HeckeFamily.Character) (p : OAI.SevenEighths.HeckeFamily.O)
  (hp :
    @IsUnit.{0}
      (@HasQuotient.Quotient.{0, 0} OAI.SevenEighths.HeckeFamily.O
        (@Ideal.{0} OAI.SevenEighths.HeckeFamily.O
          (@Ring.toSemiring.{0} OAI.SevenEighths.HeckeFamily.O
            (@CommRing.toRing.{0} OAI.SevenEighths.HeckeFamily.O
              (@NumberField.instCommRingRingOfIntegers.{0} OAI.SevenEighths.HeckeFamily.K
                (@CyclotomicField.instField.{0} (@OfNat.ofNat.{0} Nat (nat_lit 3) (instOfNatNat (nat_lit 3))) Rat
                  Rat.instField)))))
        (@Ideal.instHasQuotient.{0} OAI.SevenEighths.HeckeFamily.O
          (@CommRing.toRing.{0} OAI.SevenEighths.HeckeFamily.O
            (@NumberField.instCommRingRingOfIntegers.{0} OAI.SevenEighths.HeckeFamily.K
              (@CyclotomicField.instField.{0} (@OfNat.ofNat.{0} Nat (nat_lit 3) (instOfNatNat (nat_lit 3))) Rat
                Rat.instField))))
        (OAI.SevenEighths.HeckeFamily.Character.modulus η))
      (@Semiring.toMonoid.{0}
        (@HasQuotient.Quotient.{0, 0} OAI.SevenEighths.HeckeFamily.O
          (@Ideal.{0} OAI.SevenEighths.HeckeFamily.O
            (@Ring.toSemiring.{0} OAI.SevenEighths.HeckeFamily.O
              (@CommRing.toRing.{0} OAI.SevenEighths.HeckeFamily.O
                (@NumberField.instCommRingRingOfIntegers.{0} OAI.SevenEighths.HeckeFamily.K
                  (@CyclotomicField.instField.{0} (@OfNat.ofNat.{0} Nat (nat_lit 3) (instOfNatNat (nat_lit 3))) Rat
                    Rat.instField)))))
          (@Ideal.instHasQuotient.{0} OAI.SevenEighths.HeckeFamily.O
            (@CommRing.toRing.{0} OAI.SevenEighths.HeckeFamily.O
              (@NumberField.instCommRingRingOfIntegers.{0} OAI.SevenEighths.HeckeFamily.K
                (@CyclotomicField.instField.{0} (@OfNat.ofNat.{0} Nat (nat_lit 3) (instOfNatNat (nat_lit 3))) Rat
                  Rat.instField))))
          (OAI.SevenEighths.HeckeFamily.Character.modulus η))
        (@Ideal.Quotient.semiring.{0} OAI.SevenEighths.HeckeFamily.O
          (@NumberField.instCommRingRingOfIntegers.{0} OAI.SevenEighths.HeckeFamily.K
            (@CyclotomicField.instField.{0} (@OfNat.ofNat.{0} Nat (nat_lit 3) (instOfNatNat (nat_lit 3))) Rat
              Rat.instField))
          (OAI.SevenEighths.HeckeFamily.Character.modulus η)))
      (@DFunLike.coe.{1, 1, 1}
        (@RingHom.{0, 0} OAI.SevenEighths.HeckeFamily.O
          (@HasQuotient.Quotient.{0, 0} OAI.SevenEighths.HeckeFamily.O
            (@Ideal.{0} OAI.SevenEighths.HeckeFamily.O
              (@Ring.toSemiring.{0} OAI.SevenEighths.HeckeFamily.O
                (@CommRing.toRing.{0} OAI.SevenEighths.HeckeFamily.O
                  (@NumberField.instCommRingRingOfIntegers.{0} OAI.SevenEighths.HeckeFamily.K
                    (@CyclotomicField.instField.{0} (@OfNat.ofNat.{0} Nat (nat_lit 3) (instOfNatNat (nat_lit 3))) Rat
                      Rat.instField)))))
            (@Ideal.instHasQuotient.{0} OAI.SevenEighths.HeckeFamily.O
              (@CommRing.toRing.{0} OAI.SevenEighths.HeckeFamily.O
                (@NumberField.instCommRingRingOfIntegers.{0} OAI.SevenEighths.HeckeFamily.K
                  (@CyclotomicField.instField.{0} (@OfNat.ofNat.{0} Nat (nat_lit 3) (instOfNatNat (nat_lit 3))) Rat
                    Rat.instField))))
            (OAI.SevenEighths.HeckeFamily.Character.modulus η))
          (@Semiring.toNonAssocSemiring.{0} OAI.SevenEighths.HeckeFamily.O
            (@Ring.toSemiring.{0} OAI.SevenEighths.HeckeFamily.O
              (@CommRing.toRing.{0} OAI.SevenEighths.HeckeFamily.O
                (@NumberField.instCommRingRingOfIntegers.{0} OAI.SevenEighths.HeckeFamily.K
                  (@CyclotomicField.instField.{0} (@OfNat.ofNat.{0} Nat (nat_lit 3) (instOfNatNat (nat_lit 3))) Rat
                    Rat.instField)))))
          (@Semiring.toNonAssocSemiring.{0}
            (@HasQuotient.Quotient.{0, 0} OAI.SevenEighths.HeckeFamily.O
              (@Ideal.{0} OAI.SevenEighths.HeckeFamily.O
                (@Ring.toSemiring.{0} OAI.SevenEighths.HeckeFamily.O
                  (@CommRing.toRing.{0} OAI.SevenEighths.HeckeFamily.O
                    (@NumberField.instCommRingRingOfIntegers.{0} OAI.SevenEighths.HeckeFamily.K
                      (@CyclotomicField.instField.{0} (@OfNat.ofNat.{0} Nat (nat_lit 3) (instOfNatNat (nat_lit 3))) Rat
                        Rat.instField)))))
              (@Ideal.instHasQuotient.{0} OAI.SevenEighths.HeckeFamily.O
                (@CommRing.toRing.{0} OAI.SevenEighths.HeckeFamily.O
                  (@NumberField.instCommRingRingOfIntegers.{0} OAI.SevenEighths.HeckeFamily.K
                    (@CyclotomicField.instField.{0} (@OfNat.ofNat.{0} Nat (nat_lit 3) (instOfNatNat (nat_lit 3))) Rat
                      Rat.instField))))
              (OAI.SevenEighths.HeckeFamily.Character.modulus η))
            (@Ring.toSemiring.{0}
              (@HasQuotient.Quotient.{0, 0} OAI.SevenEighths.HeckeFamily.O
                (@Ideal.{0} OAI.SevenEighths.HeckeFamily.O
                  (@Ring.toSemiring.{0} OAI.SevenEighths.HeckeFamily.O
                    (@CommRing.toRing.{0} OAI.SevenEighths.HeckeFamily.O
                      (@NumberField.instCommRingRingOfIntegers.{0} OAI.SevenEighths.HeckeFamily.K
                        (@CyclotomicField.instField.{0} (@OfNat.ofNat.{0} Nat (nat_lit 3) (instOfNatNat (nat_lit 3)))
                          Rat Rat.instField)))))
                (@Ideal.instHasQuotient.{0} OAI.SevenEighths.HeckeFamily.O
                  (@CommRing.toRing.{0} OAI.SevenEighths.HeckeFamily.O
                    (@NumberField.instCommRingRingOfIntegers.{0} OAI.SevenEighths.HeckeFamily.K
                      (@CyclotomicField.instField.{0} (@OfNat.ofNat.{0} Nat (nat_lit 3) (instOfNatNat (nat_lit 3))) Rat
                        Rat.instField))))
                (OAI.SevenEighths.HeckeFamily.Character.modulus η))
              (@Ideal.Quotient.ring.{0} OAI.SevenEighths.HeckeFamily.O
                (@CommRing.toRing.{0} OAI.SevenEighths.HeckeFamily.O
                  (@NumberField.instCommRingRingOfIntegers.{0} OAI.SevenEighths.HeckeFamily.K
                    (@CyclotomicField.instField.{0} (@OfNat.ofNat.{0} Nat (nat_lit 3) (instOfNatNat (nat_lit 3))) Rat
                      Rat.instField)))
                (OAI.SevenEighths.HeckeFamily.Character.modulus η)
                (@Ideal.instIsTwoSided_1.{0} OAI.SevenEighths.HeckeFamily.O
                  (@NumberField.instCommRingRingOfIntegers.{0} OAI.SevenEighths.HeckeFamily.K
                    (@CyclotomicField.instField.{0} (@OfNat.ofNat.{0} Nat (nat_lit 3) (instOfNatNat (nat_lit 3))) Rat
                      Rat.instField))
                  (OAI.SevenEighths.HeckeFamily.Character.modulus η))))))
        OAI.SevenEighths.HeckeFamily.O
        (fun (x : OAI.SevenEighths.HeckeFamily.O) =>
          @HasQuotient.Quotient.{0, 0} OAI.SevenEighths.HeckeFamily.O
            (@Ideal.{0} OAI.SevenEighths.HeckeFamily.O
              (@Ring.toSemiring.{0} OAI.SevenEighths.HeckeFamily.O
                (@CommRing.toRing.{0} OAI.SevenEighths.HeckeFamily.O
                  (@NumberField.instCommRingRingOfIntegers.{0} OAI.SevenEighths.HeckeFamily.K
                    (@CyclotomicField.instField.{0} (@OfNat.ofNat.{0} Nat (nat_lit 3) (instOfNatNat (nat_lit 3))) Rat
                      Rat.instField)))))
            (@Ideal.instHasQuotient.{0} OAI.SevenEighths.HeckeFamily.O
              (@CommRing.toRing.{0} OAI.SevenEighths.HeckeFamily.O
                (@NumberField.instCommRingRingOfIntegers.{0} OAI.SevenEighths.HeckeFamily.K
                  (@CyclotomicField.instField.{0} (@OfNat.ofNat.{0} Nat (nat_lit 3) (instOfNatNat (nat_lit 3))) Rat
                    Rat.instField))))
            (OAI.SevenEighths.HeckeFamily.Character.modulus η))
        (@RingHom.instFunLike.{0, 0} OAI.SevenEighths.HeckeFamily.O
          (@HasQuotient.Quotient.{0, 0} OAI.SevenEighths.HeckeFamily.O
            (@Ideal.{0} OAI.SevenEighths.HeckeFamily.O
              (@Ring.toSemiring.{0} OAI.SevenEighths.HeckeFamily.O
                (@CommRing.toRing.{0} OAI.SevenEighths.HeckeFamily.O
                  (@NumberField.instCommRingRingOfIntegers.{0} OAI.SevenEighths.HeckeFamily.K
                    (@CyclotomicField.instField.{0} (@OfNat.ofNat.{0} Nat (nat_lit 3) (instOfNatNat (nat_lit 3))) Rat
                      Rat.instField)))))
            (@Ideal.instHasQuotient.{0} OAI.SevenEighths.HeckeFamily.O
              (@CommRing.toRing.{0} OAI.SevenEighths.HeckeFamily.O
                (@NumberField.instCommRingRingOfIntegers.{0} OAI.SevenEighths.HeckeFamily.K
                  (@CyclotomicField.instField.{0} (@OfNat.ofNat.{0} Nat (nat_lit 3) (instOfNatNat (nat_lit 3))) Rat
                    Rat.instField))))
            (OAI.SevenEighths.HeckeFamily.Character.modulus η))
          (@Semiring.toNonAssocSemiring.{0} OAI.SevenEighths.HeckeFamily.O
            (@Ring.toSemiring.{0} OAI.SevenEighths.HeckeFamily.O
              (@CommRing.toRing.{0} OAI.SevenEighths.HeckeFamily.O
                (@NumberField.instCommRingRingOfIntegers.{0} OAI.SevenEighths.HeckeFamily.K
                  (@CyclotomicField.instField.{0} (@OfNat.ofNat.{0} Nat (nat_lit 3) (instOfNatNat (nat_lit 3))) Rat
                    Rat.instField)))))
          (@Semiring.toNonAssocSemiring.{0}
            (@HasQuotient.Quotient.{0, 0} OAI.SevenEighths.HeckeFamily.O
              (@Ideal.{0} OAI.SevenEighths.HeckeFamily.O
                (@Ring.toSemiring.{0} OAI.SevenEighths.HeckeFamily.O
                  (@CommRing.toRing.{0} OAI.SevenEighths.HeckeFamily.O
                    (@NumberField.instCommRingRingOfIntegers.{0} OAI.SevenEighths.HeckeFamily.K
                      (@CyclotomicField.instField.{0} (@OfNat.ofNat.{0} Nat (nat_lit 3) (instOfNatNat (nat_lit 3))) Rat
                        Rat.instField)))))
              (@Ideal.instHasQuotient.{0} OAI.SevenEighths.HeckeFamily.O
                (@CommRing.toRing.{0} OAI.SevenEighths.HeckeFamily.O
                  (@NumberField.instCommRingRingOfIntegers.{0} OAI.SevenEighths.HeckeFamily.K
                    (@CyclotomicField.instField.{0} (@OfNat.ofNat.{0} Nat (nat_lit 3) (instOfNatNat (nat_lit 3))) Rat
                      Rat.instField))))
              (OAI.SevenEighths.HeckeFamily.Character.modulus η))
            (@Ring.toSemiring.{0}
              (@HasQuotient.Quotient.{0, 0} OAI.SevenEighths.HeckeFamily.O
                (@Ideal.{0} OAI.SevenEighths.HeckeFamily.O
                  (@Ring.toSemiring.{0} OAI.SevenEighths.HeckeFamily.O
                    (@CommRing.toRing.{0} OAI.SevenEighths.HeckeFamily.O
                      (@NumberField.instCommRingRingOfIntegers.{0} OAI.SevenEighths.HeckeFamily.K
                        (@CyclotomicField.instField.{0} (@OfNat.ofNat.{0} Nat (nat_lit 3) (instOfNatNat (nat_lit 3)))
                          Rat Rat.instField)))))
                (@Ideal.instHasQuotient.{0} OAI.SevenEighths.HeckeFamily.O
                  (@CommRing.toRing.{0} OAI.SevenEighths.HeckeFamily.O
                    (@NumberField.instCommRingRingOfIntegers.{0} OAI.SevenEighths.HeckeFamily.K
                      (@CyclotomicField.instField.{0} (@OfNat.ofNat.{0} Nat (nat_lit 3) (instOfNatNat (nat_lit 3))) Rat
                        Rat.instField))))
                (OAI.SevenEighths.HeckeFamily.Character.modulus η))
              (@Ideal.Quotient.ring.{0} OAI.SevenEighths.HeckeFamily.O
                (@CommRing.toRing.{0} OAI.SevenEighths.HeckeFamily.O
                  (@NumberField.instCommRingRingOfIntegers.{0} OAI.SevenEighths.HeckeFamily.K
                    (@CyclotomicField.instField.{0} (@OfNat.ofNat.{0} Nat (nat_lit 3) (instOfNatNat (nat_lit 3))) Rat
                      Rat.instField)))
                (OAI.SevenEighths.HeckeFamily.Character.modulus η)
                (@Ideal.instIsTwoSided_1.{0} OAI.SevenEighths.HeckeFamily.O
                  (@NumberField.instCommRingRingOfIntegers.{0} OAI.SevenEighths.HeckeFamily.K
                    (@CyclotomicField.instField.{0} (@OfNat.ofNat.{0} Nat (nat_lit 3) (instOfNatNat (nat_lit 3))) Rat
                      Rat.instField))
                  (OAI.SevenEighths.HeckeFamily.Character.modulus η))))))
        (@Ideal.Quotient.mk.{0} OAI.SevenEighths.HeckeFamily.O
          (@CommRing.toRing.{0} OAI.SevenEighths.HeckeFamily.O
            (@NumberField.instCommRingRingOfIntegers.{0} OAI.SevenEighths.HeckeFamily.K
              (@CyclotomicField.instField.{0} (@OfNat.ofNat.{0} Nat (nat_lit 3) (instOfNatNat (nat_lit 3))) Rat
                Rat.instField)))
          (OAI.SevenEighths.HeckeFamily.Character.modulus η)
          (@Ideal.instIsTwoSided_1.{0} OAI.SevenEighths.HeckeFamily.O
            (@NumberField.instCommRingRingOfIntegers.{0} OAI.SevenEighths.HeckeFamily.K
              (@CyclotomicField.instField.{0} (@OfNat.ofNat.{0} Nat (nat_lit 3) (instOfNatNat (nat_lit 3))) Rat
                Rat.instField))
            (OAI.SevenEighths.HeckeFamily.Character.modulus η)))
        p))
  (s : Complex)
  (hQ :
    @LE.le.{0} Real Real.instLE
      (@OfNat.ofNat.{0} Real (nat_lit 480)
        (@instOfNatAtLeastTwo.{0} Real (nat_lit 480) Real.instNatCast
          (@Nat.instAtLeastTwoHAddOfNat (@OfNat.ofNat.{0} Nat (nat_lit 479) (instOfNatNat (nat_lit 479)))
            (@Nat.instNeZeroSucc (@OfNat.ofNat.{0} Nat (nat_lit 478) (instOfNatNat (nat_lit 478)))))))
      (@Nat.cast.{0} Real Real.instNatCast
        (@DFunLike.coe.{1, 1, 1}
          (@MonoidWithZeroHom.{0, 0}
            (@Ideal.{0} OAI.SevenEighths.HeckeFamily.O
              (@CommSemiring.toSemiring.{0} OAI.SevenEighths.HeckeFamily.O
                (@CommRing.toCommSemiring.{0} OAI.SevenEighths.HeckeFamily.O
                  (@NumberField.instCommRingRingOfIntegers.{0} OAI.SevenEighths.HeckeFamily.K
                    (@CyclotomicField.instField.{0} (@OfNat.ofNat.{0} Nat (nat_lit 3) (instOfNatNat (nat_lit 3))) Rat
                      Rat.instField)))))
            Nat
            (@instMulZeroOneClassOfSemiring.{0}
              (@Ideal.{0} OAI.SevenEighths.HeckeFamily.O
                (@CommSemiring.toSemiring.{0} OAI.SevenEighths.HeckeFamily.O
                  (@CommRing.toCommSemiring.{0} OAI.SevenEighths.HeckeFamily.O
                    (@NumberField.instCommRingRingOfIntegers.{0} OAI.SevenEighths.HeckeFamily.K
                      (@CyclotomicField.instField.{0} (@OfNat.ofNat.{0} Nat (nat_lit 3) (instOfNatNat (nat_lit 3))) Rat
                        Rat.instField)))))
              (@IdemSemiring.toSemiring.{0}
                (@Ideal.{0} OAI.SevenEighths.HeckeFamily.O
                  (@CommSemiring.toSemiring.{0} OAI.SevenEighths.HeckeFamily.O
                    (@CommRing.toCommSemiring.{0} OAI.SevenEighths.HeckeFamily.O
                      (@NumberField.instCommRingRingOfIntegers.{0} OAI.SevenEighths.HeckeFamily.K
                        (@CyclotomicField.instField.{0} (@OfNat.ofNat.{0} Nat (nat_lit 3) (instOfNatNat (nat_lit 3)))
                          Rat Rat.instField)))))
                (@Submodule.idemSemiring.{0, 0} OAI.SevenEighths.HeckeFamily.O
                  (@CommRing.toCommSemiring.{0} OAI.SevenEighths.HeckeFamily.O
                    (@NumberField.instCommRingRingOfIntegers.{0} OAI.SevenEighths.HeckeFamily.K
                      (@CyclotomicField.instField.{0} (@OfNat.ofNat.{0} Nat (nat_lit 3) (instOfNatNat (nat_lit 3))) Rat
                        Rat.instField)))
                  OAI.SevenEighths.HeckeFamily.O
                  (@CommSemiring.toSemiring.{0} OAI.SevenEighths.HeckeFamily.O
                    (@CommRing.toCommSemiring.{0} OAI.SevenEighths.HeckeFamily.O
                      (@NumberField.instCommRingRingOfIntegers.{0} OAI.SevenEighths.HeckeFamily.K
                        (@CyclotomicField.instField.{0} (@OfNat.ofNat.{0} Nat (nat_lit 3) (instOfNatNat (nat_lit 3)))
                          Rat Rat.instField))))
                  (@Algebra.id.{0} OAI.SevenEighths.HeckeFamily.O
                    (@CommRing.toCommSemiring.{0} OAI.SevenEighths.HeckeFamily.O
                      (@NumberField.instCommRingRingOfIntegers.{0} OAI.SevenEighths.HeckeFamily.K
                        (@CyclotomicField.instField.{0} (@OfNat.ofNat.{0} Nat (nat_lit 3) (instOfNatNat (nat_lit 3)))
                          Rat Rat.instField)))))))
            Nat.instMulZeroOneClass)
          (@Ideal.{0} OAI.SevenEighths.HeckeFamily.O
            (@CommSemiring.toSemiring.{0} OAI.SevenEighths.HeckeFamily.O
              (@CommRing.toCommSemiring.{0} OAI.SevenEighths.HeckeFamily.O
                (@NumberField.instCommRingRingOfIntegers.{0} OAI.SevenEighths.HeckeFamily.K
                  (@CyclotomicField.instField.{0} (@OfNat.ofNat.{0} Nat (nat_lit 3) (instOfNatNat (nat_lit 3))) Rat
                    Rat.instField)))))
          (fun
              (x :
                @Ideal.{0} OAI.SevenEighths.HeckeFamily.O
                  (@CommSemiring.toSemiring.{0} OAI.SevenEighths.HeckeFamily.O
                    (@CommRing.toCommSemiring.{0} OAI.SevenEighths.HeckeFamily.O
                      (@NumberField.instCommRingRingOfIntegers.{0} OAI.SevenEighths.HeckeFamily.K
                        (@CyclotomicField.instField.{0} (@OfNat.ofNat.{0} Nat (nat_lit 3) (instOfNatNat (nat_lit 3)))
                          Rat Rat.instField))))) =>
            Nat)
          (@MonoidWithZeroHom.funLike.{0, 0}
            (@Ideal.{0} OAI.SevenEighths.HeckeFamily.O
              (@CommSemiring.toSemiring.{0} OAI.SevenEighths.HeckeFamily.O
                (@CommRing.toCommSemiring.{0} OAI.SevenEighths.HeckeFamily.O
                  (@NumberField.instCommRingRingOfIntegers.{0} OAI.SevenEighths.HeckeFamily.K
                    (@CyclotomicField.instField.{0} (@OfNat.ofNat.{0} Nat (nat_lit 3) (instOfNatNat (nat_lit 3))) Rat
                      Rat.instField)))))
            Nat
            (@instMulZeroOneClassOfSemiring.{0}
              (@Ideal.{0} OAI.SevenEighths.HeckeFamily.O
                (@CommSemiring.toSemiring.{0} OAI.SevenEighths.HeckeFamily.O
                  (@CommRing.toCommSemiring.{0} OAI.SevenEighths.HeckeFamily.O
                    (@NumberField.instCommRingRingOfIntegers.{0} OAI.SevenEighths.HeckeFamily.K
                      (@CyclotomicField.instField.{0} (@OfNat.ofNat.{0} Nat (nat_lit 3) (instOfNatNat (nat_lit 3))) Rat
                        Rat.instField)))))
              (@IdemSemiring.toSemiring.{0}
                (@Ideal.{0} OAI.SevenEighths.HeckeFamily.O
                  (@CommSemiring.toSemiring.{0} OAI.SevenEighths.HeckeFamily.O
                    (@CommRing.toCommSemiring.{0} OAI.SevenEighths.HeckeFamily.O
                      (@NumberField.instCommRingRingOfIntegers.{0} OAI.SevenEighths.HeckeFamily.K
                        (@CyclotomicField.instField.{0} (@OfNat.ofNat.{0} Nat (nat_lit 3) (instOfNatNat (nat_lit 3)))
                          Rat Rat.instField)))))
                (@Submodule.idemSemiring.{0, 0} OAI.SevenEighths.HeckeFamily.O
                  (@CommRing.toCommSemiring.{0} OAI.SevenEighths.HeckeFamily.O
                    (@NumberField.instCommRingRingOfIntegers.{0} OAI.SevenEighths.HeckeFamily.K
                      (@CyclotomicField.instField.{0} (@OfNat.ofNat.{0} Nat (nat_lit 3) (instOfNatNat (nat_lit 3))) Rat
                        Rat.instField)))
                  OAI.SevenEighths.HeckeFamily.O
                  (@CommSemiring.toSemiring.{0} OAI.SevenEighths.HeckeFamily.O
                    (@CommRing.toCommSemiring.{0} OAI.SevenEighths.HeckeFamily.O
                      (@NumberField.instCommRingRingOfIntegers.{0} OAI.SevenEighths.HeckeFamily.K
                        (@CyclotomicField.instField.{0} (@OfNat.ofNat.{0} Nat (nat_lit 3) (instOfNatNat (nat_lit 3)))
                          Rat Rat.instField))))
                  (@Algebra.id.{0} OAI.SevenEighths.HeckeFamily.O
                    (@CommRing.toCommSemiring.{0} OAI.SevenEighths.HeckeFamily.O
                      (@NumberField.instCommRingRingOfIntegers.{0} OAI.SevenEighths.HeckeFamily.K
                        (@CyclotomicField.instField.{0} (@OfNat.ofNat.{0} Nat (nat_lit 3) (instOfNatNat (nat_lit 3)))
                          Rat Rat.instField)))))))
            Nat.instMulZeroOneClass)
          (@Ideal.absNorm.{0} OAI.SevenEighths.HeckeFamily.O
            (@NumberField.instCommRingRingOfIntegers.{0} OAI.SevenEighths.HeckeFamily.K
              (@CyclotomicField.instField.{0} (@OfNat.ofNat.{0} Nat (nat_lit 3) (instOfNatNat (nat_lit 3))) Rat
                Rat.instField))
            (@NumberField.RingOfIntegers.instIsDedekindDomain.{0} OAI.SevenEighths.HeckeFamily.K
              (@CyclotomicField.instField.{0} (@OfNat.ofNat.{0} Nat (nat_lit 3) (instOfNatNat (nat_lit 3))) Rat
                Rat.instField)
              (@CyclotomicField.instNumberField.{0} (@OfNat.ofNat.{0} Nat (nat_lit 3) (instOfNatNat (nat_lit 3))) Rat
                Rat.instField Rat.numberField))
            (@CharZero.infinite.{0} OAI.SevenEighths.HeckeFamily.O
              (@AddGroupWithOne.toAddMonoidWithOne.{0} OAI.SevenEighths.HeckeFamily.O
                (@Ring.toAddGroupWithOne.{0} OAI.SevenEighths.HeckeFamily.O
                  (@CommRing.toRing.{0} OAI.SevenEighths.HeckeFamily.O
                    (@NumberField.instCommRingRingOfIntegers.{0} OAI.SevenEighths.HeckeFamily.K
                      (@CyclotomicField.instField.{0} (@OfNat.ofNat.{0} Nat (nat_lit 3) (instOfNatNat (nat_lit 3))) Rat
                        Rat.instField)))))
              (@NumberField.RingOfIntegers.instCharZero_1.{0} OAI.SevenEighths.HeckeFamily.K
                (@CyclotomicField.instField.{0} (@OfNat.ofNat.{0} Nat (nat_lit 3) (instOfNatNat (nat_lit 3))) Rat
                  Rat.instField)
                (@CyclotomicField.instCharZero.{0} (@OfNat.ofNat.{0} Nat (nat_lit 3) (instOfNatNat (nat_lit 3))) Rat
                  Rat.instField Rat.instCharZero))))
          (@Ideal.span.{0} OAI.SevenEighths.HeckeFamily.O
            (@CommSemiring.toSemiring.{0} OAI.SevenEighths.HeckeFamily.O
              (@CommRing.toCommSemiring.{0} OAI.SevenEighths.HeckeFamily.O
                (@NumberField.instCommRingRingOfIntegers.{0} OAI.SevenEighths.HeckeFamily.K
                  (@CyclotomicField.instField.{0} (@OfNat.ofNat.{0} Nat (nat_lit 3) (instOfNatNat (nat_lit 3))) Rat
                    Rat.instField))))
            (@Singleton.singleton.{0, 0} OAI.SevenEighths.HeckeFamily.O (Set.{0} OAI.SevenEighths.HeckeFamily.O)
              (@Set.instSingletonSet.{0} OAI.SevenEighths.HeckeFamily.O) p)))))
  (hs :
    @LE.le.{0} Real Real.instLE
      (@HDiv.hDiv.{0, 0, 0} Real Real Real (@instHDiv.{0} Real (@DivInvMonoid.toDiv.{0} Real Real.instDivInvMonoid))
        (@OfNat.ofNat.{0} Real (nat_lit 21)
          (@instOfNatAtLeastTwo.{0} Real (nat_lit 21) Real.instNatCast
            (@Nat.instAtLeastTwoHAddOfNat (@OfNat.ofNat.{0} Nat (nat_lit 20) (instOfNatNat (nat_lit 20)))
              (@Nat.instNeZeroSucc (@OfNat.ofNat.{0} Nat (nat_lit 19) (instOfNatNat (nat_lit 19)))))))
        (@OfNat.ofNat.{0} Real (nat_lit 25)
          (@instOfNatAtLeastTwo.{0} Real (nat_lit 25) Real.instNatCast
            (@Nat.instAtLeastTwoHAddOfNat (@OfNat.ofNat.{0} Nat (nat_lit 24) (instOfNatNat (nat_lit 24)))
              (@Nat.instNeZeroSucc (@OfNat.ofNat.{0} Nat (nat_lit 23) (instOfNatNat (nat_lit 23))))))))
      (Complex.re s)),
  @LE.le.{0} Real Real.instLE
    (@Norm.norm.{0} Complex Complex.instNorm
      (@HAdd.hAdd.{0, 0, 0} Complex Complex Complex (@instHAdd.{0} Complex Complex.instAdd)
        (OAI.SevenEighths.PrincipalSlotEstimate.principalSlot
          (@Nat.cast.{0} Real Real.instNatCast
            (@DFunLike.coe.{1, 1, 1}
              (@MonoidWithZeroHom.{0, 0}
                (@Ideal.{0} OAI.SevenEighths.HeckeFamily.O
                  (@CommSemiring.toSemiring.{0} OAI.SevenEighths.HeckeFamily.O
                    (@CommRing.toCommSemiring.{0} OAI.SevenEighths.HeckeFamily.O
                      (@NumberField.instCommRingRingOfIntegers.{0} OAI.SevenEighths.HeckeFamily.K
                        (@CyclotomicField.instField.{0} (@OfNat.ofNat.{0} Nat (nat_lit 3) (instOfNatNat (nat_lit 3)))
                          Rat Rat.instField)))))
                Nat
                (@instMulZeroOneClassOfSemiring.{0}
                  (@Ideal.{0} OAI.SevenEighths.HeckeFamily.O
                    (@CommSemiring.toSemiring.{0} OAI.SevenEighths.HeckeFamily.O
                      (@CommRing.toCommSemiring.{0} OAI.SevenEighths.HeckeFamily.O
                        (@NumberField.instCommRingRingOfIntegers.{0} OAI.SevenEighths.HeckeFamily.K
                          (@CyclotomicField.instField.{0} (@OfNat.ofNat.{0} Nat (nat_lit 3) (instOfNatNat (nat_lit 3)))
                            Rat Rat.instField)))))
                  (@IdemSemiring.toSemiring.{0}
                    (@Ideal.{0} OAI.SevenEighths.HeckeFamily.O
                      (@CommSemiring.toSemiring.{0} OAI.SevenEighths.HeckeFamily.O
                        (@CommRing.toCommSemiring.{0} OAI.SevenEighths.HeckeFamily.O
                          (@NumberField.instCommRingRingOfIntegers.{0} OAI.SevenEighths.HeckeFamily.K
                            (@CyclotomicField.instField.{0}
                              (@OfNat.ofNat.{0} Nat (nat_lit 3) (instOfNatNat (nat_lit 3))) Rat Rat.instField)))))
                    (@Submodule.idemSemiring.{0, 0} OAI.SevenEighths.HeckeFamily.O
                      (@CommRing.toCommSemiring.{0} OAI.SevenEighths.HeckeFamily.O
                        (@NumberField.instCommRingRingOfIntegers.{0} OAI.SevenEighths.HeckeFamily.K
                          (@CyclotomicField.instField.{0} (@OfNat.ofNat.{0} Nat (nat_lit 3) (instOfNatNat (nat_lit 3)))
                            Rat Rat.instField)))
                      OAI.SevenEighths.HeckeFamily.O
                      (@CommSemiring.toSemiring.{0} OAI.SevenEighths.HeckeFamily.O
                        (@CommRing.toCommSemiring.{0} OAI.SevenEighths.HeckeFamily.O
                          (@NumberField.instCommRingRingOfIntegers.{0} OAI.SevenEighths.HeckeFamily.K
                            (@CyclotomicField.instField.{0}
                              (@OfNat.ofNat.{0} Nat (nat_lit 3) (instOfNatNat (nat_lit 3))) Rat Rat.instField))))
                      (@Algebra.id.{0} OAI.SevenEighths.HeckeFamily.O
                        (@CommRing.toCommSemiring.{0} OAI.SevenEighths.HeckeFamily.O
                          (@NumberField.instCommRingRingOfIntegers.{0} OAI.SevenEighths.HeckeFamily.K
                            (@CyclotomicField.instField.{0}
                              (@OfNat.ofNat.{0} Nat (nat_lit 3) (instOfNatNat (nat_lit 3))) Rat Rat.instField)))))))
                Nat.instMulZeroOneClass)
              (@Ideal.{0} OAI.SevenEighths.HeckeFamily.O
                (@CommSemiring.toSemiring.{0} OAI.SevenEighths.HeckeFamily.O
                  (@CommRing.toCommSemiring.{0} OAI.SevenEighths.HeckeFamily.O
                    (@NumberField.instCommRingRingOfIntegers.{0} OAI.SevenEighths.HeckeFamily.K
                      (@CyclotomicField.instField.{0} (@OfNat.ofNat.{0} Nat (nat_lit 3) (instOfNatNat (nat_lit 3))) Rat
                        Rat.instField)))))
              (fun
                  (x :
                    @Ideal.{0} OAI.SevenEighths.HeckeFamily.O
                      (@CommSemiring.toSemiring.{0} OAI.SevenEighths.HeckeFamily.O
                        (@CommRing.toCommSemiring.{0} OAI.SevenEighths.HeckeFamily.O
                          (@NumberField.instCommRingRingOfIntegers.{0} OAI.SevenEighths.HeckeFamily.K
                            (@CyclotomicField.instField.{0}
                              (@OfNat.ofNat.{0} Nat (nat_lit 3) (instOfNatNat (nat_lit 3))) Rat Rat.instField))))) =>
                Nat)
              (@MonoidWithZeroHom.funLike.{0, 0}
                (@Ideal.{0} OAI.SevenEighths.HeckeFamily.O
                  (@CommSemiring.toSemiring.{0} OAI.SevenEighths.HeckeFamily.O
                    (@CommRing.toCommSemiring.{0} OAI.SevenEighths.HeckeFamily.O
                      (@NumberField.instCommRingRingOfIntegers.{0} OAI.SevenEighths.HeckeFamily.K
                        (@CyclotomicField.instField.{0} (@OfNat.ofNat.{0} Nat (nat_lit 3) (instOfNatNat (nat_lit 3)))
                          Rat Rat.instField)))))
                Nat
                (@instMulZeroOneClassOfSemiring.{0}
                  (@Ideal.{0} OAI.SevenEighths.HeckeFamily.O
                    (@CommSemiring.toSemiring.{0} OAI.SevenEighths.HeckeFamily.O
                      (@CommRing.toCommSemiring.{0} OAI.SevenEighths.HeckeFamily.O
                        (@NumberField.instCommRingRingOfIntegers.{0} OAI.SevenEighths.HeckeFamily.K
                          (@CyclotomicField.instField.{0} (@OfNat.ofNat.{0} Nat (nat_lit 3) (instOfNatNat (nat_lit 3)))
                            Rat Rat.instField)))))
                  (@IdemSemiring.toSemiring.{0}
                    (@Ideal.{0} OAI.SevenEighths.HeckeFamily.O
                      (@CommSemiring.toSemiring.{0} OAI.SevenEighths.HeckeFamily.O
                        (@CommRing.toCommSemiring.{0} OAI.SevenEighths.HeckeFamily.O
                          (@NumberField.instCommRingRingOfIntegers.{0} OAI.SevenEighths.HeckeFamily.K
                            (@CyclotomicField.instField.{0}
                              (@OfNat.ofNat.{0} Nat (nat_lit 3) (instOfNatNat (nat_lit 3))) Rat Rat.instField)))))
                    (@Submodule.idemSemiring.{0, 0} OAI.SevenEighths.HeckeFamily.O
                      (@CommRing.toCommSemiring.{0} OAI.SevenEighths.HeckeFamily.O
                        (@NumberField.instCommRingRingOfIntegers.{0} OAI.SevenEighths.HeckeFamily.K
                          (@CyclotomicField.instField.{0} (@OfNat.ofNat.{0} Nat (nat_lit 3) (instOfNatNat (nat_lit 3)))
                            Rat Rat.instField)))
                      OAI.SevenEighths.HeckeFamily.O
                      (@CommSemiring.toSemiring.{0} OAI.SevenEighths.HeckeFamily.O
                        (@CommRing.toCommSemiring.{0} OAI.SevenEighths.HeckeFamily.O
                          (@NumberField.instCommRingRingOfIntegers.{0} OAI.SevenEighths.HeckeFamily.K
                            (@CyclotomicField.instField.{0}
                              (@OfNat.ofNat.{0} Nat (nat_lit 3) (instOfNatNat (nat_lit 3))) Rat Rat.instField))))
                      (@Algebra.id.{0} OAI.SevenEighths.HeckeFamily.O
                        (@CommRing.toCommSemiring.{0} OAI.SevenEighths.HeckeFamily.O
                          (@NumberField.instCommRingRingOfIntegers.{0} OAI.SevenEighths.HeckeFamily.K
                            (@CyclotomicField.instField.{0}
                              (@OfNat.ofNat.{0} Nat (nat_lit 3) (instOfNatNat (nat_lit 3))) Rat Rat.instField)))))))
                Nat.instMulZeroOneClass)
              (@Ideal.absNorm.{0} OAI.SevenEighths.HeckeFamily.O
                (@NumberField.instCommRingRingOfIntegers.{0} OAI.SevenEighths.HeckeFamily.K
                  (@CyclotomicField.instField.{0} (@OfNat.ofNat.{0} Nat (nat_lit 3) (instOfNatNat (nat_lit 3))) Rat
                    Rat.instField))
                (@NumberField.RingOfIntegers.instIsDedekindDomain.{0} OAI.SevenEighths.HeckeFamily.K
                  (@CyclotomicField.instField.{0} (@OfNat.ofNat.{0} Nat (nat_lit 3) (instOfNatNat (nat_lit 3))) Rat
                    Rat.instField)
                  (@CyclotomicField.instNumberField.{0} (@OfNat.ofNat.{0} Nat (nat_lit 3) (instOfNatNat (nat_lit 3)))
                    Rat Rat.instField Rat.numberField))
                (@CharZero.infinite.{0} OAI.SevenEighths.HeckeFamily.O
                  (@AddGroupWithOne.toAddMonoidWithOne.{0} OAI.SevenEighths.HeckeFamily.O
                    (@Ring.toAddGroupWithOne.{0} OAI.SevenEighths.HeckeFamily.O
                      (@CommRing.toRing.{0} OAI.SevenEighths.HeckeFamily.O
                        (@NumberField.instCommRingRingOfIntegers.{0} OAI.SevenEighths.HeckeFamily.K
                          (@CyclotomicField.instField.{0} (@OfNat.ofNat.{0} Nat (nat_lit 3) (instOfNatNat (nat_lit 3)))
                            Rat Rat.instField)))))
                  (@NumberField.RingOfIntegers.instCharZero_1.{0} OAI.SevenEighths.HeckeFamily.K
                    (@CyclotomicField.instField.{0} (@OfNat.ofNat.{0} Nat (nat_lit 3) (instOfNatNat (nat_lit 3))) Rat
                      Rat.instField)
                    (@CyclotomicField.instCharZero.{0} (@OfNat.ofNat.{0} Nat (nat_lit 3) (instOfNatNat (nat_lit 3))) Rat
                      Rat.instField Rat.instCharZero))))
              (@Ideal.span.{0} OAI.SevenEighths.HeckeFamily.O
                (@CommSemiring.toSemiring.{0} OAI.SevenEighths.HeckeFamily.O
                  (@CommRing.toCommSemiring.{0} OAI.SevenEighths.HeckeFamily.O
                    (@NumberField.instCommRingRingOfIntegers.{0} OAI.SevenEighths.HeckeFamily.K
                      (@CyclotomicField.instField.{0} (@OfNat.ofNat.{0} Nat (nat_lit 3) (instOfNatNat (nat_lit 3))) Rat
                        Rat.instField))))
                (@Singleton.singleton.{0, 0} OAI.SevenEighths.HeckeFamily.O (Set.{0} OAI.SevenEighths.HeckeFamily.O)
                  (@Set.instSingletonSet.{0} OAI.SevenEighths.HeckeFamily.O) p))))
          (OAI.SevenEighths.ProbeEuler.actualAPhase η p) (OAI.SevenEighths.HeckeFamily.elementCoeff η p) s)
        (@OfNat.ofNat.{0} Complex (nat_lit 1) (@One.toOfNat1.{0} Complex Complex.instOne))))
    (@HMul.hMul.{0, 0, 0} Real Real Real (@instHMul.{0} Real Real.instMul)
      (@OfNat.ofNat.{0} Real (nat_lit 1440)
        (@instOfNatAtLeastTwo.{0} Real (nat_lit 1440) Real.instNatCast
          (@Nat.instAtLeastTwoHAddOfNat (@OfNat.ofNat.{0} Nat (nat_lit 1439) (instOfNatNat (nat_lit 1439)))
            (@Nat.instNeZeroSucc (@OfNat.ofNat.{0} Nat (nat_lit 1438) (instOfNatNat (nat_lit 1438)))))))
      (@HPow.hPow.{0, 0, 0} Real Real Real (@instHPow.{0, 0} Real Real Real.instPow)
        (@Nat.cast.{0} Real Real.instNatCast
          (@DFunLike.coe.{1, 1, 1}
            (@MonoidWithZeroHom.{0, 0}
              (@Ideal.{0} OAI.SevenEighths.HeckeFamily.O
                (@CommSemiring.toSemiring.{0} OAI.SevenEighths.HeckeFamily.O
                  (@CommRing.toCommSemiring.{0} OAI.SevenEighths.HeckeFamily.O
                    (@NumberField.instCommRingRingOfIntegers.{0} OAI.SevenEighths.HeckeFamily.K
                      (@CyclotomicField.instField.{0} (@OfNat.ofNat.{0} Nat (nat_lit 3) (instOfNatNat (nat_lit 3))) Rat
                        Rat.instField)))))
              Nat
              (@instMulZeroOneClassOfSemiring.{0}
                (@Ideal.{0} OAI.SevenEighths.HeckeFamily.O
                  (@CommSemiring.toSemiring.{0} OAI.SevenEighths.HeckeFamily.O
                    (@CommRing.toCommSemiring.{0} OAI.SevenEighths.HeckeFamily.O
                      (@NumberField.instCommRingRingOfIntegers.{0} OAI.SevenEighths.HeckeFamily.K
                        (@CyclotomicField.instField.{0} (@OfNat.ofNat.{0} Nat (nat_lit 3) (instOfNatNat (nat_lit 3)))
                          Rat Rat.instField)))))
                (@IdemSemiring.toSemiring.{0}
                  (@Ideal.{0} OAI.SevenEighths.HeckeFamily.O
                    (@CommSemiring.toSemiring.{0} OAI.SevenEighths.HeckeFamily.O
                      (@CommRing.toCommSemiring.{0} OAI.SevenEighths.HeckeFamily.O
                        (@NumberField.instCommRingRingOfIntegers.{0} OAI.SevenEighths.HeckeFamily.K
                          (@CyclotomicField.instField.{0} (@OfNat.ofNat.{0} Nat (nat_lit 3) (instOfNatNat (nat_lit 3)))
                            Rat Rat.instField)))))
                  (@Submodule.idemSemiring.{0, 0} OAI.SevenEighths.HeckeFamily.O
                    (@CommRing.toCommSemiring.{0} OAI.SevenEighths.HeckeFamily.O
                      (@NumberField.instCommRingRingOfIntegers.{0} OAI.SevenEighths.HeckeFamily.K
                        (@CyclotomicField.instField.{0} (@OfNat.ofNat.{0} Nat (nat_lit 3) (instOfNatNat (nat_lit 3)))
                          Rat Rat.instField)))
                    OAI.SevenEighths.HeckeFamily.O
                    (@CommSemiring.toSemiring.{0} OAI.SevenEighths.HeckeFamily.O
                      (@CommRing.toCommSemiring.{0} OAI.SevenEighths.HeckeFamily.O
                        (@NumberField.instCommRingRingOfIntegers.{0} OAI.SevenEighths.HeckeFamily.K
                          (@CyclotomicField.instField.{0} (@OfNat.ofNat.{0} Nat (nat_lit 3) (instOfNatNat (nat_lit 3)))
                            Rat Rat.instField))))
                    (@Algebra.id.{0} OAI.SevenEighths.HeckeFamily.O
                      (@CommRing.toCommSemiring.{0} OAI.SevenEighths.HeckeFamily.O
                        (@NumberField.instCommRingRingOfIntegers.{0} OAI.SevenEighths.HeckeFamily.K
                          (@CyclotomicField.instField.{0} (@OfNat.ofNat.{0} Nat (nat_lit 3) (instOfNatNat (nat_lit 3)))
                            Rat Rat.instField)))))))
              Nat.instMulZeroOneClass)
            (@Ideal.{0} OAI.SevenEighths.HeckeFamily.O
              (@CommSemiring.toSemiring.{0} OAI.SevenEighths.HeckeFamily.O
                (@CommRing.toCommSemiring.{0} OAI.SevenEighths.HeckeFamily.O
                  (@NumberField.instCommRingRingOfIntegers.{0} OAI.SevenEighths.HeckeFamily.K
                    (@CyclotomicField.instField.{0} (@OfNat.ofNat.{0} Nat (nat_lit 3) (instOfNatNat (nat_lit 3))) Rat
                      Rat.instField)))))
            (fun
                (x :
                  @Ideal.{0} OAI.SevenEighths.HeckeFamily.O
                    (@CommSemiring.toSemiring.{0} OAI.SevenEighths.HeckeFamily.O
                      (@CommRing.toCommSemiring.{0} OAI.SevenEighths.HeckeFamily.O
                        (@NumberField.instCommRingRingOfIntegers.{0} OAI.SevenEighths.HeckeFamily.K
                          (@CyclotomicField.instField.{0} (@OfNat.ofNat.{0} Nat (nat_lit 3) (instOfNatNat (nat_lit 3)))
                            Rat Rat.instField))))) =>
              Nat)
            (@MonoidWithZeroHom.funLike.{0, 0}
              (@Ideal.{0} OAI.SevenEighths.HeckeFamily.O
                (@CommSemiring.toSemiring.{0} OAI.SevenEighths.HeckeFamily.O
                  (@CommRing.toCommSemiring.{0} OAI.SevenEighths.HeckeFamily.O
                    (@NumberField.instCommRingRingOfIntegers.{0} OAI.SevenEighths.HeckeFamily.K
                      (@CyclotomicField.instField.{0} (@OfNat.ofNat.{0} Nat (nat_lit 3) (instOfNatNat (nat_lit 3))) Rat
                        Rat.instField)))))
              Nat
              (@instMulZeroOneClassOfSemiring.{0}
                (@Ideal.{0} OAI.SevenEighths.HeckeFamily.O
                  (@CommSemiring.toSemiring.{0} OAI.SevenEighths.HeckeFamily.O
                    (@CommRing.toCommSemiring.{0} OAI.SevenEighths.HeckeFamily.O
                      (@NumberField.instCommRingRingOfIntegers.{0} OAI.SevenEighths.HeckeFamily.K
                        (@CyclotomicField.instField.{0} (@OfNat.ofNat.{0} Nat (nat_lit 3) (instOfNatNat (nat_lit 3)))
                          Rat Rat.instField)))))
                (@IdemSemiring.toSemiring.{0}
                  (@Ideal.{0} OAI.SevenEighths.HeckeFamily.O
                    (@CommSemiring.toSemiring.{0} OAI.SevenEighths.HeckeFamily.O
                      (@CommRing.toCommSemiring.{0} OAI.SevenEighths.HeckeFamily.O
                        (@NumberField.instCommRingRingOfIntegers.{0} OAI.SevenEighths.HeckeFamily.K
                          (@CyclotomicField.instField.{0} (@OfNat.ofNat.{0} Nat (nat_lit 3) (instOfNatNat (nat_lit 3)))
                            Rat Rat.instField)))))
                  (@Submodule.idemSemiring.{0, 0} OAI.SevenEighths.HeckeFamily.O
                    (@CommRing.toCommSemiring.{0} OAI.SevenEighths.HeckeFamily.O
                      (@NumberField.instCommRingRingOfIntegers.{0} OAI.SevenEighths.HeckeFamily.K
                        (@CyclotomicField.instField.{0} (@OfNat.ofNat.{0} Nat (nat_lit 3) (instOfNatNat (nat_lit 3)))
                          Rat Rat.instField)))
                    OAI.SevenEighths.HeckeFamily.O
                    (@CommSemiring.toSemiring.{0} OAI.SevenEighths.HeckeFamily.O
                      (@CommRing.toCommSemiring.{0} OAI.SevenEighths.HeckeFamily.O
                        (@NumberField.instCommRingRingOfIntegers.{0} OAI.SevenEighths.HeckeFamily.K
                          (@CyclotomicField.instField.{0} (@OfNat.ofNat.{0} Nat (nat_lit 3) (instOfNatNat (nat_lit 3)))
                            Rat Rat.instField))))
                    (@Algebra.id.{0} OAI.SevenEighths.HeckeFamily.O
                      (@CommRing.toCommSemiring.{0} OAI.SevenEighths.HeckeFamily.O
                        (@NumberField.instCommRingRingOfIntegers.{0} OAI.SevenEighths.HeckeFamily.K
                          (@CyclotomicField.instField.{0} (@OfNat.ofNat.{0} Nat (nat_lit 3) (instOfNatNat (nat_lit 3)))
                            Rat Rat.instField)))))))
              Nat.instMulZeroOneClass)
            (@Ideal.absNorm.{0} OAI.SevenEighths.HeckeFamily.O
              (@NumberField.instCommRingRingOfIntegers.{0} OAI.SevenEighths.HeckeFamily.K
                (@CyclotomicField.instField.{0} (@OfNat.ofNat.{0} Nat (nat_lit 3) (instOfNatNat (nat_lit 3))) Rat
                  Rat.instField))
              (@NumberField.RingOfIntegers.instIsDedekindDomain.{0} OAI.SevenEighths.HeckeFamily.K
                (@CyclotomicField.instField.{0} (@OfNat.ofNat.{0} Nat (nat_lit 3) (instOfNatNat (nat_lit 3))) Rat
                  Rat.instField)
                (@CyclotomicField.instNumberField.{0} (@OfNat.ofNat.{0} Nat (nat_lit 3) (instOfNatNat (nat_lit 3))) Rat
                  Rat.instField Rat.numberField))
              (@CharZero.infinite.{0} OAI.SevenEighths.HeckeFamily.O
                (@AddGroupWithOne.toAddMonoidWithOne.{0} OAI.SevenEighths.HeckeFamily.O
                  (@Ring.toAddGroupWithOne.{0} OAI.SevenEighths.HeckeFamily.O
                    (@CommRing.toRing.{0} OAI.SevenEighths.HeckeFamily.O
                      (@NumberField.instCommRingRingOfIntegers.{0} OAI.SevenEighths.HeckeFamily.K
                        (@CyclotomicField.instField.{0} (@OfNat.ofNat.{0} Nat (nat_lit 3) (instOfNatNat (nat_lit 3)))
                          Rat Rat.instField)))))
                (@NumberField.RingOfIntegers.instCharZero_1.{0} OAI.SevenEighths.HeckeFamily.K
                  (@CyclotomicField.instField.{0} (@OfNat.ofNat.{0} Nat (nat_lit 3) (instOfNatNat (nat_lit 3))) Rat
                    Rat.instField)
                  (@CyclotomicField.instCharZero.{0} (@OfNat.ofNat.{0} Nat (nat_lit 3) (instOfNatNat (nat_lit 3))) Rat
                    Rat.instField Rat.instCharZero))))
            (@Ideal.span.{0} OAI.SevenEighths.HeckeFamily.O
              (@CommSemiring.toSemiring.{0} OAI.SevenEighths.HeckeFamily.O
                (@CommRing.toCommSemiring.{0} OAI.SevenEighths.HeckeFamily.O
                  (@NumberField.instCommRingRingOfIntegers.{0} OAI.SevenEighths.HeckeFamily.K
                    (@CyclotomicField.instField.{0} (@OfNat.ofNat.{0} Nat (nat_lit 3) (instOfNatNat (nat_lit 3))) Rat
                      Rat.instField))))
              (@Singleton.singleton.{0, 0} OAI.SevenEighths.HeckeFamily.O (Set.{0} OAI.SevenEighths.HeckeFamily.O)
                (@Set.instSingletonSet.{0} OAI.SevenEighths.HeckeFamily.O) p))))
        (@Neg.neg.{0} Real Real.instNeg
          (@HDiv.hDiv.{0, 0, 0} Real Real Real (@instHDiv.{0} Real (@DivInvMonoid.toDiv.{0} Real Real.instDivInvMonoid))
            (@OfNat.ofNat.{0} Real (nat_lit 21)
              (@instOfNatAtLeastTwo.{0} Real (nat_lit 21) Real.instNatCast
                (@Nat.instAtLeastTwoHAddOfNat (@OfNat.ofNat.{0} Nat (nat_lit 20) (instOfNatNat (nat_lit 20)))
                  (@Nat.instNeZeroSucc (@OfNat.ofNat.{0} Nat (nat_lit 19) (instOfNatNat (nat_lit 19)))))))
            (@OfNat.ofNat.{0} Real (nat_lit 25)
              (@instOfNatAtLeastTwo.{0} Real (nat_lit 25) Real.instNatCast
                (@Nat.instAtLeastTwoHAddOfNat (@OfNat.ofNat.{0} Nat (nat_lit 24) (instOfNatNat (nat_lit 24)))
                  (@Nat.instNeZeroSucc (@OfNat.ofNat.{0} Nat (nat_lit 23) (instOfNatNat (nat_lit 23)))))))))))
'OAI.SevenEighths.PrincipalSlotEstimate.actual_principal_slot_error_lowKappa' depends on axioms: [propext,
 Classical.choice,
 Quot.sound]
@OAI.SevenEighths.PrincipalSlotEstimate.weighted_principal_slot_error_lowKappa.{u_1} : ∀ {ι : Type u_1}
  (S : Finset.{u_1} ι) (w Q : ι → Real) (A η : ι → Complex) (s : Complex) (P : Real)
  (hP :
    @LE.le.{0} Real Real.instLE
      (@OfNat.ofNat.{0} Real (nat_lit 480)
        (@instOfNatAtLeastTwo.{0} Real (nat_lit 480) Real.instNatCast
          (@Nat.instAtLeastTwoHAddOfNat (@OfNat.ofNat.{0} Nat (nat_lit 479) (instOfNatNat (nat_lit 479)))
            (@Nat.instNeZeroSucc (@OfNat.ofNat.{0} Nat (nat_lit 478) (instOfNatNat (nat_lit 478)))))))
      P)
  (hw :
    ∀ (i : ι),
      @Membership.mem.{u_1, u_1} ι (Finset.{u_1} ι)
          (@SetLike.instMembership.{u_1, u_1} (Finset.{u_1} ι) ι (@Finset.instSetLike.{u_1} ι)) S i →
        @LE.le.{0} Real Real.instLE (@OfNat.ofNat.{0} Real (nat_lit 0) (@Zero.toOfNat0.{0} Real Real.instZero)) (w i))
  (hQ :
    ∀ (i : ι),
      @Membership.mem.{u_1, u_1} ι (Finset.{u_1} ι)
          (@SetLike.instMembership.{u_1, u_1} (Finset.{u_1} ι) ι (@Finset.instSetLike.{u_1} ι)) S i →
        @LE.le.{0} Real Real.instLE P (Q i))
  (hA :
    ∀ (i : ι),
      @Membership.mem.{u_1, u_1} ι (Finset.{u_1} ι)
          (@SetLike.instMembership.{u_1, u_1} (Finset.{u_1} ι) ι (@Finset.instSetLike.{u_1} ι)) S i →
        @LE.le.{0} Real Real.instLE (@Norm.norm.{0} Complex Complex.instNorm (A i))
          (@OfNat.ofNat.{0} Real (nat_lit 1) (@One.toOfNat1.{0} Real Real.instOne)))
  (hη :
    ∀ (i : ι),
      @Membership.mem.{u_1, u_1} ι (Finset.{u_1} ι)
          (@SetLike.instMembership.{u_1, u_1} (Finset.{u_1} ι) ι (@Finset.instSetLike.{u_1} ι)) S i →
        @Eq.{1} Real (@Norm.norm.{0} Complex Complex.instNorm (η i))
          (@OfNat.ofNat.{0} Real (nat_lit 1) (@One.toOfNat1.{0} Real Real.instOne)))
  (hs :
    @LE.le.{0} Real Real.instLE
      (@HDiv.hDiv.{0, 0, 0} Real Real Real (@instHDiv.{0} Real (@DivInvMonoid.toDiv.{0} Real Real.instDivInvMonoid))
        (@OfNat.ofNat.{0} Real (nat_lit 21)
          (@instOfNatAtLeastTwo.{0} Real (nat_lit 21) Real.instNatCast
            (@Nat.instAtLeastTwoHAddOfNat (@OfNat.ofNat.{0} Nat (nat_lit 20) (instOfNatNat (nat_lit 20)))
              (@Nat.instNeZeroSucc (@OfNat.ofNat.{0} Nat (nat_lit 19) (instOfNatNat (nat_lit 19)))))))
        (@OfNat.ofNat.{0} Real (nat_lit 25)
          (@instOfNatAtLeastTwo.{0} Real (nat_lit 25) Real.instNatCast
            (@Nat.instAtLeastTwoHAddOfNat (@OfNat.ofNat.{0} Nat (nat_lit 24) (instOfNatNat (nat_lit 24)))
              (@Nat.instNeZeroSucc (@OfNat.ofNat.{0} Nat (nat_lit 23) (instOfNatNat (nat_lit 23))))))))
      (Complex.re s)),
  @LE.le.{0} Real Real.instLE
    (@Norm.norm.{0} Complex Complex.instNorm
      (@HAdd.hAdd.{0, 0, 0} Complex Complex Complex (@instHAdd.{0} Complex Complex.instAdd)
        (@Finset.sum.{u_1, 0} ι Complex Complex.instAddCommMonoid S fun (i : ι) =>
          @HMul.hMul.{0, 0, 0} Complex Complex Complex (@instHMul.{0} Complex Complex.instMul) (Complex.ofReal (w i))
            (OAI.SevenEighths.PrincipalSlotEstimate.principalSlot (Q i) (A i) (η i) s))
        (Complex.ofReal (@Finset.sum.{u_1, 0} ι Real Real.instAddCommMonoid S fun (i : ι) => w i))))
    (@HMul.hMul.{0, 0, 0} Real Real Real (@instHMul.{0} Real Real.instMul)
      (@HMul.hMul.{0, 0, 0} Real Real Real (@instHMul.{0} Real Real.instMul)
        (@OfNat.ofNat.{0} Real (nat_lit 1440)
          (@instOfNatAtLeastTwo.{0} Real (nat_lit 1440) Real.instNatCast
            (@Nat.instAtLeastTwoHAddOfNat (@OfNat.ofNat.{0} Nat (nat_lit 1439) (instOfNatNat (nat_lit 1439)))
              (@Nat.instNeZeroSucc (@OfNat.ofNat.{0} Nat (nat_lit 1438) (instOfNatNat (nat_lit 1438)))))))
        (@HPow.hPow.{0, 0, 0} Real Real Real (@instHPow.{0, 0} Real Real Real.instPow) P
          (@Neg.neg.{0} Real Real.instNeg
            (@HDiv.hDiv.{0, 0, 0} Real Real Real
              (@instHDiv.{0} Real (@DivInvMonoid.toDiv.{0} Real Real.instDivInvMonoid))
              (@OfNat.ofNat.{0} Real (nat_lit 21)
                (@instOfNatAtLeastTwo.{0} Real (nat_lit 21) Real.instNatCast
                  (@Nat.instAtLeastTwoHAddOfNat (@OfNat.ofNat.{0} Nat (nat_lit 20) (instOfNatNat (nat_lit 20)))
                    (@Nat.instNeZeroSucc (@OfNat.ofNat.{0} Nat (nat_lit 19) (instOfNatNat (nat_lit 19)))))))
              (@OfNat.ofNat.{0} Real (nat_lit 25)
                (@instOfNatAtLeastTwo.{0} Real (nat_lit 25) Real.instNatCast
                  (@Nat.instAtLeastTwoHAddOfNat (@OfNat.ofNat.{0} Nat (nat_lit 24) (instOfNatNat (nat_lit 24)))
                    (@Nat.instNeZeroSucc (@OfNat.ofNat.{0} Nat (nat_lit 23) (instOfNatNat (nat_lit 23)))))))))))
      (@Finset.sum.{u_1, 0} ι Real Real.instAddCommMonoid S fun (i : ι) => w i))
'OAI.SevenEighths.PrincipalSlotEstimate.weighted_principal_slot_error_lowKappa' depends on axioms: [propext,
 Classical.choice,
 Quot.sound]
@OAI.SevenEighths.PrincipalSlotEstimate.weighted_principal_product_error_lowKappa.{u_1,
    u_2} : ∀ {κ : Type u_1} {ι : Type u_2} (S : Finset.{u_1} κ) (T : κ → Finset.{u_2} ι) (w Q : κ → ι → Real)
  (A η : κ → ι → Complex) (s : Complex) (P : Real)
  (hP :
    @LE.le.{0} Real Real.instLE
      (@OfNat.ofNat.{0} Real (nat_lit 480)
        (@instOfNatAtLeastTwo.{0} Real (nat_lit 480) Real.instNatCast
          (@Nat.instAtLeastTwoHAddOfNat (@OfNat.ofNat.{0} Nat (nat_lit 479) (instOfNatNat (nat_lit 479)))
            (@Nat.instNeZeroSucc (@OfNat.ofNat.{0} Nat (nat_lit 478) (instOfNatNat (nat_lit 478)))))))
      P)
  (hs :
    @LE.le.{0} Real Real.instLE
      (@HDiv.hDiv.{0, 0, 0} Real Real Real (@instHDiv.{0} Real (@DivInvMonoid.toDiv.{0} Real Real.instDivInvMonoid))
        (@OfNat.ofNat.{0} Real (nat_lit 21)
          (@instOfNatAtLeastTwo.{0} Real (nat_lit 21) Real.instNatCast
            (@Nat.instAtLeastTwoHAddOfNat (@OfNat.ofNat.{0} Nat (nat_lit 20) (instOfNatNat (nat_lit 20)))
              (@Nat.instNeZeroSucc (@OfNat.ofNat.{0} Nat (nat_lit 19) (instOfNatNat (nat_lit 19)))))))
        (@OfNat.ofNat.{0} Real (nat_lit 25)
          (@instOfNatAtLeastTwo.{0} Real (nat_lit 25) Real.instNatCast
            (@Nat.instAtLeastTwoHAddOfNat (@OfNat.ofNat.{0} Nat (nat_lit 24) (instOfNatNat (nat_lit 24)))
              (@Nat.instNeZeroSucc (@OfNat.ofNat.{0} Nat (nat_lit 23) (instOfNatNat (nat_lit 23))))))))
      (Complex.re s))
  (hw :
    ∀ (j : κ),
      @Membership.mem.{u_1, u_1} κ (Finset.{u_1} κ)
          (@SetLike.instMembership.{u_1, u_1} (Finset.{u_1} κ) κ (@Finset.instSetLike.{u_1} κ)) S j →
        ∀ (i : ι),
          @Membership.mem.{u_2, u_2} ι (Finset.{u_2} ι)
              (@SetLike.instMembership.{u_2, u_2} (Finset.{u_2} ι) ι (@Finset.instSetLike.{u_2} ι)) (T j) i →
            @LE.le.{0} Real Real.instLE (@OfNat.ofNat.{0} Real (nat_lit 0) (@Zero.toOfNat0.{0} Real Real.instZero))
              (w j i))
  (hQ :
    ∀ (j : κ),
      @Membership.mem.{u_1, u_1} κ (Finset.{u_1} κ)
          (@SetLike.instMembership.{u_1, u_1} (Finset.{u_1} κ) κ (@Finset.instSetLike.{u_1} κ)) S j →
        ∀ (i : ι),
          @Membership.mem.{u_2, u_2} ι (Finset.{u_2} ι)
              (@SetLike.instMembership.{u_2, u_2} (Finset.{u_2} ι) ι (@Finset.instSetLike.{u_2} ι)) (T j) i →
            @LE.le.{0} Real Real.instLE P (Q j i))
  (hA :
    ∀ (j : κ),
      @Membership.mem.{u_1, u_1} κ (Finset.{u_1} κ)
          (@SetLike.instMembership.{u_1, u_1} (Finset.{u_1} κ) κ (@Finset.instSetLike.{u_1} κ)) S j →
        ∀ (i : ι),
          @Membership.mem.{u_2, u_2} ι (Finset.{u_2} ι)
              (@SetLike.instMembership.{u_2, u_2} (Finset.{u_2} ι) ι (@Finset.instSetLike.{u_2} ι)) (T j) i →
            @LE.le.{0} Real Real.instLE (@Norm.norm.{0} Complex Complex.instNorm (A j i))
              (@OfNat.ofNat.{0} Real (nat_lit 1) (@One.toOfNat1.{0} Real Real.instOne)))
  (hη :
    ∀ (j : κ),
      @Membership.mem.{u_1, u_1} κ (Finset.{u_1} κ)
          (@SetLike.instMembership.{u_1, u_1} (Finset.{u_1} κ) κ (@Finset.instSetLike.{u_1} κ)) S j →
        ∀ (i : ι),
          @Membership.mem.{u_2, u_2} ι (Finset.{u_2} ι)
              (@SetLike.instMembership.{u_2, u_2} (Finset.{u_2} ι) ι (@Finset.instSetLike.{u_2} ι)) (T j) i →
            @Eq.{1} Real (@Norm.norm.{0} Complex Complex.instNorm (η j i))
              (@OfNat.ofNat.{0} Real (nat_lit 1) (@One.toOfNat1.{0} Real Real.instOne)))
  (hM :
    ∀ (j : κ),
      @Membership.mem.{u_1, u_1} κ (Finset.{u_1} κ)
          (@SetLike.instMembership.{u_1, u_1} (Finset.{u_1} κ) κ (@Finset.instSetLike.{u_1} κ)) S j →
        @LT.lt.{0} Real Real.instLT (@OfNat.ofNat.{0} Real (nat_lit 0) (@Zero.toOfNat0.{0} Real Real.instZero))
          (@Finset.sum.{u_2, 0} ι Real Real.instAddCommMonoid (T j) fun (i : ι) => w j i)),
  @LE.le.{0} Real Real.instLE
    (@Norm.norm.{0} Complex Complex.instNorm
      (@HSub.hSub.{0, 0, 0} Complex Complex Complex (@instHSub.{0} Complex Complex.instSub)
        (@HDiv.hDiv.{0, 0, 0} Complex Complex Complex
          (@instHDiv.{0} Complex (@DivInvMonoid.toDiv.{0} Complex Complex.instDivInvMonoid))
          (@Finset.prod.{u_1, 0} κ Complex (@CommRing.toCommMonoid.{0} Complex Complex.commRing) S fun (j : κ) =>
            @Finset.sum.{u_2, 0} ι Complex Complex.instAddCommMonoid (T j) fun (i : ι) =>
              @HMul.hMul.{0, 0, 0} Complex Complex Complex (@instHMul.{0} Complex Complex.instMul)
                (Complex.ofReal (w j i))
                (OAI.SevenEighths.PrincipalSlotEstimate.principalSlot (Q j i) (A j i) (η j i) s))
          (@OAI.SevenEighths.PrincipalSlotEstimate.principalScalar.{u_1} κ S fun (j : κ) =>
            @Finset.sum.{u_2, 0} ι Real Real.instAddCommMonoid (T j) fun (i : ι) => w j i))
        (@OfNat.ofNat.{0} Complex (nat_lit 1) (@One.toOfNat1.{0} Complex Complex.instOne))))
    (@HSub.hSub.{0, 0, 0} Real Real Real (@instHSub.{0} Real Real.instSub)
      (@HPow.hPow.{0, 0, 0} Real Nat Real
        (@instHPow.{0, 0} Real Nat (@NPow.toPow.{0} Real (@Monoid.toNPow.{0} Real Real.instMonoid)))
        (@HAdd.hAdd.{0, 0, 0} Real Real Real (@instHAdd.{0} Real Real.instAdd)
          (@OfNat.ofNat.{0} Real (nat_lit 1) (@One.toOfNat1.{0} Real Real.instOne))
          (@HMul.hMul.{0, 0, 0} Real Real Real (@instHMul.{0} Real Real.instMul)
            (@OfNat.ofNat.{0} Real (nat_lit 1440)
              (@instOfNatAtLeastTwo.{0} Real (nat_lit 1440) Real.instNatCast
                (@Nat.instAtLeastTwoHAddOfNat (@OfNat.ofNat.{0} Nat (nat_lit 1439) (instOfNatNat (nat_lit 1439)))
                  (@Nat.instNeZeroSucc (@OfNat.ofNat.{0} Nat (nat_lit 1438) (instOfNatNat (nat_lit 1438)))))))
            (@HPow.hPow.{0, 0, 0} Real Real Real (@instHPow.{0, 0} Real Real Real.instPow) P
              (@Neg.neg.{0} Real Real.instNeg
                (@HDiv.hDiv.{0, 0, 0} Real Real Real
                  (@instHDiv.{0} Real (@DivInvMonoid.toDiv.{0} Real Real.instDivInvMonoid))
                  (@OfNat.ofNat.{0} Real (nat_lit 21)
                    (@instOfNatAtLeastTwo.{0} Real (nat_lit 21) Real.instNatCast
                      (@Nat.instAtLeastTwoHAddOfNat (@OfNat.ofNat.{0} Nat (nat_lit 20) (instOfNatNat (nat_lit 20)))
                        (@Nat.instNeZeroSucc (@OfNat.ofNat.{0} Nat (nat_lit 19) (instOfNatNat (nat_lit 19)))))))
                  (@OfNat.ofNat.{0} Real (nat_lit 25)
                    (@instOfNatAtLeastTwo.{0} Real (nat_lit 25) Real.instNatCast
                      (@Nat.instAtLeastTwoHAddOfNat (@OfNat.ofNat.{0} Nat (nat_lit 24) (instOfNatNat (nat_lit 24)))
                        (@Nat.instNeZeroSucc (@OfNat.ofNat.{0} Nat (nat_lit 23) (instOfNatNat (nat_lit 23))))))))))))
        (@Finset.card.{u_1} κ S))
      (@OfNat.ofNat.{0} Real (nat_lit 1) (@One.toOfNat1.{0} Real Real.instOne)))
'OAI.SevenEighths.PrincipalSlotEstimate.weighted_principal_product_error_lowKappa' depends on axioms: [propext,
 Classical.choice,
 Quot.sound]
@OAI.SevenEighths.PrincipalSlotEstimate.principal_geometric_bounds_lowKappa : ∀ {Q : Real} {η s : Complex}
  (hQ :
    @LE.le.{0} Real Real.instLE
      (@OfNat.ofNat.{0} Real (nat_lit 480)
        (@instOfNatAtLeastTwo.{0} Real (nat_lit 480) Real.instNatCast
          (@Nat.instAtLeastTwoHAddOfNat (@OfNat.ofNat.{0} Nat (nat_lit 479) (instOfNatNat (nat_lit 479)))
            (@Nat.instNeZeroSucc (@OfNat.ofNat.{0} Nat (nat_lit 478) (instOfNatNat (nat_lit 478)))))))
      Q)
  (hη :
    @LE.le.{0} Real Real.instLE (@Norm.norm.{0} Complex Complex.instNorm η)
      (@OfNat.ofNat.{0} Real (nat_lit 1) (@One.toOfNat1.{0} Real Real.instOne)))
  (hs :
    @LE.le.{0} Real Real.instLE
      (@HDiv.hDiv.{0, 0, 0} Real Real Real (@instHDiv.{0} Real (@DivInvMonoid.toDiv.{0} Real Real.instDivInvMonoid))
        (@OfNat.ofNat.{0} Real (nat_lit 21)
          (@instOfNatAtLeastTwo.{0} Real (nat_lit 21) Real.instNatCast
            (@Nat.instAtLeastTwoHAddOfNat (@OfNat.ofNat.{0} Nat (nat_lit 20) (instOfNatNat (nat_lit 20)))
              (@Nat.instNeZeroSucc (@OfNat.ofNat.{0} Nat (nat_lit 19) (instOfNatNat (nat_lit 19)))))))
        (@OfNat.ofNat.{0} Real (nat_lit 25)
          (@instOfNatAtLeastTwo.{0} Real (nat_lit 25) Real.instNatCast
            (@Nat.instAtLeastTwoHAddOfNat (@OfNat.ofNat.{0} Nat (nat_lit 24) (instOfNatNat (nat_lit 24)))
              (@Nat.instNeZeroSucc (@OfNat.ofNat.{0} Nat (nat_lit 23) (instOfNatNat (nat_lit 23))))))))
      (Complex.re s)),
  And
    (@LE.le.{0} Real Real.instLE
      (@Norm.norm.{0} Complex Complex.instNorm
        (OAI.SevenEighths.ProbeEuler.coordV Q
          (@HDiv.hDiv.{0, 0, 0} Complex Complex Complex
            (@instHDiv.{0} Complex (@DivInvMonoid.toDiv.{0} Complex Complex.instDivInvMonoid))
            (@OfNat.ofNat.{0} Complex (nat_lit 1) (@One.toOfNat1.{0} Complex Complex.instOne))
            (@OfNat.ofNat.{0} Complex (nat_lit 6)
              (@instOfNatAtLeastTwo.{0} Complex (nat_lit 6) Complex.instNatCast
                (@Nat.instAtLeastTwoHAddOfNat (@OfNat.ofNat.{0} Nat (nat_lit 5) (instOfNatNat (nat_lit 5)))
                  (@Nat.instNeZeroSucc (@OfNat.ofNat.{0} Nat (nat_lit 4) (instOfNatNat (nat_lit 4))))))))))
      (@HDiv.hDiv.{0, 0, 0} Real Real Real (@instHDiv.{0} Real (@DivInvMonoid.toDiv.{0} Real Real.instDivInvMonoid))
        (@OfNat.ofNat.{0} Real (nat_lit 1) (@One.toOfNat1.{0} Real Real.instOne))
        (@OfNat.ofNat.{0} Real (nat_lit 2)
          (@instOfNatAtLeastTwo.{0} Real (nat_lit 2) Real.instNatCast
            (@Nat.instAtLeastTwoHAddOfNat (@OfNat.ofNat.{0} Nat (nat_lit 1) (instOfNatNat (nat_lit 1)))
              (@Nat.instNeZeroSucc (@OfNat.ofNat.{0} Nat (nat_lit 0) (instOfNatNat (nat_lit 0)))))))))
    (And
      (@LE.le.{0} Real Real.instLE
        (@Norm.norm.{0} Complex Complex.instNorm
          (OAI.SevenEighths.ProbeEuler.coordW Q
            (@OfNat.ofNat.{0} Complex (nat_lit 1) (@One.toOfNat1.{0} Complex Complex.instOne))
            (@OfNat.ofNat.{0} Complex (nat_lit 1) (@One.toOfNat1.{0} Complex Complex.instOne))))
        (@HDiv.hDiv.{0, 0, 0} Real Real Real (@instHDiv.{0} Real (@DivInvMonoid.toDiv.{0} Real Real.instDivInvMonoid))
          (@OfNat.ofNat.{0} Real (nat_lit 1) (@One.toOfNat1.{0} Real Real.instOne))
          (@OfNat.ofNat.{0} Real (nat_lit 2)
            (@instOfNatAtLeastTwo.{0} Real (nat_lit 2) Real.instNatCast
              (@Nat.instAtLeastTwoHAddOfNat (@OfNat.ofNat.{0} Nat (nat_lit 1) (instOfNatNat (nat_lit 1)))
                (@Nat.instNeZeroSucc (@OfNat.ofNat.{0} Nat (nat_lit 0) (instOfNatNat (nat_lit 0)))))))))
      (@LE.le.{0} Real Real.instLE
        (@Norm.norm.{0} Complex Complex.instNorm
          (OAI.SevenEighths.ProbeEuler.coordD Q η
            (@OfNat.ofNat.{0} Complex (nat_lit 1) (@One.toOfNat1.{0} Complex Complex.instOne)) s))
        (@HDiv.hDiv.{0, 0, 0} Real Real Real (@instHDiv.{0} Real (@DivInvMonoid.toDiv.{0} Real Real.instDivInvMonoid))
          (@OfNat.ofNat.{0} Real (nat_lit 1) (@One.toOfNat1.{0} Real Real.instOne))
          (@OfNat.ofNat.{0} Real (nat_lit 2)
            (@instOfNatAtLeastTwo.{0} Real (nat_lit 2) Real.instNatCast
              (@Nat.instAtLeastTwoHAddOfNat (@OfNat.ofNat.{0} Nat (nat_lit 1) (instOfNatNat (nat_lit 1)))
                (@Nat.instNeZeroSucc (@OfNat.ofNat.{0} Nat (nat_lit 0) (instOfNatNat (nat_lit 0))))))))))
'OAI.SevenEighths.PrincipalSlotEstimate.principal_geometric_bounds_lowKappa' depends on axioms: [propext,
 Classical.choice,
 Quot.sound]
@OAI.SevenEighths.PrincipalSlotEstimate.principal_correction_eq_raw_lowKappa : ∀ {Q : Real} {A η s : Complex}
  (hQ :
    @LE.le.{0} Real Real.instLE
      (@OfNat.ofNat.{0} Real (nat_lit 480)
        (@instOfNatAtLeastTwo.{0} Real (nat_lit 480) Real.instNatCast
          (@Nat.instAtLeastTwoHAddOfNat (@OfNat.ofNat.{0} Nat (nat_lit 479) (instOfNatNat (nat_lit 479)))
            (@Nat.instNeZeroSucc (@OfNat.ofNat.{0} Nat (nat_lit 478) (instOfNatNat (nat_lit 478)))))))
      Q)
  (hη :
    @LE.le.{0} Real Real.instLE (@Norm.norm.{0} Complex Complex.instNorm η)
      (@OfNat.ofNat.{0} Real (nat_lit 1) (@One.toOfNat1.{0} Real Real.instOne)))
  (hs :
    @LE.le.{0} Real Real.instLE
      (@HDiv.hDiv.{0, 0, 0} Real Real Real (@instHDiv.{0} Real (@DivInvMonoid.toDiv.{0} Real Real.instDivInvMonoid))
        (@OfNat.ofNat.{0} Real (nat_lit 21)
          (@instOfNatAtLeastTwo.{0} Real (nat_lit 21) Real.instNatCast
            (@Nat.instAtLeastTwoHAddOfNat (@OfNat.ofNat.{0} Nat (nat_lit 20) (instOfNatNat (nat_lit 20)))
              (@Nat.instNeZeroSucc (@OfNat.ofNat.{0} Nat (nat_lit 19) (instOfNatNat (nat_lit 19)))))))
        (@OfNat.ofNat.{0} Real (nat_lit 25)
          (@instOfNatAtLeastTwo.{0} Real (nat_lit 25) Real.instNatCast
            (@Nat.instAtLeastTwoHAddOfNat (@OfNat.ofNat.{0} Nat (nat_lit 24) (instOfNatNat (nat_lit 24)))
              (@Nat.instNeZeroSucc (@OfNat.ofNat.{0} Nat (nat_lit 23) (instOfNatNat (nat_lit 23))))))))
      (Complex.re s)),
  @Eq.{1} Complex
    (OAI.SevenEighths.ProbeEuler.unramifiedClosed Q A η
      (@OfNat.ofNat.{0} Complex (nat_lit 1) (@One.toOfNat1.{0} Complex Complex.instOne)) s
      (@OfNat.ofNat.{0} Complex (nat_lit 1) (@One.toOfNat1.{0} Complex Complex.instOne))
      (@HDiv.hDiv.{0, 0, 0} Complex Complex Complex
        (@instHDiv.{0} Complex (@DivInvMonoid.toDiv.{0} Complex Complex.instDivInvMonoid))
        (@OfNat.ofNat.{0} Complex (nat_lit 1) (@One.toOfNat1.{0} Complex Complex.instOne))
        (@OfNat.ofNat.{0} Complex (nat_lit 6)
          (@instOfNatAtLeastTwo.{0} Complex (nat_lit 6) Complex.instNatCast
            (@Nat.instAtLeastTwoHAddOfNat (@OfNat.ofNat.{0} Nat (nat_lit 5) (instOfNatNat (nat_lit 5)))
              (@Nat.instNeZeroSucc (@OfNat.ofNat.{0} Nat (nat_lit 4) (instOfNatNat (nat_lit 4)))))))))
    (OAI.SevenEighths.ProbeLocal.localCorrection
      (OAI.SevenEighths.ProbeEuler.coordV Q
        (@HDiv.hDiv.{0, 0, 0} Complex Complex Complex
          (@instHDiv.{0} Complex (@DivInvMonoid.toDiv.{0} Complex Complex.instDivInvMonoid))
          (@OfNat.ofNat.{0} Complex (nat_lit 1) (@One.toOfNat1.{0} Complex Complex.instOne))
          (@OfNat.ofNat.{0} Complex (nat_lit 6)
            (@instOfNatAtLeastTwo.{0} Complex (nat_lit 6) Complex.instNatCast
              (@Nat.instAtLeastTwoHAddOfNat (@OfNat.ofNat.{0} Nat (nat_lit 5) (instOfNatNat (nat_lit 5)))
                (@Nat.instNeZeroSucc (@OfNat.ofNat.{0} Nat (nat_lit 4) (instOfNatNat (nat_lit 4)))))))))
      (OAI.SevenEighths.ProbeEuler.coordW Q
        (@OfNat.ofNat.{0} Complex (nat_lit 1) (@One.toOfNat1.{0} Complex Complex.instOne))
        (@OfNat.ofNat.{0} Complex (nat_lit 1) (@One.toOfNat1.{0} Complex Complex.instOne)))
      (OAI.SevenEighths.ProbeEuler.coordD Q η
        (@OfNat.ofNat.{0} Complex (nat_lit 1) (@One.toOfNat1.{0} Complex Complex.instOne)) s)
      (OAI.SevenEighths.PrincipalSlotEstimate.principalMarked Q A η s))
'OAI.SevenEighths.PrincipalSlotEstimate.principal_correction_eq_raw_lowKappa' depends on axioms: [propext,
 Classical.choice,
 Quot.sound]
@OAI.SevenEighths.PrincipalSlotEstimate.principal_raw_lower_bound_lowKappa : ∀ {Q : Real} {A η s : Complex}
  (hQ :
    @LE.le.{0} Real Real.instLE
      (@OfNat.ofNat.{0} Real (nat_lit 480)
        (@instOfNatAtLeastTwo.{0} Real (nat_lit 480) Real.instNatCast
          (@Nat.instAtLeastTwoHAddOfNat (@OfNat.ofNat.{0} Nat (nat_lit 479) (instOfNatNat (nat_lit 479)))
            (@Nat.instNeZeroSucc (@OfNat.ofNat.{0} Nat (nat_lit 478) (instOfNatNat (nat_lit 478)))))))
      Q)
  (hA :
    @LE.le.{0} Real Real.instLE (@Norm.norm.{0} Complex Complex.instNorm A)
      (@OfNat.ofNat.{0} Real (nat_lit 1) (@One.toOfNat1.{0} Real Real.instOne)))
  (hη :
    @LE.le.{0} Real Real.instLE (@Norm.norm.{0} Complex Complex.instNorm η)
      (@OfNat.ofNat.{0} Real (nat_lit 1) (@One.toOfNat1.{0} Real Real.instOne)))
  (hs :
    @LE.le.{0} Real Real.instLE
      (@HDiv.hDiv.{0, 0, 0} Real Real Real (@instHDiv.{0} Real (@DivInvMonoid.toDiv.{0} Real Real.instDivInvMonoid))
        (@OfNat.ofNat.{0} Real (nat_lit 21)
          (@instOfNatAtLeastTwo.{0} Real (nat_lit 21) Real.instNatCast
            (@Nat.instAtLeastTwoHAddOfNat (@OfNat.ofNat.{0} Nat (nat_lit 20) (instOfNatNat (nat_lit 20)))
              (@Nat.instNeZeroSucc (@OfNat.ofNat.{0} Nat (nat_lit 19) (instOfNatNat (nat_lit 19)))))))
        (@OfNat.ofNat.{0} Real (nat_lit 25)
          (@instOfNatAtLeastTwo.{0} Real (nat_lit 25) Real.instNatCast
            (@Nat.instAtLeastTwoHAddOfNat (@OfNat.ofNat.{0} Nat (nat_lit 24) (instOfNatNat (nat_lit 24)))
              (@Nat.instNeZeroSucc (@OfNat.ofNat.{0} Nat (nat_lit 23) (instOfNatNat (nat_lit 23))))))))
      (Complex.re s)),
  @LE.le.{0} Real Real.instLE
    (@HDiv.hDiv.{0, 0, 0} Real Real Real (@instHDiv.{0} Real (@DivInvMonoid.toDiv.{0} Real Real.instDivInvMonoid))
      (@OfNat.ofNat.{0} Real (nat_lit 1) (@One.toOfNat1.{0} Real Real.instOne))
      (@OfNat.ofNat.{0} Real (nat_lit 16)
        (@instOfNatAtLeastTwo.{0} Real (nat_lit 16) Real.instNatCast
          (@Nat.instAtLeastTwoHAddOfNat (@OfNat.ofNat.{0} Nat (nat_lit 15) (instOfNatNat (nat_lit 15)))
            (@Nat.instNeZeroSucc (@OfNat.ofNat.{0} Nat (nat_lit 14) (instOfNatNat (nat_lit 14))))))))
    (@Norm.norm.{0} Complex Complex.instNorm (OAI.SevenEighths.PrincipalSlotEstimate.principalRawFactor Q A η s))
'OAI.SevenEighths.PrincipalSlotEstimate.principal_raw_lower_bound_lowKappa' depends on axioms: [propext,
 Classical.choice,
 Quot.sound]
@OAI.SevenEighths.PrincipalSlotEstimate.principal_raw_ne_zero_lowKappa : ∀ {Q : Real} {A η s : Complex}
  (hQ :
    @LE.le.{0} Real Real.instLE
      (@OfNat.ofNat.{0} Real (nat_lit 480)
        (@instOfNatAtLeastTwo.{0} Real (nat_lit 480) Real.instNatCast
          (@Nat.instAtLeastTwoHAddOfNat (@OfNat.ofNat.{0} Nat (nat_lit 479) (instOfNatNat (nat_lit 479)))
            (@Nat.instNeZeroSucc (@OfNat.ofNat.{0} Nat (nat_lit 478) (instOfNatNat (nat_lit 478)))))))
      Q)
  (hA :
    @LE.le.{0} Real Real.instLE (@Norm.norm.{0} Complex Complex.instNorm A)
      (@OfNat.ofNat.{0} Real (nat_lit 1) (@One.toOfNat1.{0} Real Real.instOne)))
  (hη :
    @LE.le.{0} Real Real.instLE (@Norm.norm.{0} Complex Complex.instNorm η)
      (@OfNat.ofNat.{0} Real (nat_lit 1) (@One.toOfNat1.{0} Real Real.instOne)))
  (hs :
    @LE.le.{0} Real Real.instLE
      (@HDiv.hDiv.{0, 0, 0} Real Real Real (@instHDiv.{0} Real (@DivInvMonoid.toDiv.{0} Real Real.instDivInvMonoid))
        (@OfNat.ofNat.{0} Real (nat_lit 21)
          (@instOfNatAtLeastTwo.{0} Real (nat_lit 21) Real.instNatCast
            (@Nat.instAtLeastTwoHAddOfNat (@OfNat.ofNat.{0} Nat (nat_lit 20) (instOfNatNat (nat_lit 20)))
              (@Nat.instNeZeroSucc (@OfNat.ofNat.{0} Nat (nat_lit 19) (instOfNatNat (nat_lit 19)))))))
        (@OfNat.ofNat.{0} Real (nat_lit 25)
          (@instOfNatAtLeastTwo.{0} Real (nat_lit 25) Real.instNatCast
            (@Nat.instAtLeastTwoHAddOfNat (@OfNat.ofNat.{0} Nat (nat_lit 24) (instOfNatNat (nat_lit 24)))
              (@Nat.instNeZeroSucc (@OfNat.ofNat.{0} Nat (nat_lit 23) (instOfNatNat (nat_lit 23))))))))
      (Complex.re s)),
  @Ne.{1} Complex (OAI.SevenEighths.PrincipalSlotEstimate.principalRawFactor Q A η s)
    (@OfNat.ofNat.{0} Complex (nat_lit 0) (@Zero.toOfNat0.{0} Complex Complex.instZero))
'OAI.SevenEighths.PrincipalSlotEstimate.principal_raw_ne_zero_lowKappa' depends on axioms: [propext,
 Classical.choice,
 Quot.sound]
@OAI.SevenEighths.PrincipalSlotEstimate.principal_slot_eq_raw_lowKappa : ∀ {Q : Real} {A η s : Complex}
  (hQ :
    @LE.le.{0} Real Real.instLE
      (@OfNat.ofNat.{0} Real (nat_lit 480)
        (@instOfNatAtLeastTwo.{0} Real (nat_lit 480) Real.instNatCast
          (@Nat.instAtLeastTwoHAddOfNat (@OfNat.ofNat.{0} Nat (nat_lit 479) (instOfNatNat (nat_lit 479)))
            (@Nat.instNeZeroSucc (@OfNat.ofNat.{0} Nat (nat_lit 478) (instOfNatNat (nat_lit 478)))))))
      Q)
  (hA :
    @LE.le.{0} Real Real.instLE (@Norm.norm.{0} Complex Complex.instNorm A)
      (@OfNat.ofNat.{0} Real (nat_lit 1) (@One.toOfNat1.{0} Real Real.instOne)))
  (hη :
    @LE.le.{0} Real Real.instLE (@Norm.norm.{0} Complex Complex.instNorm η)
      (@OfNat.ofNat.{0} Real (nat_lit 1) (@One.toOfNat1.{0} Real Real.instOne)))
  (hs :
    @LE.le.{0} Real Real.instLE
      (@HDiv.hDiv.{0, 0, 0} Real Real Real (@instHDiv.{0} Real (@DivInvMonoid.toDiv.{0} Real Real.instDivInvMonoid))
        (@OfNat.ofNat.{0} Real (nat_lit 21)
          (@instOfNatAtLeastTwo.{0} Real (nat_lit 21) Real.instNatCast
            (@Nat.instAtLeastTwoHAddOfNat (@OfNat.ofNat.{0} Nat (nat_lit 20) (instOfNatNat (nat_lit 20)))
              (@Nat.instNeZeroSucc (@OfNat.ofNat.{0} Nat (nat_lit 19) (instOfNatNat (nat_lit 19)))))))
        (@OfNat.ofNat.{0} Real (nat_lit 25)
          (@instOfNatAtLeastTwo.{0} Real (nat_lit 25) Real.instNatCast
            (@Nat.instAtLeastTwoHAddOfNat (@OfNat.ofNat.{0} Nat (nat_lit 24) (instOfNatNat (nat_lit 24)))
              (@Nat.instNeZeroSucc (@OfNat.ofNat.{0} Nat (nat_lit 23) (instOfNatNat (nat_lit 23))))))))
      (Complex.re s)),
  @Eq.{1} Complex (OAI.SevenEighths.PrincipalSlotEstimate.principalSlot Q A η s)
    (@HSub.hSub.{0, 0, 0} Complex Complex Complex (@instHSub.{0} Complex Complex.instSub)
      (@HDiv.hDiv.{0, 0, 0} Complex Complex Complex
        (@instHDiv.{0} Complex (@DivInvMonoid.toDiv.{0} Complex Complex.instDivInvMonoid))
        (@HMul.hMul.{0, 0, 0} Complex Complex Complex (@instHMul.{0} Complex Complex.instMul)
          (@HMul.hMul.{0, 0, 0} Complex Complex Complex (@instHMul.{0} Complex Complex.instMul)
            (@Star.star.{0} Complex
              (@InvolutiveStar.toStar.{0} Complex
                (@StarAddMonoid.toInvolutiveStar.{0} Complex
                  (@AddCommMonoid.toAddMonoid.{0} Complex
                    (@NonUnitalNonAssocSemiring.toAddCommMonoid.{0} Complex
                      (@NonUnitalNonAssocRing.toNonUnitalNonAssocSemiring.{0} Complex
                        (@NonUnitalNonAssocCommRing.toNonUnitalNonAssocRing.{0} Complex
                          (@NonUnitalCommRing.toNonUnitalNonAssocCommRing.{0} Complex Complex.instNonUnitalCommRing)))))
                  (@StarRing.toStarAddMonoid.{0} Complex
                    (@NonUnitalNonAssocRing.toNonUnitalNonAssocSemiring.{0} Complex
                      (@NonUnitalNonAssocCommRing.toNonUnitalNonAssocRing.{0} Complex
                        (@NonUnitalCommRing.toNonUnitalNonAssocCommRing.{0} Complex Complex.instNonUnitalCommRing)))
                    Complex.instStarRing)))
              η)
            (@HPow.hPow.{0, 0, 0} Complex Complex Complex (@instHPow.{0, 0} Complex Complex Complex.instPow)
              (Complex.ofReal Q) s))
          (OAI.SevenEighths.PrincipalSlotEstimate.principalMarked Q A η s))
        (OAI.SevenEighths.PrincipalSlotEstimate.principalRawFactor Q A η s))
      (@HPow.hPow.{0, 0, 0} Complex Complex Complex (@instHPow.{0, 0} Complex Complex Complex.instPow)
        (Complex.ofReal Q)
        (@Neg.neg.{0} Complex Complex.instNeg
          (@OfNat.ofNat.{0} Complex (nat_lit 1) (@One.toOfNat1.{0} Complex Complex.instOne)))))
'OAI.SevenEighths.PrincipalSlotEstimate.principal_slot_eq_raw_lowKappa' depends on axioms: [propext,
 Classical.choice,
 Quot.sound]
@OAI.SevenEighths.PrincipalSlotEstimate.principal_raw_slot_error_lowKappa : ∀ {Q : Real} {A η s : Complex}
  (hQ :
    @LE.le.{0} Real Real.instLE
      (@OfNat.ofNat.{0} Real (nat_lit 480)
        (@instOfNatAtLeastTwo.{0} Real (nat_lit 480) Real.instNatCast
          (@Nat.instAtLeastTwoHAddOfNat (@OfNat.ofNat.{0} Nat (nat_lit 479) (instOfNatNat (nat_lit 479)))
            (@Nat.instNeZeroSucc (@OfNat.ofNat.{0} Nat (nat_lit 478) (instOfNatNat (nat_lit 478)))))))
      Q)
  (hA :
    @LE.le.{0} Real Real.instLE (@Norm.norm.{0} Complex Complex.instNorm A)
      (@OfNat.ofNat.{0} Real (nat_lit 1) (@One.toOfNat1.{0} Real Real.instOne)))
  (hη :
    @Eq.{1} Real (@Norm.norm.{0} Complex Complex.instNorm η)
      (@OfNat.ofNat.{0} Real (nat_lit 1) (@One.toOfNat1.{0} Real Real.instOne)))
  (hs :
    @LE.le.{0} Real Real.instLE
      (@HDiv.hDiv.{0, 0, 0} Real Real Real (@instHDiv.{0} Real (@DivInvMonoid.toDiv.{0} Real Real.instDivInvMonoid))
        (@OfNat.ofNat.{0} Real (nat_lit 21)
          (@instOfNatAtLeastTwo.{0} Real (nat_lit 21) Real.instNatCast
            (@Nat.instAtLeastTwoHAddOfNat (@OfNat.ofNat.{0} Nat (nat_lit 20) (instOfNatNat (nat_lit 20)))
              (@Nat.instNeZeroSucc (@OfNat.ofNat.{0} Nat (nat_lit 19) (instOfNatNat (nat_lit 19)))))))
        (@OfNat.ofNat.{0} Real (nat_lit 25)
          (@instOfNatAtLeastTwo.{0} Real (nat_lit 25) Real.instNatCast
            (@Nat.instAtLeastTwoHAddOfNat (@OfNat.ofNat.{0} Nat (nat_lit 24) (instOfNatNat (nat_lit 24)))
              (@Nat.instNeZeroSucc (@OfNat.ofNat.{0} Nat (nat_lit 23) (instOfNatNat (nat_lit 23))))))))
      (Complex.re s)),
  @LE.le.{0} Real Real.instLE
    (@Norm.norm.{0} Complex Complex.instNorm
      (@HAdd.hAdd.{0, 0, 0} Complex Complex Complex (@instHAdd.{0} Complex Complex.instAdd)
        (@HSub.hSub.{0, 0, 0} Complex Complex Complex (@instHSub.{0} Complex Complex.instSub)
          (@HDiv.hDiv.{0, 0, 0} Complex Complex Complex
            (@instHDiv.{0} Complex (@DivInvMonoid.toDiv.{0} Complex Complex.instDivInvMonoid))
            (@HMul.hMul.{0, 0, 0} Complex Complex Complex (@instHMul.{0} Complex Complex.instMul)
              (@HMul.hMul.{0, 0, 0} Complex Complex Complex (@instHMul.{0} Complex Complex.instMul)
                (@Star.star.{0} Complex
                  (@InvolutiveStar.toStar.{0} Complex
                    (@StarAddMonoid.toInvolutiveStar.{0} Complex
                      (@AddCommMonoid.toAddMonoid.{0} Complex
                        (@NonUnitalNonAssocSemiring.toAddCommMonoid.{0} Complex
                          (@NonUnitalNonAssocRing.toNonUnitalNonAssocSemiring.{0} Complex
                            (@NonUnitalNonAssocCommRing.toNonUnitalNonAssocRing.{0} Complex
                              (@NonUnitalCommRing.toNonUnitalNonAssocCommRing.{0} Complex
                                Complex.instNonUnitalCommRing)))))
                      (@StarRing.toStarAddMonoid.{0} Complex
                        (@NonUnitalNonAssocRing.toNonUnitalNonAssocSemiring.{0} Complex
                          (@NonUnitalNonAssocCommRing.toNonUnitalNonAssocRing.{0} Complex
                            (@NonUnitalCommRing.toNonUnitalNonAssocCommRing.{0} Complex Complex.instNonUnitalCommRing)))
                        Complex.instStarRing)))
                  η)
                (@HPow.hPow.{0, 0, 0} Complex Complex Complex (@instHPow.{0, 0} Complex Complex Complex.instPow)
                  (Complex.ofReal Q) s))
              (OAI.SevenEighths.PrincipalSlotEstimate.principalMarked Q A η s))
            (OAI.SevenEighths.PrincipalSlotEstimate.principalRawFactor Q A η s))
          (@HPow.hPow.{0, 0, 0} Complex Complex Complex (@instHPow.{0, 0} Complex Complex Complex.instPow)
            (Complex.ofReal Q)
            (@Neg.neg.{0} Complex Complex.instNeg
              (@OfNat.ofNat.{0} Complex (nat_lit 1) (@One.toOfNat1.{0} Complex Complex.instOne)))))
        (@OfNat.ofNat.{0} Complex (nat_lit 1) (@One.toOfNat1.{0} Complex Complex.instOne))))
    (@HMul.hMul.{0, 0, 0} Real Real Real (@instHMul.{0} Real Real.instMul)
      (@OfNat.ofNat.{0} Real (nat_lit 1440)
        (@instOfNatAtLeastTwo.{0} Real (nat_lit 1440) Real.instNatCast
          (@Nat.instAtLeastTwoHAddOfNat (@OfNat.ofNat.{0} Nat (nat_lit 1439) (instOfNatNat (nat_lit 1439)))
            (@Nat.instNeZeroSucc (@OfNat.ofNat.{0} Nat (nat_lit 1438) (instOfNatNat (nat_lit 1438)))))))
      (@HPow.hPow.{0, 0, 0} Real Real Real (@instHPow.{0, 0} Real Real Real.instPow) Q
        (@Neg.neg.{0} Real Real.instNeg
          (@HDiv.hDiv.{0, 0, 0} Real Real Real (@instHDiv.{0} Real (@DivInvMonoid.toDiv.{0} Real Real.instDivInvMonoid))
            (@OfNat.ofNat.{0} Real (nat_lit 21)
              (@instOfNatAtLeastTwo.{0} Real (nat_lit 21) Real.instNatCast
                (@Nat.instAtLeastTwoHAddOfNat (@OfNat.ofNat.{0} Nat (nat_lit 20) (instOfNatNat (nat_lit 20)))
                  (@Nat.instNeZeroSucc (@OfNat.ofNat.{0} Nat (nat_lit 19) (instOfNatNat (nat_lit 19)))))))
            (@OfNat.ofNat.{0} Real (nat_lit 25)
              (@instOfNatAtLeastTwo.{0} Real (nat_lit 25) Real.instNatCast
                (@Nat.instAtLeastTwoHAddOfNat (@OfNat.ofNat.{0} Nat (nat_lit 24) (instOfNatNat (nat_lit 24)))
                  (@Nat.instNeZeroSucc (@OfNat.ofNat.{0} Nat (nat_lit 23) (instOfNatNat (nat_lit 23)))))))))))
'OAI.SevenEighths.PrincipalSlotEstimate.principal_raw_slot_error_lowKappa' depends on axioms: [propext,
 Classical.choice,
 Quot.sound]
@OAI.SevenEighths.PrincipalSlotEstimate.weighted_principal_product_error_linear_lowKappa.{u_1,
    u_2} : ∀ {κ : Type u_1} {ι : Type u_2} (S : Finset.{u_1} κ) (T : κ → Finset.{u_2} ι) (w Q : κ → ι → Real)
  (A η : κ → ι → Complex) (s : Complex) (P : Real)
  (hP :
    @LE.le.{0} Real Real.instLE
      (@OfNat.ofNat.{0} Real (nat_lit 480)
        (@instOfNatAtLeastTwo.{0} Real (nat_lit 480) Real.instNatCast
          (@Nat.instAtLeastTwoHAddOfNat (@OfNat.ofNat.{0} Nat (nat_lit 479) (instOfNatNat (nat_lit 479)))
            (@Nat.instNeZeroSucc (@OfNat.ofNat.{0} Nat (nat_lit 478) (instOfNatNat (nat_lit 478)))))))
      P)
  (hs :
    @LE.le.{0} Real Real.instLE
      (@HDiv.hDiv.{0, 0, 0} Real Real Real (@instHDiv.{0} Real (@DivInvMonoid.toDiv.{0} Real Real.instDivInvMonoid))
        (@OfNat.ofNat.{0} Real (nat_lit 21)
          (@instOfNatAtLeastTwo.{0} Real (nat_lit 21) Real.instNatCast
            (@Nat.instAtLeastTwoHAddOfNat (@OfNat.ofNat.{0} Nat (nat_lit 20) (instOfNatNat (nat_lit 20)))
              (@Nat.instNeZeroSucc (@OfNat.ofNat.{0} Nat (nat_lit 19) (instOfNatNat (nat_lit 19)))))))
        (@OfNat.ofNat.{0} Real (nat_lit 25)
          (@instOfNatAtLeastTwo.{0} Real (nat_lit 25) Real.instNatCast
            (@Nat.instAtLeastTwoHAddOfNat (@OfNat.ofNat.{0} Nat (nat_lit 24) (instOfNatNat (nat_lit 24)))
              (@Nat.instNeZeroSucc (@OfNat.ofNat.{0} Nat (nat_lit 23) (instOfNatNat (nat_lit 23))))))))
      (Complex.re s))
  (hsmall :
    @LE.le.{0} Real Real.instLE
      (@HMul.hMul.{0, 0, 0} Real Real Real (@instHMul.{0} Real Real.instMul)
        (@OfNat.ofNat.{0} Real (nat_lit 1440)
          (@instOfNatAtLeastTwo.{0} Real (nat_lit 1440) Real.instNatCast
            (@Nat.instAtLeastTwoHAddOfNat (@OfNat.ofNat.{0} Nat (nat_lit 1439) (instOfNatNat (nat_lit 1439)))
              (@Nat.instNeZeroSucc (@OfNat.ofNat.{0} Nat (nat_lit 1438) (instOfNatNat (nat_lit 1438)))))))
        (@HPow.hPow.{0, 0, 0} Real Real Real (@instHPow.{0, 0} Real Real Real.instPow) P
          (@Neg.neg.{0} Real Real.instNeg
            (@HDiv.hDiv.{0, 0, 0} Real Real Real
              (@instHDiv.{0} Real (@DivInvMonoid.toDiv.{0} Real Real.instDivInvMonoid))
              (@OfNat.ofNat.{0} Real (nat_lit 21)
                (@instOfNatAtLeastTwo.{0} Real (nat_lit 21) Real.instNatCast
                  (@Nat.instAtLeastTwoHAddOfNat (@OfNat.ofNat.{0} Nat (nat_lit 20) (instOfNatNat (nat_lit 20)))
                    (@Nat.instNeZeroSucc (@OfNat.ofNat.{0} Nat (nat_lit 19) (instOfNatNat (nat_lit 19)))))))
              (@OfNat.ofNat.{0} Real (nat_lit 25)
                (@instOfNatAtLeastTwo.{0} Real (nat_lit 25) Real.instNatCast
                  (@Nat.instAtLeastTwoHAddOfNat (@OfNat.ofNat.{0} Nat (nat_lit 24) (instOfNatNat (nat_lit 24)))
                    (@Nat.instNeZeroSucc (@OfNat.ofNat.{0} Nat (nat_lit 23) (instOfNatNat (nat_lit 23)))))))))))
      (@OfNat.ofNat.{0} Real (nat_lit 1) (@One.toOfNat1.{0} Real Real.instOne)))
  (hw :
    ∀ (j : κ),
      @Membership.mem.{u_1, u_1} κ (Finset.{u_1} κ)
          (@SetLike.instMembership.{u_1, u_1} (Finset.{u_1} κ) κ (@Finset.instSetLike.{u_1} κ)) S j →
        ∀ (i : ι),
          @Membership.mem.{u_2, u_2} ι (Finset.{u_2} ι)
              (@SetLike.instMembership.{u_2, u_2} (Finset.{u_2} ι) ι (@Finset.instSetLike.{u_2} ι)) (T j) i →
            @LE.le.{0} Real Real.instLE (@OfNat.ofNat.{0} Real (nat_lit 0) (@Zero.toOfNat0.{0} Real Real.instZero))
              (w j i))
  (hQ :
    ∀ (j : κ),
      @Membership.mem.{u_1, u_1} κ (Finset.{u_1} κ)
          (@SetLike.instMembership.{u_1, u_1} (Finset.{u_1} κ) κ (@Finset.instSetLike.{u_1} κ)) S j →
        ∀ (i : ι),
          @Membership.mem.{u_2, u_2} ι (Finset.{u_2} ι)
              (@SetLike.instMembership.{u_2, u_2} (Finset.{u_2} ι) ι (@Finset.instSetLike.{u_2} ι)) (T j) i →
            @LE.le.{0} Real Real.instLE P (Q j i))
  (hA :
    ∀ (j : κ),
      @Membership.mem.{u_1, u_1} κ (Finset.{u_1} κ)
          (@SetLike.instMembership.{u_1, u_1} (Finset.{u_1} κ) κ (@Finset.instSetLike.{u_1} κ)) S j →
        ∀ (i : ι),
          @Membership.mem.{u_2, u_2} ι (Finset.{u_2} ι)
              (@SetLike.instMembership.{u_2, u_2} (Finset.{u_2} ι) ι (@Finset.instSetLike.{u_2} ι)) (T j) i →
            @LE.le.{0} Real Real.instLE (@Norm.norm.{0} Complex Complex.instNorm (A j i))
              (@OfNat.ofNat.{0} Real (nat_lit 1) (@One.toOfNat1.{0} Real Real.instOne)))
  (hη :
    ∀ (j : κ),
      @Membership.mem.{u_1, u_1} κ (Finset.{u_1} κ)
          (@SetLike.instMembership.{u_1, u_1} (Finset.{u_1} κ) κ (@Finset.instSetLike.{u_1} κ)) S j →
        ∀ (i : ι),
          @Membership.mem.{u_2, u_2} ι (Finset.{u_2} ι)
              (@SetLike.instMembership.{u_2, u_2} (Finset.{u_2} ι) ι (@Finset.instSetLike.{u_2} ι)) (T j) i →
            @Eq.{1} Real (@Norm.norm.{0} Complex Complex.instNorm (η j i))
              (@OfNat.ofNat.{0} Real (nat_lit 1) (@One.toOfNat1.{0} Real Real.instOne)))
  (hM :
    ∀ (j : κ),
      @Membership.mem.{u_1, u_1} κ (Finset.{u_1} κ)
          (@SetLike.instMembership.{u_1, u_1} (Finset.{u_1} κ) κ (@Finset.instSetLike.{u_1} κ)) S j →
        @LT.lt.{0} Real Real.instLT (@OfNat.ofNat.{0} Real (nat_lit 0) (@Zero.toOfNat0.{0} Real Real.instZero))
          (@Finset.sum.{u_2, 0} ι Real Real.instAddCommMonoid (T j) fun (i : ι) => w j i)),
  @LE.le.{0} Real Real.instLE
    (@Norm.norm.{0} Complex Complex.instNorm
      (@HSub.hSub.{0, 0, 0} Complex Complex Complex (@instHSub.{0} Complex Complex.instSub)
        (@HDiv.hDiv.{0, 0, 0} Complex Complex Complex
          (@instHDiv.{0} Complex (@DivInvMonoid.toDiv.{0} Complex Complex.instDivInvMonoid))
          (@Finset.prod.{u_1, 0} κ Complex (@CommRing.toCommMonoid.{0} Complex Complex.commRing) S fun (j : κ) =>
            @Finset.sum.{u_2, 0} ι Complex Complex.instAddCommMonoid (T j) fun (i : ι) =>
              @HMul.hMul.{0, 0, 0} Complex Complex Complex (@instHMul.{0} Complex Complex.instMul)
                (Complex.ofReal (w j i))
                (OAI.SevenEighths.PrincipalSlotEstimate.principalSlot (Q j i) (A j i) (η j i) s))
          (@OAI.SevenEighths.PrincipalSlotEstimate.principalScalar.{u_1} κ S fun (j : κ) =>
            @Finset.sum.{u_2, 0} ι Real Real.instAddCommMonoid (T j) fun (i : ι) => w j i))
        (@OfNat.ofNat.{0} Complex (nat_lit 1) (@One.toOfNat1.{0} Complex Complex.instOne))))
    (@HMul.hMul.{0, 0, 0} Real Real Real (@instHMul.{0} Real Real.instMul)
      (@HMul.hMul.{0, 0, 0} Real Real Real (@instHMul.{0} Real Real.instMul)
        (@Nat.cast.{0} Real Real.instNatCast (@Finset.card.{u_1} κ S))
        (@HPow.hPow.{0, 0, 0} Real Nat Real
          (@instHPow.{0, 0} Real Nat (@NPow.toPow.{0} Real (@Monoid.toNPow.{0} Real Real.instMonoid)))
          (@OfNat.ofNat.{0} Real (nat_lit 2)
            (@instOfNatAtLeastTwo.{0} Real (nat_lit 2) Real.instNatCast
              (@Nat.instAtLeastTwoHAddOfNat (@OfNat.ofNat.{0} Nat (nat_lit 1) (instOfNatNat (nat_lit 1)))
                (@Nat.instNeZeroSucc (@OfNat.ofNat.{0} Nat (nat_lit 0) (instOfNatNat (nat_lit 0)))))))
          (@Finset.card.{u_1} κ S)))
      (@HMul.hMul.{0, 0, 0} Real Real Real (@instHMul.{0} Real Real.instMul)
        (@OfNat.ofNat.{0} Real (nat_lit 1440)
          (@instOfNatAtLeastTwo.{0} Real (nat_lit 1440) Real.instNatCast
            (@Nat.instAtLeastTwoHAddOfNat (@OfNat.ofNat.{0} Nat (nat_lit 1439) (instOfNatNat (nat_lit 1439)))
              (@Nat.instNeZeroSucc (@OfNat.ofNat.{0} Nat (nat_lit 1438) (instOfNatNat (nat_lit 1438)))))))
        (@HPow.hPow.{0, 0, 0} Real Real Real (@instHPow.{0, 0} Real Real Real.instPow) P
          (@Neg.neg.{0} Real Real.instNeg
            (@HDiv.hDiv.{0, 0, 0} Real Real Real
              (@instHDiv.{0} Real (@DivInvMonoid.toDiv.{0} Real Real.instDivInvMonoid))
              (@OfNat.ofNat.{0} Real (nat_lit 21)
                (@instOfNatAtLeastTwo.{0} Real (nat_lit 21) Real.instNatCast
                  (@Nat.instAtLeastTwoHAddOfNat (@OfNat.ofNat.{0} Nat (nat_lit 20) (instOfNatNat (nat_lit 20)))
                    (@Nat.instNeZeroSucc (@OfNat.ofNat.{0} Nat (nat_lit 19) (instOfNatNat (nat_lit 19)))))))
              (@OfNat.ofNat.{0} Real (nat_lit 25)
                (@instOfNatAtLeastTwo.{0} Real (nat_lit 25) Real.instNatCast
                  (@Nat.instAtLeastTwoHAddOfNat (@OfNat.ofNat.{0} Nat (nat_lit 24) (instOfNatNat (nat_lit 24)))
                    (@Nat.instNeZeroSucc (@OfNat.ofNat.{0} Nat (nat_lit 23) (instOfNatNat (nat_lit 23))))))))))))
'OAI.SevenEighths.PrincipalSlotEstimate.weighted_principal_product_error_linear_lowKappa' depends on axioms: [propext,
 Classical.choice,
 Quot.sound]
@OAI.SevenEighths.PrincipalSignalComparison.SlotBoundsLowKappa.{u_1,
    u_2} : {κ : Type u_1} →
  {ι : Type u_2} →
    (S : Finset.{u_1} κ) → (T : κ → Finset.{u_2} ι) → (w Q : κ → ι → Real) → (A η : κ → ι → Complex) → (P : Real) → Prop
'OAI.SevenEighths.PrincipalSignalComparison.SlotBoundsLowKappa' depends on axioms: [propext,
 Classical.choice,
 Quot.sound]
@OAI.SevenEighths.PrincipalSignalComparison.slot_scalar_ne_zero_lowKappa.{u_1,
    u_2} : ∀ {κ : Type u_1} {ι : Type u_2} (S : Finset.{u_1} κ) (T : κ → Finset.{u_2} ι) (w Q : κ → ι → Real)
  (A η : κ → ι → Complex) {P : Real}
  (h : @OAI.SevenEighths.PrincipalSignalComparison.SlotBoundsLowKappa.{u_1, u_2} κ ι S T w Q A η P),
  @Ne.{1} Complex
    (@OAI.SevenEighths.PrincipalSlotEstimate.principalScalar.{u_1} κ S
      (@OAI.SevenEighths.PrincipalSignalComparison.slotMass.{u_1, u_2} κ ι T w))
    (@OfNat.ofNat.{0} Complex (nat_lit 0) (@Zero.toOfNat0.{0} Complex Complex.instZero))
'OAI.SevenEighths.PrincipalSignalComparison.slot_scalar_ne_zero_lowKappa' depends on axioms: [propext,
 Classical.choice,
 Quot.sound]
@OAI.SevenEighths.PrincipalSignalComparison.slotRatio_error_lowKappa.{u_1,
    u_2} : ∀ {κ : Type u_1} {ι : Type u_2} (S : Finset.{u_1} κ) (T : κ → Finset.{u_2} ι) (w Q : κ → ι → Real)
  (A η : κ → ι → Complex) {P : Real}
  (h : @OAI.SevenEighths.PrincipalSignalComparison.SlotBoundsLowKappa.{u_1, u_2} κ ι S T w Q A η P) {s : Complex}
  (hs :
    @LE.le.{0} Real Real.instLE
      (@HDiv.hDiv.{0, 0, 0} Real Real Real (@instHDiv.{0} Real (@DivInvMonoid.toDiv.{0} Real Real.instDivInvMonoid))
        (@OfNat.ofNat.{0} Real (nat_lit 21)
          (@instOfNatAtLeastTwo.{0} Real (nat_lit 21) Real.instNatCast
            (@Nat.instAtLeastTwoHAddOfNat (@OfNat.ofNat.{0} Nat (nat_lit 20) (instOfNatNat (nat_lit 20)))
              (@Nat.instNeZeroSucc (@OfNat.ofNat.{0} Nat (nat_lit 19) (instOfNatNat (nat_lit 19)))))))
        (@OfNat.ofNat.{0} Real (nat_lit 25)
          (@instOfNatAtLeastTwo.{0} Real (nat_lit 25) Real.instNatCast
            (@Nat.instAtLeastTwoHAddOfNat (@OfNat.ofNat.{0} Nat (nat_lit 24) (instOfNatNat (nat_lit 24)))
              (@Nat.instNeZeroSucc (@OfNat.ofNat.{0} Nat (nat_lit 23) (instOfNatNat (nat_lit 23))))))))
      (Complex.re s)),
  @LE.le.{0} Real Real.instLE
    (@Norm.norm.{0} Complex Complex.instNorm
      (@HSub.hSub.{0, 0, 0} Complex Complex Complex (@instHSub.{0} Complex Complex.instSub)
        (@OAI.SevenEighths.PrincipalSignalComparison.slotRatio.{u_1, u_2} κ ι S T w Q A η s)
        (@OfNat.ofNat.{0} Complex (nat_lit 1) (@One.toOfNat1.{0} Complex Complex.instOne))))
    (@HMul.hMul.{0, 0, 0} Real Real Real (@instHMul.{0} Real Real.instMul)
      (@OAI.SevenEighths.PrincipalSignalComparison.slotErrorConstant.{u_1} κ S)
      (@HPow.hPow.{0, 0, 0} Real Real Real (@instHPow.{0, 0} Real Real Real.instPow) P
        (@Neg.neg.{0} Real Real.instNeg
          (@HDiv.hDiv.{0, 0, 0} Real Real Real (@instHDiv.{0} Real (@DivInvMonoid.toDiv.{0} Real Real.instDivInvMonoid))
            (@OfNat.ofNat.{0} Real (nat_lit 21)
              (@instOfNatAtLeastTwo.{0} Real (nat_lit 21) Real.instNatCast
                (@Nat.instAtLeastTwoHAddOfNat (@OfNat.ofNat.{0} Nat (nat_lit 20) (instOfNatNat (nat_lit 20)))
                  (@Nat.instNeZeroSucc (@OfNat.ofNat.{0} Nat (nat_lit 19) (instOfNatNat (nat_lit 19)))))))
            (@OfNat.ofNat.{0} Real (nat_lit 25)
              (@instOfNatAtLeastTwo.{0} Real (nat_lit 25) Real.instNatCast
                (@Nat.instAtLeastTwoHAddOfNat (@OfNat.ofNat.{0} Nat (nat_lit 24) (instOfNatNat (nat_lit 24)))
                  (@Nat.instNeZeroSucc (@OfNat.ofNat.{0} Nat (nat_lit 23) (instOfNatNat (nat_lit 23)))))))))))
'OAI.SevenEighths.PrincipalSignalComparison.slotRatio_error_lowKappa' depends on axioms: [propext,
 Classical.choice,
 Quot.sound]
@OAI.SevenEighths.PrincipalSignalComparison.slotRatio_bound_lowKappa.{u_1,
    u_2} : ∀ {κ : Type u_1} {ι : Type u_2} (S : Finset.{u_1} κ) (T : κ → Finset.{u_2} ι) (w Q : κ → ι → Real)
  (A η : κ → ι → Complex) {P : Real}
  (h : @OAI.SevenEighths.PrincipalSignalComparison.SlotBoundsLowKappa.{u_1, u_2} κ ι S T w Q A η P) {s : Complex}
  (hs :
    @LE.le.{0} Real Real.instLE
      (@HDiv.hDiv.{0, 0, 0} Real Real Real (@instHDiv.{0} Real (@DivInvMonoid.toDiv.{0} Real Real.instDivInvMonoid))
        (@OfNat.ofNat.{0} Real (nat_lit 21)
          (@instOfNatAtLeastTwo.{0} Real (nat_lit 21) Real.instNatCast
            (@Nat.instAtLeastTwoHAddOfNat (@OfNat.ofNat.{0} Nat (nat_lit 20) (instOfNatNat (nat_lit 20)))
              (@Nat.instNeZeroSucc (@OfNat.ofNat.{0} Nat (nat_lit 19) (instOfNatNat (nat_lit 19)))))))
        (@OfNat.ofNat.{0} Real (nat_lit 25)
          (@instOfNatAtLeastTwo.{0} Real (nat_lit 25) Real.instNatCast
            (@Nat.instAtLeastTwoHAddOfNat (@OfNat.ofNat.{0} Nat (nat_lit 24) (instOfNatNat (nat_lit 24)))
              (@Nat.instNeZeroSucc (@OfNat.ofNat.{0} Nat (nat_lit 23) (instOfNatNat (nat_lit 23))))))))
      (Complex.re s)),
  @LE.le.{0} Real Real.instLE
    (@Norm.norm.{0} Complex Complex.instNorm
      (@OAI.SevenEighths.PrincipalSignalComparison.slotRatio.{u_1, u_2} κ ι S T w Q A η s))
    (@HAdd.hAdd.{0, 0, 0} Real Real Real (@instHAdd.{0} Real Real.instAdd)
      (@OfNat.ofNat.{0} Real (nat_lit 1) (@One.toOfNat1.{0} Real Real.instOne))
      (@HMul.hMul.{0, 0, 0} Real Real Real (@instHMul.{0} Real Real.instMul)
        (@OAI.SevenEighths.PrincipalSignalComparison.slotErrorConstant.{u_1} κ S)
        (@HPow.hPow.{0, 0, 0} Real Real Real (@instHPow.{0, 0} Real Real Real.instPow) P
          (@Neg.neg.{0} Real Real.instNeg
            (@HDiv.hDiv.{0, 0, 0} Real Real Real
              (@instHDiv.{0} Real (@DivInvMonoid.toDiv.{0} Real Real.instDivInvMonoid))
              (@OfNat.ofNat.{0} Real (nat_lit 21)
                (@instOfNatAtLeastTwo.{0} Real (nat_lit 21) Real.instNatCast
                  (@Nat.instAtLeastTwoHAddOfNat (@OfNat.ofNat.{0} Nat (nat_lit 20) (instOfNatNat (nat_lit 20)))
                    (@Nat.instNeZeroSucc (@OfNat.ofNat.{0} Nat (nat_lit 19) (instOfNatNat (nat_lit 19)))))))
              (@OfNat.ofNat.{0} Real (nat_lit 25)
                (@instOfNatAtLeastTwo.{0} Real (nat_lit 25) Real.instNatCast
                  (@Nat.instAtLeastTwoHAddOfNat (@OfNat.ofNat.{0} Nat (nat_lit 24) (instOfNatNat (nat_lit 24)))
                    (@Nat.instNeZeroSucc (@OfNat.ofNat.{0} Nat (nat_lit 23) (instOfNatNat (nat_lit 23))))))))))))
'OAI.SevenEighths.PrincipalSignalComparison.slotRatio_bound_lowKappa' depends on axioms: [propext,
 Classical.choice,
 Quot.sound]
@OAI.SevenEighths.PrincipalSignalComparison.principalSlot_differentiableAt_lowKappa : ∀ {Q : Real} {A η s : Complex}
  (hQ :
    @LE.le.{0} Real Real.instLE
      (@OfNat.ofNat.{0} Real (nat_lit 480)
        (@instOfNatAtLeastTwo.{0} Real (nat_lit 480) Real.instNatCast
          (@Nat.instAtLeastTwoHAddOfNat (@OfNat.ofNat.{0} Nat (nat_lit 479) (instOfNatNat (nat_lit 479)))
            (@Nat.instNeZeroSucc (@OfNat.ofNat.{0} Nat (nat_lit 478) (instOfNatNat (nat_lit 478)))))))
      Q)
  (hA :
    @LE.le.{0} Real Real.instLE (@Norm.norm.{0} Complex Complex.instNorm A)
      (@OfNat.ofNat.{0} Real (nat_lit 1) (@One.toOfNat1.{0} Real Real.instOne)))
  (hη :
    @LE.le.{0} Real Real.instLE (@Norm.norm.{0} Complex Complex.instNorm η)
      (@OfNat.ofNat.{0} Real (nat_lit 1) (@One.toOfNat1.{0} Real Real.instOne)))
  (hs :
    @LE.le.{0} Real Real.instLE
      (@HDiv.hDiv.{0, 0, 0} Real Real Real (@instHDiv.{0} Real (@DivInvMonoid.toDiv.{0} Real Real.instDivInvMonoid))
        (@OfNat.ofNat.{0} Real (nat_lit 21)
          (@instOfNatAtLeastTwo.{0} Real (nat_lit 21) Real.instNatCast
            (@Nat.instAtLeastTwoHAddOfNat (@OfNat.ofNat.{0} Nat (nat_lit 20) (instOfNatNat (nat_lit 20)))
              (@Nat.instNeZeroSucc (@OfNat.ofNat.{0} Nat (nat_lit 19) (instOfNatNat (nat_lit 19)))))))
        (@OfNat.ofNat.{0} Real (nat_lit 25)
          (@instOfNatAtLeastTwo.{0} Real (nat_lit 25) Real.instNatCast
            (@Nat.instAtLeastTwoHAddOfNat (@OfNat.ofNat.{0} Nat (nat_lit 24) (instOfNatNat (nat_lit 24)))
              (@Nat.instNeZeroSucc (@OfNat.ofNat.{0} Nat (nat_lit 23) (instOfNatNat (nat_lit 23))))))))
      (Complex.re s)),
  @DifferentiableAt.{0, 0, 0} Complex
    (@DenselyNormedField.toNontriviallyNormedField.{0} Complex Complex.instDenselyNormedField) Complex
    Complex.addCommGroup
    (@Semiring.toModule.{0} Complex
      (@CommSemiring.toSemiring.{0} Complex
        (@Semifield.toCommSemiring.{0} Complex
          (@Field.toSemifield.{0} Complex
            (@NormedField.toField.{0} Complex
              (@NontriviallyNormedField.toNormedField.{0} Complex
                (@DenselyNormedField.toNontriviallyNormedField.{0} Complex Complex.instDenselyNormedField)))))))
    (@UniformSpace.toTopologicalSpace.{0} Complex
      (@PseudoMetricSpace.toUniformSpace.{0} Complex
        (@SeminormedRing.toPseudoMetricSpace.{0} Complex
          (@SeminormedCommRing.toSeminormedRing.{0} Complex
            (@NormedCommRing.toSeminormedCommRing.{0} Complex
              (@CommCStarAlgebra.toNormedCommRing.{0} Complex instCommCStarAlgebraComplex))))))
    Complex Complex.addCommGroup
    (@Semiring.toModule.{0} Complex
      (@CommSemiring.toSemiring.{0} Complex
        (@Semifield.toCommSemiring.{0} Complex
          (@Field.toSemifield.{0} Complex
            (@NormedField.toField.{0} Complex
              (@NontriviallyNormedField.toNormedField.{0} Complex
                (@DenselyNormedField.toNontriviallyNormedField.{0} Complex Complex.instDenselyNormedField)))))))
    (@UniformSpace.toTopologicalSpace.{0} Complex
      (@PseudoMetricSpace.toUniformSpace.{0} Complex
        (@SeminormedRing.toPseudoMetricSpace.{0} Complex
          (@SeminormedCommRing.toSeminormedRing.{0} Complex
            (@NormedCommRing.toSeminormedCommRing.{0} Complex
              (@CommCStarAlgebra.toNormedCommRing.{0} Complex instCommCStarAlgebraComplex))))))
    (OAI.SevenEighths.PrincipalSlotEstimate.principalSlot Q A η) s
'OAI.SevenEighths.PrincipalSignalComparison.principalSlot_differentiableAt_lowKappa' depends on axioms: [propext,
 Classical.choice,
 Quot.sound]
@OAI.SevenEighths.PrincipalSignalComparison.slotRatio_continuous_line_lowKappa.{u_1,
    u_2} : ∀ {κ : Type u_1} {ι : Type u_2} (S : Finset.{u_1} κ) (T : κ → Finset.{u_2} ι) (w Q : κ → ι → Real)
  (A η : κ → ι → Complex) {P : Real}
  (h : @OAI.SevenEighths.PrincipalSignalComparison.SlotBoundsLowKappa.{u_1, u_2} κ ι S T w Q A η P) {a : Real}
  (ha :
    @LE.le.{0} Real Real.instLE
      (@HDiv.hDiv.{0, 0, 0} Real Real Real (@instHDiv.{0} Real (@DivInvMonoid.toDiv.{0} Real Real.instDivInvMonoid))
        (@OfNat.ofNat.{0} Real (nat_lit 21)
          (@instOfNatAtLeastTwo.{0} Real (nat_lit 21) Real.instNatCast
            (@Nat.instAtLeastTwoHAddOfNat (@OfNat.ofNat.{0} Nat (nat_lit 20) (instOfNatNat (nat_lit 20)))
              (@Nat.instNeZeroSucc (@OfNat.ofNat.{0} Nat (nat_lit 19) (instOfNatNat (nat_lit 19)))))))
        (@OfNat.ofNat.{0} Real (nat_lit 25)
          (@instOfNatAtLeastTwo.{0} Real (nat_lit 25) Real.instNatCast
            (@Nat.instAtLeastTwoHAddOfNat (@OfNat.ofNat.{0} Nat (nat_lit 24) (instOfNatNat (nat_lit 24)))
              (@Nat.instNeZeroSucc (@OfNat.ofNat.{0} Nat (nat_lit 23) (instOfNatNat (nat_lit 23))))))))
      a),
  @Continuous.{0, 0} Real Complex
    (@UniformSpace.toTopologicalSpace.{0} Real (@PseudoMetricSpace.toUniformSpace.{0} Real Real.pseudoMetricSpace))
    (@UniformSpace.toTopologicalSpace.{0} Complex
      (@PseudoMetricSpace.toUniformSpace.{0} Complex
        (@SeminormedRing.toPseudoMetricSpace.{0} Complex
          (@SeminormedCommRing.toSeminormedRing.{0} Complex
            (@NormedCommRing.toSeminormedCommRing.{0} Complex
              (@CommCStarAlgebra.toNormedCommRing.{0} Complex instCommCStarAlgebraComplex))))))
    fun (t : Real) =>
    @OAI.SevenEighths.PrincipalSignalComparison.slotRatio.{u_1, u_2} κ ι S T w Q A η
      (@HAdd.hAdd.{0, 0, 0} Complex Complex Complex (@instHAdd.{0} Complex Complex.instAdd) (Complex.ofReal a)
        (@HMul.hMul.{0, 0, 0} Complex Complex Complex (@instHMul.{0} Complex Complex.instMul) (Complex.ofReal t)
          Complex.I))
'OAI.SevenEighths.PrincipalSignalComparison.slotRatio_continuous_line_lowKappa' depends on axioms: [propext,
 Classical.choice,
 Quot.sound]
@OAI.SevenEighths.PrincipalSignalComparison.slotRatio_analytic_lowKappa.{u_1,
    u_2} : ∀ {κ : Type u_1} {ι : Type u_2} (S : Finset.{u_1} κ) (T : κ → Finset.{u_2} ι) (w Q : κ → ι → Real)
  (A eta : κ → ι → Complex) {P : Real}
  (h : @OAI.SevenEighths.PrincipalSignalComparison.SlotBoundsLowKappa.{u_1, u_2} κ ι S T w Q A eta P),
  @AnalyticOnNhd.{0, 0, 0} Complex Complex Complex
    (@DenselyNormedField.toNontriviallyNormedField.{0} Complex Complex.instDenselyNormedField)
    Complex.instNormedAddCommGroup
    (@NonUnitalCStarAlgebra.toNormedSpace.{0} Complex
      (@NonUnitalCommCStarAlgebra.toNonUnitalCStarAlgebra.{0} Complex
        (@CommCStarAlgebra.toNonUnitalCommCStarAlgebra.{0} Complex instCommCStarAlgebraComplex)))
    Complex.instNormedAddCommGroup
    (@NonUnitalCStarAlgebra.toNormedSpace.{0} Complex
      (@NonUnitalCommCStarAlgebra.toNonUnitalCStarAlgebra.{0} Complex
        (@CommCStarAlgebra.toNonUnitalCommCStarAlgebra.{0} Complex instCommCStarAlgebraComplex)))
    (@OAI.SevenEighths.PrincipalSignalComparison.slotRatio.{u_1, u_2} κ ι S T w Q A eta)
    (@Set.ofPred.{0} Complex fun (s : Complex) =>
      @LT.lt.{0} Real Real.instLT
        (@HDiv.hDiv.{0, 0, 0} Real Real Real (@instHDiv.{0} Real (@DivInvMonoid.toDiv.{0} Real Real.instDivInvMonoid))
          (@OfNat.ofNat.{0} Real (nat_lit 21)
            (@instOfNatAtLeastTwo.{0} Real (nat_lit 21) Real.instNatCast
              (@Nat.instAtLeastTwoHAddOfNat (@OfNat.ofNat.{0} Nat (nat_lit 20) (instOfNatNat (nat_lit 20)))
                (@Nat.instNeZeroSucc (@OfNat.ofNat.{0} Nat (nat_lit 19) (instOfNatNat (nat_lit 19)))))))
          (@OfNat.ofNat.{0} Real (nat_lit 25)
            (@instOfNatAtLeastTwo.{0} Real (nat_lit 25) Real.instNatCast
              (@Nat.instAtLeastTwoHAddOfNat (@OfNat.ofNat.{0} Nat (nat_lit 24) (instOfNatNat (nat_lit 24)))
                (@Nat.instNeZeroSucc (@OfNat.ofNat.{0} Nat (nat_lit 23) (instOfNatNat (nat_lit 23))))))))
        (Complex.re s))
'OAI.SevenEighths.PrincipalSignalComparison.slotRatio_analytic_lowKappa' depends on axioms: [propext,
 Classical.choice,
 Quot.sound]
@OAI.SevenEighths.RayQuotient.idealCharacter_eq_one_of_identityClass.{u_1} : ∀ {A : Type u_1} [inst : CommRing.{u_1} A]
  [inst_1 : @IsDomain.{u_1} A (@CommSemiring.toSemiring.{u_1} A (@CommRing.toCommSemiring.{u_1} A inst))]
  [inst_2 : @IsPrincipalIdealRing.{u_1} A (@CommSemiring.toSemiring.{u_1} A (@CommRing.toCommSemiring.{u_1} A inst))]
  (M : @Ideal.{u_1} A (@CommSemiring.toSemiring.{u_1} A (@CommRing.toCommSemiring.{u_1} A inst)))
  [inst_3 :
    Finite.{u_1 + 1}
      (@HasQuotient.Quotient.{u_1, u_1} A
        (@Ideal.{u_1} A (@CommSemiring.toSemiring.{u_1} A (@CommRing.toCommSemiring.{u_1} A inst)))
        (@Ideal.instHasQuotient_1.{u_1} A inst) M)]
  (H :
    @Subgroup.{u_1}
      (@Units.{u_1}
        (@HasQuotient.Quotient.{u_1, u_1} A
          (@Ideal.{u_1} A (@CommSemiring.toSemiring.{u_1} A (@CommRing.toCommSemiring.{u_1} A inst)))
          (@Ideal.instHasQuotient_1.{u_1} A inst) M)
        (@Semiring.toMonoid.{u_1}
          (@HasQuotient.Quotient.{u_1, u_1} A
            (@Ideal.{u_1} A (@CommSemiring.toSemiring.{u_1} A (@CommRing.toCommSemiring.{u_1} A inst)))
            (@Ideal.instHasQuotient_1.{u_1} A inst) M)
          (@Ideal.Quotient.semiring.{u_1} A inst M)))
      (@Units.instGroup.{u_1}
        (@HasQuotient.Quotient.{u_1, u_1} A
          (@Ideal.{u_1} A (@CommSemiring.toSemiring.{u_1} A (@CommRing.toCommSemiring.{u_1} A inst)))
          (@Ideal.instHasQuotient_1.{u_1} A inst) M)
        (@Semiring.toMonoid.{u_1}
          (@HasQuotient.Quotient.{u_1, u_1} A
            (@Ideal.{u_1} A (@CommSemiring.toSemiring.{u_1} A (@CommRing.toCommSemiring.{u_1} A inst)))
            (@Ideal.instHasQuotient_1.{u_1} A inst) M)
          (@Ideal.Quotient.semiring.{u_1} A inst M))))
  (hH :
    @LE.le.{u_1}
      (@Subgroup.{u_1}
        (@Units.{u_1}
          (@HasQuotient.Quotient.{u_1, u_1} A
            (@Ideal.{u_1} A (@CommSemiring.toSemiring.{u_1} A (@CommRing.toCommSemiring.{u_1} A inst)))
            (@Ideal.instHasQuotient_1.{u_1} A inst) M)
          (@Semiring.toMonoid.{u_1}
            (@HasQuotient.Quotient.{u_1, u_1} A
              (@Ideal.{u_1} A (@CommSemiring.toSemiring.{u_1} A (@CommRing.toCommSemiring.{u_1} A inst)))
              (@Ideal.instHasQuotient_1.{u_1} A inst) M)
            (@Ideal.Quotient.semiring.{u_1} A inst M)))
        (@Units.instGroup.{u_1}
          (@HasQuotient.Quotient.{u_1, u_1} A
            (@Ideal.{u_1} A (@CommSemiring.toSemiring.{u_1} A (@CommRing.toCommSemiring.{u_1} A inst)))
            (@Ideal.instHasQuotient_1.{u_1} A inst) M)
          (@Semiring.toMonoid.{u_1}
            (@HasQuotient.Quotient.{u_1, u_1} A
              (@Ideal.{u_1} A (@CommSemiring.toSemiring.{u_1} A (@CommRing.toCommSemiring.{u_1} A inst)))
              (@Ideal.instHasQuotient_1.{u_1} A inst) M)
            (@Ideal.Quotient.semiring.{u_1} A inst M))))
      (@Preorder.toLE.{u_1}
        (@Subgroup.{u_1}
          (@Units.{u_1}
            (@HasQuotient.Quotient.{u_1, u_1} A
              (@Ideal.{u_1} A (@CommSemiring.toSemiring.{u_1} A (@CommRing.toCommSemiring.{u_1} A inst)))
              (@Ideal.instHasQuotient_1.{u_1} A inst) M)
            (@Semiring.toMonoid.{u_1}
              (@HasQuotient.Quotient.{u_1, u_1} A
                (@Ideal.{u_1} A (@CommSemiring.toSemiring.{u_1} A (@CommRing.toCommSemiring.{u_1} A inst)))
                (@Ideal.instHasQuotient_1.{u_1} A inst) M)
              (@Ideal.Quotient.semiring.{u_1} A inst M)))
          (@Units.instGroup.{u_1}
            (@HasQuotient.Quotient.{u_1, u_1} A
              (@Ideal.{u_1} A (@CommSemiring.toSemiring.{u_1} A (@CommRing.toCommSemiring.{u_1} A inst)))
              (@Ideal.instHasQuotient_1.{u_1} A inst) M)
            (@Semiring.toMonoid.{u_1}
              (@HasQuotient.Quotient.{u_1, u_1} A
                (@Ideal.{u_1} A (@CommSemiring.toSemiring.{u_1} A (@CommRing.toCommSemiring.{u_1} A inst)))
                (@Ideal.instHasQuotient_1.{u_1} A inst) M)
              (@Ideal.Quotient.semiring.{u_1} A inst M))))
        (@PartialOrder.toPreorder.{u_1}
          (@Subgroup.{u_1}
            (@Units.{u_1}
              (@HasQuotient.Quotient.{u_1, u_1} A
                (@Ideal.{u_1} A (@CommSemiring.toSemiring.{u_1} A (@CommRing.toCommSemiring.{u_1} A inst)))
                (@Ideal.instHasQuotient_1.{u_1} A inst) M)
              (@Semiring.toMonoid.{u_1}
                (@HasQuotient.Quotient.{u_1, u_1} A
                  (@Ideal.{u_1} A (@CommSemiring.toSemiring.{u_1} A (@CommRing.toCommSemiring.{u_1} A inst)))
                  (@Ideal.instHasQuotient_1.{u_1} A inst) M)
                (@Ideal.Quotient.semiring.{u_1} A inst M)))
            (@Units.instGroup.{u_1}
              (@HasQuotient.Quotient.{u_1, u_1} A
                (@Ideal.{u_1} A (@CommSemiring.toSemiring.{u_1} A (@CommRing.toCommSemiring.{u_1} A inst)))
                (@Ideal.instHasQuotient_1.{u_1} A inst) M)
              (@Semiring.toMonoid.{u_1}
                (@HasQuotient.Quotient.{u_1, u_1} A
                  (@Ideal.{u_1} A (@CommSemiring.toSemiring.{u_1} A (@CommRing.toCommSemiring.{u_1} A inst)))
                  (@Ideal.instHasQuotient_1.{u_1} A inst) M)
                (@Ideal.Quotient.semiring.{u_1} A inst M))))
          (@Subgroup.instPartialOrder.{u_1}
            (@Units.{u_1}
              (@HasQuotient.Quotient.{u_1, u_1} A
                (@Ideal.{u_1} A (@CommSemiring.toSemiring.{u_1} A (@CommRing.toCommSemiring.{u_1} A inst)))
                (@Ideal.instHasQuotient_1.{u_1} A inst) M)
              (@Semiring.toMonoid.{u_1}
                (@HasQuotient.Quotient.{u_1, u_1} A
                  (@Ideal.{u_1} A (@CommSemiring.toSemiring.{u_1} A (@CommRing.toCommSemiring.{u_1} A inst)))
                  (@Ideal.instHasQuotient_1.{u_1} A inst) M)
                (@Ideal.Quotient.semiring.{u_1} A inst M)))
            (@Units.instGroup.{u_1}
              (@HasQuotient.Quotient.{u_1, u_1} A
                (@Ideal.{u_1} A (@CommSemiring.toSemiring.{u_1} A (@CommRing.toCommSemiring.{u_1} A inst)))
                (@Ideal.instHasQuotient_1.{u_1} A inst) M)
              (@Semiring.toMonoid.{u_1}
                (@HasQuotient.Quotient.{u_1, u_1} A
                  (@Ideal.{u_1} A (@CommSemiring.toSemiring.{u_1} A (@CommRing.toCommSemiring.{u_1} A inst)))
                  (@Ideal.instHasQuotient_1.{u_1} A inst) M)
                (@Ideal.Quotient.semiring.{u_1} A inst M))))))
      (@OAI.SevenEighths.RayOrthogonality.globalUnits.{u_1} A inst M) H)
  (χ :
    @Subtype.{u_1 + 1}
      (@MulChar.{u_1, 0}
        (@HasQuotient.Quotient.{u_1, u_1} A
          (@Ideal.{u_1} A (@CommSemiring.toSemiring.{u_1} A (@CommRing.toCommSemiring.{u_1} A inst)))
          (@Ideal.instHasQuotient_1.{u_1} A inst) M)
        (@CommRing.toCommMonoid.{u_1}
          (@HasQuotient.Quotient.{u_1, u_1} A
            (@Ideal.{u_1} A (@CommSemiring.toSemiring.{u_1} A (@CommRing.toCommSemiring.{u_1} A inst)))
            (@Ideal.instHasQuotient_1.{u_1} A inst) M)
          (@Ideal.Quotient.commRing.{u_1} A inst M))
        Complex
        (@CommGroupWithZero.toCommMonoidWithZero.{0} Complex
          (@Semifield.toCommGroupWithZero.{0} Complex (@Field.toSemifield.{0} Complex Complex.instField))))
      fun
        (x :
          @MulChar.{u_1, 0}
            (@HasQuotient.Quotient.{u_1, u_1} A
              (@Ideal.{u_1} A (@CommSemiring.toSemiring.{u_1} A (@CommRing.toCommSemiring.{u_1} A inst)))
              (@Ideal.instHasQuotient_1.{u_1} A inst) M)
            (@CommRing.toCommMonoid.{u_1}
              (@HasQuotient.Quotient.{u_1, u_1} A
                (@Ideal.{u_1} A (@CommSemiring.toSemiring.{u_1} A (@CommRing.toCommSemiring.{u_1} A inst)))
                (@Ideal.instHasQuotient_1.{u_1} A inst) M)
              (@Ideal.Quotient.commRing.{u_1} A inst M))
            Complex
            (@CommGroupWithZero.toCommMonoidWithZero.{0} Complex
              (@Semifield.toCommGroupWithZero.{0} Complex (@Field.toSemifield.{0} Complex Complex.instField)))) =>
      @Membership.mem.{u_1, u_1}
        (@MulChar.{u_1, 0}
          (@HasQuotient.Quotient.{u_1, u_1} A
            (@Ideal.{u_1} A (@CommSemiring.toSemiring.{u_1} A (@CommRing.toCommSemiring.{u_1} A inst)))
            (@Ideal.instHasQuotient_1.{u_1} A inst) M)
          (@CommRing.toCommMonoid.{u_1}
            (@HasQuotient.Quotient.{u_1, u_1} A
              (@Ideal.{u_1} A (@CommSemiring.toSemiring.{u_1} A (@CommRing.toCommSemiring.{u_1} A inst)))
              (@Ideal.instHasQuotient_1.{u_1} A inst) M)
            (@Ideal.Quotient.commRing.{u_1} A inst M))
          Complex
          (@CommGroupWithZero.toCommMonoidWithZero.{0} Complex
            (@Semifield.toCommGroupWithZero.{0} Complex (@Field.toSemifield.{0} Complex Complex.instField))))
        (@Subgroup.{u_1}
          (@MulChar.{u_1, 0}
            (@HasQuotient.Quotient.{u_1, u_1} A
              (@Ideal.{u_1} A (@CommSemiring.toSemiring.{u_1} A (@CommRing.toCommSemiring.{u_1} A inst)))
              (@Ideal.instHasQuotient_1.{u_1} A inst) M)
            (@CommRing.toCommMonoid.{u_1}
              (@HasQuotient.Quotient.{u_1, u_1} A
                (@Ideal.{u_1} A (@CommSemiring.toSemiring.{u_1} A (@CommRing.toCommSemiring.{u_1} A inst)))
                (@Ideal.instHasQuotient_1.{u_1} A inst) M)
              (@Ideal.Quotient.commRing.{u_1} A inst M))
            Complex
            (@CommGroupWithZero.toCommMonoidWithZero.{0} Complex
              (@Semifield.toCommGroupWithZero.{0} Complex (@Field.toSemifield.{0} Complex Complex.instField))))
          (@CommGroup.toGroup.{u_1}
            (@MulChar.{u_1, 0}
              (@HasQuotient.Quotient.{u_1, u_1} A
                (@Ideal.{u_1} A (@CommSemiring.toSemiring.{u_1} A (@CommRing.toCommSemiring.{u_1} A inst)))
                (@Ideal.instHasQuotient_1.{u_1} A inst) M)
              (@CommRing.toCommMonoid.{u_1}
                (@HasQuotient.Quotient.{u_1, u_1} A
                  (@Ideal.{u_1} A (@CommSemiring.toSemiring.{u_1} A (@CommRing.toCommSemiring.{u_1} A inst)))
                  (@Ideal.instHasQuotient_1.{u_1} A inst) M)
                (@Ideal.Quotient.commRing.{u_1} A inst M))
              Complex
              (@CommGroupWithZero.toCommMonoidWithZero.{0} Complex
                (@Semifield.toCommGroupWithZero.{0} Complex (@Field.toSemifield.{0} Complex Complex.instField))))
            (@MulChar.commGroup.{u_1, 0}
              (@HasQuotient.Quotient.{u_1, u_1} A
                (@Ideal.{u_1} A (@CommSemiring.toSemiring.{u_1} A (@CommRing.toCommSemiring.{u_1} A inst)))
                (@Ideal.instHasQuotient_1.{u_1} A inst) M)
              (@CommRing.toCommMonoid.{u_1}
                (@HasQuotient.Quotient.{u_1, u_1} A
                  (@Ideal.{u_1} A (@CommSemiring.toSemiring.{u_1} A (@CommRing.toCommSemiring.{u_1} A inst)))
                  (@Ideal.instHasQuotient_1.{u_1} A inst) M)
                (@Ideal.Quotient.commRing.{u_1} A inst M))
              Complex
              (@CommGroupWithZero.toCommMonoidWithZero.{0} Complex
                (@Semifield.toCommGroupWithZero.{0} Complex (@Field.toSemifield.{0} Complex Complex.instField))))))
        (@SetLike.instMembership.{u_1, u_1}
          (@Subgroup.{u_1}
            (@MulChar.{u_1, 0}
              (@HasQuotient.Quotient.{u_1, u_1} A
                (@Ideal.{u_1} A (@CommSemiring.toSemiring.{u_1} A (@CommRing.toCommSemiring.{u_1} A inst)))
                (@Ideal.instHasQuotient_1.{u_1} A inst) M)
              (@CommRing.toCommMonoid.{u_1}
                (@HasQuotient.Quotient.{u_1, u_1} A
                  (@Ideal.{u_1} A (@CommSemiring.toSemiring.{u_1} A (@CommRing.toCommSemiring.{u_1} A inst)))
                  (@Ideal.instHasQuotient_1.{u_1} A inst) M)
                (@Ideal.Quotient.commRing.{u_1} A inst M))
              Complex
              (@CommGroupWithZero.toCommMonoidWithZero.{0} Complex
                (@Semifield.toCommGroupWithZero.{0} Complex (@Field.toSemifield.{0} Complex Complex.instField))))
            (@CommGroup.toGroup.{u_1}
              (@MulChar.{u_1, 0}
                (@HasQuotient.Quotient.{u_1, u_1} A
                  (@Ideal.{u_1} A (@CommSemiring.toSemiring.{u_1} A (@CommRing.toCommSemiring.{u_1} A inst)))
                  (@Ideal.instHasQuotient_1.{u_1} A inst) M)
                (@CommRing.toCommMonoid.{u_1}
                  (@HasQuotient.Quotient.{u_1, u_1} A
                    (@Ideal.{u_1} A (@CommSemiring.toSemiring.{u_1} A (@CommRing.toCommSemiring.{u_1} A inst)))
                    (@Ideal.instHasQuotient_1.{u_1} A inst) M)
                  (@Ideal.Quotient.commRing.{u_1} A inst M))
                Complex
                (@CommGroupWithZero.toCommMonoidWithZero.{0} Complex
                  (@Semifield.toCommGroupWithZero.{0} Complex (@Field.toSemifield.{0} Complex Complex.instField))))
              (@MulChar.commGroup.{u_1, 0}
                (@HasQuotient.Quotient.{u_1, u_1} A
                  (@Ideal.{u_1} A (@CommSemiring.toSemiring.{u_1} A (@CommRing.toCommSemiring.{u_1} A inst)))
                  (@Ideal.instHasQuotient_1.{u_1} A inst) M)
                (@CommRing.toCommMonoid.{u_1}
                  (@HasQuotient.Quotient.{u_1, u_1} A
                    (@Ideal.{u_1} A (@CommSemiring.toSemiring.{u_1} A (@CommRing.toCommSemiring.{u_1} A inst)))
                    (@Ideal.instHasQuotient_1.{u_1} A inst) M)
                  (@Ideal.Quotient.commRing.{u_1} A inst M))
                Complex
                (@CommGroupWithZero.toCommMonoidWithZero.{0} Complex
                  (@Semifield.toCommGroupWithZero.{0} Complex (@Field.toSemifield.{0} Complex Complex.instField))))))
          (@MulChar.{u_1, 0}
            (@HasQuotient.Quotient.{u_1, u_1} A
              (@Ideal.{u_1} A (@CommSemiring.toSemiring.{u_1} A (@CommRing.toCommSemiring.{u_1} A inst)))
              (@Ideal.instHasQuotient_1.{u_1} A inst) M)
            (@CommRing.toCommMonoid.{u_1}
              (@HasQuotient.Quotient.{u_1, u_1} A
                (@Ideal.{u_1} A (@CommSemiring.toSemiring.{u_1} A (@CommRing.toCommSemiring.{u_1} A inst)))
                (@Ideal.instHasQuotient_1.{u_1} A inst) M)
              (@Ideal.Quotient.commRing.{u_1} A inst M))
            Complex
            (@CommGroupWithZero.toCommMonoidWithZero.{0} Complex
              (@Semifield.toCommGroupWithZero.{0} Complex (@Field.toSemifield.{0} Complex Complex.instField))))
          (@Subgroup.instSetLike.{u_1}
            (@MulChar.{u_1, 0}
              (@HasQuotient.Quotient.{u_1, u_1} A
                (@Ideal.{u_1} A (@CommSemiring.toSemiring.{u_1} A (@CommRing.toCommSemiring.{u_1} A inst)))
                (@Ideal.instHasQuotient_1.{u_1} A inst) M)
              (@CommRing.toCommMonoid.{u_1}
                (@HasQuotient.Quotient.{u_1, u_1} A
                  (@Ideal.{u_1} A (@CommSemiring.toSemiring.{u_1} A (@CommRing.toCommSemiring.{u_1} A inst)))
                  (@Ideal.instHasQuotient_1.{u_1} A inst) M)
                (@Ideal.Quotient.commRing.{u_1} A inst M))
              Complex
              (@CommGroupWithZero.toCommMonoidWithZero.{0} Complex
                (@Semifield.toCommGroupWithZero.{0} Complex (@Field.toSemifield.{0} Complex Complex.instField))))
            (@CommGroup.toGroup.{u_1}
              (@MulChar.{u_1, 0}
                (@HasQuotient.Quotient.{u_1, u_1} A
                  (@Ideal.{u_1} A (@CommSemiring.toSemiring.{u_1} A (@CommRing.toCommSemiring.{u_1} A inst)))
                  (@Ideal.instHasQuotient_1.{u_1} A inst) M)
                (@CommRing.toCommMonoid.{u_1}
                  (@HasQuotient.Quotient.{u_1, u_1} A
                    (@Ideal.{u_1} A (@CommSemiring.toSemiring.{u_1} A (@CommRing.toCommSemiring.{u_1} A inst)))
                    (@Ideal.instHasQuotient_1.{u_1} A inst) M)
                  (@Ideal.Quotient.commRing.{u_1} A inst M))
                Complex
                (@CommGroupWithZero.toCommMonoidWithZero.{0} Complex
                  (@Semifield.toCommGroupWithZero.{0} Complex (@Field.toSemifield.{0} Complex Complex.instField))))
              (@MulChar.commGroup.{u_1, 0}
                (@HasQuotient.Quotient.{u_1, u_1} A
                  (@Ideal.{u_1} A (@CommSemiring.toSemiring.{u_1} A (@CommRing.toCommSemiring.{u_1} A inst)))
                  (@Ideal.instHasQuotient_1.{u_1} A inst) M)
                (@CommRing.toCommMonoid.{u_1}
                  (@HasQuotient.Quotient.{u_1, u_1} A
                    (@Ideal.{u_1} A (@CommSemiring.toSemiring.{u_1} A (@CommRing.toCommSemiring.{u_1} A inst)))
                    (@Ideal.instHasQuotient_1.{u_1} A inst) M)
                  (@Ideal.Quotient.commRing.{u_1} A inst M))
                Complex
                (@CommGroupWithZero.toCommMonoidWithZero.{0} Complex
                  (@Semifield.toCommGroupWithZero.{0} Complex (@Field.toSemifield.{0} Complex Complex.instField)))))))
        (@OAI.SevenEighths.RayQuotient.Characters.{u_1} A inst M inst_3 H) x)
  {I : @Ideal.{u_1} A (@CommSemiring.toSemiring.{u_1} A (@CommRing.toCommSemiring.{u_1} A inst))}
  (hI :
    @Membership.mem.{u_1, u_1}
      (@Ideal.{u_1} A (@CommSemiring.toSemiring.{u_1} A (@CommRing.toCommSemiring.{u_1} A inst)))
      (Set.{u_1} (@Ideal.{u_1} A (@CommSemiring.toSemiring.{u_1} A (@CommRing.toCommSemiring.{u_1} A inst))))
      (@Set.instMembership.{u_1}
        (@Ideal.{u_1} A (@CommSemiring.toSemiring.{u_1} A (@CommRing.toCommSemiring.{u_1} A inst))))
      (@OAI.SevenEighths.RayQuotient.identityClass.{u_1} A inst M H) I),
  @Eq.{1} Complex
    (@DFunLike.coe.{u_1 + 1, u_1 + 1, 1}
      (@MonoidWithZeroHom.{u_1, 0}
        (@Ideal.{u_1} A (@CommSemiring.toSemiring.{u_1} A (@CommRing.toCommSemiring.{u_1} A inst))) Complex
        (@instMulZeroOneClassOfSemiring.{u_1}
          (@Ideal.{u_1} A (@CommSemiring.toSemiring.{u_1} A (@CommRing.toCommSemiring.{u_1} A inst)))
          (@IdemSemiring.toSemiring.{u_1}
            (@Ideal.{u_1} A (@CommSemiring.toSemiring.{u_1} A (@CommRing.toCommSemiring.{u_1} A inst)))
            (@Submodule.idemSemiring.{u_1, u_1} A (@CommRing.toCommSemiring.{u_1} A inst) A
              (@CommSemiring.toSemiring.{u_1} A (@CommRing.toCommSemiring.{u_1} A inst))
              (@Algebra.id.{u_1} A (@CommRing.toCommSemiring.{u_1} A inst)))))
        (@instMulZeroOneClassOfSemiring.{0} Complex Complex.instSemiring))
      (@Ideal.{u_1} A (@CommSemiring.toSemiring.{u_1} A (@CommRing.toCommSemiring.{u_1} A inst)))
      (fun (x : @Ideal.{u_1} A (@CommSemiring.toSemiring.{u_1} A (@CommRing.toCommSemiring.{u_1} A inst))) => Complex)
      (@MonoidWithZeroHom.funLike.{u_1, 0}
        (@Ideal.{u_1} A (@CommSemiring.toSemiring.{u_1} A (@CommRing.toCommSemiring.{u_1} A inst))) Complex
        (@instMulZeroOneClassOfSemiring.{u_1}
          (@Ideal.{u_1} A (@CommSemiring.toSemiring.{u_1} A (@CommRing.toCommSemiring.{u_1} A inst)))
          (@IdemSemiring.toSemiring.{u_1}
            (@Ideal.{u_1} A (@CommSemiring.toSemiring.{u_1} A (@CommRing.toCommSemiring.{u_1} A inst)))
            (@Submodule.idemSemiring.{u_1, u_1} A (@CommRing.toCommSemiring.{u_1} A inst) A
              (@CommSemiring.toSemiring.{u_1} A (@CommRing.toCommSemiring.{u_1} A inst))
              (@Algebra.id.{u_1} A (@CommRing.toCommSemiring.{u_1} A inst)))))
        (@instMulZeroOneClassOfSemiring.{0} Complex Complex.instSemiring))
      (@OAI.SevenEighths.RayQuotient.idealCharacter.{u_1} A inst M inst_3 H hH inst_1 inst_2 χ) I)
    (@OfNat.ofNat.{0} Complex (nat_lit 1) (@One.toOfNat1.{0} Complex Complex.instOne))
'OAI.SevenEighths.RayQuotient.idealCharacter_eq_one_of_identityClass' depends on axioms: [propext,
 Classical.choice,
 Quot.sound]
@OAI.SevenEighths.PrincipalSignalComparison.source_power_identity_total : ∀ {Z : Real}
  (hZ : @LT.lt.{0} Real Real.instLT (@OfNat.ofNat.{0} Real (nat_lit 0) (@Zero.toOfNat0.{0} Real Real.instZero)) Z)
  (ell b : Real) (s : Complex),
  @Eq.{1} Complex
    (@HMul.hMul.{0, 0, 0} Complex Complex Complex (@instHMul.{0} Complex Complex.instMul)
      (@HPow.hPow.{0, 0, 0} Complex Complex Complex (@instHPow.{0, 0} Complex Complex Complex.instPow)
        (Complex.ofReal
          (@HPow.hPow.{0, 0, 0} Real Real Real (@instHPow.{0, 0} Real Real Real.instPow) Z
            (@HDiv.hDiv.{0, 0, 0} Real Real Real
              (@instHDiv.{0} Real (@DivInvMonoid.toDiv.{0} Real Real.instDivInvMonoid))
              (@HSub.hSub.{0, 0, 0} Real Real Real (@instHSub.{0} Real Real.instSub)
                (@HSub.hSub.{0, 0, 0} Real Real Real (@instHSub.{0} Real Real.instSub)
                  (@OfNat.ofNat.{0} Real (nat_lit 1) (@One.toOfNat1.{0} Real Real.instOne)) ell)
                b)
              (@OfNat.ofNat.{0} Real (nat_lit 2)
                (@instOfNatAtLeastTwo.{0} Real (nat_lit 2) Real.instNatCast
                  (@Nat.instAtLeastTwoHAddOfNat (@OfNat.ofNat.{0} Nat (nat_lit 1) (instOfNatNat (nat_lit 1)))
                    (@Nat.instNeZeroSucc (@OfNat.ofNat.{0} Nat (nat_lit 0) (instOfNatNat (nat_lit 0))))))))))
        (@HDiv.hDiv.{0, 0, 0} Complex Complex Complex
          (@instHDiv.{0} Complex (@DivInvMonoid.toDiv.{0} Complex Complex.instDivInvMonoid))
          (@OfNat.ofNat.{0} Complex (nat_lit 1) (@One.toOfNat1.{0} Complex Complex.instOne))
          (@OfNat.ofNat.{0} Complex (nat_lit 3)
            (@instOfNatAtLeastTwo.{0} Complex (nat_lit 3) Complex.instNatCast
              (@Nat.instAtLeastTwoHAddOfNat (@OfNat.ofNat.{0} Nat (nat_lit 2) (instOfNatNat (nat_lit 2)))
                (@Nat.instNeZeroSucc (@OfNat.ofNat.{0} Nat (nat_lit 1) (instOfNatNat (nat_lit 1)))))))))
      (@HPow.hPow.{0, 0, 0} Complex Complex Complex (@instHPow.{0, 0} Complex Complex Complex.instPow)
        (Complex.ofReal Z)
        (@HSub.hSub.{0, 0, 0} Complex Complex Complex (@instHSub.{0} Complex Complex.instSub) s
          (@HDiv.hDiv.{0, 0, 0} Complex Complex Complex
            (@instHDiv.{0} Complex (@DivInvMonoid.toDiv.{0} Complex Complex.instDivInvMonoid))
            (@OfNat.ofNat.{0} Complex (nat_lit 5)
              (@instOfNatAtLeastTwo.{0} Complex (nat_lit 5) Complex.instNatCast
                (@Nat.instAtLeastTwoHAddOfNat (@OfNat.ofNat.{0} Nat (nat_lit 4) (instOfNatNat (nat_lit 4)))
                  (@Nat.instNeZeroSucc (@OfNat.ofNat.{0} Nat (nat_lit 3) (instOfNatNat (nat_lit 3)))))))
            (@OfNat.ofNat.{0} Complex (nat_lit 6)
              (@instOfNatAtLeastTwo.{0} Complex (nat_lit 6) Complex.instNatCast
                (@Nat.instAtLeastTwoHAddOfNat (@OfNat.ofNat.{0} Nat (nat_lit 5) (instOfNatNat (nat_lit 5)))
                  (@Nat.instNeZeroSucc (@OfNat.ofNat.{0} Nat (nat_lit 4) (instOfNatNat (nat_lit 4)))))))))))
    (@HMul.hMul.{0, 0, 0} Complex Complex Complex (@instHMul.{0} Complex Complex.instMul)
      (@HPow.hPow.{0, 0, 0} Complex Complex Complex (@instHPow.{0, 0} Complex Complex Complex.instPow)
        (Complex.ofReal Z)
        (Complex.ofReal
          (@HDiv.hDiv.{0, 0, 0} Real Real Real (@instHDiv.{0} Real (@DivInvMonoid.toDiv.{0} Real Real.instDivInvMonoid))
            (@Neg.neg.{0} Real Real.instNeg ell)
            (@OfNat.ofNat.{0} Real (nat_lit 6)
              (@instOfNatAtLeastTwo.{0} Real (nat_lit 6) Real.instNatCast
                (@Nat.instAtLeastTwoHAddOfNat (@OfNat.ofNat.{0} Nat (nat_lit 5) (instOfNatNat (nat_lit 5)))
                  (@Nat.instNeZeroSucc (@OfNat.ofNat.{0} Nat (nat_lit 4) (instOfNatNat (nat_lit 4))))))))))
      (@HPow.hPow.{0, 0, 0} Complex Complex Complex (@instHPow.{0, 0} Complex Complex Complex.instPow)
        (Complex.ofReal Z)
        (@HAdd.hAdd.{0, 0, 0} Complex Complex Complex (@instHAdd.{0} Complex Complex.instAdd) s
          (Complex.ofReal
            (@HDiv.hDiv.{0, 0, 0} Real Real Real
              (@instHDiv.{0} Real (@DivInvMonoid.toDiv.{0} Real Real.instDivInvMonoid))
              (@Neg.neg.{0} Real Real.instNeg
                (@HAdd.hAdd.{0, 0, 0} Real Real Real (@instHAdd.{0} Real Real.instAdd)
                  (@OfNat.ofNat.{0} Real (nat_lit 4)
                    (@instOfNatAtLeastTwo.{0} Real (nat_lit 4) Real.instNatCast
                      (@Nat.instAtLeastTwoHAddOfNat (@OfNat.ofNat.{0} Nat (nat_lit 3) (instOfNatNat (nat_lit 3)))
                        (@Nat.instNeZeroSucc (@OfNat.ofNat.{0} Nat (nat_lit 2) (instOfNatNat (nat_lit 2)))))))
                  b))
              (@OfNat.ofNat.{0} Real (nat_lit 6)
                (@instOfNatAtLeastTwo.{0} Real (nat_lit 6) Real.instNatCast
                  (@Nat.instAtLeastTwoHAddOfNat (@OfNat.ofNat.{0} Nat (nat_lit 5) (instOfNatNat (nat_lit 5)))
                    (@Nat.instNeZeroSucc (@OfNat.ofNat.{0} Nat (nat_lit 4) (instOfNatNat (nat_lit 4))))))))))))
'OAI.SevenEighths.PrincipalSignalComparison.source_power_identity_total' depends on axioms: [propext,
 Classical.choice,
 Quot.sound]
@OAI.SevenEighths.PrincipalSignalComparison.normalized_source_double_residue_total.{u_1,
    u_2} : ∀ {κ : Type u_1} {ι : Type u_2}
  (W0 W1 :
    @SchwartzMap.{0, 0} Real Complex Real.normedAddCommGroup
      (@InnerProductSpace.toNormedSpace.{0, 0} Real Real Real.instRCLike
        (@NormedAddCommGroup.toSeminormedAddCommGroup.{0} Real Real.normedAddCommGroup)
        (@RCLike.toInnerProductSpaceReal.{0} Real Real.instRCLike))
      Complex.instNormedAddCommGroup
      (@InnerProductSpace.toNormedSpace.{0, 0} Real Complex Real.instRCLike
        (@NormedAddCommGroup.toSeminormedAddCommGroup.{0} Complex Complex.instNormedAddCommGroup)
        instInnerProductSpaceRealComplex))
  (M :
    @Ideal.{0} OAI.SevenEighths.HeckeFamily.O
      (@CommSemiring.toSemiring.{0} OAI.SevenEighths.HeckeFamily.O
        (@CommRing.toCommSemiring.{0} OAI.SevenEighths.HeckeFamily.O
          (@NumberField.instCommRingRingOfIntegers.{0} OAI.SevenEighths.HeckeFamily.K
            (@CyclotomicField.instField.{0} (@OfNat.ofNat.{0} Nat (nat_lit 3) (instOfNatNat (nat_lit 3))) Rat
              Rat.instField)))))
  [inst :
    @NeZero.{0}
      (@Ideal.{0} OAI.SevenEighths.HeckeFamily.O
        (@CommSemiring.toSemiring.{0} OAI.SevenEighths.HeckeFamily.O
          (@CommRing.toCommSemiring.{0} OAI.SevenEighths.HeckeFamily.O
            (@NumberField.instCommRingRingOfIntegers.{0} OAI.SevenEighths.HeckeFamily.K
              (@CyclotomicField.instField.{0} (@OfNat.ofNat.{0} Nat (nat_lit 3) (instOfNatNat (nat_lit 3))) Rat
                Rat.instField)))))
      (@Submodule.pointwiseZero.{0, 0} OAI.SevenEighths.HeckeFamily.O OAI.SevenEighths.HeckeFamily.O
        (@CommSemiring.toSemiring.{0} OAI.SevenEighths.HeckeFamily.O
          (@CommRing.toCommSemiring.{0} OAI.SevenEighths.HeckeFamily.O
            (@NumberField.instCommRingRingOfIntegers.{0} OAI.SevenEighths.HeckeFamily.K
              (@CyclotomicField.instField.{0} (@OfNat.ofNat.{0} Nat (nat_lit 3) (instOfNatNat (nat_lit 3))) Rat
                Rat.instField))))
        (@Semiring.toAddCommMonoid.{0} OAI.SevenEighths.HeckeFamily.O
          (@CommSemiring.toSemiring.{0} OAI.SevenEighths.HeckeFamily.O
            (@CommRing.toCommSemiring.{0} OAI.SevenEighths.HeckeFamily.O
              (@NumberField.instCommRingRingOfIntegers.{0} OAI.SevenEighths.HeckeFamily.K
                (@CyclotomicField.instField.{0} (@OfNat.ofNat.{0} Nat (nat_lit 3) (instOfNatNat (nat_lit 3))) Rat
                  Rat.instField)))))
        (@Semiring.toModule.{0} OAI.SevenEighths.HeckeFamily.O
          (@CommSemiring.toSemiring.{0} OAI.SevenEighths.HeckeFamily.O
            (@CommRing.toCommSemiring.{0} OAI.SevenEighths.HeckeFamily.O
              (@NumberField.instCommRingRingOfIntegers.{0} OAI.SevenEighths.HeckeFamily.K
                (@CyclotomicField.instField.{0} (@OfNat.ofNat.{0} Nat (nat_lit 3) (instOfNatNat (nat_lit 3))) Rat
                  Rat.instField))))))
      M]
  (χ : OAI.SevenEighths.HeckeFamily.Character) (Y Z ell b : Real)
  (hZ : @LT.lt.{0} Real Real.instLT (@OfNat.ofNat.{0} Real (nat_lit 0) (@Zero.toOfNat0.{0} Real Real.instZero)) Z)
  (s : Complex) (H B : Complex → Complex → Complex) (S : Finset.{u_1} κ) (T : κ → Finset.{u_2} ι) (w Q : κ → ι → Real)
  (A η : κ → ι → Complex)
  (hc :
    @Ne.{1} Complex (@OAI.SevenEighths.PrincipalMellinResidues.sourceResidueConstant W0 W1 M inst)
      (@OfNat.ofNat.{0} Complex (nat_lit 0) (@Zero.toOfNat0.{0} Complex Complex.instZero)))
  (hB :
    @Eq.{1} Complex
      (B (@OfNat.ofNat.{0} Complex (nat_lit 1) (@One.toOfNat1.{0} Complex Complex.instOne))
        (@HDiv.hDiv.{0, 0, 0} Complex Complex Complex
          (@instHDiv.{0} Complex (@DivInvMonoid.toDiv.{0} Complex Complex.instDivInvMonoid))
          (@OfNat.ofNat.{0} Complex (nat_lit 1) (@One.toOfNat1.{0} Complex Complex.instOne))
          (@OfNat.ofNat.{0} Complex (nat_lit 6)
            (@instOfNatAtLeastTwo.{0} Complex (nat_lit 6) Complex.instNatCast
              (@Nat.instAtLeastTwoHAddOfNat (@OfNat.ofNat.{0} Nat (nat_lit 5) (instOfNatNat (nat_lit 5)))
                (@Nat.instNeZeroSucc (@OfNat.ofNat.{0} Nat (nat_lit 4) (instOfNatNat (nat_lit 4)))))))))
      (@OAI.SevenEighths.PrincipalSignalComparison.slotProduct.{u_1, u_2} κ ι S T w Q A η s)),
  @Eq.{1} Complex
    (@HDiv.hDiv.{0, 0, 0} Complex Complex Complex
      (@instHDiv.{0} Complex (@DivInvMonoid.toDiv.{0} Complex Complex.instDivInvMonoid))
      (@HMul.hMul.{0, 0, 0} Complex Complex Complex (@instHMul.{0} Complex Complex.instMul)
        (@HDiv.hDiv.{0, 0, 0} Complex Complex Complex
          (@instHDiv.{0} Complex (@DivInvMonoid.toDiv.{0} Complex Complex.instDivInvMonoid))
          (@HPow.hPow.{0, 0, 0} Complex Nat Complex
            (@instHPow.{0, 0} Complex Nat
              (@NPow.toPow.{0} Complex
                (@Monoid.toNPow.{0} Complex (@Semiring.toMonoid.{0} Complex Complex.instSemiring))))
            (@OAI.SevenEighths.PrincipalMellinResidues.fixedPrincipalResidue M inst)
            (@OfNat.ofNat.{0} Nat (nat_lit 2) (instOfNatNat (nat_lit 2))))
          (@OfNat.ofNat.{0} Complex (nat_lit 6)
            (@instOfNatAtLeastTwo.{0} Complex (nat_lit 6) Complex.instNatCast
              (@Nat.instAtLeastTwoHAddOfNat (@OfNat.ofNat.{0} Nat (nat_lit 5) (instOfNatNat (nat_lit 5)))
                (@Nat.instNeZeroSucc (@OfNat.ofNat.{0} Nat (nat_lit 4) (instOfNatNat (nat_lit 4))))))))
        (OAI.SevenEighths.PrincipalMellinResidues.sourceMultiplier W0 W1
          (@HPow.hPow.{0, 0, 0} Real Real Real (@instHPow.{0, 0} Real Real Real.instPow) Z
            (@HDiv.hDiv.{0, 0, 0} Real Real Real
              (@instHDiv.{0} Real (@DivInvMonoid.toDiv.{0} Real Real.instDivInvMonoid))
              (@HSub.hSub.{0, 0, 0} Real Real Real (@instHSub.{0} Real Real.instSub)
                (@HSub.hSub.{0, 0, 0} Real Real Real (@instHSub.{0} Real Real.instSub)
                  (@OfNat.ofNat.{0} Real (nat_lit 1) (@One.toOfNat1.{0} Real Real.instOne)) ell)
                b)
              (@OfNat.ofNat.{0} Real (nat_lit 2)
                (@instOfNatAtLeastTwo.{0} Real (nat_lit 2) Real.instNatCast
                  (@Nat.instAtLeastTwoHAddOfNat (@OfNat.ofNat.{0} Nat (nat_lit 1) (instOfNatNat (nat_lit 1)))
                    (@Nat.instNeZeroSucc (@OfNat.ofNat.{0} Nat (nat_lit 0) (instOfNatNat (nat_lit 0)))))))))
          Y Z χ s H B (@OfNat.ofNat.{0} Complex (nat_lit 1) (@One.toOfNat1.{0} Complex Complex.instOne))
          (@HDiv.hDiv.{0, 0, 0} Complex Complex Complex
            (@instHDiv.{0} Complex (@DivInvMonoid.toDiv.{0} Complex Complex.instDivInvMonoid))
            (@OfNat.ofNat.{0} Complex (nat_lit 1) (@One.toOfNat1.{0} Complex Complex.instOne))
            (@OfNat.ofNat.{0} Complex (nat_lit 6)
              (@instOfNatAtLeastTwo.{0} Complex (nat_lit 6) Complex.instNatCast
                (@Nat.instAtLeastTwoHAddOfNat (@OfNat.ofNat.{0} Nat (nat_lit 5) (instOfNatNat (nat_lit 5)))
                  (@Nat.instNeZeroSucc (@OfNat.ofNat.{0} Nat (nat_lit 4) (instOfNatNat (nat_lit 4))))))))))
      (@HMul.hMul.{0, 0, 0} Complex Complex Complex (@instHMul.{0} Complex Complex.instMul)
        (@OAI.SevenEighths.PrincipalMellinResidues.sourceResidueConstant W0 W1 M inst)
        (Complex.ofReal
          (@OAI.SevenEighths.Probe.principalScalar.{u_1} κ S Z ell
            (@OAI.SevenEighths.PrincipalSignalComparison.slotMass.{u_1, u_2} κ ι T w)))))
    (@HMul.hMul.{0, 0, 0} Complex Complex Complex (@instHMul.{0} Complex Complex.instMul)
      (@HDiv.hDiv.{0, 0, 0} Complex Complex Complex
        (@instHDiv.{0} Complex (@DivInvMonoid.toDiv.{0} Complex Complex.instDivInvMonoid))
        (@HMul.hMul.{0, 0, 0} Complex Complex Complex (@instHMul.{0} Complex Complex.instMul)
          (@HMul.hMul.{0, 0, 0} Complex Complex Complex (@instHMul.{0} Complex Complex.instMul)
            (@HPow.hPow.{0, 0, 0} Complex Complex Complex (@instHPow.{0, 0} Complex Complex Complex.instPow)
              (Complex.ofReal Z)
              (@HAdd.hAdd.{0, 0, 0} Complex Complex Complex (@instHAdd.{0} Complex Complex.instAdd) s
                (Complex.ofReal
                  (@HDiv.hDiv.{0, 0, 0} Real Real Real
                    (@instHDiv.{0} Real (@DivInvMonoid.toDiv.{0} Real Real.instDivInvMonoid))
                    (@Neg.neg.{0} Real Real.instNeg
                      (@HAdd.hAdd.{0, 0, 0} Real Real Real (@instHAdd.{0} Real Real.instAdd)
                        (@OfNat.ofNat.{0} Real (nat_lit 4)
                          (@instOfNatAtLeastTwo.{0} Real (nat_lit 4) Real.instNatCast
                            (@Nat.instAtLeastTwoHAddOfNat (@OfNat.ofNat.{0} Nat (nat_lit 3) (instOfNatNat (nat_lit 3)))
                              (@Nat.instNeZeroSucc (@OfNat.ofNat.{0} Nat (nat_lit 2) (instOfNatNat (nat_lit 2)))))))
                        b))
                    (@OfNat.ofNat.{0} Real (nat_lit 6)
                      (@instOfNatAtLeastTwo.{0} Real (nat_lit 6) Real.instNatCast
                        (@Nat.instAtLeastTwoHAddOfNat (@OfNat.ofNat.{0} Nat (nat_lit 5) (instOfNatNat (nat_lit 5)))
                          (@Nat.instNeZeroSucc (@OfNat.ofNat.{0} Nat (nat_lit 4) (instOfNatNat (nat_lit 4)))))))))))
            (Complex.exp
              (@HPow.hPow.{0, 0, 0} Complex Nat Complex
                (@instHPow.{0, 0} Complex Nat
                  (@NPow.toPow.{0} Complex
                    (@Monoid.toNPow.{0} Complex (@Semiring.toMonoid.{0} Complex Complex.instSemiring))))
                (@HSub.hSub.{0, 0, 0} Complex Complex Complex (@instHSub.{0} Complex Complex.instSub) s
                  (@HDiv.hDiv.{0, 0, 0} Complex Complex Complex
                    (@instHDiv.{0} Complex (@DivInvMonoid.toDiv.{0} Complex Complex.instDivInvMonoid))
                    (@OfNat.ofNat.{0} Complex (nat_lit 5)
                      (@instOfNatAtLeastTwo.{0} Complex (nat_lit 5) Complex.instNatCast
                        (@Nat.instAtLeastTwoHAddOfNat (@OfNat.ofNat.{0} Nat (nat_lit 4) (instOfNatNat (nat_lit 4)))
                          (@Nat.instNeZeroSucc (@OfNat.ofNat.{0} Nat (nat_lit 3) (instOfNatNat (nat_lit 3)))))))
                    (@OfNat.ofNat.{0} Complex (nat_lit 6)
                      (@instOfNatAtLeastTwo.{0} Complex (nat_lit 6) Complex.instNatCast
                        (@Nat.instAtLeastTwoHAddOfNat (@OfNat.ofNat.{0} Nat (nat_lit 5) (instOfNatNat (nat_lit 5)))
                          (@Nat.instNeZeroSucc (@OfNat.ofNat.{0} Nat (nat_lit 4) (instOfNatNat (nat_lit 4)))))))))
                (@OfNat.ofNat.{0} Nat (nat_lit 2) (instOfNatNat (nat_lit 2))))))
          (H (@OfNat.ofNat.{0} Complex (nat_lit 1) (@One.toOfNat1.{0} Complex Complex.instOne))
            (@HDiv.hDiv.{0, 0, 0} Complex Complex Complex
              (@instHDiv.{0} Complex (@DivInvMonoid.toDiv.{0} Complex Complex.instDivInvMonoid))
              (@OfNat.ofNat.{0} Complex (nat_lit 1) (@One.toOfNat1.{0} Complex Complex.instOne))
              (@OfNat.ofNat.{0} Complex (nat_lit 6)
                (@instOfNatAtLeastTwo.{0} Complex (nat_lit 6) Complex.instNatCast
                  (@Nat.instAtLeastTwoHAddOfNat (@OfNat.ofNat.{0} Nat (nat_lit 5) (instOfNatNat (nat_lit 5)))
                    (@Nat.instNeZeroSucc (@OfNat.ofNat.{0} Nat (nat_lit 4) (instOfNatNat (nat_lit 4))))))))))
        (OAI.SevenEighths.HeckeFamily.LFunction χ s))
      (@OAI.SevenEighths.PrincipalSignalComparison.slotRatio.{u_1, u_2} κ ι S T w Q A η s))
'OAI.SevenEighths.PrincipalSignalComparison.normalized_source_double_residue_total' depends on axioms: [propext,
 Classical.choice,
 Quot.sound]
@OAI.SevenEighths.PrincipalSignalComparison.sourceResidueIntegral_normalized_total.{u_1,
    u_2} : ∀ {κ : Type u_1} {ι : Type u_2}
  (W0 W1 :
    @SchwartzMap.{0, 0} Real Complex Real.normedAddCommGroup
      (@InnerProductSpace.toNormedSpace.{0, 0} Real Real Real.instRCLike
        (@NormedAddCommGroup.toSeminormedAddCommGroup.{0} Real Real.normedAddCommGroup)
        (@RCLike.toInnerProductSpaceReal.{0} Real Real.instRCLike))
      Complex.instNormedAddCommGroup
      (@InnerProductSpace.toNormedSpace.{0, 0} Real Complex Real.instRCLike
        (@NormedAddCommGroup.toSeminormedAddCommGroup.{0} Complex Complex.instNormedAddCommGroup)
        instInnerProductSpaceRealComplex))
  (M :
    @Ideal.{0} OAI.SevenEighths.HeckeFamily.O
      (@CommSemiring.toSemiring.{0} OAI.SevenEighths.HeckeFamily.O
        (@CommRing.toCommSemiring.{0} OAI.SevenEighths.HeckeFamily.O
          (@NumberField.instCommRingRingOfIntegers.{0} OAI.SevenEighths.HeckeFamily.K
            (@CyclotomicField.instField.{0} (@OfNat.ofNat.{0} Nat (nat_lit 3) (instOfNatNat (nat_lit 3))) Rat
              Rat.instField)))))
  [inst :
    @NeZero.{0}
      (@Ideal.{0} OAI.SevenEighths.HeckeFamily.O
        (@CommSemiring.toSemiring.{0} OAI.SevenEighths.HeckeFamily.O
          (@CommRing.toCommSemiring.{0} OAI.SevenEighths.HeckeFamily.O
            (@NumberField.instCommRingRingOfIntegers.{0} OAI.SevenEighths.HeckeFamily.K
              (@CyclotomicField.instField.{0} (@OfNat.ofNat.{0} Nat (nat_lit 3) (instOfNatNat (nat_lit 3))) Rat
                Rat.instField)))))
      (@Submodule.pointwiseZero.{0, 0} OAI.SevenEighths.HeckeFamily.O OAI.SevenEighths.HeckeFamily.O
        (@CommSemiring.toSemiring.{0} OAI.SevenEighths.HeckeFamily.O
          (@CommRing.toCommSemiring.{0} OAI.SevenEighths.HeckeFamily.O
            (@NumberField.instCommRingRingOfIntegers.{0} OAI.SevenEighths.HeckeFamily.K
              (@CyclotomicField.instField.{0} (@OfNat.ofNat.{0} Nat (nat_lit 3) (instOfNatNat (nat_lit 3))) Rat
                Rat.instField))))
        (@Semiring.toAddCommMonoid.{0} OAI.SevenEighths.HeckeFamily.O
          (@CommSemiring.toSemiring.{0} OAI.SevenEighths.HeckeFamily.O
            (@CommRing.toCommSemiring.{0} OAI.SevenEighths.HeckeFamily.O
              (@NumberField.instCommRingRingOfIntegers.{0} OAI.SevenEighths.HeckeFamily.K
                (@CyclotomicField.instField.{0} (@OfNat.ofNat.{0} Nat (nat_lit 3) (instOfNatNat (nat_lit 3))) Rat
                  Rat.instField)))))
        (@Semiring.toModule.{0} OAI.SevenEighths.HeckeFamily.O
          (@CommSemiring.toSemiring.{0} OAI.SevenEighths.HeckeFamily.O
            (@CommRing.toCommSemiring.{0} OAI.SevenEighths.HeckeFamily.O
              (@NumberField.instCommRingRingOfIntegers.{0} OAI.SevenEighths.HeckeFamily.K
                (@CyclotomicField.instField.{0} (@OfNat.ofNat.{0} Nat (nat_lit 3) (instOfNatNat (nat_lit 3))) Rat
                  Rat.instField))))))
      M]
  (χ : OAI.SevenEighths.HeckeFamily.Character) (a Y Z ell b : Real)
  (hZ : @LT.lt.{0} Real Real.instLT (@OfNat.ofNat.{0} Real (nat_lit 0) (@Zero.toOfNat0.{0} Real Real.instZero)) Z)
  (H B : Complex → Complex → Complex → Complex) (S : Finset.{u_1} κ) (T : κ → Finset.{u_2} ι) (w Q : κ → ι → Real)
  (A η : κ → ι → Complex)
  (hc :
    @Ne.{1} Complex (@OAI.SevenEighths.PrincipalMellinResidues.sourceResidueConstant W0 W1 M inst)
      (@OfNat.ofNat.{0} Complex (nat_lit 0) (@Zero.toOfNat0.{0} Complex Complex.instZero)))
  (hm :
    ∀ (j : κ),
      @Membership.mem.{u_1, u_1} κ (Finset.{u_1} κ)
          (@SetLike.instMembership.{u_1, u_1} (Finset.{u_1} κ) κ (@Finset.instSetLike.{u_1} κ)) S j →
        @LT.lt.{0} Real Real.instLT (@OfNat.ofNat.{0} Real (nat_lit 0) (@Zero.toOfNat0.{0} Real Real.instZero))
          (@OAI.SevenEighths.PrincipalSignalComparison.slotMass.{u_1, u_2} κ ι T w j))
  (hB :
    ∀ (t : Real),
      @Eq.{1} Complex
        (B
          (@HAdd.hAdd.{0, 0, 0} Complex Complex Complex (@instHAdd.{0} Complex Complex.instAdd) (Complex.ofReal a)
            (@HMul.hMul.{0, 0, 0} Complex Complex Complex (@instHMul.{0} Complex Complex.instMul) (Complex.ofReal t)
              Complex.I))
          (@OfNat.ofNat.{0} Complex (nat_lit 1) (@One.toOfNat1.{0} Complex Complex.instOne))
          (@HDiv.hDiv.{0, 0, 0} Complex Complex Complex
            (@instHDiv.{0} Complex (@DivInvMonoid.toDiv.{0} Complex Complex.instDivInvMonoid))
            (@OfNat.ofNat.{0} Complex (nat_lit 1) (@One.toOfNat1.{0} Complex Complex.instOne))
            (@OfNat.ofNat.{0} Complex (nat_lit 6)
              (@instOfNatAtLeastTwo.{0} Complex (nat_lit 6) Complex.instNatCast
                (@Nat.instAtLeastTwoHAddOfNat (@OfNat.ofNat.{0} Nat (nat_lit 5) (instOfNatNat (nat_lit 5)))
                  (@Nat.instNeZeroSucc (@OfNat.ofNat.{0} Nat (nat_lit 4) (instOfNatNat (nat_lit 4)))))))))
        (@OAI.SevenEighths.PrincipalSignalComparison.slotProduct.{u_1, u_2} κ ι S T w Q A η
          (@HAdd.hAdd.{0, 0, 0} Complex Complex Complex (@instHAdd.{0} Complex Complex.instAdd) (Complex.ofReal a)
            (@HMul.hMul.{0, 0, 0} Complex Complex Complex (@instHMul.{0} Complex Complex.instMul) (Complex.ofReal t)
              Complex.I)))),
  And
    (@Ne.{1} Complex
      (@HMul.hMul.{0, 0, 0} Complex Complex Complex (@instHMul.{0} Complex Complex.instMul)
        (@OAI.SevenEighths.PrincipalMellinResidues.sourceResidueConstant W0 W1 M inst)
        (Complex.ofReal
          (@OAI.SevenEighths.Probe.principalScalar.{u_1} κ S Z ell
            (@OAI.SevenEighths.PrincipalSignalComparison.slotMass.{u_1, u_2} κ ι T w))))
      (@OfNat.ofNat.{0} Complex (nat_lit 0) (@Zero.toOfNat0.{0} Complex Complex.instZero)))
    (@Eq.{1} Complex
      (@HDiv.hDiv.{0, 0, 0} Complex Complex Complex
        (@instHDiv.{0} Complex (@DivInvMonoid.toDiv.{0} Complex Complex.instDivInvMonoid))
        (@OAI.SevenEighths.PrincipalSignalComparison.sourceResidueIntegral W0 W1 M inst χ a
          (@HPow.hPow.{0, 0, 0} Real Real Real (@instHPow.{0, 0} Real Real Real.instPow) Z
            (@HDiv.hDiv.{0, 0, 0} Real Real Real
              (@instHDiv.{0} Real (@DivInvMonoid.toDiv.{0} Real Real.instDivInvMonoid))
              (@HSub.hSub.{0, 0, 0} Real Real Real (@instHSub.{0} Real Real.instSub)
                (@HSub.hSub.{0, 0, 0} Real Real Real (@instHSub.{0} Real Real.instSub)
                  (@OfNat.ofNat.{0} Real (nat_lit 1) (@One.toOfNat1.{0} Real Real.instOne)) ell)
                b)
              (@OfNat.ofNat.{0} Real (nat_lit 2)
                (@instOfNatAtLeastTwo.{0} Real (nat_lit 2) Real.instNatCast
                  (@Nat.instAtLeastTwoHAddOfNat (@OfNat.ofNat.{0} Nat (nat_lit 1) (instOfNatNat (nat_lit 1)))
                    (@Nat.instNeZeroSucc (@OfNat.ofNat.{0} Nat (nat_lit 0) (instOfNatNat (nat_lit 0)))))))))
          Y Z H B)
        (@HMul.hMul.{0, 0, 0} Complex Complex Complex (@instHMul.{0} Complex Complex.instMul)
          (@OAI.SevenEighths.PrincipalMellinResidues.sourceResidueConstant W0 W1 M inst)
          (Complex.ofReal
            (@OAI.SevenEighths.Probe.principalScalar.{u_1} κ S Z ell
              (@OAI.SevenEighths.PrincipalSignalComparison.slotMass.{u_1, u_2} κ ι T w)))))
      (OAI.SevenEighths.ProbePhysical.verticalIntegral a fun (s : Complex) =>
        @HMul.hMul.{0, 0, 0} Complex Complex Complex (@instHMul.{0} Complex Complex.instMul)
          (@HDiv.hDiv.{0, 0, 0} Complex Complex Complex
            (@instHDiv.{0} Complex (@DivInvMonoid.toDiv.{0} Complex Complex.instDivInvMonoid))
            (@HMul.hMul.{0, 0, 0} Complex Complex Complex (@instHMul.{0} Complex Complex.instMul)
              (@HMul.hMul.{0, 0, 0} Complex Complex Complex (@instHMul.{0} Complex Complex.instMul)
                (@HPow.hPow.{0, 0, 0} Complex Complex Complex (@instHPow.{0, 0} Complex Complex Complex.instPow)
                  (Complex.ofReal Z)
                  (@HAdd.hAdd.{0, 0, 0} Complex Complex Complex (@instHAdd.{0} Complex Complex.instAdd) s
                    (Complex.ofReal
                      (@HDiv.hDiv.{0, 0, 0} Real Real Real
                        (@instHDiv.{0} Real (@DivInvMonoid.toDiv.{0} Real Real.instDivInvMonoid))
                        (@Neg.neg.{0} Real Real.instNeg
                          (@HAdd.hAdd.{0, 0, 0} Real Real Real (@instHAdd.{0} Real Real.instAdd)
                            (@OfNat.ofNat.{0} Real (nat_lit 4)
                              (@instOfNatAtLeastTwo.{0} Real (nat_lit 4) Real.instNatCast
                                (@Nat.instAtLeastTwoHAddOfNat
                                  (@OfNat.ofNat.{0} Nat (nat_lit 3) (instOfNatNat (nat_lit 3)))
                                  (@Nat.instNeZeroSucc (@OfNat.ofNat.{0} Nat (nat_lit 2) (instOfNatNat (nat_lit 2)))))))
                            b))
                        (@OfNat.ofNat.{0} Real (nat_lit 6)
                          (@instOfNatAtLeastTwo.{0} Real (nat_lit 6) Real.instNatCast
                            (@Nat.instAtLeastTwoHAddOfNat (@OfNat.ofNat.{0} Nat (nat_lit 5) (instOfNatNat (nat_lit 5)))
                              (@Nat.instNeZeroSucc (@OfNat.ofNat.{0} Nat (nat_lit 4) (instOfNatNat (nat_lit 4)))))))))))
                (Complex.exp
                  (@HPow.hPow.{0, 0, 0} Complex Nat Complex
                    (@instHPow.{0, 0} Complex Nat
                      (@NPow.toPow.{0} Complex
                        (@Monoid.toNPow.{0} Complex (@Semiring.toMonoid.{0} Complex Complex.instSemiring))))
                    (@HSub.hSub.{0, 0, 0} Complex Complex Complex (@instHSub.{0} Complex Complex.instSub) s
                      (@HDiv.hDiv.{0, 0, 0} Complex Complex Complex
                        (@instHDiv.{0} Complex (@DivInvMonoid.toDiv.{0} Complex Complex.instDivInvMonoid))
                        (@OfNat.ofNat.{0} Complex (nat_lit 5)
                          (@instOfNatAtLeastTwo.{0} Complex (nat_lit 5) Complex.instNatCast
                            (@Nat.instAtLeastTwoHAddOfNat (@OfNat.ofNat.{0} Nat (nat_lit 4) (instOfNatNat (nat_lit 4)))
                              (@Nat.instNeZeroSucc (@OfNat.ofNat.{0} Nat (nat_lit 3) (instOfNatNat (nat_lit 3)))))))
                        (@OfNat.ofNat.{0} Complex (nat_lit 6)
                          (@instOfNatAtLeastTwo.{0} Complex (nat_lit 6) Complex.instNatCast
                            (@Nat.instAtLeastTwoHAddOfNat (@OfNat.ofNat.{0} Nat (nat_lit 5) (instOfNatNat (nat_lit 5)))
                              (@Nat.instNeZeroSucc (@OfNat.ofNat.{0} Nat (nat_lit 4) (instOfNatNat (nat_lit 4)))))))))
                    (@OfNat.ofNat.{0} Nat (nat_lit 2) (instOfNatNat (nat_lit 2))))))
              (H s (@OfNat.ofNat.{0} Complex (nat_lit 1) (@One.toOfNat1.{0} Complex Complex.instOne))
                (@HDiv.hDiv.{0, 0, 0} Complex Complex Complex
                  (@instHDiv.{0} Complex (@DivInvMonoid.toDiv.{0} Complex Complex.instDivInvMonoid))
                  (@OfNat.ofNat.{0} Complex (nat_lit 1) (@One.toOfNat1.{0} Complex Complex.instOne))
                  (@OfNat.ofNat.{0} Complex (nat_lit 6)
                    (@instOfNatAtLeastTwo.{0} Complex (nat_lit 6) Complex.instNatCast
                      (@Nat.instAtLeastTwoHAddOfNat (@OfNat.ofNat.{0} Nat (nat_lit 5) (instOfNatNat (nat_lit 5)))
                        (@Nat.instNeZeroSucc (@OfNat.ofNat.{0} Nat (nat_lit 4) (instOfNatNat (nat_lit 4))))))))))
            (OAI.SevenEighths.HeckeFamily.LFunction χ s))
          (@OAI.SevenEighths.PrincipalSignalComparison.slotRatio.{u_1, u_2} κ ι S T w Q A η s)))
'OAI.SevenEighths.PrincipalSignalComparison.sourceResidueIntegral_normalized_total' depends on axioms: [propext,
 Classical.choice,
 Quot.sound]
@OAI.SevenEighths.PrincipalSignalComparison.source_double_residue_integrable_total.{u_1,
    u_2} : ∀ {κ : Type u_1} {ι : Type u_2}
  (W0 W1 :
    @SchwartzMap.{0, 0} Real Complex Real.normedAddCommGroup
      (@InnerProductSpace.toNormedSpace.{0, 0} Real Real Real.instRCLike
        (@NormedAddCommGroup.toSeminormedAddCommGroup.{0} Real Real.normedAddCommGroup)
        (@RCLike.toInnerProductSpaceReal.{0} Real Real.instRCLike))
      Complex.instNormedAddCommGroup
      (@InnerProductSpace.toNormedSpace.{0, 0} Real Complex Real.instRCLike
        (@NormedAddCommGroup.toSeminormedAddCommGroup.{0} Complex Complex.instNormedAddCommGroup)
        instInnerProductSpaceRealComplex))
  (M :
    @Ideal.{0} OAI.SevenEighths.HeckeFamily.O
      (@CommSemiring.toSemiring.{0} OAI.SevenEighths.HeckeFamily.O
        (@CommRing.toCommSemiring.{0} OAI.SevenEighths.HeckeFamily.O
          (@NumberField.instCommRingRingOfIntegers.{0} OAI.SevenEighths.HeckeFamily.K
            (@CyclotomicField.instField.{0} (@OfNat.ofNat.{0} Nat (nat_lit 3) (instOfNatNat (nat_lit 3))) Rat
              Rat.instField)))))
  [inst :
    @NeZero.{0}
      (@Ideal.{0} OAI.SevenEighths.HeckeFamily.O
        (@CommSemiring.toSemiring.{0} OAI.SevenEighths.HeckeFamily.O
          (@CommRing.toCommSemiring.{0} OAI.SevenEighths.HeckeFamily.O
            (@NumberField.instCommRingRingOfIntegers.{0} OAI.SevenEighths.HeckeFamily.K
              (@CyclotomicField.instField.{0} (@OfNat.ofNat.{0} Nat (nat_lit 3) (instOfNatNat (nat_lit 3))) Rat
                Rat.instField)))))
      (@Submodule.pointwiseZero.{0, 0} OAI.SevenEighths.HeckeFamily.O OAI.SevenEighths.HeckeFamily.O
        (@CommSemiring.toSemiring.{0} OAI.SevenEighths.HeckeFamily.O
          (@CommRing.toCommSemiring.{0} OAI.SevenEighths.HeckeFamily.O
            (@NumberField.instCommRingRingOfIntegers.{0} OAI.SevenEighths.HeckeFamily.K
              (@CyclotomicField.instField.{0} (@OfNat.ofNat.{0} Nat (nat_lit 3) (instOfNatNat (nat_lit 3))) Rat
                Rat.instField))))
        (@Semiring.toAddCommMonoid.{0} OAI.SevenEighths.HeckeFamily.O
          (@CommSemiring.toSemiring.{0} OAI.SevenEighths.HeckeFamily.O
            (@CommRing.toCommSemiring.{0} OAI.SevenEighths.HeckeFamily.O
              (@NumberField.instCommRingRingOfIntegers.{0} OAI.SevenEighths.HeckeFamily.K
                (@CyclotomicField.instField.{0} (@OfNat.ofNat.{0} Nat (nat_lit 3) (instOfNatNat (nat_lit 3))) Rat
                  Rat.instField)))))
        (@Semiring.toModule.{0} OAI.SevenEighths.HeckeFamily.O
          (@CommSemiring.toSemiring.{0} OAI.SevenEighths.HeckeFamily.O
            (@CommRing.toCommSemiring.{0} OAI.SevenEighths.HeckeFamily.O
              (@NumberField.instCommRingRingOfIntegers.{0} OAI.SevenEighths.HeckeFamily.K
                (@CyclotomicField.instField.{0} (@OfNat.ofNat.{0} Nat (nat_lit 3) (instOfNatNat (nat_lit 3))) Rat
                  Rat.instField))))))
      M]
  (χ : OAI.SevenEighths.HeckeFamily.Character) (a Y Z ell b : Real)
  (hZ : @LT.lt.{0} Real Real.instLT (@OfNat.ofNat.{0} Real (nat_lit 0) (@Zero.toOfNat0.{0} Real Real.instZero)) Z)
  (H B : Complex → Complex → Complex → Complex) (S : Finset.{u_1} κ) (T : κ → Finset.{u_2} ι) (w Q : κ → ι → Real)
  (A η : κ → ι → Complex)
  (hc :
    @Ne.{1} Complex (@OAI.SevenEighths.PrincipalMellinResidues.sourceResidueConstant W0 W1 M inst)
      (@OfNat.ofNat.{0} Complex (nat_lit 0) (@Zero.toOfNat0.{0} Complex Complex.instZero)))
  (hm :
    ∀ (j : κ),
      @Membership.mem.{u_1, u_1} κ (Finset.{u_1} κ)
          (@SetLike.instMembership.{u_1, u_1} (Finset.{u_1} κ) κ (@Finset.instSetLike.{u_1} κ)) S j →
        @LT.lt.{0} Real Real.instLT (@OfNat.ofNat.{0} Real (nat_lit 0) (@Zero.toOfNat0.{0} Real Real.instZero))
          (@OAI.SevenEighths.PrincipalSignalComparison.slotMass.{u_1, u_2} κ ι T w j))
  (hB :
    ∀ (t : Real),
      @Eq.{1} Complex
        (B
          (@HAdd.hAdd.{0, 0, 0} Complex Complex Complex (@instHAdd.{0} Complex Complex.instAdd) (Complex.ofReal a)
            (@HMul.hMul.{0, 0, 0} Complex Complex Complex (@instHMul.{0} Complex Complex.instMul) (Complex.ofReal t)
              Complex.I))
          (@OfNat.ofNat.{0} Complex (nat_lit 1) (@One.toOfNat1.{0} Complex Complex.instOne))
          (@HDiv.hDiv.{0, 0, 0} Complex Complex Complex
            (@instHDiv.{0} Complex (@DivInvMonoid.toDiv.{0} Complex Complex.instDivInvMonoid))
            (@OfNat.ofNat.{0} Complex (nat_lit 1) (@One.toOfNat1.{0} Complex Complex.instOne))
            (@OfNat.ofNat.{0} Complex (nat_lit 6)
              (@instOfNatAtLeastTwo.{0} Complex (nat_lit 6) Complex.instNatCast
                (@Nat.instAtLeastTwoHAddOfNat (@OfNat.ofNat.{0} Nat (nat_lit 5) (instOfNatNat (nat_lit 5)))
                  (@Nat.instNeZeroSucc (@OfNat.ofNat.{0} Nat (nat_lit 4) (instOfNatNat (nat_lit 4)))))))))
        (@OAI.SevenEighths.PrincipalSignalComparison.slotProduct.{u_1, u_2} κ ι S T w Q A η
          (@HAdd.hAdd.{0, 0, 0} Complex Complex Complex (@instHAdd.{0} Complex Complex.instAdd) (Complex.ofReal a)
            (@HMul.hMul.{0, 0, 0} Complex Complex Complex (@instHMul.{0} Complex Complex.instMul) (Complex.ofReal t)
              Complex.I))))
  (hi :
    @MeasureTheory.Integrable.{0, 0} Complex
      (@UniformSpace.toTopologicalSpace.{0} Complex
        (@PseudoMetricSpace.toUniformSpace.{0} Complex
          (@SeminormedRing.toPseudoMetricSpace.{0} Complex
            (@SeminormedCommRing.toSeminormedRing.{0} Complex
              (@NormedCommRing.toSeminormedCommRing.{0} Complex
                (@CommCStarAlgebra.toNormedCommRing.{0} Complex instCommCStarAlgebraComplex))))))
      (@SeminormedAddGroup.toContinuousENorm.{0} Complex
        (@SeminormedAddCommGroup.toSeminormedAddGroup.{0} Complex
          (@NonUnitalSeminormedRing.toSeminormedAddCommGroup.{0} Complex
            (@NonUnitalSeminormedCommRing.toNonUnitalSeminormedRing.{0} Complex
              (@SeminormedCommRing.toNonUnitalSeminormedCommRing.{0} Complex
                (@NormedCommRing.toSeminormedCommRing.{0} Complex
                  (@CommCStarAlgebra.toNormedCommRing.{0} Complex instCommCStarAlgebraComplex)))))))
      Real (@MeasureTheory.MeasureSpace.toMeasurableSpace.{0} Real Real.measureSpace)
      (fun (t : Real) =>
        @HMul.hMul.{0, 0, 0} Complex Complex Complex (@instHMul.{0} Complex Complex.instMul)
          (@HDiv.hDiv.{0, 0, 0} Complex Complex Complex
            (@instHDiv.{0} Complex (@DivInvMonoid.toDiv.{0} Complex Complex.instDivInvMonoid))
            (@HMul.hMul.{0, 0, 0} Complex Complex Complex (@instHMul.{0} Complex Complex.instMul)
              (@HMul.hMul.{0, 0, 0} Complex Complex Complex (@instHMul.{0} Complex Complex.instMul)
                (@HPow.hPow.{0, 0, 0} Complex Complex Complex (@instHPow.{0, 0} Complex Complex Complex.instPow)
                  (Complex.ofReal Z)
                  (@HAdd.hAdd.{0, 0, 0} Complex Complex Complex (@instHAdd.{0} Complex Complex.instAdd)
                    (@HAdd.hAdd.{0, 0, 0} Complex Complex Complex (@instHAdd.{0} Complex Complex.instAdd)
                      (Complex.ofReal a)
                      (@HMul.hMul.{0, 0, 0} Complex Complex Complex (@instHMul.{0} Complex Complex.instMul)
                        (Complex.ofReal t) Complex.I))
                    (Complex.ofReal
                      (@HDiv.hDiv.{0, 0, 0} Real Real Real
                        (@instHDiv.{0} Real (@DivInvMonoid.toDiv.{0} Real Real.instDivInvMonoid))
                        (@Neg.neg.{0} Real Real.instNeg
                          (@HAdd.hAdd.{0, 0, 0} Real Real Real (@instHAdd.{0} Real Real.instAdd)
                            (@OfNat.ofNat.{0} Real (nat_lit 4)
                              (@instOfNatAtLeastTwo.{0} Real (nat_lit 4) Real.instNatCast
                                (@Nat.instAtLeastTwoHAddOfNat
                                  (@OfNat.ofNat.{0} Nat (nat_lit 3) (instOfNatNat (nat_lit 3)))
                                  (@Nat.instNeZeroSucc (@OfNat.ofNat.{0} Nat (nat_lit 2) (instOfNatNat (nat_lit 2)))))))
                            b))
                        (@OfNat.ofNat.{0} Real (nat_lit 6)
                          (@instOfNatAtLeastTwo.{0} Real (nat_lit 6) Real.instNatCast
                            (@Nat.instAtLeastTwoHAddOfNat (@OfNat.ofNat.{0} Nat (nat_lit 5) (instOfNatNat (nat_lit 5)))
                              (@Nat.instNeZeroSucc (@OfNat.ofNat.{0} Nat (nat_lit 4) (instOfNatNat (nat_lit 4)))))))))))
                (Complex.exp
                  (@HPow.hPow.{0, 0, 0} Complex Nat Complex
                    (@instHPow.{0, 0} Complex Nat
                      (@NPow.toPow.{0} Complex
                        (@Monoid.toNPow.{0} Complex (@Semiring.toMonoid.{0} Complex Complex.instSemiring))))
                    (@HSub.hSub.{0, 0, 0} Complex Complex Complex (@instHSub.{0} Complex Complex.instSub)
                      (@HAdd.hAdd.{0, 0, 0} Complex Complex Complex (@instHAdd.{0} Complex Complex.instAdd)
                        (Complex.ofReal a)
                        (@HMul.hMul.{0, 0, 0} Complex Complex Complex (@instHMul.{0} Complex Complex.instMul)
                          (Complex.ofReal t) Complex.I))
                      (@HDiv.hDiv.{0, 0, 0} Complex Complex Complex
                        (@instHDiv.{0} Complex (@DivInvMonoid.toDiv.{0} Complex Complex.instDivInvMonoid))
                        (@OfNat.ofNat.{0} Complex (nat_lit 5)
                          (@instOfNatAtLeastTwo.{0} Complex (nat_lit 5) Complex.instNatCast
                            (@Nat.instAtLeastTwoHAddOfNat (@OfNat.ofNat.{0} Nat (nat_lit 4) (instOfNatNat (nat_lit 4)))
                              (@Nat.instNeZeroSucc (@OfNat.ofNat.{0} Nat (nat_lit 3) (instOfNatNat (nat_lit 3)))))))
                        (@OfNat.ofNat.{0} Complex (nat_lit 6)
                          (@instOfNatAtLeastTwo.{0} Complex (nat_lit 6) Complex.instNatCast
                            (@Nat.instAtLeastTwoHAddOfNat (@OfNat.ofNat.{0} Nat (nat_lit 5) (instOfNatNat (nat_lit 5)))
                              (@Nat.instNeZeroSucc (@OfNat.ofNat.{0} Nat (nat_lit 4) (instOfNatNat (nat_lit 4)))))))))
                    (@OfNat.ofNat.{0} Nat (nat_lit 2) (instOfNatNat (nat_lit 2))))))
              (H
                (@HAdd.hAdd.{0, 0, 0} Complex Complex Complex (@instHAdd.{0} Complex Complex.instAdd) (Complex.ofReal a)
                  (@HMul.hMul.{0, 0, 0} Complex Complex Complex (@instHMul.{0} Complex Complex.instMul)
                    (Complex.ofReal t) Complex.I))
                (@OfNat.ofNat.{0} Complex (nat_lit 1) (@One.toOfNat1.{0} Complex Complex.instOne))
                (@HDiv.hDiv.{0, 0, 0} Complex Complex Complex
                  (@instHDiv.{0} Complex (@DivInvMonoid.toDiv.{0} Complex Complex.instDivInvMonoid))
                  (@OfNat.ofNat.{0} Complex (nat_lit 1) (@One.toOfNat1.{0} Complex Complex.instOne))
                  (@OfNat.ofNat.{0} Complex (nat_lit 6)
                    (@instOfNatAtLeastTwo.{0} Complex (nat_lit 6) Complex.instNatCast
                      (@Nat.instAtLeastTwoHAddOfNat (@OfNat.ofNat.{0} Nat (nat_lit 5) (instOfNatNat (nat_lit 5)))
                        (@Nat.instNeZeroSucc (@OfNat.ofNat.{0} Nat (nat_lit 4) (instOfNatNat (nat_lit 4))))))))))
            (OAI.SevenEighths.HeckeFamily.LFunction χ
              (@HAdd.hAdd.{0, 0, 0} Complex Complex Complex (@instHAdd.{0} Complex Complex.instAdd) (Complex.ofReal a)
                (@HMul.hMul.{0, 0, 0} Complex Complex Complex (@instHMul.{0} Complex Complex.instMul) (Complex.ofReal t)
                  Complex.I))))
          (@OAI.SevenEighths.PrincipalSignalComparison.slotRatio.{u_1, u_2} κ ι S T w Q A η
            (@HAdd.hAdd.{0, 0, 0} Complex Complex Complex (@instHAdd.{0} Complex Complex.instAdd) (Complex.ofReal a)
              (@HMul.hMul.{0, 0, 0} Complex Complex Complex (@instHMul.{0} Complex Complex.instMul) (Complex.ofReal t)
                Complex.I))))
      (@MeasureTheory.MeasureSpace.volume.{0} Real Real.measureSpace)),
  @MeasureTheory.Integrable.{0, 0} Complex
    (@UniformSpace.toTopologicalSpace.{0} Complex
      (@PseudoMetricSpace.toUniformSpace.{0} Complex
        (@SeminormedRing.toPseudoMetricSpace.{0} Complex
          (@SeminormedCommRing.toSeminormedRing.{0} Complex
            (@NormedCommRing.toSeminormedCommRing.{0} Complex
              (@CommCStarAlgebra.toNormedCommRing.{0} Complex instCommCStarAlgebraComplex))))))
    (@SeminormedAddGroup.toContinuousENorm.{0} Complex
      (@SeminormedAddCommGroup.toSeminormedAddGroup.{0} Complex
        (@NonUnitalSeminormedRing.toSeminormedAddCommGroup.{0} Complex
          (@NonUnitalSeminormedCommRing.toNonUnitalSeminormedRing.{0} Complex
            (@SeminormedCommRing.toNonUnitalSeminormedCommRing.{0} Complex
              (@NormedCommRing.toSeminormedCommRing.{0} Complex
                (@CommCStarAlgebra.toNormedCommRing.{0} Complex instCommCStarAlgebraComplex)))))))
    Real (@MeasureTheory.MeasureSpace.toMeasurableSpace.{0} Real Real.measureSpace)
    (fun (t : Real) =>
      @HMul.hMul.{0, 0, 0} Complex Complex Complex (@instHMul.{0} Complex Complex.instMul)
        (@HDiv.hDiv.{0, 0, 0} Complex Complex Complex
          (@instHDiv.{0} Complex (@DivInvMonoid.toDiv.{0} Complex Complex.instDivInvMonoid))
          (@HPow.hPow.{0, 0, 0} Complex Nat Complex
            (@instHPow.{0, 0} Complex Nat
              (@NPow.toPow.{0} Complex
                (@Monoid.toNPow.{0} Complex (@Semiring.toMonoid.{0} Complex Complex.instSemiring))))
            (@OAI.SevenEighths.PrincipalMellinResidues.fixedPrincipalResidue M inst)
            (@OfNat.ofNat.{0} Nat (nat_lit 2) (instOfNatNat (nat_lit 2))))
          (@OfNat.ofNat.{0} Complex (nat_lit 6)
            (@instOfNatAtLeastTwo.{0} Complex (nat_lit 6) Complex.instNatCast
              (@Nat.instAtLeastTwoHAddOfNat (@OfNat.ofNat.{0} Nat (nat_lit 5) (instOfNatNat (nat_lit 5)))
                (@Nat.instNeZeroSucc (@OfNat.ofNat.{0} Nat (nat_lit 4) (instOfNatNat (nat_lit 4))))))))
        (OAI.SevenEighths.PrincipalMellinResidues.sourceMultiplier W0 W1
          (@HPow.hPow.{0, 0, 0} Real Real Real (@instHPow.{0, 0} Real Real Real.instPow) Z
            (@HDiv.hDiv.{0, 0, 0} Real Real Real
              (@instHDiv.{0} Real (@DivInvMonoid.toDiv.{0} Real Real.instDivInvMonoid))
              (@HSub.hSub.{0, 0, 0} Real Real Real (@instHSub.{0} Real Real.instSub)
                (@HSub.hSub.{0, 0, 0} Real Real Real (@instHSub.{0} Real Real.instSub)
                  (@OfNat.ofNat.{0} Real (nat_lit 1) (@One.toOfNat1.{0} Real Real.instOne)) ell)
                b)
              (@OfNat.ofNat.{0} Real (nat_lit 2)
                (@instOfNatAtLeastTwo.{0} Real (nat_lit 2) Real.instNatCast
                  (@Nat.instAtLeastTwoHAddOfNat (@OfNat.ofNat.{0} Nat (nat_lit 1) (instOfNatNat (nat_lit 1)))
                    (@Nat.instNeZeroSucc (@OfNat.ofNat.{0} Nat (nat_lit 0) (instOfNatNat (nat_lit 0)))))))))
          Y Z χ
          (@HAdd.hAdd.{0, 0, 0} Complex Complex Complex (@instHAdd.{0} Complex Complex.instAdd) (Complex.ofReal a)
            (@HMul.hMul.{0, 0, 0} Complex Complex Complex (@instHMul.{0} Complex Complex.instMul) (Complex.ofReal t)
              Complex.I))
          (H
            (@HAdd.hAdd.{0, 0, 0} Complex Complex Complex (@instHAdd.{0} Complex Complex.instAdd) (Complex.ofReal a)
              (@HMul.hMul.{0, 0, 0} Complex Complex Complex (@instHMul.{0} Complex Complex.instMul) (Complex.ofReal t)
                Complex.I)))
          (B
            (@HAdd.hAdd.{0, 0, 0} Complex Complex Complex (@instHAdd.{0} Complex Complex.instAdd) (Complex.ofReal a)
              (@HMul.hMul.{0, 0, 0} Complex Complex Complex (@instHMul.{0} Complex Complex.instMul) (Complex.ofReal t)
                Complex.I)))
          (@OfNat.ofNat.{0} Complex (nat_lit 1) (@One.toOfNat1.{0} Complex Complex.instOne))
          (@HDiv.hDiv.{0, 0, 0} Complex Complex Complex
            (@instHDiv.{0} Complex (@DivInvMonoid.toDiv.{0} Complex Complex.instDivInvMonoid))
            (@OfNat.ofNat.{0} Complex (nat_lit 1) (@One.toOfNat1.{0} Complex Complex.instOne))
            (@OfNat.ofNat.{0} Complex (nat_lit 6)
              (@instOfNatAtLeastTwo.{0} Complex (nat_lit 6) Complex.instNatCast
                (@Nat.instAtLeastTwoHAddOfNat (@OfNat.ofNat.{0} Nat (nat_lit 5) (instOfNatNat (nat_lit 5)))
                  (@Nat.instNeZeroSucc (@OfNat.ofNat.{0} Nat (nat_lit 4) (instOfNatNat (nat_lit 4))))))))))
    (@MeasureTheory.MeasureSpace.volume.{0} Real Real.measureSpace)
'OAI.SevenEighths.PrincipalSignalComparison.source_double_residue_integrable_total' depends on axioms: [propext,
 Classical.choice,
 Quot.sound]
@OAI.SevenEighths.PrincipalSignalComparison.sourceResidueIntegral_normalized_total_of_positive_windows.{u_1,
    u_2} : ∀ {κ : Type u_1} {ι : Type u_2}
  (M :
    @Ideal.{0} OAI.SevenEighths.HeckeFamily.O
      (@CommSemiring.toSemiring.{0} OAI.SevenEighths.HeckeFamily.O
        (@CommRing.toCommSemiring.{0} OAI.SevenEighths.HeckeFamily.O
          (@NumberField.instCommRingRingOfIntegers.{0} OAI.SevenEighths.HeckeFamily.K
            (@CyclotomicField.instField.{0} (@OfNat.ofNat.{0} Nat (nat_lit 3) (instOfNatNat (nat_lit 3))) Rat
              Rat.instField)))))
  [inst :
    @NeZero.{0}
      (@Ideal.{0} OAI.SevenEighths.HeckeFamily.O
        (@CommSemiring.toSemiring.{0} OAI.SevenEighths.HeckeFamily.O
          (@CommRing.toCommSemiring.{0} OAI.SevenEighths.HeckeFamily.O
            (@NumberField.instCommRingRingOfIntegers.{0} OAI.SevenEighths.HeckeFamily.K
              (@CyclotomicField.instField.{0} (@OfNat.ofNat.{0} Nat (nat_lit 3) (instOfNatNat (nat_lit 3))) Rat
                Rat.instField)))))
      (@Submodule.pointwiseZero.{0, 0} OAI.SevenEighths.HeckeFamily.O OAI.SevenEighths.HeckeFamily.O
        (@CommSemiring.toSemiring.{0} OAI.SevenEighths.HeckeFamily.O
          (@CommRing.toCommSemiring.{0} OAI.SevenEighths.HeckeFamily.O
            (@NumberField.instCommRingRingOfIntegers.{0} OAI.SevenEighths.HeckeFamily.K
              (@CyclotomicField.instField.{0} (@OfNat.ofNat.{0} Nat (nat_lit 3) (instOfNatNat (nat_lit 3))) Rat
                Rat.instField))))
        (@Semiring.toAddCommMonoid.{0} OAI.SevenEighths.HeckeFamily.O
          (@CommSemiring.toSemiring.{0} OAI.SevenEighths.HeckeFamily.O
            (@CommRing.toCommSemiring.{0} OAI.SevenEighths.HeckeFamily.O
              (@NumberField.instCommRingRingOfIntegers.{0} OAI.SevenEighths.HeckeFamily.K
                (@CyclotomicField.instField.{0} (@OfNat.ofNat.{0} Nat (nat_lit 3) (instOfNatNat (nat_lit 3))) Rat
                  Rat.instField)))))
        (@Semiring.toModule.{0} OAI.SevenEighths.HeckeFamily.O
          (@CommSemiring.toSemiring.{0} OAI.SevenEighths.HeckeFamily.O
            (@CommRing.toCommSemiring.{0} OAI.SevenEighths.HeckeFamily.O
              (@NumberField.instCommRingRingOfIntegers.{0} OAI.SevenEighths.HeckeFamily.K
                (@CyclotomicField.instField.{0} (@OfNat.ofNat.{0} Nat (nat_lit 3) (instOfNatNat (nat_lit 3))) Rat
                  Rat.instField))))))
      M]
  (W0 W1 :
    @SchwartzMap.{0, 0} Real Complex Real.normedAddCommGroup
      (@InnerProductSpace.toNormedSpace.{0, 0} Real Real Real.instRCLike
        (@NormedAddCommGroup.toSeminormedAddCommGroup.{0} Real Real.normedAddCommGroup)
        (@RCLike.toInnerProductSpaceReal.{0} Real Real.instRCLike))
      Complex.instNormedAddCommGroup
      (@InnerProductSpace.toNormedSpace.{0, 0} Real Complex Real.instRCLike
        (@NormedAddCommGroup.toSeminormedAddCommGroup.{0} Complex Complex.instNormedAddCommGroup)
        instInnerProductSpaceRealComplex))
  (a0 b0 a1 b1 : Real)
  (ha0 : @LT.lt.{0} Real Real.instLT (@OfNat.ofNat.{0} Real (nat_lit 0) (@Zero.toOfNat0.{0} Real Real.instZero)) a0)
  (ha1 : @LT.lt.{0} Real Real.instLT (@OfNat.ofNat.{0} Real (nat_lit 0) (@Zero.toOfNat0.{0} Real Real.instZero)) a1)
  (hW0 :
    @LE.le.{0} (Set.{0} Real) (@Set.instLE.{0} Real)
      (@Function.support.{0, 0} Real Complex Complex.instZero
        (@DFunLike.coe.{1, 1, 1}
          (@SchwartzMap.{0, 0} Real Complex Real.normedAddCommGroup
            (@InnerProductSpace.toNormedSpace.{0, 0} Real Real Real.instRCLike
              (@NormedAddCommGroup.toSeminormedAddCommGroup.{0} Real Real.normedAddCommGroup)
              (@RCLike.toInnerProductSpaceReal.{0} Real Real.instRCLike))
            Complex.instNormedAddCommGroup
            (@InnerProductSpace.toNormedSpace.{0, 0} Real Complex Real.instRCLike
              (@NormedAddCommGroup.toSeminormedAddCommGroup.{0} Complex Complex.instNormedAddCommGroup)
              instInnerProductSpaceRealComplex))
          Real (fun (x : Real) => Complex)
          (@SchwartzMap.instFunLike.{0, 0} Real Complex Real.normedAddCommGroup
            (@InnerProductSpace.toNormedSpace.{0, 0} Real Real Real.instRCLike
              (@NormedAddCommGroup.toSeminormedAddCommGroup.{0} Real Real.normedAddCommGroup)
              (@RCLike.toInnerProductSpaceReal.{0} Real Real.instRCLike))
            Complex.instNormedAddCommGroup
            (@InnerProductSpace.toNormedSpace.{0, 0} Real Complex Real.instRCLike
              (@NormedAddCommGroup.toSeminormedAddCommGroup.{0} Complex Complex.instNormedAddCommGroup)
              instInnerProductSpaceRealComplex))
          W0))
      (@Set.Icc.{0} Real Real.instPreorder a0 b0))
  (hW1 :
    @LE.le.{0} (Set.{0} Real) (@Set.instLE.{0} Real)
      (@Function.support.{0, 0} Real Complex Complex.instZero
        (@DFunLike.coe.{1, 1, 1}
          (@SchwartzMap.{0, 0} Real Complex Real.normedAddCommGroup
            (@InnerProductSpace.toNormedSpace.{0, 0} Real Real Real.instRCLike
              (@NormedAddCommGroup.toSeminormedAddCommGroup.{0} Real Real.normedAddCommGroup)
              (@RCLike.toInnerProductSpaceReal.{0} Real Real.instRCLike))
            Complex.instNormedAddCommGroup
            (@InnerProductSpace.toNormedSpace.{0, 0} Real Complex Real.instRCLike
              (@NormedAddCommGroup.toSeminormedAddCommGroup.{0} Complex Complex.instNormedAddCommGroup)
              instInnerProductSpaceRealComplex))
          Real (fun (x : Real) => Complex)
          (@SchwartzMap.instFunLike.{0, 0} Real Complex Real.normedAddCommGroup
            (@InnerProductSpace.toNormedSpace.{0, 0} Real Real Real.instRCLike
              (@NormedAddCommGroup.toSeminormedAddCommGroup.{0} Real Real.normedAddCommGroup)
              (@RCLike.toInnerProductSpaceReal.{0} Real Real.instRCLike))
            Complex.instNormedAddCommGroup
            (@InnerProductSpace.toNormedSpace.{0, 0} Real Complex Real.instRCLike
              (@NormedAddCommGroup.toSeminormedAddCommGroup.{0} Complex Complex.instNormedAddCommGroup)
              instInnerProductSpaceRealComplex))
          W1))
      (@Set.Icc.{0} Real Real.instPreorder a1 b1))
  (hreal0 :
    ∀ (y : Real),
      @Eq.{1} Real
        (Complex.im
          (@DFunLike.coe.{1, 1, 1}
            (@SchwartzMap.{0, 0} Real Complex Real.normedAddCommGroup
              (@InnerProductSpace.toNormedSpace.{0, 0} Real Real Real.instRCLike
                (@NormedAddCommGroup.toSeminormedAddCommGroup.{0} Real Real.normedAddCommGroup)
                (@RCLike.toInnerProductSpaceReal.{0} Real Real.instRCLike))
              Complex.instNormedAddCommGroup
              (@InnerProductSpace.toNormedSpace.{0, 0} Real Complex Real.instRCLike
                (@NormedAddCommGroup.toSeminormedAddCommGroup.{0} Complex Complex.instNormedAddCommGroup)
                instInnerProductSpaceRealComplex))
            Real (fun (x : Real) => Complex)
            (@SchwartzMap.instFunLike.{0, 0} Real Complex Real.normedAddCommGroup
              (@InnerProductSpace.toNormedSpace.{0, 0} Real Real Real.instRCLike
                (@NormedAddCommGroup.toSeminormedAddCommGroup.{0} Real Real.normedAddCommGroup)
                (@RCLike.toInnerProductSpaceReal.{0} Real Real.instRCLike))
              Complex.instNormedAddCommGroup
              (@InnerProductSpace.toNormedSpace.{0, 0} Real Complex Real.instRCLike
                (@NormedAddCommGroup.toSeminormedAddCommGroup.{0} Complex Complex.instNormedAddCommGroup)
                instInnerProductSpaceRealComplex))
            W0 y))
        (@OfNat.ofNat.{0} Real (nat_lit 0) (@Zero.toOfNat0.{0} Real Real.instZero)))
  (hreal1 :
    ∀ (y : Real),
      @Eq.{1} Real
        (Complex.im
          (@DFunLike.coe.{1, 1, 1}
            (@SchwartzMap.{0, 0} Real Complex Real.normedAddCommGroup
              (@InnerProductSpace.toNormedSpace.{0, 0} Real Real Real.instRCLike
                (@NormedAddCommGroup.toSeminormedAddCommGroup.{0} Real Real.normedAddCommGroup)
                (@RCLike.toInnerProductSpaceReal.{0} Real Real.instRCLike))
              Complex.instNormedAddCommGroup
              (@InnerProductSpace.toNormedSpace.{0, 0} Real Complex Real.instRCLike
                (@NormedAddCommGroup.toSeminormedAddCommGroup.{0} Complex Complex.instNormedAddCommGroup)
                instInnerProductSpaceRealComplex))
            Real (fun (x : Real) => Complex)
            (@SchwartzMap.instFunLike.{0, 0} Real Complex Real.normedAddCommGroup
              (@InnerProductSpace.toNormedSpace.{0, 0} Real Real Real.instRCLike
                (@NormedAddCommGroup.toSeminormedAddCommGroup.{0} Real Real.normedAddCommGroup)
                (@RCLike.toInnerProductSpaceReal.{0} Real Real.instRCLike))
              Complex.instNormedAddCommGroup
              (@InnerProductSpace.toNormedSpace.{0, 0} Real Complex Real.instRCLike
                (@NormedAddCommGroup.toSeminormedAddCommGroup.{0} Complex Complex.instNormedAddCommGroup)
                instInnerProductSpaceRealComplex))
            W1 y))
        (@OfNat.ofNat.{0} Real (nat_lit 0) (@Zero.toOfNat0.{0} Real Real.instZero)))
  (hpos0 :
    ∀ (y : Real),
      @LE.le.{0} Real Real.instLE (@OfNat.ofNat.{0} Real (nat_lit 0) (@Zero.toOfNat0.{0} Real Real.instZero))
        (Complex.re
          (@DFunLike.coe.{1, 1, 1}
            (@SchwartzMap.{0, 0} Real Complex Real.normedAddCommGroup
              (@InnerProductSpace.toNormedSpace.{0, 0} Real Real Real.instRCLike
                (@NormedAddCommGroup.toSeminormedAddCommGroup.{0} Real Real.normedAddCommGroup)
                (@RCLike.toInnerProductSpaceReal.{0} Real Real.instRCLike))
              Complex.instNormedAddCommGroup
              (@InnerProductSpace.toNormedSpace.{0, 0} Real Complex Real.instRCLike
                (@NormedAddCommGroup.toSeminormedAddCommGroup.{0} Complex Complex.instNormedAddCommGroup)
                instInnerProductSpaceRealComplex))
            Real (fun (x : Real) => Complex)
            (@SchwartzMap.instFunLike.{0, 0} Real Complex Real.normedAddCommGroup
              (@InnerProductSpace.toNormedSpace.{0, 0} Real Real Real.instRCLike
                (@NormedAddCommGroup.toSeminormedAddCommGroup.{0} Real Real.normedAddCommGroup)
                (@RCLike.toInnerProductSpaceReal.{0} Real Real.instRCLike))
              Complex.instNormedAddCommGroup
              (@InnerProductSpace.toNormedSpace.{0, 0} Real Complex Real.instRCLike
                (@NormedAddCommGroup.toSeminormedAddCommGroup.{0} Complex Complex.instNormedAddCommGroup)
                instInnerProductSpaceRealComplex))
            W0 y)))
  (hpos1 :
    ∀ (y : Real),
      @LE.le.{0} Real Real.instLE (@OfNat.ofNat.{0} Real (nat_lit 0) (@Zero.toOfNat0.{0} Real Real.instZero))
        (Complex.re
          (@DFunLike.coe.{1, 1, 1}
            (@SchwartzMap.{0, 0} Real Complex Real.normedAddCommGroup
              (@InnerProductSpace.toNormedSpace.{0, 0} Real Real Real.instRCLike
                (@NormedAddCommGroup.toSeminormedAddCommGroup.{0} Real Real.normedAddCommGroup)
                (@RCLike.toInnerProductSpaceReal.{0} Real Real.instRCLike))
              Complex.instNormedAddCommGroup
              (@InnerProductSpace.toNormedSpace.{0, 0} Real Complex Real.instRCLike
                (@NormedAddCommGroup.toSeminormedAddCommGroup.{0} Complex Complex.instNormedAddCommGroup)
                instInnerProductSpaceRealComplex))
            Real (fun (x : Real) => Complex)
            (@SchwartzMap.instFunLike.{0, 0} Real Complex Real.normedAddCommGroup
              (@InnerProductSpace.toNormedSpace.{0, 0} Real Real Real.instRCLike
                (@NormedAddCommGroup.toSeminormedAddCommGroup.{0} Real Real.normedAddCommGroup)
                (@RCLike.toInnerProductSpaceReal.{0} Real Real.instRCLike))
              Complex.instNormedAddCommGroup
              (@InnerProductSpace.toNormedSpace.{0, 0} Real Complex Real.instRCLike
                (@NormedAddCommGroup.toSeminormedAddCommGroup.{0} Complex Complex.instNormedAddCommGroup)
                instInnerProductSpaceRealComplex))
            W1 y)))
  (hne0 :
    @Ne.{1}
      (@SchwartzMap.{0, 0} Real Complex Real.normedAddCommGroup
        (@InnerProductSpace.toNormedSpace.{0, 0} Real Real Real.instRCLike
          (@NormedAddCommGroup.toSeminormedAddCommGroup.{0} Real Real.normedAddCommGroup)
          (@RCLike.toInnerProductSpaceReal.{0} Real Real.instRCLike))
        Complex.instNormedAddCommGroup
        (@InnerProductSpace.toNormedSpace.{0, 0} Real Complex Real.instRCLike
          (@NormedAddCommGroup.toSeminormedAddCommGroup.{0} Complex Complex.instNormedAddCommGroup)
          instInnerProductSpaceRealComplex))
      W0
      (@OfNat.ofNat.{0}
        (@SchwartzMap.{0, 0} Real Complex Real.normedAddCommGroup
          (@InnerProductSpace.toNormedSpace.{0, 0} Real Real Real.instRCLike
            (@NormedAddCommGroup.toSeminormedAddCommGroup.{0} Real Real.normedAddCommGroup)
            (@RCLike.toInnerProductSpaceReal.{0} Real Real.instRCLike))
          Complex.instNormedAddCommGroup
          (@InnerProductSpace.toNormedSpace.{0, 0} Real Complex Real.instRCLike
            (@NormedAddCommGroup.toSeminormedAddCommGroup.{0} Complex Complex.instNormedAddCommGroup)
            instInnerProductSpaceRealComplex))
        (nat_lit 0)
        (@Zero.toOfNat0.{0}
          (@SchwartzMap.{0, 0} Real Complex Real.normedAddCommGroup
            (@InnerProductSpace.toNormedSpace.{0, 0} Real Real Real.instRCLike
              (@NormedAddCommGroup.toSeminormedAddCommGroup.{0} Real Real.normedAddCommGroup)
              (@RCLike.toInnerProductSpaceReal.{0} Real Real.instRCLike))
            Complex.instNormedAddCommGroup
            (@InnerProductSpace.toNormedSpace.{0, 0} Real Complex Real.instRCLike
              (@NormedAddCommGroup.toSeminormedAddCommGroup.{0} Complex Complex.instNormedAddCommGroup)
              instInnerProductSpaceRealComplex))
          (@SchwartzMap.instZero.{0, 0} Real Complex Real.normedAddCommGroup
            (@InnerProductSpace.toNormedSpace.{0, 0} Real Real Real.instRCLike
              (@NormedAddCommGroup.toSeminormedAddCommGroup.{0} Real Real.normedAddCommGroup)
              (@RCLike.toInnerProductSpaceReal.{0} Real Real.instRCLike))
            Complex.instNormedAddCommGroup
            (@InnerProductSpace.toNormedSpace.{0, 0} Real Complex Real.instRCLike
              (@NormedAddCommGroup.toSeminormedAddCommGroup.{0} Complex Complex.instNormedAddCommGroup)
              instInnerProductSpaceRealComplex)))))
  (hne1 :
    @Ne.{1}
      (@SchwartzMap.{0, 0} Real Complex Real.normedAddCommGroup
        (@InnerProductSpace.toNormedSpace.{0, 0} Real Real Real.instRCLike
          (@NormedAddCommGroup.toSeminormedAddCommGroup.{0} Real Real.normedAddCommGroup)
          (@RCLike.toInnerProductSpaceReal.{0} Real Real.instRCLike))
        Complex.instNormedAddCommGroup
        (@InnerProductSpace.toNormedSpace.{0, 0} Real Complex Real.instRCLike
          (@NormedAddCommGroup.toSeminormedAddCommGroup.{0} Complex Complex.instNormedAddCommGroup)
          instInnerProductSpaceRealComplex))
      W1
      (@OfNat.ofNat.{0}
        (@SchwartzMap.{0, 0} Real Complex Real.normedAddCommGroup
          (@InnerProductSpace.toNormedSpace.{0, 0} Real Real Real.instRCLike
            (@NormedAddCommGroup.toSeminormedAddCommGroup.{0} Real Real.normedAddCommGroup)
            (@RCLike.toInnerProductSpaceReal.{0} Real Real.instRCLike))
          Complex.instNormedAddCommGroup
          (@InnerProductSpace.toNormedSpace.{0, 0} Real Complex Real.instRCLike
            (@NormedAddCommGroup.toSeminormedAddCommGroup.{0} Complex Complex.instNormedAddCommGroup)
            instInnerProductSpaceRealComplex))
        (nat_lit 0)
        (@Zero.toOfNat0.{0}
          (@SchwartzMap.{0, 0} Real Complex Real.normedAddCommGroup
            (@InnerProductSpace.toNormedSpace.{0, 0} Real Real Real.instRCLike
              (@NormedAddCommGroup.toSeminormedAddCommGroup.{0} Real Real.normedAddCommGroup)
              (@RCLike.toInnerProductSpaceReal.{0} Real Real.instRCLike))
            Complex.instNormedAddCommGroup
            (@InnerProductSpace.toNormedSpace.{0, 0} Real Complex Real.instRCLike
              (@NormedAddCommGroup.toSeminormedAddCommGroup.{0} Complex Complex.instNormedAddCommGroup)
              instInnerProductSpaceRealComplex))
          (@SchwartzMap.instZero.{0, 0} Real Complex Real.normedAddCommGroup
            (@InnerProductSpace.toNormedSpace.{0, 0} Real Real Real.instRCLike
              (@NormedAddCommGroup.toSeminormedAddCommGroup.{0} Real Real.normedAddCommGroup)
              (@RCLike.toInnerProductSpaceReal.{0} Real Real.instRCLike))
            Complex.instNormedAddCommGroup
            (@InnerProductSpace.toNormedSpace.{0, 0} Real Complex Real.instRCLike
              (@NormedAddCommGroup.toSeminormedAddCommGroup.{0} Complex Complex.instNormedAddCommGroup)
              instInnerProductSpaceRealComplex)))))
  (χ : OAI.SevenEighths.HeckeFamily.Character) (a Y Z ell b : Real)
  (hZ : @LT.lt.{0} Real Real.instLT (@OfNat.ofNat.{0} Real (nat_lit 0) (@Zero.toOfNat0.{0} Real Real.instZero)) Z)
  (H B : Complex → Complex → Complex → Complex) (S : Finset.{u_1} κ) (T : κ → Finset.{u_2} ι) (w Q : κ → ι → Real)
  (A η : κ → ι → Complex)
  (hm :
    ∀ (j : κ),
      @Membership.mem.{u_1, u_1} κ (Finset.{u_1} κ)
          (@SetLike.instMembership.{u_1, u_1} (Finset.{u_1} κ) κ (@Finset.instSetLike.{u_1} κ)) S j →
        @LT.lt.{0} Real Real.instLT (@OfNat.ofNat.{0} Real (nat_lit 0) (@Zero.toOfNat0.{0} Real Real.instZero))
          (@OAI.SevenEighths.PrincipalSignalComparison.slotMass.{u_1, u_2} κ ι T w j))
  (hB :
    ∀ (t : Real),
      @Eq.{1} Complex
        (B
          (@HAdd.hAdd.{0, 0, 0} Complex Complex Complex (@instHAdd.{0} Complex Complex.instAdd) (Complex.ofReal a)
            (@HMul.hMul.{0, 0, 0} Complex Complex Complex (@instHMul.{0} Complex Complex.instMul) (Complex.ofReal t)
              Complex.I))
          (@OfNat.ofNat.{0} Complex (nat_lit 1) (@One.toOfNat1.{0} Complex Complex.instOne))
          (@HDiv.hDiv.{0, 0, 0} Complex Complex Complex
            (@instHDiv.{0} Complex (@DivInvMonoid.toDiv.{0} Complex Complex.instDivInvMonoid))
            (@OfNat.ofNat.{0} Complex (nat_lit 1) (@One.toOfNat1.{0} Complex Complex.instOne))
            (@OfNat.ofNat.{0} Complex (nat_lit 6)
              (@instOfNatAtLeastTwo.{0} Complex (nat_lit 6) Complex.instNatCast
                (@Nat.instAtLeastTwoHAddOfNat (@OfNat.ofNat.{0} Nat (nat_lit 5) (instOfNatNat (nat_lit 5)))
                  (@Nat.instNeZeroSucc (@OfNat.ofNat.{0} Nat (nat_lit 4) (instOfNatNat (nat_lit 4)))))))))
        (@OAI.SevenEighths.PrincipalSignalComparison.slotProduct.{u_1, u_2} κ ι S T w Q A η
          (@HAdd.hAdd.{0, 0, 0} Complex Complex Complex (@instHAdd.{0} Complex Complex.instAdd) (Complex.ofReal a)
            (@HMul.hMul.{0, 0, 0} Complex Complex Complex (@instHMul.{0} Complex Complex.instMul) (Complex.ofReal t)
              Complex.I)))),
  And
    (@Ne.{1} Complex
      (@HMul.hMul.{0, 0, 0} Complex Complex Complex (@instHMul.{0} Complex Complex.instMul)
        (@OAI.SevenEighths.PrincipalMellinResidues.sourceResidueConstant W0 W1 M inst)
        (Complex.ofReal
          (@OAI.SevenEighths.Probe.principalScalar.{u_1} κ S Z ell
            (@OAI.SevenEighths.PrincipalSignalComparison.slotMass.{u_1, u_2} κ ι T w))))
      (@OfNat.ofNat.{0} Complex (nat_lit 0) (@Zero.toOfNat0.{0} Complex Complex.instZero)))
    (@Eq.{1} Complex
      (@HDiv.hDiv.{0, 0, 0} Complex Complex Complex
        (@instHDiv.{0} Complex (@DivInvMonoid.toDiv.{0} Complex Complex.instDivInvMonoid))
        (@OAI.SevenEighths.PrincipalSignalComparison.sourceResidueIntegral W0 W1 M inst χ a
          (@HPow.hPow.{0, 0, 0} Real Real Real (@instHPow.{0, 0} Real Real Real.instPow) Z
            (@HDiv.hDiv.{0, 0, 0} Real Real Real
              (@instHDiv.{0} Real (@DivInvMonoid.toDiv.{0} Real Real.instDivInvMonoid))
              (@HSub.hSub.{0, 0, 0} Real Real Real (@instHSub.{0} Real Real.instSub)
                (@HSub.hSub.{0, 0, 0} Real Real Real (@instHSub.{0} Real Real.instSub)
                  (@OfNat.ofNat.{0} Real (nat_lit 1) (@One.toOfNat1.{0} Real Real.instOne)) ell)
                b)
              (@OfNat.ofNat.{0} Real (nat_lit 2)
                (@instOfNatAtLeastTwo.{0} Real (nat_lit 2) Real.instNatCast
                  (@Nat.instAtLeastTwoHAddOfNat (@OfNat.ofNat.{0} Nat (nat_lit 1) (instOfNatNat (nat_lit 1)))
                    (@Nat.instNeZeroSucc (@OfNat.ofNat.{0} Nat (nat_lit 0) (instOfNatNat (nat_lit 0)))))))))
          Y Z H B)
        (@HMul.hMul.{0, 0, 0} Complex Complex Complex (@instHMul.{0} Complex Complex.instMul)
          (@OAI.SevenEighths.PrincipalMellinResidues.sourceResidueConstant W0 W1 M inst)
          (Complex.ofReal
            (@OAI.SevenEighths.Probe.principalScalar.{u_1} κ S Z ell
              (@OAI.SevenEighths.PrincipalSignalComparison.slotMass.{u_1, u_2} κ ι T w)))))
      (OAI.SevenEighths.ProbePhysical.verticalIntegral a fun (s : Complex) =>
        @HMul.hMul.{0, 0, 0} Complex Complex Complex (@instHMul.{0} Complex Complex.instMul)
          (@HDiv.hDiv.{0, 0, 0} Complex Complex Complex
            (@instHDiv.{0} Complex (@DivInvMonoid.toDiv.{0} Complex Complex.instDivInvMonoid))
            (@HMul.hMul.{0, 0, 0} Complex Complex Complex (@instHMul.{0} Complex Complex.instMul)
              (@HMul.hMul.{0, 0, 0} Complex Complex Complex (@instHMul.{0} Complex Complex.instMul)
                (@HPow.hPow.{0, 0, 0} Complex Complex Complex (@instHPow.{0, 0} Complex Complex Complex.instPow)
                  (Complex.ofReal Z)
                  (@HAdd.hAdd.{0, 0, 0} Complex Complex Complex (@instHAdd.{0} Complex Complex.instAdd) s
                    (Complex.ofReal
                      (@HDiv.hDiv.{0, 0, 0} Real Real Real
                        (@instHDiv.{0} Real (@DivInvMonoid.toDiv.{0} Real Real.instDivInvMonoid))
                        (@Neg.neg.{0} Real Real.instNeg
                          (@HAdd.hAdd.{0, 0, 0} Real Real Real (@instHAdd.{0} Real Real.instAdd)
                            (@OfNat.ofNat.{0} Real (nat_lit 4)
                              (@instOfNatAtLeastTwo.{0} Real (nat_lit 4) Real.instNatCast
                                (@Nat.instAtLeastTwoHAddOfNat
                                  (@OfNat.ofNat.{0} Nat (nat_lit 3) (instOfNatNat (nat_lit 3)))
                                  (@Nat.instNeZeroSucc (@OfNat.ofNat.{0} Nat (nat_lit 2) (instOfNatNat (nat_lit 2)))))))
                            b))
                        (@OfNat.ofNat.{0} Real (nat_lit 6)
                          (@instOfNatAtLeastTwo.{0} Real (nat_lit 6) Real.instNatCast
                            (@Nat.instAtLeastTwoHAddOfNat (@OfNat.ofNat.{0} Nat (nat_lit 5) (instOfNatNat (nat_lit 5)))
                              (@Nat.instNeZeroSucc (@OfNat.ofNat.{0} Nat (nat_lit 4) (instOfNatNat (nat_lit 4)))))))))))
                (Complex.exp
                  (@HPow.hPow.{0, 0, 0} Complex Nat Complex
                    (@instHPow.{0, 0} Complex Nat
                      (@NPow.toPow.{0} Complex
                        (@Monoid.toNPow.{0} Complex (@Semiring.toMonoid.{0} Complex Complex.instSemiring))))
                    (@HSub.hSub.{0, 0, 0} Complex Complex Complex (@instHSub.{0} Complex Complex.instSub) s
                      (@HDiv.hDiv.{0, 0, 0} Complex Complex Complex
                        (@instHDiv.{0} Complex (@DivInvMonoid.toDiv.{0} Complex Complex.instDivInvMonoid))
                        (@OfNat.ofNat.{0} Complex (nat_lit 5)
                          (@instOfNatAtLeastTwo.{0} Complex (nat_lit 5) Complex.instNatCast
                            (@Nat.instAtLeastTwoHAddOfNat (@OfNat.ofNat.{0} Nat (nat_lit 4) (instOfNatNat (nat_lit 4)))
                              (@Nat.instNeZeroSucc (@OfNat.ofNat.{0} Nat (nat_lit 3) (instOfNatNat (nat_lit 3)))))))
                        (@OfNat.ofNat.{0} Complex (nat_lit 6)
                          (@instOfNatAtLeastTwo.{0} Complex (nat_lit 6) Complex.instNatCast
                            (@Nat.instAtLeastTwoHAddOfNat (@OfNat.ofNat.{0} Nat (nat_lit 5) (instOfNatNat (nat_lit 5)))
                              (@Nat.instNeZeroSucc (@OfNat.ofNat.{0} Nat (nat_lit 4) (instOfNatNat (nat_lit 4)))))))))
                    (@OfNat.ofNat.{0} Nat (nat_lit 2) (instOfNatNat (nat_lit 2))))))
              (H s (@OfNat.ofNat.{0} Complex (nat_lit 1) (@One.toOfNat1.{0} Complex Complex.instOne))
                (@HDiv.hDiv.{0, 0, 0} Complex Complex Complex
                  (@instHDiv.{0} Complex (@DivInvMonoid.toDiv.{0} Complex Complex.instDivInvMonoid))
                  (@OfNat.ofNat.{0} Complex (nat_lit 1) (@One.toOfNat1.{0} Complex Complex.instOne))
                  (@OfNat.ofNat.{0} Complex (nat_lit 6)
                    (@instOfNatAtLeastTwo.{0} Complex (nat_lit 6) Complex.instNatCast
                      (@Nat.instAtLeastTwoHAddOfNat (@OfNat.ofNat.{0} Nat (nat_lit 5) (instOfNatNat (nat_lit 5)))
                        (@Nat.instNeZeroSucc (@OfNat.ofNat.{0} Nat (nat_lit 4) (instOfNatNat (nat_lit 4))))))))))
            (OAI.SevenEighths.HeckeFamily.LFunction χ s))
          (@OAI.SevenEighths.PrincipalSignalComparison.slotRatio.{u_1, u_2} κ ι S T w Q A η s)))
'OAI.SevenEighths.PrincipalSignalComparison.sourceResidueIntegral_normalized_total_of_positive_windows' depends on axioms: [propext,
 Classical.choice,
 Quot.sound]
