warning: rellich-kondrachov: repository 'E:\codex-build\RH-Zero-Free-Formalization\tmp\upstream-plain\.lake/packages\rellich-kondrachov' has local changes
OAI.SevenEighths.FiberRelativeEnergyBridge.relative_coefficient_on_actual_primePool : ∀
  (M :
    @Ideal.{0} OAI.SevenEighths.HeckeFamily.O
      (@CommSemiring.toSemiring.{0} OAI.SevenEighths.HeckeFamily.O
        (@CommRing.toCommSemiring.{0} OAI.SevenEighths.HeckeFamily.O
          (@NumberField.instCommRingRingOfIntegers.{0} OAI.SevenEighths.HeckeFamily.K
            (@CyclotomicField.instField.{0} (@OfNat.ofNat.{0} Nat (nat_lit 3) (instOfNatNat (nat_lit 3))) Rat
              Rat.instField)))))
  [inst :
    @NeZero.{0}
      (@Ideal.{0} OAI.SevenEighths.HeckeFamily.O
        (@CommSemiring.toSemiring.{0} OAI.SevenEighths.HeckeFamily.O
          (@CommRing.toCommSemiring.{0} OAI.SevenEighths.HeckeFamily.O
            (@NumberField.instCommRingRingOfIntegers.{0} OAI.SevenEighths.HeckeFamily.K
              (@CyclotomicField.instField.{0} (@OfNat.ofNat.{0} Nat (nat_lit 3) (instOfNatNat (nat_lit 3))) Rat
                Rat.instField)))))
      (@Submodule.pointwiseZero.{0, 0} OAI.SevenEighths.HeckeFamily.O OAI.SevenEighths.HeckeFamily.O
        (@CommSemiring.toSemiring.{0} OAI.SevenEighths.HeckeFamily.O
          (@CommRing.toCommSemiring.{0} OAI.SevenEighths.HeckeFamily.O
            (@NumberField.instCommRingRingOfIntegers.{0} OAI.SevenEighths.HeckeFamily.K
              (@CyclotomicField.instField.{0} (@OfNat.ofNat.{0} Nat (nat_lit 3) (instOfNatNat (nat_lit 3))) Rat
                Rat.instField))))
        (@Semiring.toAddCommMonoid.{0} OAI.SevenEighths.HeckeFamily.O
          (@CommSemiring.toSemiring.{0} OAI.SevenEighths.HeckeFamily.O
            (@CommRing.toCommSemiring.{0} OAI.SevenEighths.HeckeFamily.O
              (@NumberField.instCommRingRingOfIntegers.{0} OAI.SevenEighths.HeckeFamily.K
                (@CyclotomicField.instField.{0} (@OfNat.ofNat.{0} Nat (nat_lit 3) (instOfNatNat (nat_lit 3))) Rat
                  Rat.instField)))))
        (@Semiring.toModule.{0} OAI.SevenEighths.HeckeFamily.O
          (@CommSemiring.toSemiring.{0} OAI.SevenEighths.HeckeFamily.O
            (@CommRing.toCommSemiring.{0} OAI.SevenEighths.HeckeFamily.O
              (@NumberField.instCommRingRingOfIntegers.{0} OAI.SevenEighths.HeckeFamily.K
                (@CyclotomicField.instField.{0} (@OfNat.ofNat.{0} Nat (nat_lit 3) (instOfNatNat (nat_lit 3))) Rat
                  Rat.instField))))))
      M]
  (H :
    @Subgroup.{0}
      (@Units.{0}
        (@HasQuotient.Quotient.{0, 0} OAI.SevenEighths.HeckeFamily.O
          (@Ideal.{0} OAI.SevenEighths.HeckeFamily.O
            (@CommSemiring.toSemiring.{0} OAI.SevenEighths.HeckeFamily.O
              (@CommRing.toCommSemiring.{0} OAI.SevenEighths.HeckeFamily.O
                (@NumberField.instCommRingRingOfIntegers.{0} OAI.SevenEighths.HeckeFamily.K
                  (@CyclotomicField.instField.{0} (@OfNat.ofNat.{0} Nat (nat_lit 3) (instOfNatNat (nat_lit 3))) Rat
                    Rat.instField)))))
          (@Ideal.instHasQuotient_1.{0} OAI.SevenEighths.HeckeFamily.O
            (@NumberField.instCommRingRingOfIntegers.{0} OAI.SevenEighths.HeckeFamily.K
              (@CyclotomicField.instField.{0} (@OfNat.ofNat.{0} Nat (nat_lit 3) (instOfNatNat (nat_lit 3))) Rat
                Rat.instField)))
          M)
        (@Semiring.toMonoid.{0}
          (@HasQuotient.Quotient.{0, 0} OAI.SevenEighths.HeckeFamily.O
            (@Ideal.{0} OAI.SevenEighths.HeckeFamily.O
              (@CommSemiring.toSemiring.{0} OAI.SevenEighths.HeckeFamily.O
                (@CommRing.toCommSemiring.{0} OAI.SevenEighths.HeckeFamily.O
                  (@NumberField.instCommRingRingOfIntegers.{0} OAI.SevenEighths.HeckeFamily.K
                    (@CyclotomicField.instField.{0} (@OfNat.ofNat.{0} Nat (nat_lit 3) (instOfNatNat (nat_lit 3))) Rat
                      Rat.instField)))))
            (@Ideal.instHasQuotient_1.{0} OAI.SevenEighths.HeckeFamily.O
              (@NumberField.instCommRingRingOfIntegers.{0} OAI.SevenEighths.HeckeFamily.K
                (@CyclotomicField.instField.{0} (@OfNat.ofNat.{0} Nat (nat_lit 3) (instOfNatNat (nat_lit 3))) Rat
                  Rat.instField)))
            M)
          (@Ideal.Quotient.semiring.{0} OAI.SevenEighths.HeckeFamily.O
            (@NumberField.instCommRingRingOfIntegers.{0} OAI.SevenEighths.HeckeFamily.K
              (@CyclotomicField.instField.{0} (@OfNat.ofNat.{0} Nat (nat_lit 3) (instOfNatNat (nat_lit 3))) Rat
                Rat.instField))
            M)))
      (@Units.instGroup.{0}
        (@HasQuotient.Quotient.{0, 0} OAI.SevenEighths.HeckeFamily.O
          (@Ideal.{0} OAI.SevenEighths.HeckeFamily.O
            (@CommSemiring.toSemiring.{0} OAI.SevenEighths.HeckeFamily.O
              (@CommRing.toCommSemiring.{0} OAI.SevenEighths.HeckeFamily.O
                (@NumberField.instCommRingRingOfIntegers.{0} OAI.SevenEighths.HeckeFamily.K
                  (@CyclotomicField.instField.{0} (@OfNat.ofNat.{0} Nat (nat_lit 3) (instOfNatNat (nat_lit 3))) Rat
                    Rat.instField)))))
          (@Ideal.instHasQuotient_1.{0} OAI.SevenEighths.HeckeFamily.O
            (@NumberField.instCommRingRingOfIntegers.{0} OAI.SevenEighths.HeckeFamily.K
              (@CyclotomicField.instField.{0} (@OfNat.ofNat.{0} Nat (nat_lit 3) (instOfNatNat (nat_lit 3))) Rat
                Rat.instField)))
          M)
        (@Semiring.toMonoid.{0}
          (@HasQuotient.Quotient.{0, 0} OAI.SevenEighths.HeckeFamily.O
            (@Ideal.{0} OAI.SevenEighths.HeckeFamily.O
              (@CommSemiring.toSemiring.{0} OAI.SevenEighths.HeckeFamily.O
                (@CommRing.toCommSemiring.{0} OAI.SevenEighths.HeckeFamily.O
                  (@NumberField.instCommRingRingOfIntegers.{0} OAI.SevenEighths.HeckeFamily.K
                    (@CyclotomicField.instField.{0} (@OfNat.ofNat.{0} Nat (nat_lit 3) (instOfNatNat (nat_lit 3))) Rat
                      Rat.instField)))))
            (@Ideal.instHasQuotient_1.{0} OAI.SevenEighths.HeckeFamily.O
              (@NumberField.instCommRingRingOfIntegers.{0} OAI.SevenEighths.HeckeFamily.K
                (@CyclotomicField.instField.{0} (@OfNat.ofNat.{0} Nat (nat_lit 3) (instOfNatNat (nat_lit 3))) Rat
                  Rat.instField)))
            M)
          (@Ideal.Quotient.semiring.{0} OAI.SevenEighths.HeckeFamily.O
            (@NumberField.instCommRingRingOfIntegers.{0} OAI.SevenEighths.HeckeFamily.K
              (@CyclotomicField.instField.{0} (@OfNat.ofNat.{0} Nat (nat_lit 3) (instOfNatNat (nat_lit 3))) Rat
                Rat.instField))
            M))))
  (hH :
    @LE.le.{0}
      (@Subgroup.{0}
        (@Units.{0}
          (@HasQuotient.Quotient.{0, 0} OAI.SevenEighths.HeckeFamily.O
            (@Ideal.{0} OAI.SevenEighths.HeckeFamily.O
              (@CommSemiring.toSemiring.{0} OAI.SevenEighths.HeckeFamily.O
                (@CommRing.toCommSemiring.{0} OAI.SevenEighths.HeckeFamily.O
                  (@NumberField.instCommRingRingOfIntegers.{0} OAI.SevenEighths.HeckeFamily.K
                    (@CyclotomicField.instField.{0} (@OfNat.ofNat.{0} Nat (nat_lit 3) (instOfNatNat (nat_lit 3))) Rat
                      Rat.instField)))))
            (@Ideal.instHasQuotient_1.{0} OAI.SevenEighths.HeckeFamily.O
              (@NumberField.instCommRingRingOfIntegers.{0} OAI.SevenEighths.HeckeFamily.K
                (@CyclotomicField.instField.{0} (@OfNat.ofNat.{0} Nat (nat_lit 3) (instOfNatNat (nat_lit 3))) Rat
                  Rat.instField)))
            M)
          (@Semiring.toMonoid.{0}
            (@HasQuotient.Quotient.{0, 0} OAI.SevenEighths.HeckeFamily.O
              (@Ideal.{0} OAI.SevenEighths.HeckeFamily.O
                (@CommSemiring.toSemiring.{0} OAI.SevenEighths.HeckeFamily.O
                  (@CommRing.toCommSemiring.{0} OAI.SevenEighths.HeckeFamily.O
                    (@NumberField.instCommRingRingOfIntegers.{0} OAI.SevenEighths.HeckeFamily.K
                      (@CyclotomicField.instField.{0} (@OfNat.ofNat.{0} Nat (nat_lit 3) (instOfNatNat (nat_lit 3))) Rat
                        Rat.instField)))))
              (@Ideal.instHasQuotient_1.{0} OAI.SevenEighths.HeckeFamily.O
                (@NumberField.instCommRingRingOfIntegers.{0} OAI.SevenEighths.HeckeFamily.K
                  (@CyclotomicField.instField.{0} (@OfNat.ofNat.{0} Nat (nat_lit 3) (instOfNatNat (nat_lit 3))) Rat
                    Rat.instField)))
              M)
            (@Ideal.Quotient.semiring.{0} OAI.SevenEighths.HeckeFamily.O
              (@NumberField.instCommRingRingOfIntegers.{0} OAI.SevenEighths.HeckeFamily.K
                (@CyclotomicField.instField.{0} (@OfNat.ofNat.{0} Nat (nat_lit 3) (instOfNatNat (nat_lit 3))) Rat
                  Rat.instField))
              M)))
        (@Units.instGroup.{0}
          (@HasQuotient.Quotient.{0, 0} OAI.SevenEighths.HeckeFamily.O
            (@Ideal.{0} OAI.SevenEighths.HeckeFamily.O
              (@CommSemiring.toSemiring.{0} OAI.SevenEighths.HeckeFamily.O
                (@CommRing.toCommSemiring.{0} OAI.SevenEighths.HeckeFamily.O
                  (@NumberField.instCommRingRingOfIntegers.{0} OAI.SevenEighths.HeckeFamily.K
                    (@CyclotomicField.instField.{0} (@OfNat.ofNat.{0} Nat (nat_lit 3) (instOfNatNat (nat_lit 3))) Rat
                      Rat.instField)))))
            (@Ideal.instHasQuotient_1.{0} OAI.SevenEighths.HeckeFamily.O
              (@NumberField.instCommRingRingOfIntegers.{0} OAI.SevenEighths.HeckeFamily.K
                (@CyclotomicField.instField.{0} (@OfNat.ofNat.{0} Nat (nat_lit 3) (instOfNatNat (nat_lit 3))) Rat
                  Rat.instField)))
            M)
          (@Semiring.toMonoid.{0}
            (@HasQuotient.Quotient.{0, 0} OAI.SevenEighths.HeckeFamily.O
              (@Ideal.{0} OAI.SevenEighths.HeckeFamily.O
                (@CommSemiring.toSemiring.{0} OAI.SevenEighths.HeckeFamily.O
                  (@CommRing.toCommSemiring.{0} OAI.SevenEighths.HeckeFamily.O
                    (@NumberField.instCommRingRingOfIntegers.{0} OAI.SevenEighths.HeckeFamily.K
                      (@CyclotomicField.instField.{0} (@OfNat.ofNat.{0} Nat (nat_lit 3) (instOfNatNat (nat_lit 3))) Rat
                        Rat.instField)))))
              (@Ideal.instHasQuotient_1.{0} OAI.SevenEighths.HeckeFamily.O
                (@NumberField.instCommRingRingOfIntegers.{0} OAI.SevenEighths.HeckeFamily.K
                  (@CyclotomicField.instField.{0} (@OfNat.ofNat.{0} Nat (nat_lit 3) (instOfNatNat (nat_lit 3))) Rat
                    Rat.instField)))
              M)
            (@Ideal.Quotient.semiring.{0} OAI.SevenEighths.HeckeFamily.O
              (@NumberField.instCommRingRingOfIntegers.{0} OAI.SevenEighths.HeckeFamily.K
                (@CyclotomicField.instField.{0} (@OfNat.ofNat.{0} Nat (nat_lit 3) (instOfNatNat (nat_lit 3))) Rat
                  Rat.instField))
              M))))
      (@Preorder.toLE.{0}
        (@Subgroup.{0}
          (@Units.{0}
            (@HasQuotient.Quotient.{0, 0} OAI.SevenEighths.HeckeFamily.O
              (@Ideal.{0} OAI.SevenEighths.HeckeFamily.O
                (@CommSemiring.toSemiring.{0} OAI.SevenEighths.HeckeFamily.O
                  (@CommRing.toCommSemiring.{0} OAI.SevenEighths.HeckeFamily.O
                    (@NumberField.instCommRingRingOfIntegers.{0} OAI.SevenEighths.HeckeFamily.K
                      (@CyclotomicField.instField.{0} (@OfNat.ofNat.{0} Nat (nat_lit 3) (instOfNatNat (nat_lit 3))) Rat
                        Rat.instField)))))
              (@Ideal.instHasQuotient_1.{0} OAI.SevenEighths.HeckeFamily.O
                (@NumberField.instCommRingRingOfIntegers.{0} OAI.SevenEighths.HeckeFamily.K
                  (@CyclotomicField.instField.{0} (@OfNat.ofNat.{0} Nat (nat_lit 3) (instOfNatNat (nat_lit 3))) Rat
                    Rat.instField)))
              M)
            (@Semiring.toMonoid.{0}
              (@HasQuotient.Quotient.{0, 0} OAI.SevenEighths.HeckeFamily.O
                (@Ideal.{0} OAI.SevenEighths.HeckeFamily.O
                  (@CommSemiring.toSemiring.{0} OAI.SevenEighths.HeckeFamily.O
                    (@CommRing.toCommSemiring.{0} OAI.SevenEighths.HeckeFamily.O
                      (@NumberField.instCommRingRingOfIntegers.{0} OAI.SevenEighths.HeckeFamily.K
                        (@CyclotomicField.instField.{0} (@OfNat.ofNat.{0} Nat (nat_lit 3) (instOfNatNat (nat_lit 3)))
                          Rat Rat.instField)))))
                (@Ideal.instHasQuotient_1.{0} OAI.SevenEighths.HeckeFamily.O
                  (@NumberField.instCommRingRingOfIntegers.{0} OAI.SevenEighths.HeckeFamily.K
                    (@CyclotomicField.instField.{0} (@OfNat.ofNat.{0} Nat (nat_lit 3) (instOfNatNat (nat_lit 3))) Rat
                      Rat.instField)))
                M)
              (@Ideal.Quotient.semiring.{0} OAI.SevenEighths.HeckeFamily.O
                (@NumberField.instCommRingRingOfIntegers.{0} OAI.SevenEighths.HeckeFamily.K
                  (@CyclotomicField.instField.{0} (@OfNat.ofNat.{0} Nat (nat_lit 3) (instOfNatNat (nat_lit 3))) Rat
                    Rat.instField))
                M)))
          (@Units.instGroup.{0}
            (@HasQuotient.Quotient.{0, 0} OAI.SevenEighths.HeckeFamily.O
              (@Ideal.{0} OAI.SevenEighths.HeckeFamily.O
                (@CommSemiring.toSemiring.{0} OAI.SevenEighths.HeckeFamily.O
                  (@CommRing.toCommSemiring.{0} OAI.SevenEighths.HeckeFamily.O
                    (@NumberField.instCommRingRingOfIntegers.{0} OAI.SevenEighths.HeckeFamily.K
                      (@CyclotomicField.instField.{0} (@OfNat.ofNat.{0} Nat (nat_lit 3) (instOfNatNat (nat_lit 3))) Rat
                        Rat.instField)))))
              (@Ideal.instHasQuotient_1.{0} OAI.SevenEighths.HeckeFamily.O
                (@NumberField.instCommRingRingOfIntegers.{0} OAI.SevenEighths.HeckeFamily.K
                  (@CyclotomicField.instField.{0} (@OfNat.ofNat.{0} Nat (nat_lit 3) (instOfNatNat (nat_lit 3))) Rat
                    Rat.instField)))
              M)
            (@Semiring.toMonoid.{0}
              (@HasQuotient.Quotient.{0, 0} OAI.SevenEighths.HeckeFamily.O
                (@Ideal.{0} OAI.SevenEighths.HeckeFamily.O
                  (@CommSemiring.toSemiring.{0} OAI.SevenEighths.HeckeFamily.O
                    (@CommRing.toCommSemiring.{0} OAI.SevenEighths.HeckeFamily.O
                      (@NumberField.instCommRingRingOfIntegers.{0} OAI.SevenEighths.HeckeFamily.K
                        (@CyclotomicField.instField.{0} (@OfNat.ofNat.{0} Nat (nat_lit 3) (instOfNatNat (nat_lit 3)))
                          Rat Rat.instField)))))
                (@Ideal.instHasQuotient_1.{0} OAI.SevenEighths.HeckeFamily.O
                  (@NumberField.instCommRingRingOfIntegers.{0} OAI.SevenEighths.HeckeFamily.K
                    (@CyclotomicField.instField.{0} (@OfNat.ofNat.{0} Nat (nat_lit 3) (instOfNatNat (nat_lit 3))) Rat
                      Rat.instField)))
                M)
              (@Ideal.Quotient.semiring.{0} OAI.SevenEighths.HeckeFamily.O
                (@NumberField.instCommRingRingOfIntegers.{0} OAI.SevenEighths.HeckeFamily.K
                  (@CyclotomicField.instField.{0} (@OfNat.ofNat.{0} Nat (nat_lit 3) (instOfNatNat (nat_lit 3))) Rat
                    Rat.instField))
                M))))
        (@PartialOrder.toPreorder.{0}
          (@Subgroup.{0}
            (@Units.{0}
              (@HasQuotient.Quotient.{0, 0} OAI.SevenEighths.HeckeFamily.O
                (@Ideal.{0} OAI.SevenEighths.HeckeFamily.O
                  (@CommSemiring.toSemiring.{0} OAI.SevenEighths.HeckeFamily.O
                    (@CommRing.toCommSemiring.{0} OAI.SevenEighths.HeckeFamily.O
                      (@NumberField.instCommRingRingOfIntegers.{0} OAI.SevenEighths.HeckeFamily.K
                        (@CyclotomicField.instField.{0} (@OfNat.ofNat.{0} Nat (nat_lit 3) (instOfNatNat (nat_lit 3)))
                          Rat Rat.instField)))))
                (@Ideal.instHasQuotient_1.{0} OAI.SevenEighths.HeckeFamily.O
                  (@NumberField.instCommRingRingOfIntegers.{0} OAI.SevenEighths.HeckeFamily.K
                    (@CyclotomicField.instField.{0} (@OfNat.ofNat.{0} Nat (nat_lit 3) (instOfNatNat (nat_lit 3))) Rat
                      Rat.instField)))
                M)
              (@Semiring.toMonoid.{0}
                (@HasQuotient.Quotient.{0, 0} OAI.SevenEighths.HeckeFamily.O
                  (@Ideal.{0} OAI.SevenEighths.HeckeFamily.O
                    (@CommSemiring.toSemiring.{0} OAI.SevenEighths.HeckeFamily.O
                      (@CommRing.toCommSemiring.{0} OAI.SevenEighths.HeckeFamily.O
                        (@NumberField.instCommRingRingOfIntegers.{0} OAI.SevenEighths.HeckeFamily.K
                          (@CyclotomicField.instField.{0} (@OfNat.ofNat.{0} Nat (nat_lit 3) (instOfNatNat (nat_lit 3)))
                            Rat Rat.instField)))))
                  (@Ideal.instHasQuotient_1.{0} OAI.SevenEighths.HeckeFamily.O
                    (@NumberField.instCommRingRingOfIntegers.{0} OAI.SevenEighths.HeckeFamily.K
                      (@CyclotomicField.instField.{0} (@OfNat.ofNat.{0} Nat (nat_lit 3) (instOfNatNat (nat_lit 3))) Rat
                        Rat.instField)))
                  M)
                (@Ideal.Quotient.semiring.{0} OAI.SevenEighths.HeckeFamily.O
                  (@NumberField.instCommRingRingOfIntegers.{0} OAI.SevenEighths.HeckeFamily.K
                    (@CyclotomicField.instField.{0} (@OfNat.ofNat.{0} Nat (nat_lit 3) (instOfNatNat (nat_lit 3))) Rat
                      Rat.instField))
                  M)))
            (@Units.instGroup.{0}
              (@HasQuotient.Quotient.{0, 0} OAI.SevenEighths.HeckeFamily.O
                (@Ideal.{0} OAI.SevenEighths.HeckeFamily.O
                  (@CommSemiring.toSemiring.{0} OAI.SevenEighths.HeckeFamily.O
                    (@CommRing.toCommSemiring.{0} OAI.SevenEighths.HeckeFamily.O
                      (@NumberField.instCommRingRingOfIntegers.{0} OAI.SevenEighths.HeckeFamily.K
                        (@CyclotomicField.instField.{0} (@OfNat.ofNat.{0} Nat (nat_lit 3) (instOfNatNat (nat_lit 3)))
                          Rat Rat.instField)))))
                (@Ideal.instHasQuotient_1.{0} OAI.SevenEighths.HeckeFamily.O
                  (@NumberField.instCommRingRingOfIntegers.{0} OAI.SevenEighths.HeckeFamily.K
                    (@CyclotomicField.instField.{0} (@OfNat.ofNat.{0} Nat (nat_lit 3) (instOfNatNat (nat_lit 3))) Rat
                      Rat.instField)))
                M)
              (@Semiring.toMonoid.{0}
                (@HasQuotient.Quotient.{0, 0} OAI.SevenEighths.HeckeFamily.O
                  (@Ideal.{0} OAI.SevenEighths.HeckeFamily.O
                    (@CommSemiring.toSemiring.{0} OAI.SevenEighths.HeckeFamily.O
                      (@CommRing.toCommSemiring.{0} OAI.SevenEighths.HeckeFamily.O
                        (@NumberField.instCommRingRingOfIntegers.{0} OAI.SevenEighths.HeckeFamily.K
                          (@CyclotomicField.instField.{0} (@OfNat.ofNat.{0} Nat (nat_lit 3) (instOfNatNat (nat_lit 3)))
                            Rat Rat.instField)))))
                  (@Ideal.instHasQuotient_1.{0} OAI.SevenEighths.HeckeFamily.O
                    (@NumberField.instCommRingRingOfIntegers.{0} OAI.SevenEighths.HeckeFamily.K
                      (@CyclotomicField.instField.{0} (@OfNat.ofNat.{0} Nat (nat_lit 3) (instOfNatNat (nat_lit 3))) Rat
                        Rat.instField)))
                  M)
                (@Ideal.Quotient.semiring.{0} OAI.SevenEighths.HeckeFamily.O
                  (@NumberField.instCommRingRingOfIntegers.{0} OAI.SevenEighths.HeckeFamily.K
                    (@CyclotomicField.instField.{0} (@OfNat.ofNat.{0} Nat (nat_lit 3) (instOfNatNat (nat_lit 3))) Rat
                      Rat.instField))
                  M))))
          (@Subgroup.instPartialOrder.{0}
            (@Units.{0}
              (@HasQuotient.Quotient.{0, 0} OAI.SevenEighths.HeckeFamily.O
                (@Ideal.{0} OAI.SevenEighths.HeckeFamily.O
                  (@CommSemiring.toSemiring.{0} OAI.SevenEighths.HeckeFamily.O
                    (@CommRing.toCommSemiring.{0} OAI.SevenEighths.HeckeFamily.O
                      (@NumberField.instCommRingRingOfIntegers.{0} OAI.SevenEighths.HeckeFamily.K
                        (@CyclotomicField.instField.{0} (@OfNat.ofNat.{0} Nat (nat_lit 3) (instOfNatNat (nat_lit 3)))
                          Rat Rat.instField)))))
                (@Ideal.instHasQuotient_1.{0} OAI.SevenEighths.HeckeFamily.O
                  (@NumberField.instCommRingRingOfIntegers.{0} OAI.SevenEighths.HeckeFamily.K
                    (@CyclotomicField.instField.{0} (@OfNat.ofNat.{0} Nat (nat_lit 3) (instOfNatNat (nat_lit 3))) Rat
                      Rat.instField)))
                M)
              (@Semiring.toMonoid.{0}
                (@HasQuotient.Quotient.{0, 0} OAI.SevenEighths.HeckeFamily.O
                  (@Ideal.{0} OAI.SevenEighths.HeckeFamily.O
                    (@CommSemiring.toSemiring.{0} OAI.SevenEighths.HeckeFamily.O
                      (@CommRing.toCommSemiring.{0} OAI.SevenEighths.HeckeFamily.O
                        (@NumberField.instCommRingRingOfIntegers.{0} OAI.SevenEighths.HeckeFamily.K
                          (@CyclotomicField.instField.{0} (@OfNat.ofNat.{0} Nat (nat_lit 3) (instOfNatNat (nat_lit 3)))
                            Rat Rat.instField)))))
                  (@Ideal.instHasQuotient_1.{0} OAI.SevenEighths.HeckeFamily.O
                    (@NumberField.instCommRingRingOfIntegers.{0} OAI.SevenEighths.HeckeFamily.K
                      (@CyclotomicField.instField.{0} (@OfNat.ofNat.{0} Nat (nat_lit 3) (instOfNatNat (nat_lit 3))) Rat
                        Rat.instField)))
                  M)
                (@Ideal.Quotient.semiring.{0} OAI.SevenEighths.HeckeFamily.O
                  (@NumberField.instCommRingRingOfIntegers.{0} OAI.SevenEighths.HeckeFamily.K
                    (@CyclotomicField.instField.{0} (@OfNat.ofNat.{0} Nat (nat_lit 3) (instOfNatNat (nat_lit 3))) Rat
                      Rat.instField))
                  M)))
            (@Units.instGroup.{0}
              (@HasQuotient.Quotient.{0, 0} OAI.SevenEighths.HeckeFamily.O
                (@Ideal.{0} OAI.SevenEighths.HeckeFamily.O
                  (@CommSemiring.toSemiring.{0} OAI.SevenEighths.HeckeFamily.O
                    (@CommRing.toCommSemiring.{0} OAI.SevenEighths.HeckeFamily.O
                      (@NumberField.instCommRingRingOfIntegers.{0} OAI.SevenEighths.HeckeFamily.K
                        (@CyclotomicField.instField.{0} (@OfNat.ofNat.{0} Nat (nat_lit 3) (instOfNatNat (nat_lit 3)))
                          Rat Rat.instField)))))
                (@Ideal.instHasQuotient_1.{0} OAI.SevenEighths.HeckeFamily.O
                  (@NumberField.instCommRingRingOfIntegers.{0} OAI.SevenEighths.HeckeFamily.K
                    (@CyclotomicField.instField.{0} (@OfNat.ofNat.{0} Nat (nat_lit 3) (instOfNatNat (nat_lit 3))) Rat
                      Rat.instField)))
                M)
              (@Semiring.toMonoid.{0}
                (@HasQuotient.Quotient.{0, 0} OAI.SevenEighths.HeckeFamily.O
                  (@Ideal.{0} OAI.SevenEighths.HeckeFamily.O
                    (@CommSemiring.toSemiring.{0} OAI.SevenEighths.HeckeFamily.O
                      (@CommRing.toCommSemiring.{0} OAI.SevenEighths.HeckeFamily.O
                        (@NumberField.instCommRingRingOfIntegers.{0} OAI.SevenEighths.HeckeFamily.K
                          (@CyclotomicField.instField.{0} (@OfNat.ofNat.{0} Nat (nat_lit 3) (instOfNatNat (nat_lit 3)))
                            Rat Rat.instField)))))
                  (@Ideal.instHasQuotient_1.{0} OAI.SevenEighths.HeckeFamily.O
                    (@NumberField.instCommRingRingOfIntegers.{0} OAI.SevenEighths.HeckeFamily.K
                      (@CyclotomicField.instField.{0} (@OfNat.ofNat.{0} Nat (nat_lit 3) (instOfNatNat (nat_lit 3))) Rat
                        Rat.instField)))
                  M)
                (@Ideal.Quotient.semiring.{0} OAI.SevenEighths.HeckeFamily.O
                  (@NumberField.instCommRingRingOfIntegers.{0} OAI.SevenEighths.HeckeFamily.K
                    (@CyclotomicField.instField.{0} (@OfNat.ofNat.{0} Nat (nat_lit 3) (instOfNatNat (nat_lit 3))) Rat
                      Rat.instField))
                  M))))))
      (@OAI.SevenEighths.RayOrthogonality.globalUnits.{0} OAI.SevenEighths.HeckeFamily.O
        (@NumberField.instCommRingRingOfIntegers.{0} OAI.SevenEighths.HeckeFamily.K
          (@CyclotomicField.instField.{0} (@OfNat.ofNat.{0} Nat (nat_lit 3) (instOfNatNat (nat_lit 3))) Rat
            Rat.instField))
        M)
      H)
  (η : OAI.SevenEighths.HeckeFamily.Character)
  (θ :
    @Subtype.{1}
      (@MulChar.{0, 0}
        (@HasQuotient.Quotient.{0, 0} OAI.SevenEighths.HeckeFamily.O
          (@Ideal.{0} OAI.SevenEighths.HeckeFamily.O
            (@CommSemiring.toSemiring.{0} OAI.SevenEighths.HeckeFamily.O
              (@CommRing.toCommSemiring.{0} OAI.SevenEighths.HeckeFamily.O
                (@NumberField.instCommRingRingOfIntegers.{0} OAI.SevenEighths.HeckeFamily.K
                  (@CyclotomicField.instField.{0} (@OfNat.ofNat.{0} Nat (nat_lit 3) (instOfNatNat (nat_lit 3))) Rat
                    Rat.instField)))))
          (@Ideal.instHasQuotient_1.{0} OAI.SevenEighths.HeckeFamily.O
            (@NumberField.instCommRingRingOfIntegers.{0} OAI.SevenEighths.HeckeFamily.K
              (@CyclotomicField.instField.{0} (@OfNat.ofNat.{0} Nat (nat_lit 3) (instOfNatNat (nat_lit 3))) Rat
                Rat.instField)))
          M)
        (@CommRing.toCommMonoid.{0}
          (@HasQuotient.Quotient.{0, 0} OAI.SevenEighths.HeckeFamily.O
            (@Ideal.{0} OAI.SevenEighths.HeckeFamily.O
              (@CommSemiring.toSemiring.{0} OAI.SevenEighths.HeckeFamily.O
                (@CommRing.toCommSemiring.{0} OAI.SevenEighths.HeckeFamily.O
                  (@NumberField.instCommRingRingOfIntegers.{0} OAI.SevenEighths.HeckeFamily.K
                    (@CyclotomicField.instField.{0} (@OfNat.ofNat.{0} Nat (nat_lit 3) (instOfNatNat (nat_lit 3))) Rat
                      Rat.instField)))))
            (@Ideal.instHasQuotient_1.{0} OAI.SevenEighths.HeckeFamily.O
              (@NumberField.instCommRingRingOfIntegers.{0} OAI.SevenEighths.HeckeFamily.K
                (@CyclotomicField.instField.{0} (@OfNat.ofNat.{0} Nat (nat_lit 3) (instOfNatNat (nat_lit 3))) Rat
                  Rat.instField)))
            M)
          (@Ideal.Quotient.commRing.{0} OAI.SevenEighths.HeckeFamily.O
            (@NumberField.instCommRingRingOfIntegers.{0} OAI.SevenEighths.HeckeFamily.K
              (@CyclotomicField.instField.{0} (@OfNat.ofNat.{0} Nat (nat_lit 3) (instOfNatNat (nat_lit 3))) Rat
                Rat.instField))
            M))
        Complex
        (@CommGroupWithZero.toCommMonoidWithZero.{0} Complex
          (@Semifield.toCommGroupWithZero.{0} Complex (@Field.toSemifield.{0} Complex Complex.instField))))
      fun
        (x :
          @MulChar.{0, 0}
            (@HasQuotient.Quotient.{0, 0} OAI.SevenEighths.HeckeFamily.O
              (@Ideal.{0} OAI.SevenEighths.HeckeFamily.O
                (@CommSemiring.toSemiring.{0} OAI.SevenEighths.HeckeFamily.O
                  (@CommRing.toCommSemiring.{0} OAI.SevenEighths.HeckeFamily.O
                    (@NumberField.instCommRingRingOfIntegers.{0} OAI.SevenEighths.HeckeFamily.K
                      (@CyclotomicField.instField.{0} (@OfNat.ofNat.{0} Nat (nat_lit 3) (instOfNatNat (nat_lit 3))) Rat
                        Rat.instField)))))
              (@Ideal.instHasQuotient_1.{0} OAI.SevenEighths.HeckeFamily.O
                (@NumberField.instCommRingRingOfIntegers.{0} OAI.SevenEighths.HeckeFamily.K
                  (@CyclotomicField.instField.{0} (@OfNat.ofNat.{0} Nat (nat_lit 3) (instOfNatNat (nat_lit 3))) Rat
                    Rat.instField)))
              M)
            (@CommRing.toCommMonoid.{0}
              (@HasQuotient.Quotient.{0, 0} OAI.SevenEighths.HeckeFamily.O
                (@Ideal.{0} OAI.SevenEighths.HeckeFamily.O
                  (@CommSemiring.toSemiring.{0} OAI.SevenEighths.HeckeFamily.O
                    (@CommRing.toCommSemiring.{0} OAI.SevenEighths.HeckeFamily.O
                      (@NumberField.instCommRingRingOfIntegers.{0} OAI.SevenEighths.HeckeFamily.K
                        (@CyclotomicField.instField.{0} (@OfNat.ofNat.{0} Nat (nat_lit 3) (instOfNatNat (nat_lit 3)))
                          Rat Rat.instField)))))
                (@Ideal.instHasQuotient_1.{0} OAI.SevenEighths.HeckeFamily.O
                  (@NumberField.instCommRingRingOfIntegers.{0} OAI.SevenEighths.HeckeFamily.K
                    (@CyclotomicField.instField.{0} (@OfNat.ofNat.{0} Nat (nat_lit 3) (instOfNatNat (nat_lit 3))) Rat
                      Rat.instField)))
                M)
              (@Ideal.Quotient.commRing.{0} OAI.SevenEighths.HeckeFamily.O
                (@NumberField.instCommRingRingOfIntegers.{0} OAI.SevenEighths.HeckeFamily.K
                  (@CyclotomicField.instField.{0} (@OfNat.ofNat.{0} Nat (nat_lit 3) (instOfNatNat (nat_lit 3))) Rat
                    Rat.instField))
                M))
            Complex
            (@CommGroupWithZero.toCommMonoidWithZero.{0} Complex
              (@Semifield.toCommGroupWithZero.{0} Complex (@Field.toSemifield.{0} Complex Complex.instField)))) =>
      @Membership.mem.{0, 0}
        (@MulChar.{0, 0}
          (@HasQuotient.Quotient.{0, 0} OAI.SevenEighths.HeckeFamily.O
            (@Ideal.{0} OAI.SevenEighths.HeckeFamily.O
              (@CommSemiring.toSemiring.{0} OAI.SevenEighths.HeckeFamily.O
                (@CommRing.toCommSemiring.{0} OAI.SevenEighths.HeckeFamily.O
                  (@NumberField.instCommRingRingOfIntegers.{0} OAI.SevenEighths.HeckeFamily.K
                    (@CyclotomicField.instField.{0} (@OfNat.ofNat.{0} Nat (nat_lit 3) (instOfNatNat (nat_lit 3))) Rat
                      Rat.instField)))))
            (@Ideal.instHasQuotient_1.{0} OAI.SevenEighths.HeckeFamily.O
              (@NumberField.instCommRingRingOfIntegers.{0} OAI.SevenEighths.HeckeFamily.K
                (@CyclotomicField.instField.{0} (@OfNat.ofNat.{0} Nat (nat_lit 3) (instOfNatNat (nat_lit 3))) Rat
                  Rat.instField)))
            M)
          (@CommRing.toCommMonoid.{0}
            (@HasQuotient.Quotient.{0, 0} OAI.SevenEighths.HeckeFamily.O
              (@Ideal.{0} OAI.SevenEighths.HeckeFamily.O
                (@CommSemiring.toSemiring.{0} OAI.SevenEighths.HeckeFamily.O
                  (@CommRing.toCommSemiring.{0} OAI.SevenEighths.HeckeFamily.O
                    (@NumberField.instCommRingRingOfIntegers.{0} OAI.SevenEighths.HeckeFamily.K
                      (@CyclotomicField.instField.{0} (@OfNat.ofNat.{0} Nat (nat_lit 3) (instOfNatNat (nat_lit 3))) Rat
                        Rat.instField)))))
              (@Ideal.instHasQuotient_1.{0} OAI.SevenEighths.HeckeFamily.O
                (@NumberField.instCommRingRingOfIntegers.{0} OAI.SevenEighths.HeckeFamily.K
                  (@CyclotomicField.instField.{0} (@OfNat.ofNat.{0} Nat (nat_lit 3) (instOfNatNat (nat_lit 3))) Rat
                    Rat.instField)))
              M)
            (@Ideal.Quotient.commRing.{0} OAI.SevenEighths.HeckeFamily.O
              (@NumberField.instCommRingRingOfIntegers.{0} OAI.SevenEighths.HeckeFamily.K
                (@CyclotomicField.instField.{0} (@OfNat.ofNat.{0} Nat (nat_lit 3) (instOfNatNat (nat_lit 3))) Rat
                  Rat.instField))
              M))
          Complex
          (@CommGroupWithZero.toCommMonoidWithZero.{0} Complex
            (@Semifield.toCommGroupWithZero.{0} Complex (@Field.toSemifield.{0} Complex Complex.instField))))
        (@Subgroup.{0}
          (@MulChar.{0, 0}
            (@HasQuotient.Quotient.{0, 0} OAI.SevenEighths.HeckeFamily.O
              (@Ideal.{0} OAI.SevenEighths.HeckeFamily.O
                (@CommSemiring.toSemiring.{0} OAI.SevenEighths.HeckeFamily.O
                  (@CommRing.toCommSemiring.{0} OAI.SevenEighths.HeckeFamily.O
                    (@NumberField.instCommRingRingOfIntegers.{0} OAI.SevenEighths.HeckeFamily.K
                      (@CyclotomicField.instField.{0} (@OfNat.ofNat.{0} Nat (nat_lit 3) (instOfNatNat (nat_lit 3))) Rat
                        Rat.instField)))))
              (@Ideal.instHasQuotient_1.{0} OAI.SevenEighths.HeckeFamily.O
                (@NumberField.instCommRingRingOfIntegers.{0} OAI.SevenEighths.HeckeFamily.K
                  (@CyclotomicField.instField.{0} (@OfNat.ofNat.{0} Nat (nat_lit 3) (instOfNatNat (nat_lit 3))) Rat
                    Rat.instField)))
              M)
            (@CommRing.toCommMonoid.{0}
              (@HasQuotient.Quotient.{0, 0} OAI.SevenEighths.HeckeFamily.O
                (@Ideal.{0} OAI.SevenEighths.HeckeFamily.O
                  (@CommSemiring.toSemiring.{0} OAI.SevenEighths.HeckeFamily.O
                    (@CommRing.toCommSemiring.{0} OAI.SevenEighths.HeckeFamily.O
                      (@NumberField.instCommRingRingOfIntegers.{0} OAI.SevenEighths.HeckeFamily.K
                        (@CyclotomicField.instField.{0} (@OfNat.ofNat.{0} Nat (nat_lit 3) (instOfNatNat (nat_lit 3)))
                          Rat Rat.instField)))))
                (@Ideal.instHasQuotient_1.{0} OAI.SevenEighths.HeckeFamily.O
                  (@NumberField.instCommRingRingOfIntegers.{0} OAI.SevenEighths.HeckeFamily.K
                    (@CyclotomicField.instField.{0} (@OfNat.ofNat.{0} Nat (nat_lit 3) (instOfNatNat (nat_lit 3))) Rat
                      Rat.instField)))
                M)
              (@Ideal.Quotient.commRing.{0} OAI.SevenEighths.HeckeFamily.O
                (@NumberField.instCommRingRingOfIntegers.{0} OAI.SevenEighths.HeckeFamily.K
                  (@CyclotomicField.instField.{0} (@OfNat.ofNat.{0} Nat (nat_lit 3) (instOfNatNat (nat_lit 3))) Rat
                    Rat.instField))
                M))
            Complex
            (@CommGroupWithZero.toCommMonoidWithZero.{0} Complex
              (@Semifield.toCommGroupWithZero.{0} Complex (@Field.toSemifield.{0} Complex Complex.instField))))
          (@CommGroup.toGroup.{0}
            (@MulChar.{0, 0}
              (@HasQuotient.Quotient.{0, 0} OAI.SevenEighths.HeckeFamily.O
                (@Ideal.{0} OAI.SevenEighths.HeckeFamily.O
                  (@CommSemiring.toSemiring.{0} OAI.SevenEighths.HeckeFamily.O
                    (@CommRing.toCommSemiring.{0} OAI.SevenEighths.HeckeFamily.O
                      (@NumberField.instCommRingRingOfIntegers.{0} OAI.SevenEighths.HeckeFamily.K
                        (@CyclotomicField.instField.{0} (@OfNat.ofNat.{0} Nat (nat_lit 3) (instOfNatNat (nat_lit 3)))
                          Rat Rat.instField)))))
                (@Ideal.instHasQuotient_1.{0} OAI.SevenEighths.HeckeFamily.O
                  (@NumberField.instCommRingRingOfIntegers.{0} OAI.SevenEighths.HeckeFamily.K
                    (@CyclotomicField.instField.{0} (@OfNat.ofNat.{0} Nat (nat_lit 3) (instOfNatNat (nat_lit 3))) Rat
                      Rat.instField)))
                M)
              (@CommRing.toCommMonoid.{0}
                (@HasQuotient.Quotient.{0, 0} OAI.SevenEighths.HeckeFamily.O
                  (@Ideal.{0} OAI.SevenEighths.HeckeFamily.O
                    (@CommSemiring.toSemiring.{0} OAI.SevenEighths.HeckeFamily.O
                      (@CommRing.toCommSemiring.{0} OAI.SevenEighths.HeckeFamily.O
                        (@NumberField.instCommRingRingOfIntegers.{0} OAI.SevenEighths.HeckeFamily.K
                          (@CyclotomicField.instField.{0} (@OfNat.ofNat.{0} Nat (nat_lit 3) (instOfNatNat (nat_lit 3)))
                            Rat Rat.instField)))))
                  (@Ideal.instHasQuotient_1.{0} OAI.SevenEighths.HeckeFamily.O
                    (@NumberField.instCommRingRingOfIntegers.{0} OAI.SevenEighths.HeckeFamily.K
                      (@CyclotomicField.instField.{0} (@OfNat.ofNat.{0} Nat (nat_lit 3) (instOfNatNat (nat_lit 3))) Rat
                        Rat.instField)))
                  M)
                (@Ideal.Quotient.commRing.{0} OAI.SevenEighths.HeckeFamily.O
                  (@NumberField.instCommRingRingOfIntegers.{0} OAI.SevenEighths.HeckeFamily.K
                    (@CyclotomicField.instField.{0} (@OfNat.ofNat.{0} Nat (nat_lit 3) (instOfNatNat (nat_lit 3))) Rat
                      Rat.instField))
                  M))
              Complex
              (@CommGroupWithZero.toCommMonoidWithZero.{0} Complex
                (@Semifield.toCommGroupWithZero.{0} Complex (@Field.toSemifield.{0} Complex Complex.instField))))
            (@MulChar.commGroup.{0, 0}
              (@HasQuotient.Quotient.{0, 0} OAI.SevenEighths.HeckeFamily.O
                (@Ideal.{0} OAI.SevenEighths.HeckeFamily.O
                  (@CommSemiring.toSemiring.{0} OAI.SevenEighths.HeckeFamily.O
                    (@CommRing.toCommSemiring.{0} OAI.SevenEighths.HeckeFamily.O
                      (@NumberField.instCommRingRingOfIntegers.{0} OAI.SevenEighths.HeckeFamily.K
                        (@CyclotomicField.instField.{0} (@OfNat.ofNat.{0} Nat (nat_lit 3) (instOfNatNat (nat_lit 3)))
                          Rat Rat.instField)))))
                (@Ideal.instHasQuotient_1.{0} OAI.SevenEighths.HeckeFamily.O
                  (@NumberField.instCommRingRingOfIntegers.{0} OAI.SevenEighths.HeckeFamily.K
                    (@CyclotomicField.instField.{0} (@OfNat.ofNat.{0} Nat (nat_lit 3) (instOfNatNat (nat_lit 3))) Rat
                      Rat.instField)))
                M)
              (@CommRing.toCommMonoid.{0}
                (@HasQuotient.Quotient.{0, 0} OAI.SevenEighths.HeckeFamily.O
                  (@Ideal.{0} OAI.SevenEighths.HeckeFamily.O
                    (@CommSemiring.toSemiring.{0} OAI.SevenEighths.HeckeFamily.O
                      (@CommRing.toCommSemiring.{0} OAI.SevenEighths.HeckeFamily.O
                        (@NumberField.instCommRingRingOfIntegers.{0} OAI.SevenEighths.HeckeFamily.K
                          (@CyclotomicField.instField.{0} (@OfNat.ofNat.{0} Nat (nat_lit 3) (instOfNatNat (nat_lit 3)))
                            Rat Rat.instField)))))
                  (@Ideal.instHasQuotient_1.{0} OAI.SevenEighths.HeckeFamily.O
                    (@NumberField.instCommRingRingOfIntegers.{0} OAI.SevenEighths.HeckeFamily.K
                      (@CyclotomicField.instField.{0} (@OfNat.ofNat.{0} Nat (nat_lit 3) (instOfNatNat (nat_lit 3))) Rat
                        Rat.instField)))
                  M)
                (@Ideal.Quotient.commRing.{0} OAI.SevenEighths.HeckeFamily.O
                  (@NumberField.instCommRingRingOfIntegers.{0} OAI.SevenEighths.HeckeFamily.K
                    (@CyclotomicField.instField.{0} (@OfNat.ofNat.{0} Nat (nat_lit 3) (instOfNatNat (nat_lit 3))) Rat
                      Rat.instField))
                  M))
              Complex
              (@CommGroupWithZero.toCommMonoidWithZero.{0} Complex
                (@Semifield.toCommGroupWithZero.{0} Complex (@Field.toSemifield.{0} Complex Complex.instField))))))
        (@SetLike.instMembership.{0, 0}
          (@Subgroup.{0}
            (@MulChar.{0, 0}
              (@HasQuotient.Quotient.{0, 0} OAI.SevenEighths.HeckeFamily.O
                (@Ideal.{0} OAI.SevenEighths.HeckeFamily.O
                  (@CommSemiring.toSemiring.{0} OAI.SevenEighths.HeckeFamily.O
                    (@CommRing.toCommSemiring.{0} OAI.SevenEighths.HeckeFamily.O
                      (@NumberField.instCommRingRingOfIntegers.{0} OAI.SevenEighths.HeckeFamily.K
                        (@CyclotomicField.instField.{0} (@OfNat.ofNat.{0} Nat (nat_lit 3) (instOfNatNat (nat_lit 3)))
                          Rat Rat.instField)))))
                (@Ideal.instHasQuotient_1.{0} OAI.SevenEighths.HeckeFamily.O
                  (@NumberField.instCommRingRingOfIntegers.{0} OAI.SevenEighths.HeckeFamily.K
                    (@CyclotomicField.instField.{0} (@OfNat.ofNat.{0} Nat (nat_lit 3) (instOfNatNat (nat_lit 3))) Rat
                      Rat.instField)))
                M)
              (@CommRing.toCommMonoid.{0}
                (@HasQuotient.Quotient.{0, 0} OAI.SevenEighths.HeckeFamily.O
                  (@Ideal.{0} OAI.SevenEighths.HeckeFamily.O
                    (@CommSemiring.toSemiring.{0} OAI.SevenEighths.HeckeFamily.O
                      (@CommRing.toCommSemiring.{0} OAI.SevenEighths.HeckeFamily.O
                        (@NumberField.instCommRingRingOfIntegers.{0} OAI.SevenEighths.HeckeFamily.K
                          (@CyclotomicField.instField.{0} (@OfNat.ofNat.{0} Nat (nat_lit 3) (instOfNatNat (nat_lit 3)))
                            Rat Rat.instField)))))
                  (@Ideal.instHasQuotient_1.{0} OAI.SevenEighths.HeckeFamily.O
                    (@NumberField.instCommRingRingOfIntegers.{0} OAI.SevenEighths.HeckeFamily.K
                      (@CyclotomicField.instField.{0} (@OfNat.ofNat.{0} Nat (nat_lit 3) (instOfNatNat (nat_lit 3))) Rat
                        Rat.instField)))
                  M)
                (@Ideal.Quotient.commRing.{0} OAI.SevenEighths.HeckeFamily.O
                  (@NumberField.instCommRingRingOfIntegers.{0} OAI.SevenEighths.HeckeFamily.K
                    (@CyclotomicField.instField.{0} (@OfNat.ofNat.{0} Nat (nat_lit 3) (instOfNatNat (nat_lit 3))) Rat
                      Rat.instField))
                  M))
              Complex
              (@CommGroupWithZero.toCommMonoidWithZero.{0} Complex
                (@Semifield.toCommGroupWithZero.{0} Complex (@Field.toSemifield.{0} Complex Complex.instField))))
            (@CommGroup.toGroup.{0}
              (@MulChar.{0, 0}
                (@HasQuotient.Quotient.{0, 0} OAI.SevenEighths.HeckeFamily.O
                  (@Ideal.{0} OAI.SevenEighths.HeckeFamily.O
                    (@CommSemiring.toSemiring.{0} OAI.SevenEighths.HeckeFamily.O
                      (@CommRing.toCommSemiring.{0} OAI.SevenEighths.HeckeFamily.O
                        (@NumberField.instCommRingRingOfIntegers.{0} OAI.SevenEighths.HeckeFamily.K
                          (@CyclotomicField.instField.{0} (@OfNat.ofNat.{0} Nat (nat_lit 3) (instOfNatNat (nat_lit 3)))
                            Rat Rat.instField)))))
                  (@Ideal.instHasQuotient_1.{0} OAI.SevenEighths.HeckeFamily.O
                    (@NumberField.instCommRingRingOfIntegers.{0} OAI.SevenEighths.HeckeFamily.K
                      (@CyclotomicField.instField.{0} (@OfNat.ofNat.{0} Nat (nat_lit 3) (instOfNatNat (nat_lit 3))) Rat
                        Rat.instField)))
                  M)
                (@CommRing.toCommMonoid.{0}
                  (@HasQuotient.Quotient.{0, 0} OAI.SevenEighths.HeckeFamily.O
                    (@Ideal.{0} OAI.SevenEighths.HeckeFamily.O
                      (@CommSemiring.toSemiring.{0} OAI.SevenEighths.HeckeFamily.O
                        (@CommRing.toCommSemiring.{0} OAI.SevenEighths.HeckeFamily.O
                          (@NumberField.instCommRingRingOfIntegers.{0} OAI.SevenEighths.HeckeFamily.K
                            (@CyclotomicField.instField.{0}
                              (@OfNat.ofNat.{0} Nat (nat_lit 3) (instOfNatNat (nat_lit 3))) Rat Rat.instField)))))
                    (@Ideal.instHasQuotient_1.{0} OAI.SevenEighths.HeckeFamily.O
                      (@NumberField.instCommRingRingOfIntegers.{0} OAI.SevenEighths.HeckeFamily.K
                        (@CyclotomicField.instField.{0} (@OfNat.ofNat.{0} Nat (nat_lit 3) (instOfNatNat (nat_lit 3)))
                          Rat Rat.instField)))
                    M)
                  (@Ideal.Quotient.commRing.{0} OAI.SevenEighths.HeckeFamily.O
                    (@NumberField.instCommRingRingOfIntegers.{0} OAI.SevenEighths.HeckeFamily.K
                      (@CyclotomicField.instField.{0} (@OfNat.ofNat.{0} Nat (nat_lit 3) (instOfNatNat (nat_lit 3))) Rat
                        Rat.instField))
                    M))
                Complex
                (@CommGroupWithZero.toCommMonoidWithZero.{0} Complex
                  (@Semifield.toCommGroupWithZero.{0} Complex (@Field.toSemifield.{0} Complex Complex.instField))))
              (@MulChar.commGroup.{0, 0}
                (@HasQuotient.Quotient.{0, 0} OAI.SevenEighths.HeckeFamily.O
                  (@Ideal.{0} OAI.SevenEighths.HeckeFamily.O
                    (@CommSemiring.toSemiring.{0} OAI.SevenEighths.HeckeFamily.O
                      (@CommRing.toCommSemiring.{0} OAI.SevenEighths.HeckeFamily.O
                        (@NumberField.instCommRingRingOfIntegers.{0} OAI.SevenEighths.HeckeFamily.K
                          (@CyclotomicField.instField.{0} (@OfNat.ofNat.{0} Nat (nat_lit 3) (instOfNatNat (nat_lit 3)))
                            Rat Rat.instField)))))
                  (@Ideal.instHasQuotient_1.{0} OAI.SevenEighths.HeckeFamily.O
                    (@NumberField.instCommRingRingOfIntegers.{0} OAI.SevenEighths.HeckeFamily.K
                      (@CyclotomicField.instField.{0} (@OfNat.ofNat.{0} Nat (nat_lit 3) (instOfNatNat (nat_lit 3))) Rat
                        Rat.instField)))
                  M)
                (@CommRing.toCommMonoid.{0}
                  (@HasQuotient.Quotient.{0, 0} OAI.SevenEighths.HeckeFamily.O
                    (@Ideal.{0} OAI.SevenEighths.HeckeFamily.O
                      (@CommSemiring.toSemiring.{0} OAI.SevenEighths.HeckeFamily.O
                        (@CommRing.toCommSemiring.{0} OAI.SevenEighths.HeckeFamily.O
                          (@NumberField.instCommRingRingOfIntegers.{0} OAI.SevenEighths.HeckeFamily.K
                            (@CyclotomicField.instField.{0}
                              (@OfNat.ofNat.{0} Nat (nat_lit 3) (instOfNatNat (nat_lit 3))) Rat Rat.instField)))))
                    (@Ideal.instHasQuotient_1.{0} OAI.SevenEighths.HeckeFamily.O
                      (@NumberField.instCommRingRingOfIntegers.{0} OAI.SevenEighths.HeckeFamily.K
                        (@CyclotomicField.instField.{0} (@OfNat.ofNat.{0} Nat (nat_lit 3) (instOfNatNat (nat_lit 3)))
                          Rat Rat.instField)))
                    M)
                  (@Ideal.Quotient.commRing.{0} OAI.SevenEighths.HeckeFamily.O
                    (@NumberField.instCommRingRingOfIntegers.{0} OAI.SevenEighths.HeckeFamily.K
                      (@CyclotomicField.instField.{0} (@OfNat.ofNat.{0} Nat (nat_lit 3) (instOfNatNat (nat_lit 3))) Rat
                        Rat.instField))
                    M))
                Complex
                (@CommGroupWithZero.toCommMonoidWithZero.{0} Complex
                  (@Semifield.toCommGroupWithZero.{0} Complex (@Field.toSemifield.{0} Complex Complex.instField))))))
          (@MulChar.{0, 0}
            (@HasQuotient.Quotient.{0, 0} OAI.SevenEighths.HeckeFamily.O
              (@Ideal.{0} OAI.SevenEighths.HeckeFamily.O
                (@CommSemiring.toSemiring.{0} OAI.SevenEighths.HeckeFamily.O
                  (@CommRing.toCommSemiring.{0} OAI.SevenEighths.HeckeFamily.O
                    (@NumberField.instCommRingRingOfIntegers.{0} OAI.SevenEighths.HeckeFamily.K
                      (@CyclotomicField.instField.{0} (@OfNat.ofNat.{0} Nat (nat_lit 3) (instOfNatNat (nat_lit 3))) Rat
                        Rat.instField)))))
              (@Ideal.instHasQuotient_1.{0} OAI.SevenEighths.HeckeFamily.O
                (@NumberField.instCommRingRingOfIntegers.{0} OAI.SevenEighths.HeckeFamily.K
                  (@CyclotomicField.instField.{0} (@OfNat.ofNat.{0} Nat (nat_lit 3) (instOfNatNat (nat_lit 3))) Rat
                    Rat.instField)))
              M)
            (@CommRing.toCommMonoid.{0}
              (@HasQuotient.Quotient.{0, 0} OAI.SevenEighths.HeckeFamily.O
                (@Ideal.{0} OAI.SevenEighths.HeckeFamily.O
                  (@CommSemiring.toSemiring.{0} OAI.SevenEighths.HeckeFamily.O
                    (@CommRing.toCommSemiring.{0} OAI.SevenEighths.HeckeFamily.O
                      (@NumberField.instCommRingRingOfIntegers.{0} OAI.SevenEighths.HeckeFamily.K
                        (@CyclotomicField.instField.{0} (@OfNat.ofNat.{0} Nat (nat_lit 3) (instOfNatNat (nat_lit 3)))
                          Rat Rat.instField)))))
                (@Ideal.instHasQuotient_1.{0} OAI.SevenEighths.HeckeFamily.O
                  (@NumberField.instCommRingRingOfIntegers.{0} OAI.SevenEighths.HeckeFamily.K
                    (@CyclotomicField.instField.{0} (@OfNat.ofNat.{0} Nat (nat_lit 3) (instOfNatNat (nat_lit 3))) Rat
                      Rat.instField)))
                M)
              (@Ideal.Quotient.commRing.{0} OAI.SevenEighths.HeckeFamily.O
                (@NumberField.instCommRingRingOfIntegers.{0} OAI.SevenEighths.HeckeFamily.K
                  (@CyclotomicField.instField.{0} (@OfNat.ofNat.{0} Nat (nat_lit 3) (instOfNatNat (nat_lit 3))) Rat
                    Rat.instField))
                M))
            Complex
            (@CommGroupWithZero.toCommMonoidWithZero.{0} Complex
              (@Semifield.toCommGroupWithZero.{0} Complex (@Field.toSemifield.{0} Complex Complex.instField))))
          (@Subgroup.instSetLike.{0}
            (@MulChar.{0, 0}
              (@HasQuotient.Quotient.{0, 0} OAI.SevenEighths.HeckeFamily.O
                (@Ideal.{0} OAI.SevenEighths.HeckeFamily.O
                  (@CommSemiring.toSemiring.{0} OAI.SevenEighths.HeckeFamily.O
                    (@CommRing.toCommSemiring.{0} OAI.SevenEighths.HeckeFamily.O
                      (@NumberField.instCommRingRingOfIntegers.{0} OAI.SevenEighths.HeckeFamily.K
                        (@CyclotomicField.instField.{0} (@OfNat.ofNat.{0} Nat (nat_lit 3) (instOfNatNat (nat_lit 3)))
                          Rat Rat.instField)))))
                (@Ideal.instHasQuotient_1.{0} OAI.SevenEighths.HeckeFamily.O
                  (@NumberField.instCommRingRingOfIntegers.{0} OAI.SevenEighths.HeckeFamily.K
                    (@CyclotomicField.instField.{0} (@OfNat.ofNat.{0} Nat (nat_lit 3) (instOfNatNat (nat_lit 3))) Rat
                      Rat.instField)))
                M)
              (@CommRing.toCommMonoid.{0}
                (@HasQuotient.Quotient.{0, 0} OAI.SevenEighths.HeckeFamily.O
                  (@Ideal.{0} OAI.SevenEighths.HeckeFamily.O
                    (@CommSemiring.toSemiring.{0} OAI.SevenEighths.HeckeFamily.O
                      (@CommRing.toCommSemiring.{0} OAI.SevenEighths.HeckeFamily.O
                        (@NumberField.instCommRingRingOfIntegers.{0} OAI.SevenEighths.HeckeFamily.K
                          (@CyclotomicField.instField.{0} (@OfNat.ofNat.{0} Nat (nat_lit 3) (instOfNatNat (nat_lit 3)))
                            Rat Rat.instField)))))
                  (@Ideal.instHasQuotient_1.{0} OAI.SevenEighths.HeckeFamily.O
                    (@NumberField.instCommRingRingOfIntegers.{0} OAI.SevenEighths.HeckeFamily.K
                      (@CyclotomicField.instField.{0} (@OfNat.ofNat.{0} Nat (nat_lit 3) (instOfNatNat (nat_lit 3))) Rat
                        Rat.instField)))
                  M)
                (@Ideal.Quotient.commRing.{0} OAI.SevenEighths.HeckeFamily.O
                  (@NumberField.instCommRingRingOfIntegers.{0} OAI.SevenEighths.HeckeFamily.K
                    (@CyclotomicField.instField.{0} (@OfNat.ofNat.{0} Nat (nat_lit 3) (instOfNatNat (nat_lit 3))) Rat
                      Rat.instField))
                  M))
              Complex
              (@CommGroupWithZero.toCommMonoidWithZero.{0} Complex
                (@Semifield.toCommGroupWithZero.{0} Complex (@Field.toSemifield.{0} Complex Complex.instField))))
            (@CommGroup.toGroup.{0}
              (@MulChar.{0, 0}
                (@HasQuotient.Quotient.{0, 0} OAI.SevenEighths.HeckeFamily.O
                  (@Ideal.{0} OAI.SevenEighths.HeckeFamily.O
                    (@CommSemiring.toSemiring.{0} OAI.SevenEighths.HeckeFamily.O
                      (@CommRing.toCommSemiring.{0} OAI.SevenEighths.HeckeFamily.O
                        (@NumberField.instCommRingRingOfIntegers.{0} OAI.SevenEighths.HeckeFamily.K
                          (@CyclotomicField.instField.{0} (@OfNat.ofNat.{0} Nat (nat_lit 3) (instOfNatNat (nat_lit 3)))
                            Rat Rat.instField)))))
                  (@Ideal.instHasQuotient_1.{0} OAI.SevenEighths.HeckeFamily.O
                    (@NumberField.instCommRingRingOfIntegers.{0} OAI.SevenEighths.HeckeFamily.K
                      (@CyclotomicField.instField.{0} (@OfNat.ofNat.{0} Nat (nat_lit 3) (instOfNatNat (nat_lit 3))) Rat
                        Rat.instField)))
                  M)
                (@CommRing.toCommMonoid.{0}
                  (@HasQuotient.Quotient.{0, 0} OAI.SevenEighths.HeckeFamily.O
                    (@Ideal.{0} OAI.SevenEighths.HeckeFamily.O
                      (@CommSemiring.toSemiring.{0} OAI.SevenEighths.HeckeFamily.O
                        (@CommRing.toCommSemiring.{0} OAI.SevenEighths.HeckeFamily.O
                          (@NumberField.instCommRingRingOfIntegers.{0} OAI.SevenEighths.HeckeFamily.K
                            (@CyclotomicField.instField.{0}
                              (@OfNat.ofNat.{0} Nat (nat_lit 3) (instOfNatNat (nat_lit 3))) Rat Rat.instField)))))
                    (@Ideal.instHasQuotient_1.{0} OAI.SevenEighths.HeckeFamily.O
                      (@NumberField.instCommRingRingOfIntegers.{0} OAI.SevenEighths.HeckeFamily.K
                        (@CyclotomicField.instField.{0} (@OfNat.ofNat.{0} Nat (nat_lit 3) (instOfNatNat (nat_lit 3)))
                          Rat Rat.instField)))
                    M)
                  (@Ideal.Quotient.commRing.{0} OAI.SevenEighths.HeckeFamily.O
                    (@NumberField.instCommRingRingOfIntegers.{0} OAI.SevenEighths.HeckeFamily.K
                      (@CyclotomicField.instField.{0} (@OfNat.ofNat.{0} Nat (nat_lit 3) (instOfNatNat (nat_lit 3))) Rat
                        Rat.instField))
                    M))
                Complex
                (@CommGroupWithZero.toCommMonoidWithZero.{0} Complex
                  (@Semifield.toCommGroupWithZero.{0} Complex (@Field.toSemifield.{0} Complex Complex.instField))))
              (@MulChar.commGroup.{0, 0}
                (@HasQuotient.Quotient.{0, 0} OAI.SevenEighths.HeckeFamily.O
                  (@Ideal.{0} OAI.SevenEighths.HeckeFamily.O
                    (@CommSemiring.toSemiring.{0} OAI.SevenEighths.HeckeFamily.O
                      (@CommRing.toCommSemiring.{0} OAI.SevenEighths.HeckeFamily.O
                        (@NumberField.instCommRingRingOfIntegers.{0} OAI.SevenEighths.HeckeFamily.K
                          (@CyclotomicField.instField.{0} (@OfNat.ofNat.{0} Nat (nat_lit 3) (instOfNatNat (nat_lit 3)))
                            Rat Rat.instField)))))
                  (@Ideal.instHasQuotient_1.{0} OAI.SevenEighths.HeckeFamily.O
                    (@NumberField.instCommRingRingOfIntegers.{0} OAI.SevenEighths.HeckeFamily.K
                      (@CyclotomicField.instField.{0} (@OfNat.ofNat.{0} Nat (nat_lit 3) (instOfNatNat (nat_lit 3))) Rat
                        Rat.instField)))
                  M)
                (@CommRing.toCommMonoid.{0}
                  (@HasQuotient.Quotient.{0, 0} OAI.SevenEighths.HeckeFamily.O
                    (@Ideal.{0} OAI.SevenEighths.HeckeFamily.O
                      (@CommSemiring.toSemiring.{0} OAI.SevenEighths.HeckeFamily.O
                        (@CommRing.toCommSemiring.{0} OAI.SevenEighths.HeckeFamily.O
                          (@NumberField.instCommRingRingOfIntegers.{0} OAI.SevenEighths.HeckeFamily.K
                            (@CyclotomicField.instField.{0}
                              (@OfNat.ofNat.{0} Nat (nat_lit 3) (instOfNatNat (nat_lit 3))) Rat Rat.instField)))))
                    (@Ideal.instHasQuotient_1.{0} OAI.SevenEighths.HeckeFamily.O
                      (@NumberField.instCommRingRingOfIntegers.{0} OAI.SevenEighths.HeckeFamily.K
                        (@CyclotomicField.instField.{0} (@OfNat.ofNat.{0} Nat (nat_lit 3) (instOfNatNat (nat_lit 3)))
                          Rat Rat.instField)))
                    M)
                  (@Ideal.Quotient.commRing.{0} OAI.SevenEighths.HeckeFamily.O
                    (@NumberField.instCommRingRingOfIntegers.{0} OAI.SevenEighths.HeckeFamily.K
                      (@CyclotomicField.instField.{0} (@OfNat.ofNat.{0} Nat (nat_lit 3) (instOfNatNat (nat_lit 3))) Rat
                        Rat.instField))
                    M))
                Complex
                (@CommGroupWithZero.toCommMonoidWithZero.{0} Complex
                  (@Semifield.toCommGroupWithZero.{0} Complex (@Field.toSemifield.{0} Complex Complex.instField)))))))
        (@OAI.SevenEighths.RayQuotient.Characters.{0} OAI.SevenEighths.HeckeFamily.O
          (@NumberField.instCommRingRingOfIntegers.{0} OAI.SevenEighths.HeckeFamily.K
            (@CyclotomicField.instField.{0} (@OfNat.ofNat.{0} Nat (nat_lit 3) (instOfNatNat (nat_lit 3))) Rat
              Rat.instField))
          M (@OAI.SevenEighths.FiberRelativeEnergyBridge.instFiniteQuotientOIdeal M inst) H)
        x)
  (b D : Real)
  {I :
    @Ideal.{0} OAI.SevenEighths.HeckeFamily.O
      (@CommSemiring.toSemiring.{0} OAI.SevenEighths.HeckeFamily.O
        (@CommRing.toCommSemiring.{0} OAI.SevenEighths.HeckeFamily.O
          (@NumberField.instCommRingRingOfIntegers.{0} OAI.SevenEighths.HeckeFamily.K
            (@CyclotomicField.instField.{0} (@OfNat.ofNat.{0} Nat (nat_lit 3) (instOfNatNat (nat_lit 3))) Rat
              Rat.instField))))}
  (hI :
    @Membership.mem.{0, 0}
      (@Ideal.{0} OAI.SevenEighths.HeckeFamily.O
        (@CommSemiring.toSemiring.{0} OAI.SevenEighths.HeckeFamily.O
          (@CommRing.toCommSemiring.{0} OAI.SevenEighths.HeckeFamily.O
            (@NumberField.instCommRingRingOfIntegers.{0} OAI.SevenEighths.HeckeFamily.K
              (@CyclotomicField.instField.{0} (@OfNat.ofNat.{0} Nat (nat_lit 3) (instOfNatNat (nat_lit 3))) Rat
                Rat.instField)))))
      (Finset.{0}
        (@Ideal.{0} OAI.SevenEighths.HeckeFamily.O
          (@CommSemiring.toSemiring.{0} OAI.SevenEighths.HeckeFamily.O
            (@CommRing.toCommSemiring.{0} OAI.SevenEighths.HeckeFamily.O
              (@NumberField.instCommRingRingOfIntegers.{0} OAI.SevenEighths.HeckeFamily.K
                (@CyclotomicField.instField.{0} (@OfNat.ofNat.{0} Nat (nat_lit 3) (instOfNatNat (nat_lit 3))) Rat
                  Rat.instField))))))
      (@SetLike.instMembership.{0, 0}
        (Finset.{0}
          (@Ideal.{0} OAI.SevenEighths.HeckeFamily.O
            (@CommSemiring.toSemiring.{0} OAI.SevenEighths.HeckeFamily.O
              (@CommRing.toCommSemiring.{0} OAI.SevenEighths.HeckeFamily.O
                (@NumberField.instCommRingRingOfIntegers.{0} OAI.SevenEighths.HeckeFamily.K
                  (@CyclotomicField.instField.{0} (@OfNat.ofNat.{0} Nat (nat_lit 3) (instOfNatNat (nat_lit 3))) Rat
                    Rat.instField))))))
        (@Ideal.{0} OAI.SevenEighths.HeckeFamily.O
          (@CommSemiring.toSemiring.{0} OAI.SevenEighths.HeckeFamily.O
            (@CommRing.toCommSemiring.{0} OAI.SevenEighths.HeckeFamily.O
              (@NumberField.instCommRingRingOfIntegers.{0} OAI.SevenEighths.HeckeFamily.K
                (@CyclotomicField.instField.{0} (@OfNat.ofNat.{0} Nat (nat_lit 3) (instOfNatNat (nat_lit 3))) Rat
                  Rat.instField)))))
        (@Finset.instSetLike.{0}
          (@Ideal.{0} OAI.SevenEighths.HeckeFamily.O
            (@CommSemiring.toSemiring.{0} OAI.SevenEighths.HeckeFamily.O
              (@CommRing.toCommSemiring.{0} OAI.SevenEighths.HeckeFamily.O
                (@NumberField.instCommRingRingOfIntegers.{0} OAI.SevenEighths.HeckeFamily.K
                  (@CyclotomicField.instField.{0} (@OfNat.ofNat.{0} Nat (nat_lit 3) (instOfNatNat (nat_lit 3))) Rat
                    Rat.instField)))))))
      (OAI.SevenEighths.CenteredMomentPrimeSlot.primePool M H b D) I),
  @Eq.{1} Complex
    (@DFunLike.coe.{1, 1, 1}
      (@MonoidWithZeroHom.{0, 0}
        (@Ideal.{0} OAI.SevenEighths.HeckeFamily.O
          (@CommSemiring.toSemiring.{0} OAI.SevenEighths.HeckeFamily.O
            (@CommRing.toCommSemiring.{0} OAI.SevenEighths.HeckeFamily.O
              (@NumberField.instCommRingRingOfIntegers.{0} OAI.SevenEighths.HeckeFamily.K
                (@CyclotomicField.instField.{0} (@OfNat.ofNat.{0} Nat (nat_lit 3) (instOfNatNat (nat_lit 3))) Rat
                  Rat.instField)))))
        Complex
        (@instMulZeroOneClassOfSemiring.{0}
          (@Ideal.{0} OAI.SevenEighths.HeckeFamily.O
            (@CommSemiring.toSemiring.{0} OAI.SevenEighths.HeckeFamily.O
              (@CommRing.toCommSemiring.{0} OAI.SevenEighths.HeckeFamily.O
                (@NumberField.instCommRingRingOfIntegers.{0} OAI.SevenEighths.HeckeFamily.K
                  (@CyclotomicField.instField.{0} (@OfNat.ofNat.{0} Nat (nat_lit 3) (instOfNatNat (nat_lit 3))) Rat
                    Rat.instField)))))
          (@IdemSemiring.toSemiring.{0}
            (@Ideal.{0} OAI.SevenEighths.HeckeFamily.O
              (@CommSemiring.toSemiring.{0} OAI.SevenEighths.HeckeFamily.O
                (@CommRing.toCommSemiring.{0} OAI.SevenEighths.HeckeFamily.O
                  (@NumberField.instCommRingRingOfIntegers.{0} OAI.SevenEighths.HeckeFamily.K
                    (@CyclotomicField.instField.{0} (@OfNat.ofNat.{0} Nat (nat_lit 3) (instOfNatNat (nat_lit 3))) Rat
                      Rat.instField)))))
            (@Submodule.idemSemiring.{0, 0} OAI.SevenEighths.HeckeFamily.O
              (@CommRing.toCommSemiring.{0} OAI.SevenEighths.HeckeFamily.O
                (@NumberField.instCommRingRingOfIntegers.{0} OAI.SevenEighths.HeckeFamily.K
                  (@CyclotomicField.instField.{0} (@OfNat.ofNat.{0} Nat (nat_lit 3) (instOfNatNat (nat_lit 3))) Rat
                    Rat.instField)))
              OAI.SevenEighths.HeckeFamily.O
              (@CommSemiring.toSemiring.{0} OAI.SevenEighths.HeckeFamily.O
                (@CommRing.toCommSemiring.{0} OAI.SevenEighths.HeckeFamily.O
                  (@NumberField.instCommRingRingOfIntegers.{0} OAI.SevenEighths.HeckeFamily.K
                    (@CyclotomicField.instField.{0} (@OfNat.ofNat.{0} Nat (nat_lit 3) (instOfNatNat (nat_lit 3))) Rat
                      Rat.instField))))
              (@Algebra.id.{0} OAI.SevenEighths.HeckeFamily.O
                (@CommRing.toCommSemiring.{0} OAI.SevenEighths.HeckeFamily.O
                  (@NumberField.instCommRingRingOfIntegers.{0} OAI.SevenEighths.HeckeFamily.K
                    (@CyclotomicField.instField.{0} (@OfNat.ofNat.{0} Nat (nat_lit 3) (instOfNatNat (nat_lit 3))) Rat
                      Rat.instField)))))))
        (@instMulZeroOneClassOfSemiring.{0} Complex Complex.instSemiring))
      (@Ideal.{0} OAI.SevenEighths.HeckeFamily.O
        (@CommSemiring.toSemiring.{0} OAI.SevenEighths.HeckeFamily.O
          (@CommRing.toCommSemiring.{0} OAI.SevenEighths.HeckeFamily.O
            (@NumberField.instCommRingRingOfIntegers.{0} OAI.SevenEighths.HeckeFamily.K
              (@CyclotomicField.instField.{0} (@OfNat.ofNat.{0} Nat (nat_lit 3) (instOfNatNat (nat_lit 3))) Rat
                Rat.instField)))))
      (fun
          (x :
            @Ideal.{0} OAI.SevenEighths.HeckeFamily.O
              (@CommSemiring.toSemiring.{0} OAI.SevenEighths.HeckeFamily.O
                (@CommRing.toCommSemiring.{0} OAI.SevenEighths.HeckeFamily.O
                  (@NumberField.instCommRingRingOfIntegers.{0} OAI.SevenEighths.HeckeFamily.K
                    (@CyclotomicField.instField.{0} (@OfNat.ofNat.{0} Nat (nat_lit 3) (instOfNatNat (nat_lit 3))) Rat
                      Rat.instField))))) =>
        Complex)
      (@MonoidWithZeroHom.funLike.{0, 0}
        (@Ideal.{0} OAI.SevenEighths.HeckeFamily.O
          (@CommSemiring.toSemiring.{0} OAI.SevenEighths.HeckeFamily.O
            (@CommRing.toCommSemiring.{0} OAI.SevenEighths.HeckeFamily.O
              (@NumberField.instCommRingRingOfIntegers.{0} OAI.SevenEighths.HeckeFamily.K
                (@CyclotomicField.instField.{0} (@OfNat.ofNat.{0} Nat (nat_lit 3) (instOfNatNat (nat_lit 3))) Rat
                  Rat.instField)))))
        Complex
        (@instMulZeroOneClassOfSemiring.{0}
          (@Ideal.{0} OAI.SevenEighths.HeckeFamily.O
            (@CommSemiring.toSemiring.{0} OAI.SevenEighths.HeckeFamily.O
              (@CommRing.toCommSemiring.{0} OAI.SevenEighths.HeckeFamily.O
                (@NumberField.instCommRingRingOfIntegers.{0} OAI.SevenEighths.HeckeFamily.K
                  (@CyclotomicField.instField.{0} (@OfNat.ofNat.{0} Nat (nat_lit 3) (instOfNatNat (nat_lit 3))) Rat
                    Rat.instField)))))
          (@IdemSemiring.toSemiring.{0}
            (@Ideal.{0} OAI.SevenEighths.HeckeFamily.O
              (@CommSemiring.toSemiring.{0} OAI.SevenEighths.HeckeFamily.O
                (@CommRing.toCommSemiring.{0} OAI.SevenEighths.HeckeFamily.O
                  (@NumberField.instCommRingRingOfIntegers.{0} OAI.SevenEighths.HeckeFamily.K
                    (@CyclotomicField.instField.{0} (@OfNat.ofNat.{0} Nat (nat_lit 3) (instOfNatNat (nat_lit 3))) Rat
                      Rat.instField)))))
            (@Submodule.idemSemiring.{0, 0} OAI.SevenEighths.HeckeFamily.O
              (@CommRing.toCommSemiring.{0} OAI.SevenEighths.HeckeFamily.O
                (@NumberField.instCommRingRingOfIntegers.{0} OAI.SevenEighths.HeckeFamily.K
                  (@CyclotomicField.instField.{0} (@OfNat.ofNat.{0} Nat (nat_lit 3) (instOfNatNat (nat_lit 3))) Rat
                    Rat.instField)))
              OAI.SevenEighths.HeckeFamily.O
              (@CommSemiring.toSemiring.{0} OAI.SevenEighths.HeckeFamily.O
                (@CommRing.toCommSemiring.{0} OAI.SevenEighths.HeckeFamily.O
                  (@NumberField.instCommRingRingOfIntegers.{0} OAI.SevenEighths.HeckeFamily.K
                    (@CyclotomicField.instField.{0} (@OfNat.ofNat.{0} Nat (nat_lit 3) (instOfNatNat (nat_lit 3))) Rat
                      Rat.instField))))
              (@Algebra.id.{0} OAI.SevenEighths.HeckeFamily.O
                (@CommRing.toCommSemiring.{0} OAI.SevenEighths.HeckeFamily.O
                  (@NumberField.instCommRingRingOfIntegers.{0} OAI.SevenEighths.HeckeFamily.K
                    (@CyclotomicField.instField.{0} (@OfNat.ofNat.{0} Nat (nat_lit 3) (instOfNatNat (nat_lit 3))) Rat
                      Rat.instField)))))))
        (@instMulZeroOneClassOfSemiring.{0} Complex Complex.instSemiring))
      (OAI.SevenEighths.HeckeFamily.idealCoeff
        (@OAI.SevenEighths.CenteredMomentNaturalFixedRaySource.relativeCharacter M inst H hH η θ))
      I)
    (@DFunLike.coe.{1, 1, 1}
      (@MonoidWithZeroHom.{0, 0}
        (@Ideal.{0} OAI.SevenEighths.HeckeFamily.O
          (@CommSemiring.toSemiring.{0} OAI.SevenEighths.HeckeFamily.O
            (@CommRing.toCommSemiring.{0} OAI.SevenEighths.HeckeFamily.O
              (@NumberField.instCommRingRingOfIntegers.{0} OAI.SevenEighths.HeckeFamily.K
                (@CyclotomicField.instField.{0} (@OfNat.ofNat.{0} Nat (nat_lit 3) (instOfNatNat (nat_lit 3))) Rat
                  Rat.instField)))))
        Complex
        (@instMulZeroOneClassOfSemiring.{0}
          (@Ideal.{0} OAI.SevenEighths.HeckeFamily.O
            (@CommSemiring.toSemiring.{0} OAI.SevenEighths.HeckeFamily.O
              (@CommRing.toCommSemiring.{0} OAI.SevenEighths.HeckeFamily.O
                (@NumberField.instCommRingRingOfIntegers.{0} OAI.SevenEighths.HeckeFamily.K
                  (@CyclotomicField.instField.{0} (@OfNat.ofNat.{0} Nat (nat_lit 3) (instOfNatNat (nat_lit 3))) Rat
                    Rat.instField)))))
          (@IdemSemiring.toSemiring.{0}
            (@Ideal.{0} OAI.SevenEighths.HeckeFamily.O
              (@CommSemiring.toSemiring.{0} OAI.SevenEighths.HeckeFamily.O
                (@CommRing.toCommSemiring.{0} OAI.SevenEighths.HeckeFamily.O
                  (@NumberField.instCommRingRingOfIntegers.{0} OAI.SevenEighths.HeckeFamily.K
                    (@CyclotomicField.instField.{0} (@OfNat.ofNat.{0} Nat (nat_lit 3) (instOfNatNat (nat_lit 3))) Rat
                      Rat.instField)))))
            (@Submodule.idemSemiring.{0, 0} OAI.SevenEighths.HeckeFamily.O
              (@CommRing.toCommSemiring.{0} OAI.SevenEighths.HeckeFamily.O
                (@NumberField.instCommRingRingOfIntegers.{0} OAI.SevenEighths.HeckeFamily.K
                  (@CyclotomicField.instField.{0} (@OfNat.ofNat.{0} Nat (nat_lit 3) (instOfNatNat (nat_lit 3))) Rat
                    Rat.instField)))
              OAI.SevenEighths.HeckeFamily.O
              (@CommSemiring.toSemiring.{0} OAI.SevenEighths.HeckeFamily.O
                (@CommRing.toCommSemiring.{0} OAI.SevenEighths.HeckeFamily.O
                  (@NumberField.instCommRingRingOfIntegers.{0} OAI.SevenEighths.HeckeFamily.K
                    (@CyclotomicField.instField.{0} (@OfNat.ofNat.{0} Nat (nat_lit 3) (instOfNatNat (nat_lit 3))) Rat
                      Rat.instField))))
              (@Algebra.id.{0} OAI.SevenEighths.HeckeFamily.O
                (@CommRing.toCommSemiring.{0} OAI.SevenEighths.HeckeFamily.O
                  (@NumberField.instCommRingRingOfIntegers.{0} OAI.SevenEighths.HeckeFamily.K
                    (@CyclotomicField.instField.{0} (@OfNat.ofNat.{0} Nat (nat_lit 3) (instOfNatNat (nat_lit 3))) Rat
                      Rat.instField)))))))
        (@instMulZeroOneClassOfSemiring.{0} Complex Complex.instSemiring))
      (@Ideal.{0} OAI.SevenEighths.HeckeFamily.O
        (@CommSemiring.toSemiring.{0} OAI.SevenEighths.HeckeFamily.O
          (@CommRing.toCommSemiring.{0} OAI.SevenEighths.HeckeFamily.O
            (@NumberField.instCommRingRingOfIntegers.{0} OAI.SevenEighths.HeckeFamily.K
              (@CyclotomicField.instField.{0} (@OfNat.ofNat.{0} Nat (nat_lit 3) (instOfNatNat (nat_lit 3))) Rat
                Rat.instField)))))
      (fun
          (x :
            @Ideal.{0} OAI.SevenEighths.HeckeFamily.O
              (@CommSemiring.toSemiring.{0} OAI.SevenEighths.HeckeFamily.O
                (@CommRing.toCommSemiring.{0} OAI.SevenEighths.HeckeFamily.O
                  (@NumberField.instCommRingRingOfIntegers.{0} OAI.SevenEighths.HeckeFamily.K
                    (@CyclotomicField.instField.{0} (@OfNat.ofNat.{0} Nat (nat_lit 3) (instOfNatNat (nat_lit 3))) Rat
                      Rat.instField))))) =>
        Complex)
      (@MonoidWithZeroHom.funLike.{0, 0}
        (@Ideal.{0} OAI.SevenEighths.HeckeFamily.O
          (@CommSemiring.toSemiring.{0} OAI.SevenEighths.HeckeFamily.O
            (@CommRing.toCommSemiring.{0} OAI.SevenEighths.HeckeFamily.O
              (@NumberField.instCommRingRingOfIntegers.{0} OAI.SevenEighths.HeckeFamily.K
                (@CyclotomicField.instField.{0} (@OfNat.ofNat.{0} Nat (nat_lit 3) (instOfNatNat (nat_lit 3))) Rat
                  Rat.instField)))))
        Complex
        (@instMulZeroOneClassOfSemiring.{0}
          (@Ideal.{0} OAI.SevenEighths.HeckeFamily.O
            (@CommSemiring.toSemiring.{0} OAI.SevenEighths.HeckeFamily.O
              (@CommRing.toCommSemiring.{0} OAI.SevenEighths.HeckeFamily.O
                (@NumberField.instCommRingRingOfIntegers.{0} OAI.SevenEighths.HeckeFamily.K
                  (@CyclotomicField.instField.{0} (@OfNat.ofNat.{0} Nat (nat_lit 3) (instOfNatNat (nat_lit 3))) Rat
                    Rat.instField)))))
          (@IdemSemiring.toSemiring.{0}
            (@Ideal.{0} OAI.SevenEighths.HeckeFamily.O
              (@CommSemiring.toSemiring.{0} OAI.SevenEighths.HeckeFamily.O
                (@CommRing.toCommSemiring.{0} OAI.SevenEighths.HeckeFamily.O
                  (@NumberField.instCommRingRingOfIntegers.{0} OAI.SevenEighths.HeckeFamily.K
                    (@CyclotomicField.instField.{0} (@OfNat.ofNat.{0} Nat (nat_lit 3) (instOfNatNat (nat_lit 3))) Rat
                      Rat.instField)))))
            (@Submodule.idemSemiring.{0, 0} OAI.SevenEighths.HeckeFamily.O
              (@CommRing.toCommSemiring.{0} OAI.SevenEighths.HeckeFamily.O
                (@NumberField.instCommRingRingOfIntegers.{0} OAI.SevenEighths.HeckeFamily.K
                  (@CyclotomicField.instField.{0} (@OfNat.ofNat.{0} Nat (nat_lit 3) (instOfNatNat (nat_lit 3))) Rat
                    Rat.instField)))
              OAI.SevenEighths.HeckeFamily.O
              (@CommSemiring.toSemiring.{0} OAI.SevenEighths.HeckeFamily.O
                (@CommRing.toCommSemiring.{0} OAI.SevenEighths.HeckeFamily.O
                  (@NumberField.instCommRingRingOfIntegers.{0} OAI.SevenEighths.HeckeFamily.K
                    (@CyclotomicField.instField.{0} (@OfNat.ofNat.{0} Nat (nat_lit 3) (instOfNatNat (nat_lit 3))) Rat
                      Rat.instField))))
              (@Algebra.id.{0} OAI.SevenEighths.HeckeFamily.O
                (@CommRing.toCommSemiring.{0} OAI.SevenEighths.HeckeFamily.O
                  (@NumberField.instCommRingRingOfIntegers.{0} OAI.SevenEighths.HeckeFamily.K
                    (@CyclotomicField.instField.{0} (@OfNat.ofNat.{0} Nat (nat_lit 3) (instOfNatNat (nat_lit 3))) Rat
                      Rat.instField)))))))
        (@instMulZeroOneClassOfSemiring.{0} Complex Complex.instSemiring))
      (OAI.SevenEighths.HeckeFamily.idealCoeff (OAI.SevenEighths.HeckeFamily.Character.inverse η)) I)
'OAI.SevenEighths.FiberRelativeEnergyBridge.relative_coefficient_on_actual_primePool' depends on axioms: [propext,
 Classical.choice,
 Quot.sound]
@OAI.SevenEighths.FiberRelativeEnergyBridge.actual_fiber_plain_le_relative_energy.{u_1,
    u_2} : ∀
  {M :
    @Ideal.{0} OAI.SevenEighths.HeckeFamily.O
      (@CommSemiring.toSemiring.{0} OAI.SevenEighths.HeckeFamily.O
        (@CommRing.toCommSemiring.{0} OAI.SevenEighths.HeckeFamily.O
          (@NumberField.instCommRingRingOfIntegers.{0} OAI.SevenEighths.HeckeFamily.K
            (@CyclotomicField.instField.{0} (@OfNat.ofNat.{0} Nat (nat_lit 3) (instOfNatNat (nat_lit 3))) Rat
              Rat.instField))))}
  [inst :
    @NeZero.{0}
      (@Ideal.{0} OAI.SevenEighths.HeckeFamily.O
        (@CommSemiring.toSemiring.{0} OAI.SevenEighths.HeckeFamily.O
          (@CommRing.toCommSemiring.{0} OAI.SevenEighths.HeckeFamily.O
            (@NumberField.instCommRingRingOfIntegers.{0} OAI.SevenEighths.HeckeFamily.K
              (@CyclotomicField.instField.{0} (@OfNat.ofNat.{0} Nat (nat_lit 3) (instOfNatNat (nat_lit 3))) Rat
                Rat.instField)))))
      (@Submodule.pointwiseZero.{0, 0} OAI.SevenEighths.HeckeFamily.O OAI.SevenEighths.HeckeFamily.O
        (@CommSemiring.toSemiring.{0} OAI.SevenEighths.HeckeFamily.O
          (@CommRing.toCommSemiring.{0} OAI.SevenEighths.HeckeFamily.O
            (@NumberField.instCommRingRingOfIntegers.{0} OAI.SevenEighths.HeckeFamily.K
              (@CyclotomicField.instField.{0} (@OfNat.ofNat.{0} Nat (nat_lit 3) (instOfNatNat (nat_lit 3))) Rat
                Rat.instField))))
        (@Semiring.toAddCommMonoid.{0} OAI.SevenEighths.HeckeFamily.O
          (@CommSemiring.toSemiring.{0} OAI.SevenEighths.HeckeFamily.O
            (@CommRing.toCommSemiring.{0} OAI.SevenEighths.HeckeFamily.O
              (@NumberField.instCommRingRingOfIntegers.{0} OAI.SevenEighths.HeckeFamily.K
                (@CyclotomicField.instField.{0} (@OfNat.ofNat.{0} Nat (nat_lit 3) (instOfNatNat (nat_lit 3))) Rat
                  Rat.instField)))))
        (@Semiring.toModule.{0} OAI.SevenEighths.HeckeFamily.O
          (@CommSemiring.toSemiring.{0} OAI.SevenEighths.HeckeFamily.O
            (@CommRing.toCommSemiring.{0} OAI.SevenEighths.HeckeFamily.O
              (@NumberField.instCommRingRingOfIntegers.{0} OAI.SevenEighths.HeckeFamily.K
                (@CyclotomicField.instField.{0} (@OfNat.ofNat.{0} Nat (nat_lit 3) (instOfNatNat (nat_lit 3))) Rat
                  Rat.instField))))))
      M]
  {H :
    @Subgroup.{0}
      (@Units.{0}
        (@HasQuotient.Quotient.{0, 0} OAI.SevenEighths.HeckeFamily.O
          (@Ideal.{0} OAI.SevenEighths.HeckeFamily.O
            (@CommSemiring.toSemiring.{0} OAI.SevenEighths.HeckeFamily.O
              (@CommRing.toCommSemiring.{0} OAI.SevenEighths.HeckeFamily.O
                (@NumberField.instCommRingRingOfIntegers.{0} OAI.SevenEighths.HeckeFamily.K
                  (@CyclotomicField.instField.{0} (@OfNat.ofNat.{0} Nat (nat_lit 3) (instOfNatNat (nat_lit 3))) Rat
                    Rat.instField)))))
          (@Ideal.instHasQuotient_1.{0} OAI.SevenEighths.HeckeFamily.O
            (@NumberField.instCommRingRingOfIntegers.{0} OAI.SevenEighths.HeckeFamily.K
              (@CyclotomicField.instField.{0} (@OfNat.ofNat.{0} Nat (nat_lit 3) (instOfNatNat (nat_lit 3))) Rat
                Rat.instField)))
          M)
        (@Semiring.toMonoid.{0}
          (@HasQuotient.Quotient.{0, 0} OAI.SevenEighths.HeckeFamily.O
            (@Ideal.{0} OAI.SevenEighths.HeckeFamily.O
              (@CommSemiring.toSemiring.{0} OAI.SevenEighths.HeckeFamily.O
                (@CommRing.toCommSemiring.{0} OAI.SevenEighths.HeckeFamily.O
                  (@NumberField.instCommRingRingOfIntegers.{0} OAI.SevenEighths.HeckeFamily.K
                    (@CyclotomicField.instField.{0} (@OfNat.ofNat.{0} Nat (nat_lit 3) (instOfNatNat (nat_lit 3))) Rat
                      Rat.instField)))))
            (@Ideal.instHasQuotient_1.{0} OAI.SevenEighths.HeckeFamily.O
              (@NumberField.instCommRingRingOfIntegers.{0} OAI.SevenEighths.HeckeFamily.K
                (@CyclotomicField.instField.{0} (@OfNat.ofNat.{0} Nat (nat_lit 3) (instOfNatNat (nat_lit 3))) Rat
                  Rat.instField)))
            M)
          (@Ideal.Quotient.semiring.{0} OAI.SevenEighths.HeckeFamily.O
            (@NumberField.instCommRingRingOfIntegers.{0} OAI.SevenEighths.HeckeFamily.K
              (@CyclotomicField.instField.{0} (@OfNat.ofNat.{0} Nat (nat_lit 3) (instOfNatNat (nat_lit 3))) Rat
                Rat.instField))
            M)))
      (@Units.instGroup.{0}
        (@HasQuotient.Quotient.{0, 0} OAI.SevenEighths.HeckeFamily.O
          (@Ideal.{0} OAI.SevenEighths.HeckeFamily.O
            (@CommSemiring.toSemiring.{0} OAI.SevenEighths.HeckeFamily.O
              (@CommRing.toCommSemiring.{0} OAI.SevenEighths.HeckeFamily.O
                (@NumberField.instCommRingRingOfIntegers.{0} OAI.SevenEighths.HeckeFamily.K
                  (@CyclotomicField.instField.{0} (@OfNat.ofNat.{0} Nat (nat_lit 3) (instOfNatNat (nat_lit 3))) Rat
                    Rat.instField)))))
          (@Ideal.instHasQuotient_1.{0} OAI.SevenEighths.HeckeFamily.O
            (@NumberField.instCommRingRingOfIntegers.{0} OAI.SevenEighths.HeckeFamily.K
              (@CyclotomicField.instField.{0} (@OfNat.ofNat.{0} Nat (nat_lit 3) (instOfNatNat (nat_lit 3))) Rat
                Rat.instField)))
          M)
        (@Semiring.toMonoid.{0}
          (@HasQuotient.Quotient.{0, 0} OAI.SevenEighths.HeckeFamily.O
            (@Ideal.{0} OAI.SevenEighths.HeckeFamily.O
              (@CommSemiring.toSemiring.{0} OAI.SevenEighths.HeckeFamily.O
                (@CommRing.toCommSemiring.{0} OAI.SevenEighths.HeckeFamily.O
                  (@NumberField.instCommRingRingOfIntegers.{0} OAI.SevenEighths.HeckeFamily.K
                    (@CyclotomicField.instField.{0} (@OfNat.ofNat.{0} Nat (nat_lit 3) (instOfNatNat (nat_lit 3))) Rat
                      Rat.instField)))))
            (@Ideal.instHasQuotient_1.{0} OAI.SevenEighths.HeckeFamily.O
              (@NumberField.instCommRingRingOfIntegers.{0} OAI.SevenEighths.HeckeFamily.K
                (@CyclotomicField.instField.{0} (@OfNat.ofNat.{0} Nat (nat_lit 3) (instOfNatNat (nat_lit 3))) Rat
                  Rat.instField)))
            M)
          (@Ideal.Quotient.semiring.{0} OAI.SevenEighths.HeckeFamily.O
            (@NumberField.instCommRingRingOfIntegers.{0} OAI.SevenEighths.HeckeFamily.K
              (@CyclotomicField.instField.{0} (@OfNat.ofNat.{0} Nat (nat_lit 3) (instOfNatNat (nat_lit 3))) Rat
                Rat.instField))
            M)))}
  (hH :
    @LE.le.{0}
      (@Subgroup.{0}
        (@Units.{0}
          (@HasQuotient.Quotient.{0, 0} OAI.SevenEighths.HeckeFamily.O
            (@Ideal.{0} OAI.SevenEighths.HeckeFamily.O
              (@CommSemiring.toSemiring.{0} OAI.SevenEighths.HeckeFamily.O
                (@CommRing.toCommSemiring.{0} OAI.SevenEighths.HeckeFamily.O
                  (@NumberField.instCommRingRingOfIntegers.{0} OAI.SevenEighths.HeckeFamily.K
                    (@CyclotomicField.instField.{0} (@OfNat.ofNat.{0} Nat (nat_lit 3) (instOfNatNat (nat_lit 3))) Rat
                      Rat.instField)))))
            (@Ideal.instHasQuotient_1.{0} OAI.SevenEighths.HeckeFamily.O
              (@NumberField.instCommRingRingOfIntegers.{0} OAI.SevenEighths.HeckeFamily.K
                (@CyclotomicField.instField.{0} (@OfNat.ofNat.{0} Nat (nat_lit 3) (instOfNatNat (nat_lit 3))) Rat
                  Rat.instField)))
            M)
          (@Semiring.toMonoid.{0}
            (@HasQuotient.Quotient.{0, 0} OAI.SevenEighths.HeckeFamily.O
              (@Ideal.{0} OAI.SevenEighths.HeckeFamily.O
                (@CommSemiring.toSemiring.{0} OAI.SevenEighths.HeckeFamily.O
                  (@CommRing.toCommSemiring.{0} OAI.SevenEighths.HeckeFamily.O
                    (@NumberField.instCommRingRingOfIntegers.{0} OAI.SevenEighths.HeckeFamily.K
                      (@CyclotomicField.instField.{0} (@OfNat.ofNat.{0} Nat (nat_lit 3) (instOfNatNat (nat_lit 3))) Rat
                        Rat.instField)))))
              (@Ideal.instHasQuotient_1.{0} OAI.SevenEighths.HeckeFamily.O
                (@NumberField.instCommRingRingOfIntegers.{0} OAI.SevenEighths.HeckeFamily.K
                  (@CyclotomicField.instField.{0} (@OfNat.ofNat.{0} Nat (nat_lit 3) (instOfNatNat (nat_lit 3))) Rat
                    Rat.instField)))
              M)
            (@Ideal.Quotient.semiring.{0} OAI.SevenEighths.HeckeFamily.O
              (@NumberField.instCommRingRingOfIntegers.{0} OAI.SevenEighths.HeckeFamily.K
                (@CyclotomicField.instField.{0} (@OfNat.ofNat.{0} Nat (nat_lit 3) (instOfNatNat (nat_lit 3))) Rat
                  Rat.instField))
              M)))
        (@Units.instGroup.{0}
          (@HasQuotient.Quotient.{0, 0} OAI.SevenEighths.HeckeFamily.O
            (@Ideal.{0} OAI.SevenEighths.HeckeFamily.O
              (@CommSemiring.toSemiring.{0} OAI.SevenEighths.HeckeFamily.O
                (@CommRing.toCommSemiring.{0} OAI.SevenEighths.HeckeFamily.O
                  (@NumberField.instCommRingRingOfIntegers.{0} OAI.SevenEighths.HeckeFamily.K
                    (@CyclotomicField.instField.{0} (@OfNat.ofNat.{0} Nat (nat_lit 3) (instOfNatNat (nat_lit 3))) Rat
                      Rat.instField)))))
            (@Ideal.instHasQuotient_1.{0} OAI.SevenEighths.HeckeFamily.O
              (@NumberField.instCommRingRingOfIntegers.{0} OAI.SevenEighths.HeckeFamily.K
                (@CyclotomicField.instField.{0} (@OfNat.ofNat.{0} Nat (nat_lit 3) (instOfNatNat (nat_lit 3))) Rat
                  Rat.instField)))
            M)
          (@Semiring.toMonoid.{0}
            (@HasQuotient.Quotient.{0, 0} OAI.SevenEighths.HeckeFamily.O
              (@Ideal.{0} OAI.SevenEighths.HeckeFamily.O
                (@CommSemiring.toSemiring.{0} OAI.SevenEighths.HeckeFamily.O
                  (@CommRing.toCommSemiring.{0} OAI.SevenEighths.HeckeFamily.O
                    (@NumberField.instCommRingRingOfIntegers.{0} OAI.SevenEighths.HeckeFamily.K
                      (@CyclotomicField.instField.{0} (@OfNat.ofNat.{0} Nat (nat_lit 3) (instOfNatNat (nat_lit 3))) Rat
                        Rat.instField)))))
              (@Ideal.instHasQuotient_1.{0} OAI.SevenEighths.HeckeFamily.O
                (@NumberField.instCommRingRingOfIntegers.{0} OAI.SevenEighths.HeckeFamily.K
                  (@CyclotomicField.instField.{0} (@OfNat.ofNat.{0} Nat (nat_lit 3) (instOfNatNat (nat_lit 3))) Rat
                    Rat.instField)))
              M)
            (@Ideal.Quotient.semiring.{0} OAI.SevenEighths.HeckeFamily.O
              (@NumberField.instCommRingRingOfIntegers.{0} OAI.SevenEighths.HeckeFamily.K
                (@CyclotomicField.instField.{0} (@OfNat.ofNat.{0} Nat (nat_lit 3) (instOfNatNat (nat_lit 3))) Rat
                  Rat.instField))
              M))))
      (@Preorder.toLE.{0}
        (@Subgroup.{0}
          (@Units.{0}
            (@HasQuotient.Quotient.{0, 0} OAI.SevenEighths.HeckeFamily.O
              (@Ideal.{0} OAI.SevenEighths.HeckeFamily.O
                (@CommSemiring.toSemiring.{0} OAI.SevenEighths.HeckeFamily.O
                  (@CommRing.toCommSemiring.{0} OAI.SevenEighths.HeckeFamily.O
                    (@NumberField.instCommRingRingOfIntegers.{0} OAI.SevenEighths.HeckeFamily.K
                      (@CyclotomicField.instField.{0} (@OfNat.ofNat.{0} Nat (nat_lit 3) (instOfNatNat (nat_lit 3))) Rat
                        Rat.instField)))))
              (@Ideal.instHasQuotient_1.{0} OAI.SevenEighths.HeckeFamily.O
                (@NumberField.instCommRingRingOfIntegers.{0} OAI.SevenEighths.HeckeFamily.K
                  (@CyclotomicField.instField.{0} (@OfNat.ofNat.{0} Nat (nat_lit 3) (instOfNatNat (nat_lit 3))) Rat
                    Rat.instField)))
              M)
            (@Semiring.toMonoid.{0}
              (@HasQuotient.Quotient.{0, 0} OAI.SevenEighths.HeckeFamily.O
                (@Ideal.{0} OAI.SevenEighths.HeckeFamily.O
                  (@CommSemiring.toSemiring.{0} OAI.SevenEighths.HeckeFamily.O
                    (@CommRing.toCommSemiring.{0} OAI.SevenEighths.HeckeFamily.O
                      (@NumberField.instCommRingRingOfIntegers.{0} OAI.SevenEighths.HeckeFamily.K
                        (@CyclotomicField.instField.{0} (@OfNat.ofNat.{0} Nat (nat_lit 3) (instOfNatNat (nat_lit 3)))
                          Rat Rat.instField)))))
                (@Ideal.instHasQuotient_1.{0} OAI.SevenEighths.HeckeFamily.O
                  (@NumberField.instCommRingRingOfIntegers.{0} OAI.SevenEighths.HeckeFamily.K
                    (@CyclotomicField.instField.{0} (@OfNat.ofNat.{0} Nat (nat_lit 3) (instOfNatNat (nat_lit 3))) Rat
                      Rat.instField)))
                M)
              (@Ideal.Quotient.semiring.{0} OAI.SevenEighths.HeckeFamily.O
                (@NumberField.instCommRingRingOfIntegers.{0} OAI.SevenEighths.HeckeFamily.K
                  (@CyclotomicField.instField.{0} (@OfNat.ofNat.{0} Nat (nat_lit 3) (instOfNatNat (nat_lit 3))) Rat
                    Rat.instField))
                M)))
          (@Units.instGroup.{0}
            (@HasQuotient.Quotient.{0, 0} OAI.SevenEighths.HeckeFamily.O
              (@Ideal.{0} OAI.SevenEighths.HeckeFamily.O
                (@CommSemiring.toSemiring.{0} OAI.SevenEighths.HeckeFamily.O
                  (@CommRing.toCommSemiring.{0} OAI.SevenEighths.HeckeFamily.O
                    (@NumberField.instCommRingRingOfIntegers.{0} OAI.SevenEighths.HeckeFamily.K
                      (@CyclotomicField.instField.{0} (@OfNat.ofNat.{0} Nat (nat_lit 3) (instOfNatNat (nat_lit 3))) Rat
                        Rat.instField)))))
              (@Ideal.instHasQuotient_1.{0} OAI.SevenEighths.HeckeFamily.O
                (@NumberField.instCommRingRingOfIntegers.{0} OAI.SevenEighths.HeckeFamily.K
                  (@CyclotomicField.instField.{0} (@OfNat.ofNat.{0} Nat (nat_lit 3) (instOfNatNat (nat_lit 3))) Rat
                    Rat.instField)))
              M)
            (@Semiring.toMonoid.{0}
              (@HasQuotient.Quotient.{0, 0} OAI.SevenEighths.HeckeFamily.O
                (@Ideal.{0} OAI.SevenEighths.HeckeFamily.O
                  (@CommSemiring.toSemiring.{0} OAI.SevenEighths.HeckeFamily.O
                    (@CommRing.toCommSemiring.{0} OAI.SevenEighths.HeckeFamily.O
                      (@NumberField.instCommRingRingOfIntegers.{0} OAI.SevenEighths.HeckeFamily.K
                        (@CyclotomicField.instField.{0} (@OfNat.ofNat.{0} Nat (nat_lit 3) (instOfNatNat (nat_lit 3)))
                          Rat Rat.instField)))))
                (@Ideal.instHasQuotient_1.{0} OAI.SevenEighths.HeckeFamily.O
                  (@NumberField.instCommRingRingOfIntegers.{0} OAI.SevenEighths.HeckeFamily.K
                    (@CyclotomicField.instField.{0} (@OfNat.ofNat.{0} Nat (nat_lit 3) (instOfNatNat (nat_lit 3))) Rat
                      Rat.instField)))
                M)
              (@Ideal.Quotient.semiring.{0} OAI.SevenEighths.HeckeFamily.O
                (@NumberField.instCommRingRingOfIntegers.{0} OAI.SevenEighths.HeckeFamily.K
                  (@CyclotomicField.instField.{0} (@OfNat.ofNat.{0} Nat (nat_lit 3) (instOfNatNat (nat_lit 3))) Rat
                    Rat.instField))
                M))))
        (@PartialOrder.toPreorder.{0}
          (@Subgroup.{0}
            (@Units.{0}
              (@HasQuotient.Quotient.{0, 0} OAI.SevenEighths.HeckeFamily.O
                (@Ideal.{0} OAI.SevenEighths.HeckeFamily.O
                  (@CommSemiring.toSemiring.{0} OAI.SevenEighths.HeckeFamily.O
                    (@CommRing.toCommSemiring.{0} OAI.SevenEighths.HeckeFamily.O
                      (@NumberField.instCommRingRingOfIntegers.{0} OAI.SevenEighths.HeckeFamily.K
                        (@CyclotomicField.instField.{0} (@OfNat.ofNat.{0} Nat (nat_lit 3) (instOfNatNat (nat_lit 3)))
                          Rat Rat.instField)))))
                (@Ideal.instHasQuotient_1.{0} OAI.SevenEighths.HeckeFamily.O
                  (@NumberField.instCommRingRingOfIntegers.{0} OAI.SevenEighths.HeckeFamily.K
                    (@CyclotomicField.instField.{0} (@OfNat.ofNat.{0} Nat (nat_lit 3) (instOfNatNat (nat_lit 3))) Rat
                      Rat.instField)))
                M)
              (@Semiring.toMonoid.{0}
                (@HasQuotient.Quotient.{0, 0} OAI.SevenEighths.HeckeFamily.O
                  (@Ideal.{0} OAI.SevenEighths.HeckeFamily.O
                    (@CommSemiring.toSemiring.{0} OAI.SevenEighths.HeckeFamily.O
                      (@CommRing.toCommSemiring.{0} OAI.SevenEighths.HeckeFamily.O
                        (@NumberField.instCommRingRingOfIntegers.{0} OAI.SevenEighths.HeckeFamily.K
                          (@CyclotomicField.instField.{0} (@OfNat.ofNat.{0} Nat (nat_lit 3) (instOfNatNat (nat_lit 3)))
                            Rat Rat.instField)))))
                  (@Ideal.instHasQuotient_1.{0} OAI.SevenEighths.HeckeFamily.O
                    (@NumberField.instCommRingRingOfIntegers.{0} OAI.SevenEighths.HeckeFamily.K
                      (@CyclotomicField.instField.{0} (@OfNat.ofNat.{0} Nat (nat_lit 3) (instOfNatNat (nat_lit 3))) Rat
                        Rat.instField)))
                  M)
                (@Ideal.Quotient.semiring.{0} OAI.SevenEighths.HeckeFamily.O
                  (@NumberField.instCommRingRingOfIntegers.{0} OAI.SevenEighths.HeckeFamily.K
                    (@CyclotomicField.instField.{0} (@OfNat.ofNat.{0} Nat (nat_lit 3) (instOfNatNat (nat_lit 3))) Rat
                      Rat.instField))
                  M)))
            (@Units.instGroup.{0}
              (@HasQuotient.Quotient.{0, 0} OAI.SevenEighths.HeckeFamily.O
                (@Ideal.{0} OAI.SevenEighths.HeckeFamily.O
                  (@CommSemiring.toSemiring.{0} OAI.SevenEighths.HeckeFamily.O
                    (@CommRing.toCommSemiring.{0} OAI.SevenEighths.HeckeFamily.O
                      (@NumberField.instCommRingRingOfIntegers.{0} OAI.SevenEighths.HeckeFamily.K
                        (@CyclotomicField.instField.{0} (@OfNat.ofNat.{0} Nat (nat_lit 3) (instOfNatNat (nat_lit 3)))
                          Rat Rat.instField)))))
                (@Ideal.instHasQuotient_1.{0} OAI.SevenEighths.HeckeFamily.O
                  (@NumberField.instCommRingRingOfIntegers.{0} OAI.SevenEighths.HeckeFamily.K
                    (@CyclotomicField.instField.{0} (@OfNat.ofNat.{0} Nat (nat_lit 3) (instOfNatNat (nat_lit 3))) Rat
                      Rat.instField)))
                M)
              (@Semiring.toMonoid.{0}
                (@HasQuotient.Quotient.{0, 0} OAI.SevenEighths.HeckeFamily.O
                  (@Ideal.{0} OAI.SevenEighths.HeckeFamily.O
                    (@CommSemiring.toSemiring.{0} OAI.SevenEighths.HeckeFamily.O
                      (@CommRing.toCommSemiring.{0} OAI.SevenEighths.HeckeFamily.O
                        (@NumberField.instCommRingRingOfIntegers.{0} OAI.SevenEighths.HeckeFamily.K
                          (@CyclotomicField.instField.{0} (@OfNat.ofNat.{0} Nat (nat_lit 3) (instOfNatNat (nat_lit 3)))
                            Rat Rat.instField)))))
                  (@Ideal.instHasQuotient_1.{0} OAI.SevenEighths.HeckeFamily.O
                    (@NumberField.instCommRingRingOfIntegers.{0} OAI.SevenEighths.HeckeFamily.K
                      (@CyclotomicField.instField.{0} (@OfNat.ofNat.{0} Nat (nat_lit 3) (instOfNatNat (nat_lit 3))) Rat
                        Rat.instField)))
                  M)
                (@Ideal.Quotient.semiring.{0} OAI.SevenEighths.HeckeFamily.O
                  (@NumberField.instCommRingRingOfIntegers.{0} OAI.SevenEighths.HeckeFamily.K
                    (@CyclotomicField.instField.{0} (@OfNat.ofNat.{0} Nat (nat_lit 3) (instOfNatNat (nat_lit 3))) Rat
                      Rat.instField))
                  M))))
          (@Subgroup.instPartialOrder.{0}
            (@Units.{0}
              (@HasQuotient.Quotient.{0, 0} OAI.SevenEighths.HeckeFamily.O
                (@Ideal.{0} OAI.SevenEighths.HeckeFamily.O
                  (@CommSemiring.toSemiring.{0} OAI.SevenEighths.HeckeFamily.O
                    (@CommRing.toCommSemiring.{0} OAI.SevenEighths.HeckeFamily.O
                      (@NumberField.instCommRingRingOfIntegers.{0} OAI.SevenEighths.HeckeFamily.K
                        (@CyclotomicField.instField.{0} (@OfNat.ofNat.{0} Nat (nat_lit 3) (instOfNatNat (nat_lit 3)))
                          Rat Rat.instField)))))
                (@Ideal.instHasQuotient_1.{0} OAI.SevenEighths.HeckeFamily.O
                  (@NumberField.instCommRingRingOfIntegers.{0} OAI.SevenEighths.HeckeFamily.K
                    (@CyclotomicField.instField.{0} (@OfNat.ofNat.{0} Nat (nat_lit 3) (instOfNatNat (nat_lit 3))) Rat
                      Rat.instField)))
                M)
              (@Semiring.toMonoid.{0}
                (@HasQuotient.Quotient.{0, 0} OAI.SevenEighths.HeckeFamily.O
                  (@Ideal.{0} OAI.SevenEighths.HeckeFamily.O
                    (@CommSemiring.toSemiring.{0} OAI.SevenEighths.HeckeFamily.O
                      (@CommRing.toCommSemiring.{0} OAI.SevenEighths.HeckeFamily.O
                        (@NumberField.instCommRingRingOfIntegers.{0} OAI.SevenEighths.HeckeFamily.K
                          (@CyclotomicField.instField.{0} (@OfNat.ofNat.{0} Nat (nat_lit 3) (instOfNatNat (nat_lit 3)))
                            Rat Rat.instField)))))
                  (@Ideal.instHasQuotient_1.{0} OAI.SevenEighths.HeckeFamily.O
                    (@NumberField.instCommRingRingOfIntegers.{0} OAI.SevenEighths.HeckeFamily.K
                      (@CyclotomicField.instField.{0} (@OfNat.ofNat.{0} Nat (nat_lit 3) (instOfNatNat (nat_lit 3))) Rat
                        Rat.instField)))
                  M)
                (@Ideal.Quotient.semiring.{0} OAI.SevenEighths.HeckeFamily.O
                  (@NumberField.instCommRingRingOfIntegers.{0} OAI.SevenEighths.HeckeFamily.K
                    (@CyclotomicField.instField.{0} (@OfNat.ofNat.{0} Nat (nat_lit 3) (instOfNatNat (nat_lit 3))) Rat
                      Rat.instField))
                  M)))
            (@Units.instGroup.{0}
              (@HasQuotient.Quotient.{0, 0} OAI.SevenEighths.HeckeFamily.O
                (@Ideal.{0} OAI.SevenEighths.HeckeFamily.O
                  (@CommSemiring.toSemiring.{0} OAI.SevenEighths.HeckeFamily.O
                    (@CommRing.toCommSemiring.{0} OAI.SevenEighths.HeckeFamily.O
                      (@NumberField.instCommRingRingOfIntegers.{0} OAI.SevenEighths.HeckeFamily.K
                        (@CyclotomicField.instField.{0} (@OfNat.ofNat.{0} Nat (nat_lit 3) (instOfNatNat (nat_lit 3)))
                          Rat Rat.instField)))))
                (@Ideal.instHasQuotient_1.{0} OAI.SevenEighths.HeckeFamily.O
                  (@NumberField.instCommRingRingOfIntegers.{0} OAI.SevenEighths.HeckeFamily.K
                    (@CyclotomicField.instField.{0} (@OfNat.ofNat.{0} Nat (nat_lit 3) (instOfNatNat (nat_lit 3))) Rat
                      Rat.instField)))
                M)
              (@Semiring.toMonoid.{0}
                (@HasQuotient.Quotient.{0, 0} OAI.SevenEighths.HeckeFamily.O
                  (@Ideal.{0} OAI.SevenEighths.HeckeFamily.O
                    (@CommSemiring.toSemiring.{0} OAI.SevenEighths.HeckeFamily.O
                      (@CommRing.toCommSemiring.{0} OAI.SevenEighths.HeckeFamily.O
                        (@NumberField.instCommRingRingOfIntegers.{0} OAI.SevenEighths.HeckeFamily.K
                          (@CyclotomicField.instField.{0} (@OfNat.ofNat.{0} Nat (nat_lit 3) (instOfNatNat (nat_lit 3)))
                            Rat Rat.instField)))))
                  (@Ideal.instHasQuotient_1.{0} OAI.SevenEighths.HeckeFamily.O
                    (@NumberField.instCommRingRingOfIntegers.{0} OAI.SevenEighths.HeckeFamily.K
                      (@CyclotomicField.instField.{0} (@OfNat.ofNat.{0} Nat (nat_lit 3) (instOfNatNat (nat_lit 3))) Rat
                        Rat.instField)))
                  M)
                (@Ideal.Quotient.semiring.{0} OAI.SevenEighths.HeckeFamily.O
                  (@NumberField.instCommRingRingOfIntegers.{0} OAI.SevenEighths.HeckeFamily.K
                    (@CyclotomicField.instField.{0} (@OfNat.ofNat.{0} Nat (nat_lit 3) (instOfNatNat (nat_lit 3))) Rat
                      Rat.instField))
                  M))))))
      (@OAI.SevenEighths.RayOrthogonality.globalUnits.{0} OAI.SevenEighths.HeckeFamily.O
        (@NumberField.instCommRingRingOfIntegers.{0} OAI.SevenEighths.HeckeFamily.K
          (@CyclotomicField.instField.{0} (@OfNat.ofNat.{0} Nat (nat_lit 3) (instOfNatNat (nat_lit 3))) Rat
            Rat.instField))
        M)
      H)
  {Label : Type u_1} {Slot : Type u_2} {U a ε tstar T allowance : Real} {i : Nat}
  (F : OAI.SevenEighths.HeckeDetectorRawFiber.Fiber.{u_1, u_2} M H Label Slot U a ε tstar T allowance i)
  (η : OAI.SevenEighths.HeckeFamily.Character)
  (hdata :
    @Eq.{1} OAI.SevenEighths.HeckeInverseAmplification.RowData
      (@OAI.SevenEighths.HeckeDetectorRawFiber.Fiber.rowData.{u_1, u_2} M H Label Slot U a ε tstar T allowance i F)
      (OAI.SevenEighths.ProbeHighRowFamily.momentData η))
  (hMm :
    @LE.le.{0}
      (@Ideal.{0} OAI.SevenEighths.HeckeFamily.O
        (@CommSemiring.toSemiring.{0} OAI.SevenEighths.HeckeFamily.O
          (@CommRing.toCommSemiring.{0} OAI.SevenEighths.HeckeFamily.O
            (@NumberField.instCommRingRingOfIntegers.{0} OAI.SevenEighths.HeckeFamily.K
              (@CyclotomicField.instField.{0} (@OfNat.ofNat.{0} Nat (nat_lit 3) (instOfNatNat (nat_lit 3))) Rat
                Rat.instField)))))
      (@Preorder.toLE.{0}
        (@Ideal.{0} OAI.SevenEighths.HeckeFamily.O
          (@CommSemiring.toSemiring.{0} OAI.SevenEighths.HeckeFamily.O
            (@CommRing.toCommSemiring.{0} OAI.SevenEighths.HeckeFamily.O
              (@NumberField.instCommRingRingOfIntegers.{0} OAI.SevenEighths.HeckeFamily.K
                (@CyclotomicField.instField.{0} (@OfNat.ofNat.{0} Nat (nat_lit 3) (instOfNatNat (nat_lit 3))) Rat
                  Rat.instField)))))
        (@PartialOrder.toPreorder.{0}
          (@Ideal.{0} OAI.SevenEighths.HeckeFamily.O
            (@CommSemiring.toSemiring.{0} OAI.SevenEighths.HeckeFamily.O
              (@CommRing.toCommSemiring.{0} OAI.SevenEighths.HeckeFamily.O
                (@NumberField.instCommRingRingOfIntegers.{0} OAI.SevenEighths.HeckeFamily.K
                  (@CyclotomicField.instField.{0} (@OfNat.ofNat.{0} Nat (nat_lit 3) (instOfNatNat (nat_lit 3))) Rat
                    Rat.instField)))))
          (@Submodule.instPartialOrder.{0, 0} OAI.SevenEighths.HeckeFamily.O OAI.SevenEighths.HeckeFamily.O
            (@CommSemiring.toSemiring.{0} OAI.SevenEighths.HeckeFamily.O
              (@CommRing.toCommSemiring.{0} OAI.SevenEighths.HeckeFamily.O
                (@NumberField.instCommRingRingOfIntegers.{0} OAI.SevenEighths.HeckeFamily.K
                  (@CyclotomicField.instField.{0} (@OfNat.ofNat.{0} Nat (nat_lit 3) (instOfNatNat (nat_lit 3))) Rat
                    Rat.instField))))
            (@Semiring.toAddCommMonoid.{0} OAI.SevenEighths.HeckeFamily.O
              (@CommSemiring.toSemiring.{0} OAI.SevenEighths.HeckeFamily.O
                (@CommRing.toCommSemiring.{0} OAI.SevenEighths.HeckeFamily.O
                  (@NumberField.instCommRingRingOfIntegers.{0} OAI.SevenEighths.HeckeFamily.K
                    (@CyclotomicField.instField.{0} (@OfNat.ofNat.{0} Nat (nat_lit 3) (instOfNatNat (nat_lit 3))) Rat
                      Rat.instField)))))
            (@Semiring.toModule.{0} OAI.SevenEighths.HeckeFamily.O
              (@CommSemiring.toSemiring.{0} OAI.SevenEighths.HeckeFamily.O
                (@CommRing.toCommSemiring.{0} OAI.SevenEighths.HeckeFamily.O
                  (@NumberField.instCommRingRingOfIntegers.{0} OAI.SevenEighths.HeckeFamily.K
                    (@CyclotomicField.instField.{0} (@OfNat.ofNat.{0} Nat (nat_lit 3) (instOfNatNat (nat_lit 3))) Rat
                      Rat.instField))))))))
      M
      (@Ideal.span.{0} OAI.SevenEighths.HeckeFamily.O
        (@CommSemiring.toSemiring.{0} OAI.SevenEighths.HeckeFamily.O
          (@CommRing.toCommSemiring.{0} OAI.SevenEighths.HeckeFamily.O
            (@NumberField.instCommRingRingOfIntegers.{0} OAI.SevenEighths.HeckeFamily.K
              (@CyclotomicField.instField.{0} (@OfNat.ofNat.{0} Nat (nat_lit 3) (instOfNatNat (nat_lit 3))) Rat
                Rat.instField))))
        (@Singleton.singleton.{0, 0} OAI.SevenEighths.HeckeFamily.O (Set.{0} OAI.SevenEighths.HeckeFamily.O)
          (@Set.instSingletonSet.{0} OAI.SevenEighths.HeckeFamily.O)
          OAI.SevenEighths.ProbeHighRowFamily.rowMaskElement)))
  (hU : @LT.lt.{0} Real Real.instLT (@OfNat.ofNat.{0} Real (nat_lit 0) (@Zero.toOfNat0.{0} Real Real.instZero)) U)
  (selected : Finset.{u_2} Slot) (j k : Nat) (σ t : Real)
  (hη :
    ∀ (s : Slot),
      @Membership.mem.{u_2, u_2} Slot (Finset.{u_2} Slot)
          (@SetLike.instMembership.{u_2, u_2} (Finset.{u_2} Slot) Slot (@Finset.instSetLike.{u_2} Slot)) selected s →
        ∀
          (J :
            @Ideal.{0} OAI.SevenEighths.HeckeFamily.O
              (@CommSemiring.toSemiring.{0} OAI.SevenEighths.HeckeFamily.O
                (@CommRing.toCommSemiring.{0} OAI.SevenEighths.HeckeFamily.O
                  (@NumberField.instCommRingRingOfIntegers.{0} OAI.SevenEighths.HeckeFamily.K
                    (@CyclotomicField.instField.{0} (@OfNat.ofNat.{0} Nat (nat_lit 3) (instOfNatNat (nat_lit 3))) Rat
                      Rat.instField))))),
          @Membership.mem.{0, 0}
              (@Ideal.{0} OAI.SevenEighths.HeckeFamily.O
                (@CommSemiring.toSemiring.{0} OAI.SevenEighths.HeckeFamily.O
                  (@CommRing.toCommSemiring.{0} OAI.SevenEighths.HeckeFamily.O
                    (@NumberField.instCommRingRingOfIntegers.{0} OAI.SevenEighths.HeckeFamily.K
                      (@CyclotomicField.instField.{0} (@OfNat.ofNat.{0} Nat (nat_lit 3) (instOfNatNat (nat_lit 3))) Rat
                        Rat.instField)))))
              (Finset.{0}
                (@Ideal.{0} OAI.SevenEighths.HeckeFamily.O
                  (@CommSemiring.toSemiring.{0} OAI.SevenEighths.HeckeFamily.O
                    (@CommRing.toCommSemiring.{0} OAI.SevenEighths.HeckeFamily.O
                      (@NumberField.instCommRingRingOfIntegers.{0} OAI.SevenEighths.HeckeFamily.K
                        (@CyclotomicField.instField.{0} (@OfNat.ofNat.{0} Nat (nat_lit 3) (instOfNatNat (nat_lit 3)))
                          Rat Rat.instField))))))
              (@SetLike.instMembership.{0, 0}
                (Finset.{0}
                  (@Ideal.{0} OAI.SevenEighths.HeckeFamily.O
                    (@CommSemiring.toSemiring.{0} OAI.SevenEighths.HeckeFamily.O
                      (@CommRing.toCommSemiring.{0} OAI.SevenEighths.HeckeFamily.O
                        (@NumberField.instCommRingRingOfIntegers.{0} OAI.SevenEighths.HeckeFamily.K
                          (@CyclotomicField.instField.{0} (@OfNat.ofNat.{0} Nat (nat_lit 3) (instOfNatNat (nat_lit 3)))
                            Rat Rat.instField))))))
                (@Ideal.{0} OAI.SevenEighths.HeckeFamily.O
                  (@CommSemiring.toSemiring.{0} OAI.SevenEighths.HeckeFamily.O
                    (@CommRing.toCommSemiring.{0} OAI.SevenEighths.HeckeFamily.O
                      (@NumberField.instCommRingRingOfIntegers.{0} OAI.SevenEighths.HeckeFamily.K
                        (@CyclotomicField.instField.{0} (@OfNat.ofNat.{0} Nat (nat_lit 3) (instOfNatNat (nat_lit 3)))
                          Rat Rat.instField)))))
                (@Finset.instSetLike.{0}
                  (@Ideal.{0} OAI.SevenEighths.HeckeFamily.O
                    (@CommSemiring.toSemiring.{0} OAI.SevenEighths.HeckeFamily.O
                      (@CommRing.toCommSemiring.{0} OAI.SevenEighths.HeckeFamily.O
                        (@NumberField.instCommRingRingOfIntegers.{0} OAI.SevenEighths.HeckeFamily.K
                          (@CyclotomicField.instField.{0} (@OfNat.ofNat.{0} Nat (nat_lit 3) (instOfNatNat (nat_lit 3)))
                            Rat Rat.instField)))))))
              (OAI.SevenEighths.CenteredMomentPrimeSlot.primePool M H
                (@OAI.SevenEighths.HeckeDetectorRawFiber.Fiber.upper.{u_1, u_2} M H Label Slot U a ε tstar T allowance i
                  F s)
                (@HPow.hPow.{0, 0, 0} Real Real Real (@instHPow.{0, 0} Real Real Real.instPow) U
                  (@OAI.SevenEighths.HeckeDetectorRawFiber.Fiber.widths.{u_1, u_2} M H Label Slot U a ε tstar T
                    allowance i F s)))
              J →
            @Ne.{1} Complex
                (@OAI.SevenEighths.HeckeDetectorRawFiber.Fiber.profile.{u_1, u_2} M H Label Slot U a ε tstar T allowance
                  i F s
                  (@HDiv.hDiv.{0, 0, 0} Real Real Real
                    (@instHDiv.{0} Real (@DivInvMonoid.toDiv.{0} Real Real.instDivInvMonoid))
                    (@Nat.cast.{0} Real Real.instNatCast
                      (@DFunLike.coe.{1, 1, 1}
                        (@MonoidWithZeroHom.{0, 0}
                          (@Ideal.{0} OAI.SevenEighths.HeckeFamily.O
                            (@CommSemiring.toSemiring.{0} OAI.SevenEighths.HeckeFamily.O
                              (@CommRing.toCommSemiring.{0} OAI.SevenEighths.HeckeFamily.O
                                (@NumberField.instCommRingRingOfIntegers.{0} OAI.SevenEighths.HeckeFamily.K
                                  (@CyclotomicField.instField.{0}
                                    (@OfNat.ofNat.{0} Nat (nat_lit 3) (instOfNatNat (nat_lit 3))) Rat Rat.instField)))))
                          Nat
                          (@instMulZeroOneClassOfSemiring.{0}
                            (@Ideal.{0} OAI.SevenEighths.HeckeFamily.O
                              (@CommSemiring.toSemiring.{0} OAI.SevenEighths.HeckeFamily.O
                                (@CommRing.toCommSemiring.{0} OAI.SevenEighths.HeckeFamily.O
                                  (@NumberField.instCommRingRingOfIntegers.{0} OAI.SevenEighths.HeckeFamily.K
                                    (@CyclotomicField.instField.{0}
                                      (@OfNat.ofNat.{0} Nat (nat_lit 3) (instOfNatNat (nat_lit 3))) Rat
                                      Rat.instField)))))
                            (@IdemSemiring.toSemiring.{0}
                              (@Ideal.{0} OAI.SevenEighths.HeckeFamily.O
                                (@CommSemiring.toSemiring.{0} OAI.SevenEighths.HeckeFamily.O
                                  (@CommRing.toCommSemiring.{0} OAI.SevenEighths.HeckeFamily.O
                                    (@NumberField.instCommRingRingOfIntegers.{0} OAI.SevenEighths.HeckeFamily.K
                                      (@CyclotomicField.instField.{0}
                                        (@OfNat.ofNat.{0} Nat (nat_lit 3) (instOfNatNat (nat_lit 3))) Rat
                                        Rat.instField)))))
                              (@Submodule.idemSemiring.{0, 0} OAI.SevenEighths.HeckeFamily.O
                                (@CommRing.toCommSemiring.{0} OAI.SevenEighths.HeckeFamily.O
                                  (@NumberField.instCommRingRingOfIntegers.{0} OAI.SevenEighths.HeckeFamily.K
                                    (@CyclotomicField.instField.{0}
                                      (@OfNat.ofNat.{0} Nat (nat_lit 3) (instOfNatNat (nat_lit 3))) Rat Rat.instField)))
                                OAI.SevenEighths.HeckeFamily.O
                                (@CommSemiring.toSemiring.{0} OAI.SevenEighths.HeckeFamily.O
                                  (@CommRing.toCommSemiring.{0} OAI.SevenEighths.HeckeFamily.O
                                    (@NumberField.instCommRingRingOfIntegers.{0} OAI.SevenEighths.HeckeFamily.K
                                      (@CyclotomicField.instField.{0}
                                        (@OfNat.ofNat.{0} Nat (nat_lit 3) (instOfNatNat (nat_lit 3))) Rat
                                        Rat.instField))))
                                (@Algebra.id.{0} OAI.SevenEighths.HeckeFamily.O
                                  (@CommRing.toCommSemiring.{0} OAI.SevenEighths.HeckeFamily.O
                                    (@NumberField.instCommRingRingOfIntegers.{0} OAI.SevenEighths.HeckeFamily.K
                                      (@CyclotomicField.instField.{0}
                                        (@OfNat.ofNat.{0} Nat (nat_lit 3) (instOfNatNat (nat_lit 3))) Rat
                                        Rat.instField)))))))
                          Nat.instMulZeroOneClass)
                        (@Ideal.{0} OAI.SevenEighths.HeckeFamily.O
                          (@CommSemiring.toSemiring.{0} OAI.SevenEighths.HeckeFamily.O
                            (@CommRing.toCommSemiring.{0} OAI.SevenEighths.HeckeFamily.O
                              (@NumberField.instCommRingRingOfIntegers.{0} OAI.SevenEighths.HeckeFamily.K
                                (@CyclotomicField.instField.{0}
                                  (@OfNat.ofNat.{0} Nat (nat_lit 3) (instOfNatNat (nat_lit 3))) Rat Rat.instField)))))
                        (fun
                            (x :
                              @Ideal.{0} OAI.SevenEighths.HeckeFamily.O
                                (@CommSemiring.toSemiring.{0} OAI.SevenEighths.HeckeFamily.O
                                  (@CommRing.toCommSemiring.{0} OAI.SevenEighths.HeckeFamily.O
                                    (@NumberField.instCommRingRingOfIntegers.{0} OAI.SevenEighths.HeckeFamily.K
                                      (@CyclotomicField.instField.{0}
                                        (@OfNat.ofNat.{0} Nat (nat_lit 3) (instOfNatNat (nat_lit 3))) Rat
                                        Rat.instField))))) =>
                          Nat)
                        (@MonoidWithZeroHom.funLike.{0, 0}
                          (@Ideal.{0} OAI.SevenEighths.HeckeFamily.O
                            (@CommSemiring.toSemiring.{0} OAI.SevenEighths.HeckeFamily.O
                              (@CommRing.toCommSemiring.{0} OAI.SevenEighths.HeckeFamily.O
                                (@NumberField.instCommRingRingOfIntegers.{0} OAI.SevenEighths.HeckeFamily.K
                                  (@CyclotomicField.instField.{0}
                                    (@OfNat.ofNat.{0} Nat (nat_lit 3) (instOfNatNat (nat_lit 3))) Rat Rat.instField)))))
                          Nat
                          (@instMulZeroOneClassOfSemiring.{0}
                            (@Ideal.{0} OAI.SevenEighths.HeckeFamily.O
                              (@CommSemiring.toSemiring.{0} OAI.SevenEighths.HeckeFamily.O
                                (@CommRing.toCommSemiring.{0} OAI.SevenEighths.HeckeFamily.O
                                  (@NumberField.instCommRingRingOfIntegers.{0} OAI.SevenEighths.HeckeFamily.K
                                    (@CyclotomicField.instField.{0}
                                      (@OfNat.ofNat.{0} Nat (nat_lit 3) (instOfNatNat (nat_lit 3))) Rat
                                      Rat.instField)))))
                            (@IdemSemiring.toSemiring.{0}
                              (@Ideal.{0} OAI.SevenEighths.HeckeFamily.O
                                (@CommSemiring.toSemiring.{0} OAI.SevenEighths.HeckeFamily.O
                                  (@CommRing.toCommSemiring.{0} OAI.SevenEighths.HeckeFamily.O
                                    (@NumberField.instCommRingRingOfIntegers.{0} OAI.SevenEighths.HeckeFamily.K
                                      (@CyclotomicField.instField.{0}
                                        (@OfNat.ofNat.{0} Nat (nat_lit 3) (instOfNatNat (nat_lit 3))) Rat
                                        Rat.instField)))))
                              (@Submodule.idemSemiring.{0, 0} OAI.SevenEighths.HeckeFamily.O
                                (@CommRing.toCommSemiring.{0} OAI.SevenEighths.HeckeFamily.O
                                  (@NumberField.instCommRingRingOfIntegers.{0} OAI.SevenEighths.HeckeFamily.K
                                    (@CyclotomicField.instField.{0}
                                      (@OfNat.ofNat.{0} Nat (nat_lit 3) (instOfNatNat (nat_lit 3))) Rat Rat.instField)))
                                OAI.SevenEighths.HeckeFamily.O
                                (@CommSemiring.toSemiring.{0} OAI.SevenEighths.HeckeFamily.O
                                  (@CommRing.toCommSemiring.{0} OAI.SevenEighths.HeckeFamily.O
                                    (@NumberField.instCommRingRingOfIntegers.{0} OAI.SevenEighths.HeckeFamily.K
                                      (@CyclotomicField.instField.{0}
                                        (@OfNat.ofNat.{0} Nat (nat_lit 3) (instOfNatNat (nat_lit 3))) Rat
                                        Rat.instField))))
                                (@Algebra.id.{0} OAI.SevenEighths.HeckeFamily.O
                                  (@CommRing.toCommSemiring.{0} OAI.SevenEighths.HeckeFamily.O
                                    (@NumberField.instCommRingRingOfIntegers.{0} OAI.SevenEighths.HeckeFamily.K
                                      (@CyclotomicField.instField.{0}
                                        (@OfNat.ofNat.{0} Nat (nat_lit 3) (instOfNatNat (nat_lit 3))) Rat
                                        Rat.instField)))))))
                          Nat.instMulZeroOneClass)
                        (@Ideal.absNorm.{0} OAI.SevenEighths.HeckeFamily.O
                          (@NumberField.instCommRingRingOfIntegers.{0} OAI.SevenEighths.HeckeFamily.K
                            (@CyclotomicField.instField.{0}
                              (@OfNat.ofNat.{0} Nat (nat_lit 3) (instOfNatNat (nat_lit 3))) Rat Rat.instField))
                          (@NumberField.RingOfIntegers.instIsDedekindDomain.{0} OAI.SevenEighths.HeckeFamily.K
                            (@CyclotomicField.instField.{0}
                              (@OfNat.ofNat.{0} Nat (nat_lit 3) (instOfNatNat (nat_lit 3))) Rat Rat.instField)
                            (@CyclotomicField.instNumberField.{0}
                              (@OfNat.ofNat.{0} Nat (nat_lit 3) (instOfNatNat (nat_lit 3))) Rat Rat.instField
                              Rat.numberField))
                          (@CharZero.infinite.{0} OAI.SevenEighths.HeckeFamily.O
                            (@AddGroupWithOne.toAddMonoidWithOne.{0} OAI.SevenEighths.HeckeFamily.O
                              (@Ring.toAddGroupWithOne.{0} OAI.SevenEighths.HeckeFamily.O
                                (@CommRing.toRing.{0} OAI.SevenEighths.HeckeFamily.O
                                  (@NumberField.instCommRingRingOfIntegers.{0} OAI.SevenEighths.HeckeFamily.K
                                    (@CyclotomicField.instField.{0}
                                      (@OfNat.ofNat.{0} Nat (nat_lit 3) (instOfNatNat (nat_lit 3))) Rat
                                      Rat.instField)))))
                            (@NumberField.RingOfIntegers.instCharZero_1.{0} OAI.SevenEighths.HeckeFamily.K
                              (@CyclotomicField.instField.{0}
                                (@OfNat.ofNat.{0} Nat (nat_lit 3) (instOfNatNat (nat_lit 3))) Rat Rat.instField)
                              (@CyclotomicField.instCharZero.{0}
                                (@OfNat.ofNat.{0} Nat (nat_lit 3) (instOfNatNat (nat_lit 3))) Rat Rat.instField
                                Rat.instCharZero))))
                        J))
                    (@HPow.hPow.{0, 0, 0} Real Real Real (@instHPow.{0, 0} Real Real Real.instPow) U
                      (@OAI.SevenEighths.HeckeDetectorRawFiber.Fiber.widths.{u_1, u_2} M H Label Slot U a ε tstar T
                        allowance i F s))))
                (@OfNat.ofNat.{0} Complex (nat_lit 0) (@Zero.toOfNat0.{0} Complex Complex.instZero)) →
              @IsCoprime.{0}
                (@Ideal.{0} OAI.SevenEighths.HeckeFamily.O
                  (@CommSemiring.toSemiring.{0} OAI.SevenEighths.HeckeFamily.O
                    (@CommRing.toCommSemiring.{0} OAI.SevenEighths.HeckeFamily.O
                      (@NumberField.instCommRingRingOfIntegers.{0} OAI.SevenEighths.HeckeFamily.K
                        (@CyclotomicField.instField.{0} (@OfNat.ofNat.{0} Nat (nat_lit 3) (instOfNatNat (nat_lit 3)))
                          Rat Rat.instField)))))
                (@IdemCommSemiring.toCommSemiring.{0}
                  (@Ideal.{0} OAI.SevenEighths.HeckeFamily.O
                    (@CommSemiring.toSemiring.{0} OAI.SevenEighths.HeckeFamily.O
                      (@CommRing.toCommSemiring.{0} OAI.SevenEighths.HeckeFamily.O
                        (@NumberField.instCommRingRingOfIntegers.{0} OAI.SevenEighths.HeckeFamily.K
                          (@CyclotomicField.instField.{0} (@OfNat.ofNat.{0} Nat (nat_lit 3) (instOfNatNat (nat_lit 3)))
                            Rat Rat.instField)))))
                  (@Ideal.instIdemCommSemiring.{0} OAI.SevenEighths.HeckeFamily.O
                    (@CommRing.toCommSemiring.{0} OAI.SevenEighths.HeckeFamily.O
                      (@NumberField.instCommRingRingOfIntegers.{0} OAI.SevenEighths.HeckeFamily.K
                        (@CyclotomicField.instField.{0} (@OfNat.ofNat.{0} Nat (nat_lit 3) (instOfNatNat (nat_lit 3)))
                          Rat Rat.instField)))))
                J (OAI.SevenEighths.HeckeFamily.Character.modulus η))
  (W : Real → Complex) (bslot : Real)
  (hprofile :
    ∀ (s : Slot),
      @Membership.mem.{u_2, u_2} Slot (Finset.{u_2} Slot)
          (@SetLike.instMembership.{u_2, u_2} (Finset.{u_2} Slot) Slot (@Finset.instSetLike.{u_2} Slot)) selected s →
        @Eq.{1} (Real → Complex)
          (@OAI.SevenEighths.HeckeDetectorRawFiber.Fiber.profile.{u_1, u_2} M H Label Slot U a ε tstar T allowance i F
            s)
          W)
  (hupper :
    ∀ (s : Slot),
      @Membership.mem.{u_2, u_2} Slot (Finset.{u_2} Slot)
          (@SetLike.instMembership.{u_2, u_2} (Finset.{u_2} Slot) Slot (@Finset.instSetLike.{u_2} Slot)) selected s →
        @Eq.{1} Real
          (@OAI.SevenEighths.HeckeDetectorRawFiber.Fiber.upper.{u_1, u_2} M H Label Slot U a ε tstar T allowance i F s)
          bslot)
  (θ :
    (@Subtype.{u_2 + 1} Slot fun (x : Slot) =>
        @Membership.mem.{u_2, u_2} Slot (Finset.{u_2} Slot)
          (@SetLike.instMembership.{u_2, u_2} (Finset.{u_2} Slot) Slot (@Finset.instSetLike.{u_2} Slot)) selected x) →
      @Subtype.{1}
        (@MulChar.{0, 0}
          (@HasQuotient.Quotient.{0, 0} OAI.SevenEighths.HeckeFamily.O
            (@Ideal.{0} OAI.SevenEighths.HeckeFamily.O
              (@CommSemiring.toSemiring.{0} OAI.SevenEighths.HeckeFamily.O
                (@CommRing.toCommSemiring.{0} OAI.SevenEighths.HeckeFamily.O
                  (@NumberField.instCommRingRingOfIntegers.{0} OAI.SevenEighths.HeckeFamily.K
                    (@CyclotomicField.instField.{0} (@OfNat.ofNat.{0} Nat (nat_lit 3) (instOfNatNat (nat_lit 3))) Rat
                      Rat.instField)))))
            (@Ideal.instHasQuotient_1.{0} OAI.SevenEighths.HeckeFamily.O
              (@NumberField.instCommRingRingOfIntegers.{0} OAI.SevenEighths.HeckeFamily.K
                (@CyclotomicField.instField.{0} (@OfNat.ofNat.{0} Nat (nat_lit 3) (instOfNatNat (nat_lit 3))) Rat
                  Rat.instField)))
            M)
          (@CommRing.toCommMonoid.{0}
            (@HasQuotient.Quotient.{0, 0} OAI.SevenEighths.HeckeFamily.O
              (@Ideal.{0} OAI.SevenEighths.HeckeFamily.O
                (@CommSemiring.toSemiring.{0} OAI.SevenEighths.HeckeFamily.O
                  (@CommRing.toCommSemiring.{0} OAI.SevenEighths.HeckeFamily.O
                    (@NumberField.instCommRingRingOfIntegers.{0} OAI.SevenEighths.HeckeFamily.K
                      (@CyclotomicField.instField.{0} (@OfNat.ofNat.{0} Nat (nat_lit 3) (instOfNatNat (nat_lit 3))) Rat
                        Rat.instField)))))
              (@Ideal.instHasQuotient_1.{0} OAI.SevenEighths.HeckeFamily.O
                (@NumberField.instCommRingRingOfIntegers.{0} OAI.SevenEighths.HeckeFamily.K
                  (@CyclotomicField.instField.{0} (@OfNat.ofNat.{0} Nat (nat_lit 3) (instOfNatNat (nat_lit 3))) Rat
                    Rat.instField)))
              M)
            (@Ideal.Quotient.commRing.{0} OAI.SevenEighths.HeckeFamily.O
              (@NumberField.instCommRingRingOfIntegers.{0} OAI.SevenEighths.HeckeFamily.K
                (@CyclotomicField.instField.{0} (@OfNat.ofNat.{0} Nat (nat_lit 3) (instOfNatNat (nat_lit 3))) Rat
                  Rat.instField))
              M))
          Complex
          (@CommGroupWithZero.toCommMonoidWithZero.{0} Complex
            (@Semifield.toCommGroupWithZero.{0} Complex (@Field.toSemifield.{0} Complex Complex.instField))))
        fun
          (x :
            @MulChar.{0, 0}
              (@HasQuotient.Quotient.{0, 0} OAI.SevenEighths.HeckeFamily.O
                (@Ideal.{0} OAI.SevenEighths.HeckeFamily.O
                  (@CommSemiring.toSemiring.{0} OAI.SevenEighths.HeckeFamily.O
                    (@CommRing.toCommSemiring.{0} OAI.SevenEighths.HeckeFamily.O
                      (@NumberField.instCommRingRingOfIntegers.{0} OAI.SevenEighths.HeckeFamily.K
                        (@CyclotomicField.instField.{0} (@OfNat.ofNat.{0} Nat (nat_lit 3) (instOfNatNat (nat_lit 3)))
                          Rat Rat.instField)))))
                (@Ideal.instHasQuotient_1.{0} OAI.SevenEighths.HeckeFamily.O
                  (@NumberField.instCommRingRingOfIntegers.{0} OAI.SevenEighths.HeckeFamily.K
                    (@CyclotomicField.instField.{0} (@OfNat.ofNat.{0} Nat (nat_lit 3) (instOfNatNat (nat_lit 3))) Rat
                      Rat.instField)))
                M)
              (@CommRing.toCommMonoid.{0}
                (@HasQuotient.Quotient.{0, 0} OAI.SevenEighths.HeckeFamily.O
                  (@Ideal.{0} OAI.SevenEighths.HeckeFamily.O
                    (@CommSemiring.toSemiring.{0} OAI.SevenEighths.HeckeFamily.O
                      (@CommRing.toCommSemiring.{0} OAI.SevenEighths.HeckeFamily.O
                        (@NumberField.instCommRingRingOfIntegers.{0} OAI.SevenEighths.HeckeFamily.K
                          (@CyclotomicField.instField.{0} (@OfNat.ofNat.{0} Nat (nat_lit 3) (instOfNatNat (nat_lit 3)))
                            Rat Rat.instField)))))
                  (@Ideal.instHasQuotient_1.{0} OAI.SevenEighths.HeckeFamily.O
                    (@NumberField.instCommRingRingOfIntegers.{0} OAI.SevenEighths.HeckeFamily.K
                      (@CyclotomicField.instField.{0} (@OfNat.ofNat.{0} Nat (nat_lit 3) (instOfNatNat (nat_lit 3))) Rat
                        Rat.instField)))
                  M)
                (@Ideal.Quotient.commRing.{0} OAI.SevenEighths.HeckeFamily.O
                  (@NumberField.instCommRingRingOfIntegers.{0} OAI.SevenEighths.HeckeFamily.K
                    (@CyclotomicField.instField.{0} (@OfNat.ofNat.{0} Nat (nat_lit 3) (instOfNatNat (nat_lit 3))) Rat
                      Rat.instField))
                  M))
              Complex
              (@CommGroupWithZero.toCommMonoidWithZero.{0} Complex
                (@Semifield.toCommGroupWithZero.{0} Complex (@Field.toSemifield.{0} Complex Complex.instField)))) =>
        @Membership.mem.{0, 0}
          (@MulChar.{0, 0}
            (@HasQuotient.Quotient.{0, 0} OAI.SevenEighths.HeckeFamily.O
              (@Ideal.{0} OAI.SevenEighths.HeckeFamily.O
                (@CommSemiring.toSemiring.{0} OAI.SevenEighths.HeckeFamily.O
                  (@CommRing.toCommSemiring.{0} OAI.SevenEighths.HeckeFamily.O
                    (@NumberField.instCommRingRingOfIntegers.{0} OAI.SevenEighths.HeckeFamily.K
                      (@CyclotomicField.instField.{0} (@OfNat.ofNat.{0} Nat (nat_lit 3) (instOfNatNat (nat_lit 3))) Rat
                        Rat.instField)))))
              (@Ideal.instHasQuotient_1.{0} OAI.SevenEighths.HeckeFamily.O
                (@NumberField.instCommRingRingOfIntegers.{0} OAI.SevenEighths.HeckeFamily.K
                  (@CyclotomicField.instField.{0} (@OfNat.ofNat.{0} Nat (nat_lit 3) (instOfNatNat (nat_lit 3))) Rat
                    Rat.instField)))
              M)
            (@CommRing.toCommMonoid.{0}
              (@HasQuotient.Quotient.{0, 0} OAI.SevenEighths.HeckeFamily.O
                (@Ideal.{0} OAI.SevenEighths.HeckeFamily.O
                  (@CommSemiring.toSemiring.{0} OAI.SevenEighths.HeckeFamily.O
                    (@CommRing.toCommSemiring.{0} OAI.SevenEighths.HeckeFamily.O
                      (@NumberField.instCommRingRingOfIntegers.{0} OAI.SevenEighths.HeckeFamily.K
                        (@CyclotomicField.instField.{0} (@OfNat.ofNat.{0} Nat (nat_lit 3) (instOfNatNat (nat_lit 3)))
                          Rat Rat.instField)))))
                (@Ideal.instHasQuotient_1.{0} OAI.SevenEighths.HeckeFamily.O
                  (@NumberField.instCommRingRingOfIntegers.{0} OAI.SevenEighths.HeckeFamily.K
                    (@CyclotomicField.instField.{0} (@OfNat.ofNat.{0} Nat (nat_lit 3) (instOfNatNat (nat_lit 3))) Rat
                      Rat.instField)))
                M)
              (@Ideal.Quotient.commRing.{0} OAI.SevenEighths.HeckeFamily.O
                (@NumberField.instCommRingRingOfIntegers.{0} OAI.SevenEighths.HeckeFamily.K
                  (@CyclotomicField.instField.{0} (@OfNat.ofNat.{0} Nat (nat_lit 3) (instOfNatNat (nat_lit 3))) Rat
                    Rat.instField))
                M))
            Complex
            (@CommGroupWithZero.toCommMonoidWithZero.{0} Complex
              (@Semifield.toCommGroupWithZero.{0} Complex (@Field.toSemifield.{0} Complex Complex.instField))))
          (@Subgroup.{0}
            (@MulChar.{0, 0}
              (@HasQuotient.Quotient.{0, 0} OAI.SevenEighths.HeckeFamily.O
                (@Ideal.{0} OAI.SevenEighths.HeckeFamily.O
                  (@CommSemiring.toSemiring.{0} OAI.SevenEighths.HeckeFamily.O
                    (@CommRing.toCommSemiring.{0} OAI.SevenEighths.HeckeFamily.O
                      (@NumberField.instCommRingRingOfIntegers.{0} OAI.SevenEighths.HeckeFamily.K
                        (@CyclotomicField.instField.{0} (@OfNat.ofNat.{0} Nat (nat_lit 3) (instOfNatNat (nat_lit 3)))
                          Rat Rat.instField)))))
                (@Ideal.instHasQuotient_1.{0} OAI.SevenEighths.HeckeFamily.O
                  (@NumberField.instCommRingRingOfIntegers.{0} OAI.SevenEighths.HeckeFamily.K
                    (@CyclotomicField.instField.{0} (@OfNat.ofNat.{0} Nat (nat_lit 3) (instOfNatNat (nat_lit 3))) Rat
                      Rat.instField)))
                M)
              (@CommRing.toCommMonoid.{0}
                (@HasQuotient.Quotient.{0, 0} OAI.SevenEighths.HeckeFamily.O
                  (@Ideal.{0} OAI.SevenEighths.HeckeFamily.O
                    (@CommSemiring.toSemiring.{0} OAI.SevenEighths.HeckeFamily.O
                      (@CommRing.toCommSemiring.{0} OAI.SevenEighths.HeckeFamily.O
                        (@NumberField.instCommRingRingOfIntegers.{0} OAI.SevenEighths.HeckeFamily.K
                          (@CyclotomicField.instField.{0} (@OfNat.ofNat.{0} Nat (nat_lit 3) (instOfNatNat (nat_lit 3)))
                            Rat Rat.instField)))))
                  (@Ideal.instHasQuotient_1.{0} OAI.SevenEighths.HeckeFamily.O
                    (@NumberField.instCommRingRingOfIntegers.{0} OAI.SevenEighths.HeckeFamily.K
                      (@CyclotomicField.instField.{0} (@OfNat.ofNat.{0} Nat (nat_lit 3) (instOfNatNat (nat_lit 3))) Rat
                        Rat.instField)))
                  M)
                (@Ideal.Quotient.commRing.{0} OAI.SevenEighths.HeckeFamily.O
                  (@NumberField.instCommRingRingOfIntegers.{0} OAI.SevenEighths.HeckeFamily.K
                    (@CyclotomicField.instField.{0} (@OfNat.ofNat.{0} Nat (nat_lit 3) (instOfNatNat (nat_lit 3))) Rat
                      Rat.instField))
                  M))
              Complex
              (@CommGroupWithZero.toCommMonoidWithZero.{0} Complex
                (@Semifield.toCommGroupWithZero.{0} Complex (@Field.toSemifield.{0} Complex Complex.instField))))
            (@CommGroup.toGroup.{0}
              (@MulChar.{0, 0}
                (@HasQuotient.Quotient.{0, 0} OAI.SevenEighths.HeckeFamily.O
                  (@Ideal.{0} OAI.SevenEighths.HeckeFamily.O
                    (@CommSemiring.toSemiring.{0} OAI.SevenEighths.HeckeFamily.O
                      (@CommRing.toCommSemiring.{0} OAI.SevenEighths.HeckeFamily.O
                        (@NumberField.instCommRingRingOfIntegers.{0} OAI.SevenEighths.HeckeFamily.K
                          (@CyclotomicField.instField.{0} (@OfNat.ofNat.{0} Nat (nat_lit 3) (instOfNatNat (nat_lit 3)))
                            Rat Rat.instField)))))
                  (@Ideal.instHasQuotient_1.{0} OAI.SevenEighths.HeckeFamily.O
                    (@NumberField.instCommRingRingOfIntegers.{0} OAI.SevenEighths.HeckeFamily.K
                      (@CyclotomicField.instField.{0} (@OfNat.ofNat.{0} Nat (nat_lit 3) (instOfNatNat (nat_lit 3))) Rat
                        Rat.instField)))
                  M)
                (@CommRing.toCommMonoid.{0}
                  (@HasQuotient.Quotient.{0, 0} OAI.SevenEighths.HeckeFamily.O
                    (@Ideal.{0} OAI.SevenEighths.HeckeFamily.O
                      (@CommSemiring.toSemiring.{0} OAI.SevenEighths.HeckeFamily.O
                        (@CommRing.toCommSemiring.{0} OAI.SevenEighths.HeckeFamily.O
                          (@NumberField.instCommRingRingOfIntegers.{0} OAI.SevenEighths.HeckeFamily.K
                            (@CyclotomicField.instField.{0}
                              (@OfNat.ofNat.{0} Nat (nat_lit 3) (instOfNatNat (nat_lit 3))) Rat Rat.instField)))))
                    (@Ideal.instHasQuotient_1.{0} OAI.SevenEighths.HeckeFamily.O
                      (@NumberField.instCommRingRingOfIntegers.{0} OAI.SevenEighths.HeckeFamily.K
                        (@CyclotomicField.instField.{0} (@OfNat.ofNat.{0} Nat (nat_lit 3) (instOfNatNat (nat_lit 3)))
                          Rat Rat.instField)))
                    M)
                  (@Ideal.Quotient.commRing.{0} OAI.SevenEighths.HeckeFamily.O
                    (@NumberField.instCommRingRingOfIntegers.{0} OAI.SevenEighths.HeckeFamily.K
                      (@CyclotomicField.instField.{0} (@OfNat.ofNat.{0} Nat (nat_lit 3) (instOfNatNat (nat_lit 3))) Rat
                        Rat.instField))
                    M))
                Complex
                (@CommGroupWithZero.toCommMonoidWithZero.{0} Complex
                  (@Semifield.toCommGroupWithZero.{0} Complex (@Field.toSemifield.{0} Complex Complex.instField))))
              (@MulChar.commGroup.{0, 0}
                (@HasQuotient.Quotient.{0, 0} OAI.SevenEighths.HeckeFamily.O
                  (@Ideal.{0} OAI.SevenEighths.HeckeFamily.O
                    (@CommSemiring.toSemiring.{0} OAI.SevenEighths.HeckeFamily.O
                      (@CommRing.toCommSemiring.{0} OAI.SevenEighths.HeckeFamily.O
                        (@NumberField.instCommRingRingOfIntegers.{0} OAI.SevenEighths.HeckeFamily.K
                          (@CyclotomicField.instField.{0} (@OfNat.ofNat.{0} Nat (nat_lit 3) (instOfNatNat (nat_lit 3)))
                            Rat Rat.instField)))))
                  (@Ideal.instHasQuotient_1.{0} OAI.SevenEighths.HeckeFamily.O
                    (@NumberField.instCommRingRingOfIntegers.{0} OAI.SevenEighths.HeckeFamily.K
                      (@CyclotomicField.instField.{0} (@OfNat.ofNat.{0} Nat (nat_lit 3) (instOfNatNat (nat_lit 3))) Rat
                        Rat.instField)))
                  M)
                (@CommRing.toCommMonoid.{0}
                  (@HasQuotient.Quotient.{0, 0} OAI.SevenEighths.HeckeFamily.O
                    (@Ideal.{0} OAI.SevenEighths.HeckeFamily.O
                      (@CommSemiring.toSemiring.{0} OAI.SevenEighths.HeckeFamily.O
                        (@CommRing.toCommSemiring.{0} OAI.SevenEighths.HeckeFamily.O
                          (@NumberField.instCommRingRingOfIntegers.{0} OAI.SevenEighths.HeckeFamily.K
                            (@CyclotomicField.instField.{0}
                              (@OfNat.ofNat.{0} Nat (nat_lit 3) (instOfNatNat (nat_lit 3))) Rat Rat.instField)))))
                    (@Ideal.instHasQuotient_1.{0} OAI.SevenEighths.HeckeFamily.O
                      (@NumberField.instCommRingRingOfIntegers.{0} OAI.SevenEighths.HeckeFamily.K
                        (@CyclotomicField.instField.{0} (@OfNat.ofNat.{0} Nat (nat_lit 3) (instOfNatNat (nat_lit 3)))
                          Rat Rat.instField)))
                    M)
                  (@Ideal.Quotient.commRing.{0} OAI.SevenEighths.HeckeFamily.O
                    (@NumberField.instCommRingRingOfIntegers.{0} OAI.SevenEighths.HeckeFamily.K
                      (@CyclotomicField.instField.{0} (@OfNat.ofNat.{0} Nat (nat_lit 3) (instOfNatNat (nat_lit 3))) Rat
                        Rat.instField))
                    M))
                Complex
                (@CommGroupWithZero.toCommMonoidWithZero.{0} Complex
                  (@Semifield.toCommGroupWithZero.{0} Complex (@Field.toSemifield.{0} Complex Complex.instField))))))
          (@SetLike.instMembership.{0, 0}
            (@Subgroup.{0}
              (@MulChar.{0, 0}
                (@HasQuotient.Quotient.{0, 0} OAI.SevenEighths.HeckeFamily.O
                  (@Ideal.{0} OAI.SevenEighths.HeckeFamily.O
                    (@CommSemiring.toSemiring.{0} OAI.SevenEighths.HeckeFamily.O
                      (@CommRing.toCommSemiring.{0} OAI.SevenEighths.HeckeFamily.O
                        (@NumberField.instCommRingRingOfIntegers.{0} OAI.SevenEighths.HeckeFamily.K
                          (@CyclotomicField.instField.{0} (@OfNat.ofNat.{0} Nat (nat_lit 3) (instOfNatNat (nat_lit 3)))
                            Rat Rat.instField)))))
                  (@Ideal.instHasQuotient_1.{0} OAI.SevenEighths.HeckeFamily.O
                    (@NumberField.instCommRingRingOfIntegers.{0} OAI.SevenEighths.HeckeFamily.K
                      (@CyclotomicField.instField.{0} (@OfNat.ofNat.{0} Nat (nat_lit 3) (instOfNatNat (nat_lit 3))) Rat
                        Rat.instField)))
                  M)
                (@CommRing.toCommMonoid.{0}
                  (@HasQuotient.Quotient.{0, 0} OAI.SevenEighths.HeckeFamily.O
                    (@Ideal.{0} OAI.SevenEighths.HeckeFamily.O
                      (@CommSemiring.toSemiring.{0} OAI.SevenEighths.HeckeFamily.O
                        (@CommRing.toCommSemiring.{0} OAI.SevenEighths.HeckeFamily.O
                          (@NumberField.instCommRingRingOfIntegers.{0} OAI.SevenEighths.HeckeFamily.K
                            (@CyclotomicField.instField.{0}
                              (@OfNat.ofNat.{0} Nat (nat_lit 3) (instOfNatNat (nat_lit 3))) Rat Rat.instField)))))
                    (@Ideal.instHasQuotient_1.{0} OAI.SevenEighths.HeckeFamily.O
                      (@NumberField.instCommRingRingOfIntegers.{0} OAI.SevenEighths.HeckeFamily.K
                        (@CyclotomicField.instField.{0} (@OfNat.ofNat.{0} Nat (nat_lit 3) (instOfNatNat (nat_lit 3)))
                          Rat Rat.instField)))
                    M)
                  (@Ideal.Quotient.commRing.{0} OAI.SevenEighths.HeckeFamily.O
                    (@NumberField.instCommRingRingOfIntegers.{0} OAI.SevenEighths.HeckeFamily.K
                      (@CyclotomicField.instField.{0} (@OfNat.ofNat.{0} Nat (nat_lit 3) (instOfNatNat (nat_lit 3))) Rat
                        Rat.instField))
                    M))
                Complex
                (@CommGroupWithZero.toCommMonoidWithZero.{0} Complex
                  (@Semifield.toCommGroupWithZero.{0} Complex (@Field.toSemifield.{0} Complex Complex.instField))))
              (@CommGroup.toGroup.{0}
                (@MulChar.{0, 0}
                  (@HasQuotient.Quotient.{0, 0} OAI.SevenEighths.HeckeFamily.O
                    (@Ideal.{0} OAI.SevenEighths.HeckeFamily.O
                      (@CommSemiring.toSemiring.{0} OAI.SevenEighths.HeckeFamily.O
                        (@CommRing.toCommSemiring.{0} OAI.SevenEighths.HeckeFamily.O
                          (@NumberField.instCommRingRingOfIntegers.{0} OAI.SevenEighths.HeckeFamily.K
                            (@CyclotomicField.instField.{0}
                              (@OfNat.ofNat.{0} Nat (nat_lit 3) (instOfNatNat (nat_lit 3))) Rat Rat.instField)))))
                    (@Ideal.instHasQuotient_1.{0} OAI.SevenEighths.HeckeFamily.O
                      (@NumberField.instCommRingRingOfIntegers.{0} OAI.SevenEighths.HeckeFamily.K
                        (@CyclotomicField.instField.{0} (@OfNat.ofNat.{0} Nat (nat_lit 3) (instOfNatNat (nat_lit 3)))
                          Rat Rat.instField)))
                    M)
                  (@CommRing.toCommMonoid.{0}
                    (@HasQuotient.Quotient.{0, 0} OAI.SevenEighths.HeckeFamily.O
                      (@Ideal.{0} OAI.SevenEighths.HeckeFamily.O
                        (@CommSemiring.toSemiring.{0} OAI.SevenEighths.HeckeFamily.O
                          (@CommRing.toCommSemiring.{0} OAI.SevenEighths.HeckeFamily.O
                            (@NumberField.instCommRingRingOfIntegers.{0} OAI.SevenEighths.HeckeFamily.K
                              (@CyclotomicField.instField.{0}
                                (@OfNat.ofNat.{0} Nat (nat_lit 3) (instOfNatNat (nat_lit 3))) Rat Rat.instField)))))
                      (@Ideal.instHasQuotient_1.{0} OAI.SevenEighths.HeckeFamily.O
                        (@NumberField.instCommRingRingOfIntegers.{0} OAI.SevenEighths.HeckeFamily.K
                          (@CyclotomicField.instField.{0} (@OfNat.ofNat.{0} Nat (nat_lit 3) (instOfNatNat (nat_lit 3)))
                            Rat Rat.instField)))
                      M)
                    (@Ideal.Quotient.commRing.{0} OAI.SevenEighths.HeckeFamily.O
                      (@NumberField.instCommRingRingOfIntegers.{0} OAI.SevenEighths.HeckeFamily.K
                        (@CyclotomicField.instField.{0} (@OfNat.ofNat.{0} Nat (nat_lit 3) (instOfNatNat (nat_lit 3)))
                          Rat Rat.instField))
                      M))
                  Complex
                  (@CommGroupWithZero.toCommMonoidWithZero.{0} Complex
                    (@Semifield.toCommGroupWithZero.{0} Complex (@Field.toSemifield.{0} Complex Complex.instField))))
                (@MulChar.commGroup.{0, 0}
                  (@HasQuotient.Quotient.{0, 0} OAI.SevenEighths.HeckeFamily.O
                    (@Ideal.{0} OAI.SevenEighths.HeckeFamily.O
                      (@CommSemiring.toSemiring.{0} OAI.SevenEighths.HeckeFamily.O
                        (@CommRing.toCommSemiring.{0} OAI.SevenEighths.HeckeFamily.O
                          (@NumberField.instCommRingRingOfIntegers.{0} OAI.SevenEighths.HeckeFamily.K
                            (@CyclotomicField.instField.{0}
                              (@OfNat.ofNat.{0} Nat (nat_lit 3) (instOfNatNat (nat_lit 3))) Rat Rat.instField)))))
                    (@Ideal.instHasQuotient_1.{0} OAI.SevenEighths.HeckeFamily.O
                      (@NumberField.instCommRingRingOfIntegers.{0} OAI.SevenEighths.HeckeFamily.K
                        (@CyclotomicField.instField.{0} (@OfNat.ofNat.{0} Nat (nat_lit 3) (instOfNatNat (nat_lit 3)))
                          Rat Rat.instField)))
                    M)
                  (@CommRing.toCommMonoid.{0}
                    (@HasQuotient.Quotient.{0, 0} OAI.SevenEighths.HeckeFamily.O
                      (@Ideal.{0} OAI.SevenEighths.HeckeFamily.O
                        (@CommSemiring.toSemiring.{0} OAI.SevenEighths.HeckeFamily.O
                          (@CommRing.toCommSemiring.{0} OAI.SevenEighths.HeckeFamily.O
                            (@NumberField.instCommRingRingOfIntegers.{0} OAI.SevenEighths.HeckeFamily.K
                              (@CyclotomicField.instField.{0}
                                (@OfNat.ofNat.{0} Nat (nat_lit 3) (instOfNatNat (nat_lit 3))) Rat Rat.instField)))))
                      (@Ideal.instHasQuotient_1.{0} OAI.SevenEighths.HeckeFamily.O
                        (@NumberField.instCommRingRingOfIntegers.{0} OAI.SevenEighths.HeckeFamily.K
                          (@CyclotomicField.instField.{0} (@OfNat.ofNat.{0} Nat (nat_lit 3) (instOfNatNat (nat_lit 3)))
                            Rat Rat.instField)))
                      M)
                    (@Ideal.Quotient.commRing.{0} OAI.SevenEighths.HeckeFamily.O
                      (@NumberField.instCommRingRingOfIntegers.{0} OAI.SevenEighths.HeckeFamily.K
                        (@CyclotomicField.instField.{0} (@OfNat.ofNat.{0} Nat (nat_lit 3) (instOfNatNat (nat_lit 3)))
                          Rat Rat.instField))
                      M))
                  Complex
                  (@CommGroupWithZero.toCommMonoidWithZero.{0} Complex
                    (@Semifield.toCommGroupWithZero.{0} Complex (@Field.toSemifield.{0} Complex Complex.instField))))))
            (@MulChar.{0, 0}
              (@HasQuotient.Quotient.{0, 0} OAI.SevenEighths.HeckeFamily.O
                (@Ideal.{0} OAI.SevenEighths.HeckeFamily.O
                  (@CommSemiring.toSemiring.{0} OAI.SevenEighths.HeckeFamily.O
                    (@CommRing.toCommSemiring.{0} OAI.SevenEighths.HeckeFamily.O
                      (@NumberField.instCommRingRingOfIntegers.{0} OAI.SevenEighths.HeckeFamily.K
                        (@CyclotomicField.instField.{0} (@OfNat.ofNat.{0} Nat (nat_lit 3) (instOfNatNat (nat_lit 3)))
                          Rat Rat.instField)))))
                (@Ideal.instHasQuotient_1.{0} OAI.SevenEighths.HeckeFamily.O
                  (@NumberField.instCommRingRingOfIntegers.{0} OAI.SevenEighths.HeckeFamily.K
                    (@CyclotomicField.instField.{0} (@OfNat.ofNat.{0} Nat (nat_lit 3) (instOfNatNat (nat_lit 3))) Rat
                      Rat.instField)))
                M)
              (@CommRing.toCommMonoid.{0}
                (@HasQuotient.Quotient.{0, 0} OAI.SevenEighths.HeckeFamily.O
                  (@Ideal.{0} OAI.SevenEighths.HeckeFamily.O
                    (@CommSemiring.toSemiring.{0} OAI.SevenEighths.HeckeFamily.O
                      (@CommRing.toCommSemiring.{0} OAI.SevenEighths.HeckeFamily.O
                        (@NumberField.instCommRingRingOfIntegers.{0} OAI.SevenEighths.HeckeFamily.K
                          (@CyclotomicField.instField.{0} (@OfNat.ofNat.{0} Nat (nat_lit 3) (instOfNatNat (nat_lit 3)))
                            Rat Rat.instField)))))
                  (@Ideal.instHasQuotient_1.{0} OAI.SevenEighths.HeckeFamily.O
                    (@NumberField.instCommRingRingOfIntegers.{0} OAI.SevenEighths.HeckeFamily.K
                      (@CyclotomicField.instField.{0} (@OfNat.ofNat.{0} Nat (nat_lit 3) (instOfNatNat (nat_lit 3))) Rat
                        Rat.instField)))
                  M)
                (@Ideal.Quotient.commRing.{0} OAI.SevenEighths.HeckeFamily.O
                  (@NumberField.instCommRingRingOfIntegers.{0} OAI.SevenEighths.HeckeFamily.K
                    (@CyclotomicField.instField.{0} (@OfNat.ofNat.{0} Nat (nat_lit 3) (instOfNatNat (nat_lit 3))) Rat
                      Rat.instField))
                  M))
              Complex
              (@CommGroupWithZero.toCommMonoidWithZero.{0} Complex
                (@Semifield.toCommGroupWithZero.{0} Complex (@Field.toSemifield.{0} Complex Complex.instField))))
            (@Subgroup.instSetLike.{0}
              (@MulChar.{0, 0}
                (@HasQuotient.Quotient.{0, 0} OAI.SevenEighths.HeckeFamily.O
                  (@Ideal.{0} OAI.SevenEighths.HeckeFamily.O
                    (@CommSemiring.toSemiring.{0} OAI.SevenEighths.HeckeFamily.O
                      (@CommRing.toCommSemiring.{0} OAI.SevenEighths.HeckeFamily.O
                        (@NumberField.instCommRingRingOfIntegers.{0} OAI.SevenEighths.HeckeFamily.K
                          (@CyclotomicField.instField.{0} (@OfNat.ofNat.{0} Nat (nat_lit 3) (instOfNatNat (nat_lit 3)))
                            Rat Rat.instField)))))
                  (@Ideal.instHasQuotient_1.{0} OAI.SevenEighths.HeckeFamily.O
                    (@NumberField.instCommRingRingOfIntegers.{0} OAI.SevenEighths.HeckeFamily.K
                      (@CyclotomicField.instField.{0} (@OfNat.ofNat.{0} Nat (nat_lit 3) (instOfNatNat (nat_lit 3))) Rat
                        Rat.instField)))
                  M)
                (@CommRing.toCommMonoid.{0}
                  (@HasQuotient.Quotient.{0, 0} OAI.SevenEighths.HeckeFamily.O
                    (@Ideal.{0} OAI.SevenEighths.HeckeFamily.O
                      (@CommSemiring.toSemiring.{0} OAI.SevenEighths.HeckeFamily.O
                        (@CommRing.toCommSemiring.{0} OAI.SevenEighths.HeckeFamily.O
                          (@NumberField.instCommRingRingOfIntegers.{0} OAI.SevenEighths.HeckeFamily.K
                            (@CyclotomicField.instField.{0}
                              (@OfNat.ofNat.{0} Nat (nat_lit 3) (instOfNatNat (nat_lit 3))) Rat Rat.instField)))))
                    (@Ideal.instHasQuotient_1.{0} OAI.SevenEighths.HeckeFamily.O
                      (@NumberField.instCommRingRingOfIntegers.{0} OAI.SevenEighths.HeckeFamily.K
                        (@CyclotomicField.instField.{0} (@OfNat.ofNat.{0} Nat (nat_lit 3) (instOfNatNat (nat_lit 3)))
                          Rat Rat.instField)))
                    M)
                  (@Ideal.Quotient.commRing.{0} OAI.SevenEighths.HeckeFamily.O
                    (@NumberField.instCommRingRingOfIntegers.{0} OAI.SevenEighths.HeckeFamily.K
                      (@CyclotomicField.instField.{0} (@OfNat.ofNat.{0} Nat (nat_lit 3) (instOfNatNat (nat_lit 3))) Rat
                        Rat.instField))
                    M))
                Complex
                (@CommGroupWithZero.toCommMonoidWithZero.{0} Complex
                  (@Semifield.toCommGroupWithZero.{0} Complex (@Field.toSemifield.{0} Complex Complex.instField))))
              (@CommGroup.toGroup.{0}
                (@MulChar.{0, 0}
                  (@HasQuotient.Quotient.{0, 0} OAI.SevenEighths.HeckeFamily.O
                    (@Ideal.{0} OAI.SevenEighths.HeckeFamily.O
                      (@CommSemiring.toSemiring.{0} OAI.SevenEighths.HeckeFamily.O
                        (@CommRing.toCommSemiring.{0} OAI.SevenEighths.HeckeFamily.O
                          (@NumberField.instCommRingRingOfIntegers.{0} OAI.SevenEighths.HeckeFamily.K
                            (@CyclotomicField.instField.{0}
                              (@OfNat.ofNat.{0} Nat (nat_lit 3) (instOfNatNat (nat_lit 3))) Rat Rat.instField)))))
                    (@Ideal.instHasQuotient_1.{0} OAI.SevenEighths.HeckeFamily.O
                      (@NumberField.instCommRingRingOfIntegers.{0} OAI.SevenEighths.HeckeFamily.K
                        (@CyclotomicField.instField.{0} (@OfNat.ofNat.{0} Nat (nat_lit 3) (instOfNatNat (nat_lit 3)))
                          Rat Rat.instField)))
                    M)
                  (@CommRing.toCommMonoid.{0}
                    (@HasQuotient.Quotient.{0, 0} OAI.SevenEighths.HeckeFamily.O
                      (@Ideal.{0} OAI.SevenEighths.HeckeFamily.O
                        (@CommSemiring.toSemiring.{0} OAI.SevenEighths.HeckeFamily.O
                          (@CommRing.toCommSemiring.{0} OAI.SevenEighths.HeckeFamily.O
                            (@NumberField.instCommRingRingOfIntegers.{0} OAI.SevenEighths.HeckeFamily.K
                              (@CyclotomicField.instField.{0}
                                (@OfNat.ofNat.{0} Nat (nat_lit 3) (instOfNatNat (nat_lit 3))) Rat Rat.instField)))))
                      (@Ideal.instHasQuotient_1.{0} OAI.SevenEighths.HeckeFamily.O
                        (@NumberField.instCommRingRingOfIntegers.{0} OAI.SevenEighths.HeckeFamily.K
                          (@CyclotomicField.instField.{0} (@OfNat.ofNat.{0} Nat (nat_lit 3) (instOfNatNat (nat_lit 3)))
                            Rat Rat.instField)))
                      M)
                    (@Ideal.Quotient.commRing.{0} OAI.SevenEighths.HeckeFamily.O
                      (@NumberField.instCommRingRingOfIntegers.{0} OAI.SevenEighths.HeckeFamily.K
                        (@CyclotomicField.instField.{0} (@OfNat.ofNat.{0} Nat (nat_lit 3) (instOfNatNat (nat_lit 3)))
                          Rat Rat.instField))
                      M))
                  Complex
                  (@CommGroupWithZero.toCommMonoidWithZero.{0} Complex
                    (@Semifield.toCommGroupWithZero.{0} Complex (@Field.toSemifield.{0} Complex Complex.instField))))
                (@MulChar.commGroup.{0, 0}
                  (@HasQuotient.Quotient.{0, 0} OAI.SevenEighths.HeckeFamily.O
                    (@Ideal.{0} OAI.SevenEighths.HeckeFamily.O
                      (@CommSemiring.toSemiring.{0} OAI.SevenEighths.HeckeFamily.O
                        (@CommRing.toCommSemiring.{0} OAI.SevenEighths.HeckeFamily.O
                          (@NumberField.instCommRingRingOfIntegers.{0} OAI.SevenEighths.HeckeFamily.K
                            (@CyclotomicField.instField.{0}
                              (@OfNat.ofNat.{0} Nat (nat_lit 3) (instOfNatNat (nat_lit 3))) Rat Rat.instField)))))
                    (@Ideal.instHasQuotient_1.{0} OAI.SevenEighths.HeckeFamily.O
                      (@NumberField.instCommRingRingOfIntegers.{0} OAI.SevenEighths.HeckeFamily.K
                        (@CyclotomicField.instField.{0} (@OfNat.ofNat.{0} Nat (nat_lit 3) (instOfNatNat (nat_lit 3)))
                          Rat Rat.instField)))
                    M)
                  (@CommRing.toCommMonoid.{0}
                    (@HasQuotient.Quotient.{0, 0} OAI.SevenEighths.HeckeFamily.O
                      (@Ideal.{0} OAI.SevenEighths.HeckeFamily.O
                        (@CommSemiring.toSemiring.{0} OAI.SevenEighths.HeckeFamily.O
                          (@CommRing.toCommSemiring.{0} OAI.SevenEighths.HeckeFamily.O
                            (@NumberField.instCommRingRingOfIntegers.{0} OAI.SevenEighths.HeckeFamily.K
                              (@CyclotomicField.instField.{0}
                                (@OfNat.ofNat.{0} Nat (nat_lit 3) (instOfNatNat (nat_lit 3))) Rat Rat.instField)))))
                      (@Ideal.instHasQuotient_1.{0} OAI.SevenEighths.HeckeFamily.O
                        (@NumberField.instCommRingRingOfIntegers.{0} OAI.SevenEighths.HeckeFamily.K
                          (@CyclotomicField.instField.{0} (@OfNat.ofNat.{0} Nat (nat_lit 3) (instOfNatNat (nat_lit 3)))
                            Rat Rat.instField)))
                      M)
                    (@Ideal.Quotient.commRing.{0} OAI.SevenEighths.HeckeFamily.O
                      (@NumberField.instCommRingRingOfIntegers.{0} OAI.SevenEighths.HeckeFamily.K
                        (@CyclotomicField.instField.{0} (@OfNat.ofNat.{0} Nat (nat_lit 3) (instOfNatNat (nat_lit 3)))
                          Rat Rat.instField))
                      M))
                  Complex
                  (@CommGroupWithZero.toCommMonoidWithZero.{0} Complex
                    (@Semifield.toCommGroupWithZero.{0} Complex (@Field.toSemifield.{0} Complex Complex.instField)))))))
          (@OAI.SevenEighths.RayQuotient.Characters.{0} OAI.SevenEighths.HeckeFamily.O
            (@NumberField.instCommRingRingOfIntegers.{0} OAI.SevenEighths.HeckeFamily.K
              (@CyclotomicField.instField.{0} (@OfNat.ofNat.{0} Nat (nat_lit 3) (instOfNatNat (nat_lit 3))) Rat
                Rat.instField))
            M (@OAI.SevenEighths.FiberRelativeEnergyBridge.instFiniteQuotientOIdeal M inst) H)
          x)
  (keep : OAI.SevenEighths.HeckeFamily.O → Prop)
  (Φ :
    @SchwartzMap.{0, 0} Real Complex Real.normedAddCommGroup
      (@InnerProductSpace.toNormedSpace.{0, 0} Real Real Real.instRCLike
        (@NormedAddCommGroup.toSeminormedAddCommGroup.{0} Real Real.normedAddCommGroup)
        (@RCLike.toInnerProductSpaceReal.{0} Real Real.instRCLike))
      Complex.instNormedAddCommGroup
      (@InnerProductSpace.toNormedSpace.{0, 0} Real Complex Real.instRCLike
        (@NormedAddCommGroup.toSeminormedAddCommGroup.{0} Complex Complex.instNormedAddCommGroup)
        instInnerProductSpaceRealComplex))
  (K : Real)
  (hK : @LT.lt.{0} Real Real.instLT (@OfNat.ofNat.{0} Real (nat_lit 0) (@Zero.toOfNat0.{0} Real Real.instZero)) K)
  (hΦ :
    ∀ (z : OAI.SevenEighths.HeckeFamily.O),
      @LE.le.{0} Real Real.instLE (@OfNat.ofNat.{0} Real (nat_lit 0) (@Zero.toOfNat0.{0} Real Real.instZero))
        (Complex.re
          (@DFunLike.coe.{1, 1, 1}
            (@SchwartzMap.{0, 0} Real Complex Real.normedAddCommGroup
              (@InnerProductSpace.toNormedSpace.{0, 0} Real Real Real.instRCLike
                (@NormedAddCommGroup.toSeminormedAddCommGroup.{0} Real Real.normedAddCommGroup)
                (@RCLike.toInnerProductSpaceReal.{0} Real Real.instRCLike))
              Complex.instNormedAddCommGroup
              (@InnerProductSpace.toNormedSpace.{0, 0} Real Complex Real.instRCLike
                (@NormedAddCommGroup.toSeminormedAddCommGroup.{0} Complex Complex.instNormedAddCommGroup)
                instInnerProductSpaceRealComplex))
            Real (fun (x : Real) => Complex)
            (@SchwartzMap.instFunLike.{0, 0} Real Complex Real.normedAddCommGroup
              (@InnerProductSpace.toNormedSpace.{0, 0} Real Real Real.instRCLike
                (@NormedAddCommGroup.toSeminormedAddCommGroup.{0} Real Real.normedAddCommGroup)
                (@RCLike.toInnerProductSpaceReal.{0} Real Real.instRCLike))
              Complex.instNormedAddCommGroup
              (@InnerProductSpace.toNormedSpace.{0, 0} Real Complex Real.instRCLike
                (@NormedAddCommGroup.toSeminormedAddCommGroup.{0} Complex Complex.instNormedAddCommGroup)
                instInnerProductSpaceRealComplex))
            Φ
            (@HDiv.hDiv.{0, 0, 0} Real Real Real
              (@instHDiv.{0} Real (@DivInvMonoid.toDiv.{0} Real Real.instDivInvMonoid))
              (@HPow.hPow.{0, 0, 0} Real Nat Real
                (@instHPow.{0, 0} Real Nat (@NPow.toPow.{0} Real (@Monoid.toNPow.{0} Real Real.instMonoid)))
                (@Norm.norm.{0} Complex Complex.instNorm
                  (@DFunLike.coe.{1, 1, 1}
                    (@RingHom.{0, 0} OAI.EisensteinEmbedding.O Complex
                      (@Semiring.toNonAssocSemiring.{0} OAI.EisensteinEmbedding.O
                        (@CommSemiring.toSemiring.{0} OAI.EisensteinEmbedding.O
                          (@CommRing.toCommSemiring.{0} OAI.EisensteinEmbedding.O
                            (@NumberField.instCommRingRingOfIntegers.{0} OAI.EisensteinEmbedding.K
                              (@CyclotomicField.instField.{0}
                                (@OfNat.ofNat.{0} Nat (nat_lit 3) (instOfNatNat (nat_lit 3))) Rat Rat.instField)))))
                      (@Semiring.toNonAssocSemiring.{0} Complex Complex.instSemiring))
                    OAI.EisensteinEmbedding.O (fun (x : OAI.EisensteinEmbedding.O) => Complex)
                    (@RingHom.instFunLike.{0, 0} OAI.EisensteinEmbedding.O Complex
                      (@Semiring.toNonAssocSemiring.{0} OAI.EisensteinEmbedding.O
                        (@CommSemiring.toSemiring.{0} OAI.EisensteinEmbedding.O
                          (@CommRing.toCommSemiring.{0} OAI.EisensteinEmbedding.O
                            (@NumberField.instCommRingRingOfIntegers.{0} OAI.EisensteinEmbedding.K
                              (@CyclotomicField.instField.{0}
                                (@OfNat.ofNat.{0} Nat (nat_lit 3) (instOfNatNat (nat_lit 3))) Rat Rat.instField)))))
                      (@Semiring.toNonAssocSemiring.{0} Complex Complex.instSemiring))
                    OAI.ConcreteTraceCRT.eisEmbedding z))
                (@OfNat.ofNat.{0} Nat (nat_lit 2) (instOfNatNat (nat_lit 2))))
              K))))
  (hkeep :
    ∀ (u : OAI.SevenEighths.HeckeInverseAmplification.FreeRow),
      @Membership.mem.{0, 0} OAI.SevenEighths.HeckeInverseAmplification.FreeRow
          (Finset.{0} OAI.SevenEighths.HeckeInverseAmplification.FreeRow)
          (@SetLike.instMembership.{0, 0} (Finset.{0} OAI.SevenEighths.HeckeInverseAmplification.FreeRow)
            OAI.SevenEighths.HeckeInverseAmplification.FreeRow
            (@Finset.instSetLike.{0} OAI.SevenEighths.HeckeInverseAmplification.FreeRow))
          (@OAI.SevenEighths.HeckeDetectorRawFiber.Fiber.rows.{u_1, u_2} M H Label Slot U a ε tstar T allowance i F) u →
        keep
          (@Subtype.val.{1} OAI.SevenEighths.HeckeFamily.O
            (fun (u : OAI.SevenEighths.HeckeFamily.O) =>
              And
                (@Ne.{1} OAI.SevenEighths.HeckeFamily.O u
                  (@OfNat.ofNat.{0} OAI.SevenEighths.HeckeFamily.O (nat_lit 0)
                    (@Zero.toOfNat0.{0} OAI.SevenEighths.HeckeFamily.O
                      (@MulZeroClass.toZero.{0} OAI.SevenEighths.HeckeFamily.O
                        (@instMulZeroClassOfSemiring.{0} OAI.SevenEighths.HeckeFamily.O
                          (@CommSemiring.toSemiring.{0} OAI.SevenEighths.HeckeFamily.O
                            (@CommRing.toCommSemiring.{0} OAI.SevenEighths.HeckeFamily.O
                              (@NumberField.instCommRingRingOfIntegers.{0} OAI.SevenEighths.HeckeFamily.K
                                (@CyclotomicField.instField.{0}
                                  (@OfNat.ofNat.{0} Nat (nat_lit 3) (instOfNatNat (nat_lit 3))) Rat
                                  Rat.instField)))))))))
                (OAI.SevenEighths.HeckeInverseAmplification.SixthFree
                  (@Ideal.span.{0} OAI.SevenEighths.HeckeFamily.O
                    (@CommSemiring.toSemiring.{0} OAI.SevenEighths.HeckeFamily.O
                      (@CommRing.toCommSemiring.{0} OAI.SevenEighths.HeckeFamily.O
                        (@NumberField.instCommRingRingOfIntegers.{0} OAI.SevenEighths.HeckeFamily.K
                          (@CyclotomicField.instField.{0} (@OfNat.ofNat.{0} Nat (nat_lit 3) (instOfNatNat (nat_lit 3)))
                            Rat Rat.instField))))
                    (@Singleton.singleton.{0, 0} OAI.SevenEighths.HeckeFamily.O (Set.{0} OAI.SevenEighths.HeckeFamily.O)
                      (@Set.instSingletonSet.{0} OAI.SevenEighths.HeckeFamily.O) u))))
            u))
  (hone :
    ∀ (u : OAI.SevenEighths.HeckeInverseAmplification.FreeRow),
      @Membership.mem.{0, 0} OAI.SevenEighths.HeckeInverseAmplification.FreeRow
          (Finset.{0} OAI.SevenEighths.HeckeInverseAmplification.FreeRow)
          (@SetLike.instMembership.{0, 0} (Finset.{0} OAI.SevenEighths.HeckeInverseAmplification.FreeRow)
            OAI.SevenEighths.HeckeInverseAmplification.FreeRow
            (@Finset.instSetLike.{0} OAI.SevenEighths.HeckeInverseAmplification.FreeRow))
          (@OAI.SevenEighths.HeckeDetectorRawFiber.Fiber.rows.{u_1, u_2} M H Label Slot U a ε tstar T allowance i F) u →
        @Eq.{1} Complex
          (@DFunLike.coe.{1, 1, 1}
            (@SchwartzMap.{0, 0} Real Complex Real.normedAddCommGroup
              (@InnerProductSpace.toNormedSpace.{0, 0} Real Real Real.instRCLike
                (@NormedAddCommGroup.toSeminormedAddCommGroup.{0} Real Real.normedAddCommGroup)
                (@RCLike.toInnerProductSpaceReal.{0} Real Real.instRCLike))
              Complex.instNormedAddCommGroup
              (@InnerProductSpace.toNormedSpace.{0, 0} Real Complex Real.instRCLike
                (@NormedAddCommGroup.toSeminormedAddCommGroup.{0} Complex Complex.instNormedAddCommGroup)
                instInnerProductSpaceRealComplex))
            Real (fun (x : Real) => Complex)
            (@SchwartzMap.instFunLike.{0, 0} Real Complex Real.normedAddCommGroup
              (@InnerProductSpace.toNormedSpace.{0, 0} Real Real Real.instRCLike
                (@NormedAddCommGroup.toSeminormedAddCommGroup.{0} Real Real.normedAddCommGroup)
                (@RCLike.toInnerProductSpaceReal.{0} Real Real.instRCLike))
              Complex.instNormedAddCommGroup
              (@InnerProductSpace.toNormedSpace.{0, 0} Real Complex Real.instRCLike
                (@NormedAddCommGroup.toSeminormedAddCommGroup.{0} Complex Complex.instNormedAddCommGroup)
                instInnerProductSpaceRealComplex))
            Φ
            (@HDiv.hDiv.{0, 0, 0} Real Real Real
              (@instHDiv.{0} Real (@DivInvMonoid.toDiv.{0} Real Real.instDivInvMonoid))
              (@HPow.hPow.{0, 0, 0} Real Nat Real
                (@instHPow.{0, 0} Real Nat (@NPow.toPow.{0} Real (@Monoid.toNPow.{0} Real Real.instMonoid)))
                (@Norm.norm.{0} Complex Complex.instNorm
                  (@DFunLike.coe.{1, 1, 1}
                    (@RingHom.{0, 0} OAI.EisensteinEmbedding.O Complex
                      (@Semiring.toNonAssocSemiring.{0} OAI.EisensteinEmbedding.O
                        (@CommSemiring.toSemiring.{0} OAI.EisensteinEmbedding.O
                          (@CommRing.toCommSemiring.{0} OAI.EisensteinEmbedding.O
                            (@NumberField.instCommRingRingOfIntegers.{0} OAI.EisensteinEmbedding.K
                              (@CyclotomicField.instField.{0}
                                (@OfNat.ofNat.{0} Nat (nat_lit 3) (instOfNatNat (nat_lit 3))) Rat Rat.instField)))))
                      (@Semiring.toNonAssocSemiring.{0} Complex Complex.instSemiring))
                    OAI.EisensteinEmbedding.O (fun (x : OAI.EisensteinEmbedding.O) => Complex)
                    (@RingHom.instFunLike.{0, 0} OAI.EisensteinEmbedding.O Complex
                      (@Semiring.toNonAssocSemiring.{0} OAI.EisensteinEmbedding.O
                        (@CommSemiring.toSemiring.{0} OAI.EisensteinEmbedding.O
                          (@CommRing.toCommSemiring.{0} OAI.EisensteinEmbedding.O
                            (@NumberField.instCommRingRingOfIntegers.{0} OAI.EisensteinEmbedding.K
                              (@CyclotomicField.instField.{0}
                                (@OfNat.ofNat.{0} Nat (nat_lit 3) (instOfNatNat (nat_lit 3))) Rat Rat.instField)))))
                      (@Semiring.toNonAssocSemiring.{0} Complex Complex.instSemiring))
                    OAI.ConcreteTraceCRT.eisEmbedding
                    (@Subtype.val.{1} OAI.SevenEighths.HeckeFamily.O
                      (fun (u : OAI.SevenEighths.HeckeFamily.O) =>
                        And
                          (@Ne.{1} OAI.SevenEighths.HeckeFamily.O u
                            (@OfNat.ofNat.{0} OAI.SevenEighths.HeckeFamily.O (nat_lit 0)
                              (@Zero.toOfNat0.{0} OAI.SevenEighths.HeckeFamily.O
                                (@MulZeroClass.toZero.{0} OAI.SevenEighths.HeckeFamily.O
                                  (@instMulZeroClassOfSemiring.{0} OAI.SevenEighths.HeckeFamily.O
                                    (@CommSemiring.toSemiring.{0} OAI.SevenEighths.HeckeFamily.O
                                      (@CommRing.toCommSemiring.{0} OAI.SevenEighths.HeckeFamily.O
                                        (@NumberField.instCommRingRingOfIntegers.{0} OAI.SevenEighths.HeckeFamily.K
                                          (@CyclotomicField.instField.{0}
                                            (@OfNat.ofNat.{0} Nat (nat_lit 3) (instOfNatNat (nat_lit 3))) Rat
                                            Rat.instField)))))))))
                          (OAI.SevenEighths.HeckeInverseAmplification.SixthFree
                            (@Ideal.span.{0} OAI.SevenEighths.HeckeFamily.O
                              (@CommSemiring.toSemiring.{0} OAI.SevenEighths.HeckeFamily.O
                                (@CommRing.toCommSemiring.{0} OAI.SevenEighths.HeckeFamily.O
                                  (@NumberField.instCommRingRingOfIntegers.{0} OAI.SevenEighths.HeckeFamily.K
                                    (@CyclotomicField.instField.{0}
                                      (@OfNat.ofNat.{0} Nat (nat_lit 3) (instOfNatNat (nat_lit 3))) Rat
                                      Rat.instField))))
                              (@Singleton.singleton.{0, 0} OAI.SevenEighths.HeckeFamily.O
                                (Set.{0} OAI.SevenEighths.HeckeFamily.O)
                                (@Set.instSingletonSet.{0} OAI.SevenEighths.HeckeFamily.O) u))))
                      u)))
                (@OfNat.ofNat.{0} Nat (nat_lit 2) (instOfNatNat (nat_lit 2))))
              K))
          (@OfNat.ofNat.{0} Complex (nat_lit 1) (@One.toOfNat1.{0} Complex Complex.instOne))),
  @LE.le.{0} Real Real.instLE
    (@Finset.sum.{0, 0} OAI.SevenEighths.HeckeInverseAmplification.FreeRow Real Real.instAddCommMonoid
      (@OAI.SevenEighths.HeckeDetectorRawFiber.Fiber.rows.{u_1, u_2} M H Label Slot U a ε tstar T allowance i F)
      fun (u : OAI.SevenEighths.HeckeInverseAmplification.FreeRow) =>
      @HPow.hPow.{0, 0, 0} Real Nat Real
        (@instHPow.{0, 0} Real Nat (@NPow.toPow.{0} Real (@Monoid.toNPow.{0} Real Real.instMonoid)))
        (@Norm.norm.{0} Complex Complex.instNorm
          (@HMul.hMul.{0, 0, 0} Complex Complex Complex (@instHMul.{0} Complex Complex.instMul)
            (@HMul.hMul.{0, 0, 0} Complex Complex Complex (@instHMul.{0} Complex Complex.instMul)
              (OAI.SevenEighths.HeckeDyadic.polynomial
                (@OAI.SevenEighths.HeckeDetectorRawFiber.Fiber.family.{u_1, u_2} M H Label Slot U a ε tstar T allowance
                  i F u
                  (@OAI.SevenEighths.HeckeDetectorRawFiber.Fiber.label.{u_1, u_2} M H Label Slot U a ε tstar T allowance
                    i F))
                Bool.false
                (@Nat.iterate.{1} (Real → Complex) OAI.SevenEighths.HeckeDetectorRowwisePolynomial.logProfile j
                  OAI.SevenEighths.HeckeDetectorDyadicProfiles.positiveAnnular)
                (@HPow.hPow.{0, 0, 0} Real Real Real (@instHPow.{0, 0} Real Real Real.instPow) U
                  (@OAI.SevenEighths.HeckeDetectorRawFiber.Fiber.m.{u_1, u_2} M H Label Slot U a ε tstar T allowance i
                    F))
                σ t)
              (OAI.SevenEighths.HeckeDyadic.polynomial
                (@OAI.SevenEighths.HeckeDetectorRawFiber.Fiber.family.{u_1, u_2} M H Label Slot U a ε tstar T allowance
                  i F u
                  (@OAI.SevenEighths.HeckeDetectorRawFiber.Fiber.label.{u_1, u_2} M H Label Slot U a ε tstar T allowance
                    i F))
                Bool.false
                (@Nat.iterate.{1} (Real → Complex) OAI.SevenEighths.HeckeDetectorRowwisePolynomial.logProfile k
                  OAI.SevenEighths.HeckeDetectorDyadicProfiles.positiveAnnular)
                (@HPow.hPow.{0, 0, 0} Real Real Real (@instHPow.{0, 0} Real Real Real.instPow) U
                  (@OAI.SevenEighths.HeckeDetectorRawFiber.Fiber.m.{u_1, u_2} M H Label Slot U a ε tstar T allowance i
                    F))
                σ t))
            (@OAI.SevenEighths.HeckeDetectorRawFiber.Fiber.physicalProduct.{u_1, u_2} M H Label Slot U a ε tstar T
              allowance i F selected u)))
        (@OfNat.ofNat.{0} Nat (nat_lit 2) (instOfNatNat (nat_lit 2))))
    (@OAI.SevenEighths.CenteredMomentInductionEnergy.energy.{u_2}
      (@Subtype.{u_2 + 1} Slot fun (x : Slot) =>
        @Membership.mem.{u_2, u_2} Slot (Finset.{u_2} Slot)
          (@SetLike.instMembership.{u_2, u_2} (Finset.{u_2} Slot) Slot (@Finset.instSetLike.{u_2} Slot)) selected x)
      (@Finset.Subtype.fintype.{u_2} Slot selected) η
      (@HMul.hMul.{0, 0, 0} OAI.ActualEisensteinCubic.O OAI.ConcretePrimeRowBridge.O OAI.ActualEisensteinCubic.O
        (@instHMul.{0} OAI.ActualEisensteinCubic.O
          (@Distrib.toMul.{0} OAI.ActualEisensteinCubic.O
            (@instDistribOfSemiring.{0} OAI.ActualEisensteinCubic.O
              (@CommSemiring.toSemiring.{0} OAI.ActualEisensteinCubic.O
                (@CommRing.toCommSemiring.{0} OAI.ActualEisensteinCubic.O
                  (@NumberField.instCommRingRingOfIntegers.{0} OAI.ActualEisensteinCubic.K
                    (@CyclotomicField.instField.{0} (@OfNat.ofNat.{0} Nat (nat_lit 3) (instOfNatNat (nat_lit 3))) Rat
                      Rat.instField)))))))
        OAI.SevenEighths.CenteredMomentSecondHeightFamily.fixedBadMask
        (OAI.ConcretePrimeRowBridge.idealGenerator
          (@OfNat.ofNat.{0}
            (@Ideal.{0} OAI.ConcretePrimeRowBridge.O
              (@CommSemiring.toSemiring.{0} OAI.ConcretePrimeRowBridge.O
                (@CommRing.toCommSemiring.{0} OAI.ConcretePrimeRowBridge.O
                  (@NumberField.instCommRingRingOfIntegers.{0} OAI.ConcretePrimeRowBridge.K
                    (@CyclotomicField.instField.{0} (@OfNat.ofNat.{0} Nat (nat_lit 3) (instOfNatNat (nat_lit 3))) Rat
                      Rat.instField)))))
            (nat_lit 1)
            (@One.toOfNat1.{0}
              (@Ideal.{0} OAI.ConcretePrimeRowBridge.O
                (@CommSemiring.toSemiring.{0} OAI.ConcretePrimeRowBridge.O
                  (@CommRing.toCommSemiring.{0} OAI.ConcretePrimeRowBridge.O
                    (@NumberField.instCommRingRingOfIntegers.{0} OAI.ConcretePrimeRowBridge.K
                      (@CyclotomicField.instField.{0} (@OfNat.ofNat.{0} Nat (nat_lit 3) (instOfNatNat (nat_lit 3))) Rat
                        Rat.instField)))))
              (@Submodule.one.{0, 0} OAI.ConcretePrimeRowBridge.O
                (@CommSemiring.toSemiring.{0} OAI.ConcretePrimeRowBridge.O
                  (@CommRing.toCommSemiring.{0} OAI.ConcretePrimeRowBridge.O
                    (@NumberField.instCommRingRingOfIntegers.{0} OAI.ConcretePrimeRowBridge.K
                      (@CyclotomicField.instField.{0} (@OfNat.ofNat.{0} Nat (nat_lit 3) (instOfNatNat (nat_lit 3))) Rat
                        Rat.instField))))
                OAI.ConcretePrimeRowBridge.O
                (@CommSemiring.toSemiring.{0} OAI.ConcretePrimeRowBridge.O
                  (@CommRing.toCommSemiring.{0} OAI.ConcretePrimeRowBridge.O
                    (@NumberField.instCommRingRingOfIntegers.{0} OAI.ConcretePrimeRowBridge.K
                      (@CyclotomicField.instField.{0} (@OfNat.ofNat.{0} Nat (nat_lit 3) (instOfNatNat (nat_lit 3))) Rat
                        Rat.instField))))
                (@Semiring.toModule.{0} OAI.ConcretePrimeRowBridge.O
                  (@CommSemiring.toSemiring.{0} OAI.ConcretePrimeRowBridge.O
                    (@CommRing.toCommSemiring.{0} OAI.ConcretePrimeRowBridge.O
                      (@NumberField.instCommRingRingOfIntegers.{0} OAI.ConcretePrimeRowBridge.K
                        (@CyclotomicField.instField.{0} (@OfNat.ofNat.{0} Nat (nat_lit 3) (instOfNatNat (nat_lit 3)))
                          Rat Rat.instField))))))))))
      (@OfNat.ofNat.{0} OAI.SevenEighths.HeckeFamily.O (nat_lit 1)
        (@One.toOfNat1.{0} OAI.SevenEighths.HeckeFamily.O
          (@AddMonoidWithOne.toOne.{0} OAI.SevenEighths.HeckeFamily.O
            (@AddGroupWithOne.toAddMonoidWithOne.{0} OAI.SevenEighths.HeckeFamily.O
              (@Ring.toAddGroupWithOne.{0} OAI.SevenEighths.HeckeFamily.O
                (@CommRing.toRing.{0} OAI.SevenEighths.HeckeFamily.O
                  (@NumberField.instCommRingRingOfIntegers.{0} OAI.SevenEighths.HeckeFamily.K
                    (@CyclotomicField.instField.{0} (@OfNat.ofNat.{0} Nat (nat_lit 3) (instOfNatNat (nat_lit 3))) Rat
                      Rat.instField))))))))
      (@OfNat.ofNat.{0} Real (nat_lit 0) (@Zero.toOfNat0.{0} Real Real.instZero))
      (OAI.SevenEighths.HeckeInverseAmplification.twistProfile
        (OAI.SevenEighths.HeckeDetectorCoefficientTransfer.orientedProfile
          (@OAI.SevenEighths.HeckeDetectorRawFiber.Fiber.reverse.{u_1, u_2} M H Label Slot U a ε tstar T allowance i F)
          (@Nat.iterate.{1} (Real → Complex) OAI.SevenEighths.HeckeDetectorRowwisePolynomial.logProfile j
            OAI.SevenEighths.HeckeDetectorDyadicProfiles.positiveAnnular))
        σ
        (OAI.SevenEighths.HeckeDetectorCoefficientTransfer.orientedFrequency
          (@OAI.SevenEighths.HeckeDetectorRawFiber.Fiber.reverse.{u_1, u_2} M H Label Slot U a ε tstar T allowance i F)
          t))
      (OAI.SevenEighths.HeckeInverseAmplification.twistProfile
        (OAI.SevenEighths.HeckeDetectorCoefficientTransfer.orientedProfile
          (@OAI.SevenEighths.HeckeDetectorRawFiber.Fiber.reverse.{u_1, u_2} M H Label Slot U a ε tstar T allowance i F)
          (@Nat.iterate.{1} (Real → Complex) OAI.SevenEighths.HeckeDetectorRowwisePolynomial.logProfile k
            OAI.SevenEighths.HeckeDetectorDyadicProfiles.positiveAnnular))
        σ
        (OAI.SevenEighths.HeckeDetectorCoefficientTransfer.orientedFrequency
          (@OAI.SevenEighths.HeckeDetectorRawFiber.Fiber.reverse.{u_1, u_2} M H Label Slot U a ε tstar T allowance i F)
          t))
      (fun
          (s :
            @Subtype.{u_2 + 1} Slot fun (x : Slot) =>
              @Membership.mem.{u_2, u_2} Slot (Finset.{u_2} Slot)
                (@SetLike.instMembership.{u_2, u_2} (Finset.{u_2} Slot) Slot (@Finset.instSetLike.{u_2} Slot)) selected
                x) =>
        OAI.SevenEighths.CenteredMomentPrimeSlot.primePool M H bslot
          (@HPow.hPow.{0, 0, 0} Real Real Real (@instHPow.{0, 0} Real Real Real.instPow) U
            (@OAI.SevenEighths.HeckeDetectorRawFiber.Fiber.widths.{u_1, u_2} M H Label Slot U a ε tstar T allowance i F
              (@Subtype.val.{u_2 + 1} Slot
                (fun (x : Slot) =>
                  @Membership.mem.{u_2, u_2} Slot (Finset.{u_2} Slot)
                    (@SetLike.instMembership.{u_2, u_2} (Finset.{u_2} Slot) Slot (@Finset.instSetLike.{u_2} Slot))
                    selected x)
                s))))
      (fun
          (s :
            @Subtype.{u_2 + 1} Slot fun (x : Slot) =>
              @Membership.mem.{u_2, u_2} Slot (Finset.{u_2} Slot)
                (@SetLike.instMembership.{u_2, u_2} (Finset.{u_2} Slot) Slot (@Finset.instSetLike.{u_2} Slot)) selected
                x)
          (J :
            @Ideal.{0} OAI.SevenEighths.HeckeFamily.O
              (@CommSemiring.toSemiring.{0} OAI.SevenEighths.HeckeFamily.O
                (@CommRing.toCommSemiring.{0} OAI.SevenEighths.HeckeFamily.O
                  (@NumberField.instCommRingRingOfIntegers.{0} OAI.SevenEighths.HeckeFamily.K
                    (@CyclotomicField.instField.{0} (@OfNat.ofNat.{0} Nat (nat_lit 3) (instOfNatNat (nat_lit 3))) Rat
                      Rat.instField))))) =>
        @HMul.hMul.{0, 0, 0} Complex Complex Complex (@instHMul.{0} Complex Complex.instMul)
          (@DFunLike.coe.{1, 1, 1}
            (@MonoidWithZeroHom.{0, 0}
              (@Ideal.{0} OAI.SevenEighths.HeckeFamily.O
                (@CommSemiring.toSemiring.{0} OAI.SevenEighths.HeckeFamily.O
                  (@CommRing.toCommSemiring.{0} OAI.SevenEighths.HeckeFamily.O
                    (@NumberField.instCommRingRingOfIntegers.{0} OAI.SevenEighths.HeckeFamily.K
                      (@CyclotomicField.instField.{0} (@OfNat.ofNat.{0} Nat (nat_lit 3) (instOfNatNat (nat_lit 3))) Rat
                        Rat.instField)))))
              Complex
              (@instMulZeroOneClassOfSemiring.{0}
                (@Ideal.{0} OAI.SevenEighths.HeckeFamily.O
                  (@CommSemiring.toSemiring.{0} OAI.SevenEighths.HeckeFamily.O
                    (@CommRing.toCommSemiring.{0} OAI.SevenEighths.HeckeFamily.O
                      (@NumberField.instCommRingRingOfIntegers.{0} OAI.SevenEighths.HeckeFamily.K
                        (@CyclotomicField.instField.{0} (@OfNat.ofNat.{0} Nat (nat_lit 3) (instOfNatNat (nat_lit 3)))
                          Rat Rat.instField)))))
                (@IdemSemiring.toSemiring.{0}
                  (@Ideal.{0} OAI.SevenEighths.HeckeFamily.O
                    (@CommSemiring.toSemiring.{0} OAI.SevenEighths.HeckeFamily.O
                      (@CommRing.toCommSemiring.{0} OAI.SevenEighths.HeckeFamily.O
                        (@NumberField.instCommRingRingOfIntegers.{0} OAI.SevenEighths.HeckeFamily.K
                          (@CyclotomicField.instField.{0} (@OfNat.ofNat.{0} Nat (nat_lit 3) (instOfNatNat (nat_lit 3)))
                            Rat Rat.instField)))))
                  (@Submodule.idemSemiring.{0, 0} OAI.SevenEighths.HeckeFamily.O
                    (@CommRing.toCommSemiring.{0} OAI.SevenEighths.HeckeFamily.O
                      (@NumberField.instCommRingRingOfIntegers.{0} OAI.SevenEighths.HeckeFamily.K
                        (@CyclotomicField.instField.{0} (@OfNat.ofNat.{0} Nat (nat_lit 3) (instOfNatNat (nat_lit 3)))
                          Rat Rat.instField)))
                    OAI.SevenEighths.HeckeFamily.O
                    (@CommSemiring.toSemiring.{0} OAI.SevenEighths.HeckeFamily.O
                      (@CommRing.toCommSemiring.{0} OAI.SevenEighths.HeckeFamily.O
                        (@NumberField.instCommRingRingOfIntegers.{0} OAI.SevenEighths.HeckeFamily.K
                          (@CyclotomicField.instField.{0} (@OfNat.ofNat.{0} Nat (nat_lit 3) (instOfNatNat (nat_lit 3)))
                            Rat Rat.instField))))
                    (@Algebra.id.{0} OAI.SevenEighths.HeckeFamily.O
                      (@CommRing.toCommSemiring.{0} OAI.SevenEighths.HeckeFamily.O
                        (@NumberField.instCommRingRingOfIntegers.{0} OAI.SevenEighths.HeckeFamily.K
                          (@CyclotomicField.instField.{0} (@OfNat.ofNat.{0} Nat (nat_lit 3) (instOfNatNat (nat_lit 3)))
                            Rat Rat.instField)))))))
              (@instMulZeroOneClassOfSemiring.{0} Complex Complex.instSemiring))
            (@Ideal.{0} OAI.SevenEighths.HeckeFamily.O
              (@CommSemiring.toSemiring.{0} OAI.SevenEighths.HeckeFamily.O
                (@CommRing.toCommSemiring.{0} OAI.SevenEighths.HeckeFamily.O
                  (@NumberField.instCommRingRingOfIntegers.{0} OAI.SevenEighths.HeckeFamily.K
                    (@CyclotomicField.instField.{0} (@OfNat.ofNat.{0} Nat (nat_lit 3) (instOfNatNat (nat_lit 3))) Rat
                      Rat.instField)))))
            (fun
                (x :
                  @Ideal.{0} OAI.SevenEighths.HeckeFamily.O
                    (@CommSemiring.toSemiring.{0} OAI.SevenEighths.HeckeFamily.O
                      (@CommRing.toCommSemiring.{0} OAI.SevenEighths.HeckeFamily.O
                        (@NumberField.instCommRingRingOfIntegers.{0} OAI.SevenEighths.HeckeFamily.K
                          (@CyclotomicField.instField.{0} (@OfNat.ofNat.{0} Nat (nat_lit 3) (instOfNatNat (nat_lit 3)))
                            Rat Rat.instField))))) =>
              Complex)
            (@MonoidWithZeroHom.funLike.{0, 0}
              (@Ideal.{0} OAI.SevenEighths.HeckeFamily.O
                (@CommSemiring.toSemiring.{0} OAI.SevenEighths.HeckeFamily.O
                  (@CommRing.toCommSemiring.{0} OAI.SevenEighths.HeckeFamily.O
                    (@NumberField.instCommRingRingOfIntegers.{0} OAI.SevenEighths.HeckeFamily.K
                      (@CyclotomicField.instField.{0} (@OfNat.ofNat.{0} Nat (nat_lit 3) (instOfNatNat (nat_lit 3))) Rat
                        Rat.instField)))))
              Complex
              (@instMulZeroOneClassOfSemiring.{0}
                (@Ideal.{0} OAI.SevenEighths.HeckeFamily.O
                  (@CommSemiring.toSemiring.{0} OAI.SevenEighths.HeckeFamily.O
                    (@CommRing.toCommSemiring.{0} OAI.SevenEighths.HeckeFamily.O
                      (@NumberField.instCommRingRingOfIntegers.{0} OAI.SevenEighths.HeckeFamily.K
                        (@CyclotomicField.instField.{0} (@OfNat.ofNat.{0} Nat (nat_lit 3) (instOfNatNat (nat_lit 3)))
                          Rat Rat.instField)))))
                (@IdemSemiring.toSemiring.{0}
                  (@Ideal.{0} OAI.SevenEighths.HeckeFamily.O
                    (@CommSemiring.toSemiring.{0} OAI.SevenEighths.HeckeFamily.O
                      (@CommRing.toCommSemiring.{0} OAI.SevenEighths.HeckeFamily.O
                        (@NumberField.instCommRingRingOfIntegers.{0} OAI.SevenEighths.HeckeFamily.K
                          (@CyclotomicField.instField.{0} (@OfNat.ofNat.{0} Nat (nat_lit 3) (instOfNatNat (nat_lit 3)))
                            Rat Rat.instField)))))
                  (@Submodule.idemSemiring.{0, 0} OAI.SevenEighths.HeckeFamily.O
                    (@CommRing.toCommSemiring.{0} OAI.SevenEighths.HeckeFamily.O
                      (@NumberField.instCommRingRingOfIntegers.{0} OAI.SevenEighths.HeckeFamily.K
                        (@CyclotomicField.instField.{0} (@OfNat.ofNat.{0} Nat (nat_lit 3) (instOfNatNat (nat_lit 3)))
                          Rat Rat.instField)))
                    OAI.SevenEighths.HeckeFamily.O
                    (@CommSemiring.toSemiring.{0} OAI.SevenEighths.HeckeFamily.O
                      (@CommRing.toCommSemiring.{0} OAI.SevenEighths.HeckeFamily.O
                        (@NumberField.instCommRingRingOfIntegers.{0} OAI.SevenEighths.HeckeFamily.K
                          (@CyclotomicField.instField.{0} (@OfNat.ofNat.{0} Nat (nat_lit 3) (instOfNatNat (nat_lit 3)))
                            Rat Rat.instField))))
                    (@Algebra.id.{0} OAI.SevenEighths.HeckeFamily.O
                      (@CommRing.toCommSemiring.{0} OAI.SevenEighths.HeckeFamily.O
                        (@NumberField.instCommRingRingOfIntegers.{0} OAI.SevenEighths.HeckeFamily.K
                          (@CyclotomicField.instField.{0} (@OfNat.ofNat.{0} Nat (nat_lit 3) (instOfNatNat (nat_lit 3)))
                            Rat Rat.instField)))))))
              (@instMulZeroOneClassOfSemiring.{0} Complex Complex.instSemiring))
            (OAI.SevenEighths.HeckeFamily.idealCoeff
              (@OAI.SevenEighths.CenteredMomentNaturalFixedRaySource.relativeCharacter M inst H hH η (θ s)))
            J)
          (OAI.SevenEighths.HeckePrimeAnnular.annularWeight
            (fun (y : Real) =>
              @DFunLike.coe.{1, 1, 1}
                (@RingHom.{0, 0} Complex Complex
                  (@Semiring.toNonAssocSemiring.{0} Complex
                    (@CommSemiring.toSemiring.{0} Complex Complex.instCommSemiring))
                  (@Semiring.toNonAssocSemiring.{0} Complex
                    (@CommSemiring.toSemiring.{0} Complex Complex.instCommSemiring)))
                Complex (fun (x : Complex) => Complex)
                (@RingHom.instFunLike.{0, 0} Complex Complex
                  (@Semiring.toNonAssocSemiring.{0} Complex
                    (@CommSemiring.toSemiring.{0} Complex Complex.instCommSemiring))
                  (@Semiring.toNonAssocSemiring.{0} Complex
                    (@CommSemiring.toSemiring.{0} Complex Complex.instCommSemiring)))
                (@starRingEnd.{0} Complex Complex.instCommSemiring Complex.instStarRing) (W y))
            (@HPow.hPow.{0, 0, 0} Real Real Real (@instHPow.{0, 0} Real Real Real.instPow) U
              (@OAI.SevenEighths.HeckeDetectorRawFiber.Fiber.widths.{u_1, u_2} M H Label Slot U a ε tstar T allowance i
                F
                (@Subtype.val.{u_2 + 1} Slot
                  (fun (x : Slot) =>
                    @Membership.mem.{u_2, u_2} Slot (Finset.{u_2} Slot)
                      (@SetLike.instMembership.{u_2, u_2} (Finset.{u_2} Slot) Slot (@Finset.instSetLike.{u_2} Slot))
                      selected x)
                  s)))
            (@HSub.hSub.{0, 0, 0} Real Real Real (@instHSub.{0} Real Real.instSub)
              (@OfNat.ofNat.{0} Real (nat_lit 1) (@One.toOfNat1.{0} Real Real.instOne))
              (Complex.re
                (@OAI.SevenEighths.HeckeDetectorRawFiber.Fiber.external.{u_1, u_2} M H Label Slot U a ε tstar T
                  allowance i F
                  (@Subtype.val.{u_2 + 1} Slot
                    (fun (x : Slot) =>
                      @Membership.mem.{u_2, u_2} Slot (Finset.{u_2} Slot)
                        (@SetLike.instMembership.{u_2, u_2} (Finset.{u_2} Slot) Slot (@Finset.instSetLike.{u_2} Slot))
                        selected x)
                    s))))
            (@Neg.neg.{0} Real Real.instNeg
              (Complex.im
                (@OAI.SevenEighths.HeckeDetectorRawFiber.Fiber.external.{u_1, u_2} M H Label Slot U a ε tstar T
                  allowance i F
                  (@Subtype.val.{u_2 + 1} Slot
                    (fun (x : Slot) =>
                      @Membership.mem.{u_2, u_2} Slot (Finset.{u_2} Slot)
                        (@SetLike.instMembership.{u_2, u_2} (Finset.{u_2} Slot) Slot (@Finset.instSetLike.{u_2} Slot))
                        selected x)
                    s))))
            J))
      (fun
          (s :
            @Subtype.{u_2 + 1} Slot fun (x : Slot) =>
              @Membership.mem.{u_2, u_2} Slot (Finset.{u_2} Slot)
                (@SetLike.instMembership.{u_2, u_2} (Finset.{u_2} Slot) Slot (@Finset.instSetLike.{u_2} Slot)) selected
                x) =>
        @HPow.hPow.{0, 0, 0} Real Real Real (@instHPow.{0, 0} Real Real Real.instPow) U
          (@OAI.SevenEighths.HeckeDetectorRawFiber.Fiber.widths.{u_1, u_2} M H Label Slot U a ε tstar T allowance i F
            (@Subtype.val.{u_2 + 1} Slot
              (fun (x : Slot) =>
                @Membership.mem.{u_2, u_2} Slot (Finset.{u_2} Slot)
                  (@SetLike.instMembership.{u_2, u_2} (Finset.{u_2} Slot) Slot (@Finset.instSetLike.{u_2} Slot))
                  selected x)
              s)))
      (@HPow.hPow.{0, 0, 0} Real Real Real (@instHPow.{0, 0} Real Real Real.instPow) U
        (@OAI.SevenEighths.HeckeDetectorRawFiber.Fiber.m.{u_1, u_2} M H Label Slot U a ε tstar T allowance i F))
      (@HPow.hPow.{0, 0, 0} Real Real Real (@instHPow.{0, 0} Real Real Real.instPow) U
        (@OAI.SevenEighths.HeckeDetectorRawFiber.Fiber.m.{u_1, u_2} M H Label Slot U a ε tstar T allowance i F))
      keep Φ K)
'OAI.SevenEighths.FiberRelativeEnergyBridge.actual_fiber_plain_le_relative_energy' depends on axioms: [propext,
 Classical.choice,
 Quot.sound]
@OAI.SevenEighths.FiniteSupportedWitnessRetraction.finite_supported_witness_retraction.{u_1} : ∀ {Label : Type u_1}
  (rows : Finset.{0} OAI.SevenEighths.HeckeInverseAmplification.FreeRow)
  (hne : @Finset.Nonempty.{0} OAI.SevenEighths.HeckeInverseAmplification.FreeRow rows)
  (χ :
    (@Subtype.{1} OAI.SevenEighths.HeckeInverseAmplification.FreeRow
        fun (x : OAI.SevenEighths.HeckeInverseAmplification.FreeRow) =>
        @Membership.mem.{0, 0} OAI.SevenEighths.HeckeInverseAmplification.FreeRow
          (Finset.{0} OAI.SevenEighths.HeckeInverseAmplification.FreeRow)
          (@SetLike.instMembership.{0, 0} (Finset.{0} OAI.SevenEighths.HeckeInverseAmplification.FreeRow)
            OAI.SevenEighths.HeckeInverseAmplification.FreeRow
            (@Finset.instSetLike.{0} OAI.SevenEighths.HeckeInverseAmplification.FreeRow))
          rows x) →
      Label → OAI.SevenEighths.HeckeFamily.Character)
  (U a ε tstar T allowance : Real) (i : Nat)
  (w :
    (u :
        @Subtype.{1} OAI.SevenEighths.HeckeInverseAmplification.FreeRow
          fun (x : OAI.SevenEighths.HeckeInverseAmplification.FreeRow) =>
          @Membership.mem.{0, 0} OAI.SevenEighths.HeckeInverseAmplification.FreeRow
            (Finset.{0} OAI.SevenEighths.HeckeInverseAmplification.FreeRow)
            (@SetLike.instMembership.{0, 0} (Finset.{0} OAI.SevenEighths.HeckeInverseAmplification.FreeRow)
              OAI.SevenEighths.HeckeInverseAmplification.FreeRow
              (@Finset.instSetLike.{0} OAI.SevenEighths.HeckeInverseAmplification.FreeRow))
            rows x) →
      @OAI.SevenEighths.HeckeDetectorSupportedWitness.SupportedWitness.{u_1} Label (χ u) U a ε tstar T allowance i),
  @Exists.{1}
    (OAI.SevenEighths.HeckeInverseAmplification.FreeRow →
      @Subtype.{1} OAI.SevenEighths.HeckeInverseAmplification.FreeRow
        fun (x : OAI.SevenEighths.HeckeInverseAmplification.FreeRow) =>
        @Membership.mem.{0, 0} OAI.SevenEighths.HeckeInverseAmplification.FreeRow
          (Finset.{0} OAI.SevenEighths.HeckeInverseAmplification.FreeRow)
          (@SetLike.instMembership.{0, 0} (Finset.{0} OAI.SevenEighths.HeckeInverseAmplification.FreeRow)
            OAI.SevenEighths.HeckeInverseAmplification.FreeRow
            (@Finset.instSetLike.{0} OAI.SevenEighths.HeckeInverseAmplification.FreeRow))
          rows x)
    fun
      (r :
        OAI.SevenEighths.HeckeInverseAmplification.FreeRow →
          @Subtype.{1} OAI.SevenEighths.HeckeInverseAmplification.FreeRow
            fun (x : OAI.SevenEighths.HeckeInverseAmplification.FreeRow) =>
            @Membership.mem.{0, 0} OAI.SevenEighths.HeckeInverseAmplification.FreeRow
              (Finset.{0} OAI.SevenEighths.HeckeInverseAmplification.FreeRow)
              (@SetLike.instMembership.{0, 0} (Finset.{0} OAI.SevenEighths.HeckeInverseAmplification.FreeRow)
                OAI.SevenEighths.HeckeInverseAmplification.FreeRow
                (@Finset.instSetLike.{0} OAI.SevenEighths.HeckeInverseAmplification.FreeRow))
              rows x) =>
    And
      (∀
        (u :
          @Subtype.{1} OAI.SevenEighths.HeckeInverseAmplification.FreeRow
            fun (x : OAI.SevenEighths.HeckeInverseAmplification.FreeRow) =>
            @Membership.mem.{0, 0} OAI.SevenEighths.HeckeInverseAmplification.FreeRow
              (Finset.{0} OAI.SevenEighths.HeckeInverseAmplification.FreeRow)
              (@SetLike.instMembership.{0, 0} (Finset.{0} OAI.SevenEighths.HeckeInverseAmplification.FreeRow)
                OAI.SevenEighths.HeckeInverseAmplification.FreeRow
                (@Finset.instSetLike.{0} OAI.SevenEighths.HeckeInverseAmplification.FreeRow))
              rows x),
        @Eq.{1}
          (@Subtype.{1} OAI.SevenEighths.HeckeInverseAmplification.FreeRow
            fun (x : OAI.SevenEighths.HeckeInverseAmplification.FreeRow) =>
            @Membership.mem.{0, 0} OAI.SevenEighths.HeckeInverseAmplification.FreeRow
              (Finset.{0} OAI.SevenEighths.HeckeInverseAmplification.FreeRow)
              (@SetLike.instMembership.{0, 0} (Finset.{0} OAI.SevenEighths.HeckeInverseAmplification.FreeRow)
                OAI.SevenEighths.HeckeInverseAmplification.FreeRow
                (@Finset.instSetLike.{0} OAI.SevenEighths.HeckeInverseAmplification.FreeRow))
              rows x)
          (r
            (@Subtype.val.{1} OAI.SevenEighths.HeckeInverseAmplification.FreeRow
              (fun (x : OAI.SevenEighths.HeckeInverseAmplification.FreeRow) =>
                @Membership.mem.{0, 0} OAI.SevenEighths.HeckeInverseAmplification.FreeRow
                  (Finset.{0} OAI.SevenEighths.HeckeInverseAmplification.FreeRow)
                  (@SetLike.instMembership.{0, 0} (Finset.{0} OAI.SevenEighths.HeckeInverseAmplification.FreeRow)
                    OAI.SevenEighths.HeckeInverseAmplification.FreeRow
                    (@Finset.instSetLike.{0} OAI.SevenEighths.HeckeInverseAmplification.FreeRow))
                  rows x)
              u))
          u)
      (@Exists.{u_1 + 1}
        ((u : OAI.SevenEighths.HeckeInverseAmplification.FreeRow) →
          @OAI.SevenEighths.HeckeDetectorSupportedWitness.SupportedWitness.{u_1} Label (χ (r u)) U a ε tstar T allowance
            i)
        fun
          (W :
            (u : OAI.SevenEighths.HeckeInverseAmplification.FreeRow) →
              @OAI.SevenEighths.HeckeDetectorSupportedWitness.SupportedWitness.{u_1} Label (χ (r u)) U a ε tstar T
                allowance i) =>
        ∀
          (u :
            @Subtype.{1} OAI.SevenEighths.HeckeInverseAmplification.FreeRow
              fun (x : OAI.SevenEighths.HeckeInverseAmplification.FreeRow) =>
              @Membership.mem.{0, 0} OAI.SevenEighths.HeckeInverseAmplification.FreeRow
                (Finset.{0} OAI.SevenEighths.HeckeInverseAmplification.FreeRow)
                (@SetLike.instMembership.{0, 0} (Finset.{0} OAI.SevenEighths.HeckeInverseAmplification.FreeRow)
                  OAI.SevenEighths.HeckeInverseAmplification.FreeRow
                  (@Finset.instSetLike.{0} OAI.SevenEighths.HeckeInverseAmplification.FreeRow))
                rows x),
          @HEq.{u_1 + 1}
            (@OAI.SevenEighths.HeckeDetectorSupportedWitness.SupportedWitness.{u_1} Label
              (χ
                (r
                  (@Subtype.val.{1} OAI.SevenEighths.HeckeInverseAmplification.FreeRow
                    (fun (x : OAI.SevenEighths.HeckeInverseAmplification.FreeRow) =>
                      @Membership.mem.{0, 0} OAI.SevenEighths.HeckeInverseAmplification.FreeRow
                        (Finset.{0} OAI.SevenEighths.HeckeInverseAmplification.FreeRow)
                        (@SetLike.instMembership.{0, 0} (Finset.{0} OAI.SevenEighths.HeckeInverseAmplification.FreeRow)
                          OAI.SevenEighths.HeckeInverseAmplification.FreeRow
                          (@Finset.instSetLike.{0} OAI.SevenEighths.HeckeInverseAmplification.FreeRow))
                        rows x)
                    u)))
              U a ε tstar T allowance i)
            (W
              (@Subtype.val.{1} OAI.SevenEighths.HeckeInverseAmplification.FreeRow
                (fun (x : OAI.SevenEighths.HeckeInverseAmplification.FreeRow) =>
                  @Membership.mem.{0, 0} OAI.SevenEighths.HeckeInverseAmplification.FreeRow
                    (Finset.{0} OAI.SevenEighths.HeckeInverseAmplification.FreeRow)
                    (@SetLike.instMembership.{0, 0} (Finset.{0} OAI.SevenEighths.HeckeInverseAmplification.FreeRow)
                      OAI.SevenEighths.HeckeInverseAmplification.FreeRow
                      (@Finset.instSetLike.{0} OAI.SevenEighths.HeckeInverseAmplification.FreeRow))
                    rows x)
                u))
            (@OAI.SevenEighths.HeckeDetectorSupportedWitness.SupportedWitness.{u_1} Label (χ u) U a ε tstar T allowance
              i)
            (w u))
'OAI.SevenEighths.FiniteSupportedWitnessRetraction.finite_supported_witness_retraction' depends on axioms: [propext,
 Classical.choice,
 Quot.sound]
@OAI.SevenEighths.FiniteRowNaturalState.eventually_finite_row_natural_state.{u_1} : ∀ {Label : Type u_1}
  [Fintype.{u_1} Label] (η : Label → OAI.SevenEighths.HeckeFamily.Character)
  (Q :
    Label →
      @Ideal.{0} OAI.SevenEighths.HeckeFamily.O
        (@CommSemiring.toSemiring.{0} OAI.SevenEighths.HeckeFamily.O
          (@CommRing.toCommSemiring.{0} OAI.SevenEighths.HeckeFamily.O
            (@NumberField.instCommRingRingOfIntegers.{0} OAI.SevenEighths.HeckeFamily.K
              (@CyclotomicField.instField.{0} (@OfNat.ofNat.{0} Nat (nat_lit 3) (instOfNatNat (nat_lit 3))) Rat
                Rat.instField)))))
  (hQ0 :
    ∀ (j : Label),
      @Ne.{1}
        (@Ideal.{0} OAI.SevenEighths.HeckeFamily.O
          (@CommSemiring.toSemiring.{0} OAI.SevenEighths.HeckeFamily.O
            (@CommRing.toCommSemiring.{0} OAI.SevenEighths.HeckeFamily.O
              (@NumberField.instCommRingRingOfIntegers.{0} OAI.SevenEighths.HeckeFamily.K
                (@CyclotomicField.instField.{0} (@OfNat.ofNat.{0} Nat (nat_lit 3) (instOfNatNat (nat_lit 3))) Rat
                  Rat.instField)))))
        (Q j)
        (@OfNat.ofNat.{0}
          (@Ideal.{0} OAI.SevenEighths.HeckeFamily.O
            (@CommSemiring.toSemiring.{0} OAI.SevenEighths.HeckeFamily.O
              (@CommRing.toCommSemiring.{0} OAI.SevenEighths.HeckeFamily.O
                (@NumberField.instCommRingRingOfIntegers.{0} OAI.SevenEighths.HeckeFamily.K
                  (@CyclotomicField.instField.{0} (@OfNat.ofNat.{0} Nat (nat_lit 3) (instOfNatNat (nat_lit 3))) Rat
                    Rat.instField)))))
          (nat_lit 0)
          (@Zero.toOfNat0.{0}
            (@Ideal.{0} OAI.SevenEighths.HeckeFamily.O
              (@CommSemiring.toSemiring.{0} OAI.SevenEighths.HeckeFamily.O
                (@CommRing.toCommSemiring.{0} OAI.SevenEighths.HeckeFamily.O
                  (@NumberField.instCommRingRingOfIntegers.{0} OAI.SevenEighths.HeckeFamily.K
                    (@CyclotomicField.instField.{0} (@OfNat.ofNat.{0} Nat (nat_lit 3) (instOfNatNat (nat_lit 3))) Rat
                      Rat.instField)))))
            (@Submodule.pointwiseZero.{0, 0} OAI.SevenEighths.HeckeFamily.O OAI.SevenEighths.HeckeFamily.O
              (@CommSemiring.toSemiring.{0} OAI.SevenEighths.HeckeFamily.O
                (@CommRing.toCommSemiring.{0} OAI.SevenEighths.HeckeFamily.O
                  (@NumberField.instCommRingRingOfIntegers.{0} OAI.SevenEighths.HeckeFamily.K
                    (@CyclotomicField.instField.{0} (@OfNat.ofNat.{0} Nat (nat_lit 3) (instOfNatNat (nat_lit 3))) Rat
                      Rat.instField))))
              (@Semiring.toAddCommMonoid.{0} OAI.SevenEighths.HeckeFamily.O
                (@CommSemiring.toSemiring.{0} OAI.SevenEighths.HeckeFamily.O
                  (@CommRing.toCommSemiring.{0} OAI.SevenEighths.HeckeFamily.O
                    (@NumberField.instCommRingRingOfIntegers.{0} OAI.SevenEighths.HeckeFamily.K
                      (@CyclotomicField.instField.{0} (@OfNat.ofNat.{0} Nat (nat_lit 3) (instOfNatNat (nat_lit 3))) Rat
                        Rat.instField)))))
              (@Semiring.toModule.{0} OAI.SevenEighths.HeckeFamily.O
                (@CommSemiring.toSemiring.{0} OAI.SevenEighths.HeckeFamily.O
                  (@CommRing.toCommSemiring.{0} OAI.SevenEighths.HeckeFamily.O
                    (@NumberField.instCommRingRingOfIntegers.{0} OAI.SevenEighths.HeckeFamily.K
                      (@CyclotomicField.instField.{0} (@OfNat.ofNat.{0} Nat (nat_lit 3) (instOfNatNat (nat_lit 3))) Rat
                        Rat.instField)))))))))
  (hQ :
    ∀ (j : Label),
      @Ne.{1}
        (@Ideal.{0} OAI.SevenEighths.HeckeFamily.O
          (@CommSemiring.toSemiring.{0} OAI.SevenEighths.HeckeFamily.O
            (@CommRing.toCommSemiring.{0} OAI.SevenEighths.HeckeFamily.O
              (@NumberField.instCommRingRingOfIntegers.{0} OAI.SevenEighths.HeckeFamily.K
                (@CyclotomicField.instField.{0} (@OfNat.ofNat.{0} Nat (nat_lit 3) (instOfNatNat (nat_lit 3))) Rat
                  Rat.instField)))))
        (Q j)
        (@Top.top.{0}
          (@Ideal.{0} OAI.SevenEighths.HeckeFamily.O
            (@CommSemiring.toSemiring.{0} OAI.SevenEighths.HeckeFamily.O
              (@CommRing.toCommSemiring.{0} OAI.SevenEighths.HeckeFamily.O
                (@NumberField.instCommRingRingOfIntegers.{0} OAI.SevenEighths.HeckeFamily.K
                  (@CyclotomicField.instField.{0} (@OfNat.ofNat.{0} Nat (nat_lit 3) (instOfNatNat (nat_lit 3))) Rat
                    Rat.instField)))))
          (@Submodule.instTop.{0, 0} OAI.SevenEighths.HeckeFamily.O OAI.SevenEighths.HeckeFamily.O
            (@CommSemiring.toSemiring.{0} OAI.SevenEighths.HeckeFamily.O
              (@CommRing.toCommSemiring.{0} OAI.SevenEighths.HeckeFamily.O
                (@NumberField.instCommRingRingOfIntegers.{0} OAI.SevenEighths.HeckeFamily.K
                  (@CyclotomicField.instField.{0} (@OfNat.ofNat.{0} Nat (nat_lit 3) (instOfNatNat (nat_lit 3))) Rat
                    Rat.instField))))
            (@Semiring.toAddCommMonoid.{0} OAI.SevenEighths.HeckeFamily.O
              (@CommSemiring.toSemiring.{0} OAI.SevenEighths.HeckeFamily.O
                (@CommRing.toCommSemiring.{0} OAI.SevenEighths.HeckeFamily.O
                  (@NumberField.instCommRingRingOfIntegers.{0} OAI.SevenEighths.HeckeFamily.K
                    (@CyclotomicField.instField.{0} (@OfNat.ofNat.{0} Nat (nat_lit 3) (instOfNatNat (nat_lit 3))) Rat
                      Rat.instField)))))
            (@Semiring.toModule.{0} OAI.SevenEighths.HeckeFamily.O
              (@CommSemiring.toSemiring.{0} OAI.SevenEighths.HeckeFamily.O
                (@CommRing.toCommSemiring.{0} OAI.SevenEighths.HeckeFamily.O
                  (@NumberField.instCommRingRingOfIntegers.{0} OAI.SevenEighths.HeckeFamily.K
                    (@CyclotomicField.instField.{0} (@OfNat.ofNat.{0} Nat (nat_lit 3) (instOfNatNat (nat_lit 3))) Rat
                      Rat.instField))))))))
  (hQ72 :
    ∀ (j : Label),
      @LE.le.{0}
        (@Ideal.{0} OAI.SevenEighths.HeckeFamily.O
          (@CommSemiring.toSemiring.{0} OAI.SevenEighths.HeckeFamily.O
            (@CommRing.toCommSemiring.{0} OAI.SevenEighths.HeckeFamily.O
              (@NumberField.instCommRingRingOfIntegers.{0} OAI.SevenEighths.HeckeFamily.K
                (@CyclotomicField.instField.{0} (@OfNat.ofNat.{0} Nat (nat_lit 3) (instOfNatNat (nat_lit 3))) Rat
                  Rat.instField)))))
        (@Preorder.toLE.{0}
          (@Ideal.{0} OAI.SevenEighths.HeckeFamily.O
            (@CommSemiring.toSemiring.{0} OAI.SevenEighths.HeckeFamily.O
              (@CommRing.toCommSemiring.{0} OAI.SevenEighths.HeckeFamily.O
                (@NumberField.instCommRingRingOfIntegers.{0} OAI.SevenEighths.HeckeFamily.K
                  (@CyclotomicField.instField.{0} (@OfNat.ofNat.{0} Nat (nat_lit 3) (instOfNatNat (nat_lit 3))) Rat
                    Rat.instField)))))
          (@PartialOrder.toPreorder.{0}
            (@Ideal.{0} OAI.SevenEighths.HeckeFamily.O
              (@CommSemiring.toSemiring.{0} OAI.SevenEighths.HeckeFamily.O
                (@CommRing.toCommSemiring.{0} OAI.SevenEighths.HeckeFamily.O
                  (@NumberField.instCommRingRingOfIntegers.{0} OAI.SevenEighths.HeckeFamily.K
                    (@CyclotomicField.instField.{0} (@OfNat.ofNat.{0} Nat (nat_lit 3) (instOfNatNat (nat_lit 3))) Rat
                      Rat.instField)))))
            (@Submodule.instPartialOrder.{0, 0} OAI.SevenEighths.HeckeFamily.O OAI.SevenEighths.HeckeFamily.O
              (@CommSemiring.toSemiring.{0} OAI.SevenEighths.HeckeFamily.O
                (@CommRing.toCommSemiring.{0} OAI.SevenEighths.HeckeFamily.O
                  (@NumberField.instCommRingRingOfIntegers.{0} OAI.SevenEighths.HeckeFamily.K
                    (@CyclotomicField.instField.{0} (@OfNat.ofNat.{0} Nat (nat_lit 3) (instOfNatNat (nat_lit 3))) Rat
                      Rat.instField))))
              (@Semiring.toAddCommMonoid.{0} OAI.SevenEighths.HeckeFamily.O
                (@CommSemiring.toSemiring.{0} OAI.SevenEighths.HeckeFamily.O
                  (@CommRing.toCommSemiring.{0} OAI.SevenEighths.HeckeFamily.O
                    (@NumberField.instCommRingRingOfIntegers.{0} OAI.SevenEighths.HeckeFamily.K
                      (@CyclotomicField.instField.{0} (@OfNat.ofNat.{0} Nat (nat_lit 3) (instOfNatNat (nat_lit 3))) Rat
                        Rat.instField)))))
              (@Semiring.toModule.{0} OAI.SevenEighths.HeckeFamily.O
                (@CommSemiring.toSemiring.{0} OAI.SevenEighths.HeckeFamily.O
                  (@CommRing.toCommSemiring.{0} OAI.SevenEighths.HeckeFamily.O
                    (@NumberField.instCommRingRingOfIntegers.{0} OAI.SevenEighths.HeckeFamily.K
                      (@CyclotomicField.instField.{0} (@OfNat.ofNat.{0} Nat (nat_lit 3) (instOfNatNat (nat_lit 3))) Rat
                        Rat.instField))))))))
        (Q j)
        (@Ideal.span.{0} OAI.SevenEighths.HeckeFamily.O
          (@CommSemiring.toSemiring.{0} OAI.SevenEighths.HeckeFamily.O
            (@CommRing.toCommSemiring.{0} OAI.SevenEighths.HeckeFamily.O
              (@NumberField.instCommRingRingOfIntegers.{0} OAI.SevenEighths.HeckeFamily.K
                (@CyclotomicField.instField.{0} (@OfNat.ofNat.{0} Nat (nat_lit 3) (instOfNatNat (nat_lit 3))) Rat
                  Rat.instField))))
          (@Singleton.singleton.{0, 0} OAI.SevenEighths.HeckeFamily.O (Set.{0} OAI.SevenEighths.HeckeFamily.O)
            (@Set.instSingletonSet.{0} OAI.SevenEighths.HeckeFamily.O)
            (@OfNat.ofNat.{0} OAI.SevenEighths.HeckeFamily.O (nat_lit 72)
              (@instOfNatAtLeastTwo.{0} OAI.SevenEighths.HeckeFamily.O (nat_lit 72)
                (@AddMonoidWithOne.toNatCast.{0} OAI.SevenEighths.HeckeFamily.O
                  (@AddGroupWithOne.toAddMonoidWithOne.{0} OAI.SevenEighths.HeckeFamily.O
                    (@Ring.toAddGroupWithOne.{0} OAI.SevenEighths.HeckeFamily.O
                      (@CommRing.toRing.{0} OAI.SevenEighths.HeckeFamily.O
                        (@NumberField.instCommRingRingOfIntegers.{0} OAI.SevenEighths.HeckeFamily.K
                          (@CyclotomicField.instField.{0} (@OfNat.ofNat.{0} Nat (nat_lit 3) (instOfNatNat (nat_lit 3)))
                            Rat Rat.instField))))))
                (@Nat.instAtLeastTwoHAddOfNat (@OfNat.ofNat.{0} Nat (nat_lit 71) (instOfNatNat (nat_lit 71)))
                  (@Nat.instNeZeroSucc (@OfNat.ofNat.{0} Nat (nat_lit 70) (instOfNatNat (nat_lit 70))))))))))
  (hQη :
    ∀ (j : Label),
      @LE.le.{0}
        (@Ideal.{0} OAI.SevenEighths.HeckeFamily.O
          (@CommSemiring.toSemiring.{0} OAI.SevenEighths.HeckeFamily.O
            (@CommRing.toCommSemiring.{0} OAI.SevenEighths.HeckeFamily.O
              (@NumberField.instCommRingRingOfIntegers.{0} OAI.SevenEighths.HeckeFamily.K
                (@CyclotomicField.instField.{0} (@OfNat.ofNat.{0} Nat (nat_lit 3) (instOfNatNat (nat_lit 3))) Rat
                  Rat.instField)))))
        (@Preorder.toLE.{0}
          (@Ideal.{0} OAI.SevenEighths.HeckeFamily.O
            (@CommSemiring.toSemiring.{0} OAI.SevenEighths.HeckeFamily.O
              (@CommRing.toCommSemiring.{0} OAI.SevenEighths.HeckeFamily.O
                (@NumberField.instCommRingRingOfIntegers.{0} OAI.SevenEighths.HeckeFamily.K
                  (@CyclotomicField.instField.{0} (@OfNat.ofNat.{0} Nat (nat_lit 3) (instOfNatNat (nat_lit 3))) Rat
                    Rat.instField)))))
          (@PartialOrder.toPreorder.{0}
            (@Ideal.{0} OAI.SevenEighths.HeckeFamily.O
              (@CommSemiring.toSemiring.{0} OAI.SevenEighths.HeckeFamily.O
                (@CommRing.toCommSemiring.{0} OAI.SevenEighths.HeckeFamily.O
                  (@NumberField.instCommRingRingOfIntegers.{0} OAI.SevenEighths.HeckeFamily.K
                    (@CyclotomicField.instField.{0} (@OfNat.ofNat.{0} Nat (nat_lit 3) (instOfNatNat (nat_lit 3))) Rat
                      Rat.instField)))))
            (@Submodule.instPartialOrder.{0, 0} OAI.SevenEighths.HeckeFamily.O OAI.SevenEighths.HeckeFamily.O
              (@CommSemiring.toSemiring.{0} OAI.SevenEighths.HeckeFamily.O
                (@CommRing.toCommSemiring.{0} OAI.SevenEighths.HeckeFamily.O
                  (@NumberField.instCommRingRingOfIntegers.{0} OAI.SevenEighths.HeckeFamily.K
                    (@CyclotomicField.instField.{0} (@OfNat.ofNat.{0} Nat (nat_lit 3) (instOfNatNat (nat_lit 3))) Rat
                      Rat.instField))))
              (@Semiring.toAddCommMonoid.{0} OAI.SevenEighths.HeckeFamily.O
                (@CommSemiring.toSemiring.{0} OAI.SevenEighths.HeckeFamily.O
                  (@CommRing.toCommSemiring.{0} OAI.SevenEighths.HeckeFamily.O
                    (@NumberField.instCommRingRingOfIntegers.{0} OAI.SevenEighths.HeckeFamily.K
                      (@CyclotomicField.instField.{0} (@OfNat.ofNat.{0} Nat (nat_lit 3) (instOfNatNat (nat_lit 3))) Rat
                        Rat.instField)))))
              (@Semiring.toModule.{0} OAI.SevenEighths.HeckeFamily.O
                (@CommSemiring.toSemiring.{0} OAI.SevenEighths.HeckeFamily.O
                  (@CommRing.toCommSemiring.{0} OAI.SevenEighths.HeckeFamily.O
                    (@NumberField.instCommRingRingOfIntegers.{0} OAI.SevenEighths.HeckeFamily.K
                      (@CyclotomicField.instField.{0} (@OfNat.ofNat.{0} Nat (nat_lit 3) (instOfNatNat (nat_lit 3))) Rat
                        Rat.instField))))))))
        (Q j) (OAI.SevenEighths.HeckeFamily.Character.modulus (η j)))
  (rmin ρ : Real)
  (hrmin : @LT.lt.{0} Real Real.instLT (@OfNat.ofNat.{0} Real (nat_lit 0) (@Zero.toOfNat0.{0} Real Real.instZero)) rmin)
  (hρ : @LT.lt.{0} Real Real.instLT (@OfNat.ofNat.{0} Real (nat_lit 0) (@Zero.toOfNat0.{0} Real Real.instZero)) ρ),
  @Exists.{1}
    (@SchwartzMap.{0, 0} Real Complex Real.normedAddCommGroup
      (@InnerProductSpace.toNormedSpace.{0, 0} Real Real Real.instRCLike
        (@NormedAddCommGroup.toSeminormedAddCommGroup.{0} Real Real.normedAddCommGroup)
        (@RCLike.toInnerProductSpaceReal.{0} Real Real.instRCLike))
      Complex.instNormedAddCommGroup
      (@InnerProductSpace.toNormedSpace.{0, 0} Real Complex Real.instRCLike
        (@NormedAddCommGroup.toSeminormedAddCommGroup.{0} Complex Complex.instNormedAddCommGroup)
        instInnerProductSpaceRealComplex))
    fun
      (Φ :
        @SchwartzMap.{0, 0} Real Complex Real.normedAddCommGroup
          (@InnerProductSpace.toNormedSpace.{0, 0} Real Real Real.instRCLike
            (@NormedAddCommGroup.toSeminormedAddCommGroup.{0} Real Real.normedAddCommGroup)
            (@RCLike.toInnerProductSpaceReal.{0} Real Real.instRCLike))
          Complex.instNormedAddCommGroup
          (@InnerProductSpace.toNormedSpace.{0, 0} Real Complex Real.instRCLike
            (@NormedAddCommGroup.toSeminormedAddCommGroup.{0} Complex Complex.instNormedAddCommGroup)
            instInnerProductSpaceRealComplex)) =>
    And
      (∀ (x : Real),
        @LE.le.{0} Real Real.instLE (@OfNat.ofNat.{0} Real (nat_lit 0) (@Zero.toOfNat0.{0} Real Real.instZero))
          (Complex.re
            (@DFunLike.coe.{1, 1, 1}
              (@SchwartzMap.{0, 0} Real Complex Real.normedAddCommGroup
                (@InnerProductSpace.toNormedSpace.{0, 0} Real Real Real.instRCLike
                  (@NormedAddCommGroup.toSeminormedAddCommGroup.{0} Real Real.normedAddCommGroup)
                  (@RCLike.toInnerProductSpaceReal.{0} Real Real.instRCLike))
                Complex.instNormedAddCommGroup
                (@InnerProductSpace.toNormedSpace.{0, 0} Real Complex Real.instRCLike
                  (@NormedAddCommGroup.toSeminormedAddCommGroup.{0} Complex Complex.instNormedAddCommGroup)
                  instInnerProductSpaceRealComplex))
              Real (fun (x : Real) => Complex)
              (@SchwartzMap.instFunLike.{0, 0} Real Complex Real.normedAddCommGroup
                (@InnerProductSpace.toNormedSpace.{0, 0} Real Real Real.instRCLike
                  (@NormedAddCommGroup.toSeminormedAddCommGroup.{0} Real Real.normedAddCommGroup)
                  (@RCLike.toInnerProductSpaceReal.{0} Real Real.instRCLike))
                Complex.instNormedAddCommGroup
                (@InnerProductSpace.toNormedSpace.{0, 0} Real Complex Real.instRCLike
                  (@NormedAddCommGroup.toSeminormedAddCommGroup.{0} Complex Complex.instNormedAddCommGroup)
                  instInnerProductSpaceRealComplex))
              Φ x)))
      (And
        (∀ (x : Real),
          @Eq.{1} Real
            (Complex.im
              (@DFunLike.coe.{1, 1, 1}
                (@SchwartzMap.{0, 0} Real Complex Real.normedAddCommGroup
                  (@InnerProductSpace.toNormedSpace.{0, 0} Real Real Real.instRCLike
                    (@NormedAddCommGroup.toSeminormedAddCommGroup.{0} Real Real.normedAddCommGroup)
                    (@RCLike.toInnerProductSpaceReal.{0} Real Real.instRCLike))
                  Complex.instNormedAddCommGroup
                  (@InnerProductSpace.toNormedSpace.{0, 0} Real Complex Real.instRCLike
                    (@NormedAddCommGroup.toSeminormedAddCommGroup.{0} Complex Complex.instNormedAddCommGroup)
                    instInnerProductSpaceRealComplex))
                Real (fun (x : Real) => Complex)
                (@SchwartzMap.instFunLike.{0, 0} Real Complex Real.normedAddCommGroup
                  (@InnerProductSpace.toNormedSpace.{0, 0} Real Real Real.instRCLike
                    (@NormedAddCommGroup.toSeminormedAddCommGroup.{0} Real Real.normedAddCommGroup)
                    (@RCLike.toInnerProductSpaceReal.{0} Real Real.instRCLike))
                  Complex.instNormedAddCommGroup
                  (@InnerProductSpace.toNormedSpace.{0, 0} Real Complex Real.instRCLike
                    (@NormedAddCommGroup.toSeminormedAddCommGroup.{0} Complex Complex.instNormedAddCommGroup)
                    instInnerProductSpaceRealComplex))
                Φ x))
            (@OfNat.ofNat.{0} Real (nat_lit 0) (@Zero.toOfNat0.{0} Real Real.instZero)))
        (@Filter.Eventually.{0} Real
          (fun (Z : Real) =>
            And
              (@LT.lt.{0} Real Real.instLT (@OfNat.ofNat.{0} Real (nat_lit 1) (@One.toOfNat1.{0} Real Real.instOne)) Z)
              (∀ (j : Label) (d : Real),
                @LE.le.{0} Real Real.instLE (@OfNat.ofNat.{0} Real (nat_lit 0) (@Zero.toOfNat0.{0} Real Real.instZero))
                    d →
                  ∀ (rows : Finset.{0} OAI.SevenEighths.HeckeInverseAmplification.FreeRow),
                    (∀ (u : OAI.SevenEighths.HeckeInverseAmplification.FreeRow),
                        @Membership.mem.{0, 0} OAI.SevenEighths.HeckeInverseAmplification.FreeRow
                            (Finset.{0} OAI.SevenEighths.HeckeInverseAmplification.FreeRow)
                            (@SetLike.instMembership.{0, 0}
                              (Finset.{0} OAI.SevenEighths.HeckeInverseAmplification.FreeRow)
                              OAI.SevenEighths.HeckeInverseAmplification.FreeRow
                              (@Finset.instSetLike.{0} OAI.SevenEighths.HeckeInverseAmplification.FreeRow))
                            rows u →
                          @LE.le.{0} Real Real.instLE
                            (@HPow.hPow.{0, 0, 0} Real Real Real (@instHPow.{0, 0} Real Real Real.instPow) Z rmin)
                            (@Nat.cast.{0} Real Real.instNatCast
                              (@DFunLike.coe.{1, 1, 1}
                                (@MonoidWithZeroHom.{0, 0}
                                  (@Ideal.{0} OAI.SevenEighths.HeckeFamily.O
                                    (@CommSemiring.toSemiring.{0} OAI.SevenEighths.HeckeFamily.O
                                      (@CommRing.toCommSemiring.{0} OAI.SevenEighths.HeckeFamily.O
                                        (@NumberField.instCommRingRingOfIntegers.{0} OAI.SevenEighths.HeckeFamily.K
                                          (@CyclotomicField.instField.{0}
                                            (@OfNat.ofNat.{0} Nat (nat_lit 3) (instOfNatNat (nat_lit 3))) Rat
                                            Rat.instField)))))
                                  Nat
                                  (@instMulZeroOneClassOfSemiring.{0}
                                    (@Ideal.{0} OAI.SevenEighths.HeckeFamily.O
                                      (@CommSemiring.toSemiring.{0} OAI.SevenEighths.HeckeFamily.O
                                        (@CommRing.toCommSemiring.{0} OAI.SevenEighths.HeckeFamily.O
                                          (@NumberField.instCommRingRingOfIntegers.{0} OAI.SevenEighths.HeckeFamily.K
                                            (@CyclotomicField.instField.{0}
                                              (@OfNat.ofNat.{0} Nat (nat_lit 3) (instOfNatNat (nat_lit 3))) Rat
                                              Rat.instField)))))
                                    (@IdemSemiring.toSemiring.{0}
                                      (@Ideal.{0} OAI.SevenEighths.HeckeFamily.O
                                        (@CommSemiring.toSemiring.{0} OAI.SevenEighths.HeckeFamily.O
                                          (@CommRing.toCommSemiring.{0} OAI.SevenEighths.HeckeFamily.O
                                            (@NumberField.instCommRingRingOfIntegers.{0} OAI.SevenEighths.HeckeFamily.K
                                              (@CyclotomicField.instField.{0}
                                                (@OfNat.ofNat.{0} Nat (nat_lit 3) (instOfNatNat (nat_lit 3))) Rat
                                                Rat.instField)))))
                                      (@Submodule.idemSemiring.{0, 0} OAI.SevenEighths.HeckeFamily.O
                                        (@CommRing.toCommSemiring.{0} OAI.SevenEighths.HeckeFamily.O
                                          (@NumberField.instCommRingRingOfIntegers.{0} OAI.SevenEighths.HeckeFamily.K
                                            (@CyclotomicField.instField.{0}
                                              (@OfNat.ofNat.{0} Nat (nat_lit 3) (instOfNatNat (nat_lit 3))) Rat
                                              Rat.instField)))
                                        OAI.SevenEighths.HeckeFamily.O
                                        (@CommSemiring.toSemiring.{0} OAI.SevenEighths.HeckeFamily.O
                                          (@CommRing.toCommSemiring.{0} OAI.SevenEighths.HeckeFamily.O
                                            (@NumberField.instCommRingRingOfIntegers.{0} OAI.SevenEighths.HeckeFamily.K
                                              (@CyclotomicField.instField.{0}
                                                (@OfNat.ofNat.{0} Nat (nat_lit 3) (instOfNatNat (nat_lit 3))) Rat
                                                Rat.instField))))
                                        (@Algebra.id.{0} OAI.SevenEighths.HeckeFamily.O
                                          (@CommRing.toCommSemiring.{0} OAI.SevenEighths.HeckeFamily.O
                                            (@NumberField.instCommRingRingOfIntegers.{0} OAI.SevenEighths.HeckeFamily.K
                                              (@CyclotomicField.instField.{0}
                                                (@OfNat.ofNat.{0} Nat (nat_lit 3) (instOfNatNat (nat_lit 3))) Rat
                                                Rat.instField)))))))
                                  Nat.instMulZeroOneClass)
                                (@Ideal.{0} OAI.SevenEighths.HeckeFamily.O
                                  (@CommSemiring.toSemiring.{0} OAI.SevenEighths.HeckeFamily.O
                                    (@CommRing.toCommSemiring.{0} OAI.SevenEighths.HeckeFamily.O
                                      (@NumberField.instCommRingRingOfIntegers.{0} OAI.SevenEighths.HeckeFamily.K
                                        (@CyclotomicField.instField.{0}
                                          (@OfNat.ofNat.{0} Nat (nat_lit 3) (instOfNatNat (nat_lit 3))) Rat
                                          Rat.instField)))))
                                (fun
                                    (x :
                                      @Ideal.{0} OAI.SevenEighths.HeckeFamily.O
                                        (@CommSemiring.toSemiring.{0} OAI.SevenEighths.HeckeFamily.O
                                          (@CommRing.toCommSemiring.{0} OAI.SevenEighths.HeckeFamily.O
                                            (@NumberField.instCommRingRingOfIntegers.{0} OAI.SevenEighths.HeckeFamily.K
                                              (@CyclotomicField.instField.{0}
                                                (@OfNat.ofNat.{0} Nat (nat_lit 3) (instOfNatNat (nat_lit 3))) Rat
                                                Rat.instField))))) =>
                                  Nat)
                                (@MonoidWithZeroHom.funLike.{0, 0}
                                  (@Ideal.{0} OAI.SevenEighths.HeckeFamily.O
                                    (@CommSemiring.toSemiring.{0} OAI.SevenEighths.HeckeFamily.O
                                      (@CommRing.toCommSemiring.{0} OAI.SevenEighths.HeckeFamily.O
                                        (@NumberField.instCommRingRingOfIntegers.{0} OAI.SevenEighths.HeckeFamily.K
                                          (@CyclotomicField.instField.{0}
                                            (@OfNat.ofNat.{0} Nat (nat_lit 3) (instOfNatNat (nat_lit 3))) Rat
                                            Rat.instField)))))
                                  Nat
                                  (@instMulZeroOneClassOfSemiring.{0}
                                    (@Ideal.{0} OAI.SevenEighths.HeckeFamily.O
                                      (@CommSemiring.toSemiring.{0} OAI.SevenEighths.HeckeFamily.O
                                        (@CommRing.toCommSemiring.{0} OAI.SevenEighths.HeckeFamily.O
                                          (@NumberField.instCommRingRingOfIntegers.{0} OAI.SevenEighths.HeckeFamily.K
                                            (@CyclotomicField.instField.{0}
                                              (@OfNat.ofNat.{0} Nat (nat_lit 3) (instOfNatNat (nat_lit 3))) Rat
                                              Rat.instField)))))
                                    (@IdemSemiring.toSemiring.{0}
                                      (@Ideal.{0} OAI.SevenEighths.HeckeFamily.O
                                        (@CommSemiring.toSemiring.{0} OAI.SevenEighths.HeckeFamily.O
                                          (@CommRing.toCommSemiring.{0} OAI.SevenEighths.HeckeFamily.O
                                            (@NumberField.instCommRingRingOfIntegers.{0} OAI.SevenEighths.HeckeFamily.K
                                              (@CyclotomicField.instField.{0}
                                                (@OfNat.ofNat.{0} Nat (nat_lit 3) (instOfNatNat (nat_lit 3))) Rat
                                                Rat.instField)))))
                                      (@Submodule.idemSemiring.{0, 0} OAI.SevenEighths.HeckeFamily.O
                                        (@CommRing.toCommSemiring.{0} OAI.SevenEighths.HeckeFamily.O
                                          (@NumberField.instCommRingRingOfIntegers.{0} OAI.SevenEighths.HeckeFamily.K
                                            (@CyclotomicField.instField.{0}
                                              (@OfNat.ofNat.{0} Nat (nat_lit 3) (instOfNatNat (nat_lit 3))) Rat
                                              Rat.instField)))
                                        OAI.SevenEighths.HeckeFamily.O
                                        (@CommSemiring.toSemiring.{0} OAI.SevenEighths.HeckeFamily.O
                                          (@CommRing.toCommSemiring.{0} OAI.SevenEighths.HeckeFamily.O
                                            (@NumberField.instCommRingRingOfIntegers.{0} OAI.SevenEighths.HeckeFamily.K
                                              (@CyclotomicField.instField.{0}
                                                (@OfNat.ofNat.{0} Nat (nat_lit 3) (instOfNatNat (nat_lit 3))) Rat
                                                Rat.instField))))
                                        (@Algebra.id.{0} OAI.SevenEighths.HeckeFamily.O
                                          (@CommRing.toCommSemiring.{0} OAI.SevenEighths.HeckeFamily.O
                                            (@NumberField.instCommRingRingOfIntegers.{0} OAI.SevenEighths.HeckeFamily.K
                                              (@CyclotomicField.instField.{0}
                                                (@OfNat.ofNat.{0} Nat (nat_lit 3) (instOfNatNat (nat_lit 3))) Rat
                                                Rat.instField)))))))
                                  Nat.instMulZeroOneClass)
                                (@Ideal.absNorm.{0} OAI.SevenEighths.HeckeFamily.O
                                  (@NumberField.instCommRingRingOfIntegers.{0} OAI.SevenEighths.HeckeFamily.K
                                    (@CyclotomicField.instField.{0}
                                      (@OfNat.ofNat.{0} Nat (nat_lit 3) (instOfNatNat (nat_lit 3))) Rat Rat.instField))
                                  (@NumberField.RingOfIntegers.instIsDedekindDomain.{0} OAI.SevenEighths.HeckeFamily.K
                                    (@CyclotomicField.instField.{0}
                                      (@OfNat.ofNat.{0} Nat (nat_lit 3) (instOfNatNat (nat_lit 3))) Rat Rat.instField)
                                    (@CyclotomicField.instNumberField.{0}
                                      (@OfNat.ofNat.{0} Nat (nat_lit 3) (instOfNatNat (nat_lit 3))) Rat Rat.instField
                                      Rat.numberField))
                                  (@CharZero.infinite.{0} OAI.SevenEighths.HeckeFamily.O
                                    (@AddGroupWithOne.toAddMonoidWithOne.{0} OAI.SevenEighths.HeckeFamily.O
                                      (@Ring.toAddGroupWithOne.{0} OAI.SevenEighths.HeckeFamily.O
                                        (@CommRing.toRing.{0} OAI.SevenEighths.HeckeFamily.O
                                          (@NumberField.instCommRingRingOfIntegers.{0} OAI.SevenEighths.HeckeFamily.K
                                            (@CyclotomicField.instField.{0}
                                              (@OfNat.ofNat.{0} Nat (nat_lit 3) (instOfNatNat (nat_lit 3))) Rat
                                              Rat.instField)))))
                                    (@NumberField.RingOfIntegers.instCharZero_1.{0} OAI.SevenEighths.HeckeFamily.K
                                      (@CyclotomicField.instField.{0}
                                        (@OfNat.ofNat.{0} Nat (nat_lit 3) (instOfNatNat (nat_lit 3))) Rat Rat.instField)
                                      (@CyclotomicField.instCharZero.{0}
                                        (@OfNat.ofNat.{0} Nat (nat_lit 3) (instOfNatNat (nat_lit 3))) Rat Rat.instField
                                        Rat.instCharZero))))
                                (@Ideal.span.{0} OAI.SevenEighths.HeckeFamily.O
                                  (@CommSemiring.toSemiring.{0} OAI.SevenEighths.HeckeFamily.O
                                    (@CommRing.toCommSemiring.{0} OAI.SevenEighths.HeckeFamily.O
                                      (@NumberField.instCommRingRingOfIntegers.{0} OAI.SevenEighths.HeckeFamily.K
                                        (@CyclotomicField.instField.{0}
                                          (@OfNat.ofNat.{0} Nat (nat_lit 3) (instOfNatNat (nat_lit 3))) Rat
                                          Rat.instField))))
                                  (@Singleton.singleton.{0, 0} OAI.SevenEighths.HeckeFamily.O
                                    (Set.{0} OAI.SevenEighths.HeckeFamily.O)
                                    (@Set.instSingletonSet.{0} OAI.SevenEighths.HeckeFamily.O)
                                    (@Subtype.val.{1} OAI.SevenEighths.HeckeFamily.O
                                      (fun (u : OAI.SevenEighths.HeckeFamily.O) =>
                                        And
                                          (@Ne.{1} OAI.SevenEighths.HeckeFamily.O u
                                            (@OfNat.ofNat.{0} OAI.SevenEighths.HeckeFamily.O (nat_lit 0)
                                              (@Zero.toOfNat0.{0} OAI.SevenEighths.HeckeFamily.O
                                                (@MulZeroClass.toZero.{0} OAI.SevenEighths.HeckeFamily.O
                                                  (@instMulZeroClassOfSemiring.{0} OAI.SevenEighths.HeckeFamily.O
                                                    (@CommSemiring.toSemiring.{0} OAI.SevenEighths.HeckeFamily.O
                                                      (@CommRing.toCommSemiring.{0} OAI.SevenEighths.HeckeFamily.O
                                                        (@NumberField.instCommRingRingOfIntegers.{0}
                                                          OAI.SevenEighths.HeckeFamily.K
                                                          (@CyclotomicField.instField.{0}
                                                            (@OfNat.ofNat.{0} Nat (nat_lit 3)
                                                              (instOfNatNat (nat_lit 3)))
                                                            Rat Rat.instField)))))))))
                                          (OAI.SevenEighths.HeckeInverseAmplification.SixthFree
                                            (@Ideal.span.{0} OAI.SevenEighths.HeckeFamily.O
                                              (@CommSemiring.toSemiring.{0} OAI.SevenEighths.HeckeFamily.O
                                                (@CommRing.toCommSemiring.{0} OAI.SevenEighths.HeckeFamily.O
                                                  (@NumberField.instCommRingRingOfIntegers.{0}
                                                    OAI.SevenEighths.HeckeFamily.K
                                                    (@CyclotomicField.instField.{0}
                                                      (@OfNat.ofNat.{0} Nat (nat_lit 3) (instOfNatNat (nat_lit 3))) Rat
                                                      Rat.instField))))
                                              (@Singleton.singleton.{0, 0} OAI.SevenEighths.HeckeFamily.O
                                                (Set.{0} OAI.SevenEighths.HeckeFamily.O)
                                                (@Set.instSingletonSet.{0} OAI.SevenEighths.HeckeFamily.O) u))))
                                      u)))))) →
                      (∀ (u : OAI.SevenEighths.HeckeInverseAmplification.FreeRow),
                          @Membership.mem.{0, 0} OAI.SevenEighths.HeckeInverseAmplification.FreeRow
                              (Finset.{0} OAI.SevenEighths.HeckeInverseAmplification.FreeRow)
                              (@SetLike.instMembership.{0, 0}
                                (Finset.{0} OAI.SevenEighths.HeckeInverseAmplification.FreeRow)
                                OAI.SevenEighths.HeckeInverseAmplification.FreeRow
                                (@Finset.instSetLike.{0} OAI.SevenEighths.HeckeInverseAmplification.FreeRow))
                              rows u →
                            @LE.le.{0} Real Real.instLE
                              (@Nat.cast.{0} Real Real.instNatCast
                                (@DFunLike.coe.{1, 1, 1}
                                  (@MonoidWithZeroHom.{0, 0}
                                    (@Ideal.{0} OAI.SevenEighths.HeckeFamily.O
                                      (@CommSemiring.toSemiring.{0} OAI.SevenEighths.HeckeFamily.O
                                        (@CommRing.toCommSemiring.{0} OAI.SevenEighths.HeckeFamily.O
                                          (@NumberField.instCommRingRingOfIntegers.{0} OAI.SevenEighths.HeckeFamily.K
                                            (@CyclotomicField.instField.{0}
                                              (@OfNat.ofNat.{0} Nat (nat_lit 3) (instOfNatNat (nat_lit 3))) Rat
                                              Rat.instField)))))
                                    Nat
                                    (@instMulZeroOneClassOfSemiring.{0}
                                      (@Ideal.{0} OAI.SevenEighths.HeckeFamily.O
                                        (@CommSemiring.toSemiring.{0} OAI.SevenEighths.HeckeFamily.O
                                          (@CommRing.toCommSemiring.{0} OAI.SevenEighths.HeckeFamily.O
                                            (@NumberField.instCommRingRingOfIntegers.{0} OAI.SevenEighths.HeckeFamily.K
                                              (@CyclotomicField.instField.{0}
                                                (@OfNat.ofNat.{0} Nat (nat_lit 3) (instOfNatNat (nat_lit 3))) Rat
                                                Rat.instField)))))
                                      (@IdemSemiring.toSemiring.{0}
                                        (@Ideal.{0} OAI.SevenEighths.HeckeFamily.O
                                          (@CommSemiring.toSemiring.{0} OAI.SevenEighths.HeckeFamily.O
                                            (@CommRing.toCommSemiring.{0} OAI.SevenEighths.HeckeFamily.O
                                              (@NumberField.instCommRingRingOfIntegers.{0}
                                                OAI.SevenEighths.HeckeFamily.K
                                                (@CyclotomicField.instField.{0}
                                                  (@OfNat.ofNat.{0} Nat (nat_lit 3) (instOfNatNat (nat_lit 3))) Rat
                                                  Rat.instField)))))
                                        (@Submodule.idemSemiring.{0, 0} OAI.SevenEighths.HeckeFamily.O
                                          (@CommRing.toCommSemiring.{0} OAI.SevenEighths.HeckeFamily.O
                                            (@NumberField.instCommRingRingOfIntegers.{0} OAI.SevenEighths.HeckeFamily.K
                                              (@CyclotomicField.instField.{0}
                                                (@OfNat.ofNat.{0} Nat (nat_lit 3) (instOfNatNat (nat_lit 3))) Rat
                                                Rat.instField)))
                                          OAI.SevenEighths.HeckeFamily.O
                                          (@CommSemiring.toSemiring.{0} OAI.SevenEighths.HeckeFamily.O
                                            (@CommRing.toCommSemiring.{0} OAI.SevenEighths.HeckeFamily.O
                                              (@NumberField.instCommRingRingOfIntegers.{0}
                                                OAI.SevenEighths.HeckeFamily.K
                                                (@CyclotomicField.instField.{0}
                                                  (@OfNat.ofNat.{0} Nat (nat_lit 3) (instOfNatNat (nat_lit 3))) Rat
                                                  Rat.instField))))
                                          (@Algebra.id.{0} OAI.SevenEighths.HeckeFamily.O
                                            (@CommRing.toCommSemiring.{0} OAI.SevenEighths.HeckeFamily.O
                                              (@NumberField.instCommRingRingOfIntegers.{0}
                                                OAI.SevenEighths.HeckeFamily.K
                                                (@CyclotomicField.instField.{0}
                                                  (@OfNat.ofNat.{0} Nat (nat_lit 3) (instOfNatNat (nat_lit 3))) Rat
                                                  Rat.instField)))))))
                                    Nat.instMulZeroOneClass)
                                  (@Ideal.{0} OAI.SevenEighths.HeckeFamily.O
                                    (@CommSemiring.toSemiring.{0} OAI.SevenEighths.HeckeFamily.O
                                      (@CommRing.toCommSemiring.{0} OAI.SevenEighths.HeckeFamily.O
                                        (@NumberField.instCommRingRingOfIntegers.{0} OAI.SevenEighths.HeckeFamily.K
                                          (@CyclotomicField.instField.{0}
                                            (@OfNat.ofNat.{0} Nat (nat_lit 3) (instOfNatNat (nat_lit 3))) Rat
                                            Rat.instField)))))
                                  (fun
                                      (x :
                                        @Ideal.{0} OAI.SevenEighths.HeckeFamily.O
                                          (@CommSemiring.toSemiring.{0} OAI.SevenEighths.HeckeFamily.O
                                            (@CommRing.toCommSemiring.{0} OAI.SevenEighths.HeckeFamily.O
                                              (@NumberField.instCommRingRingOfIntegers.{0}
                                                OAI.SevenEighths.HeckeFamily.K
                                                (@CyclotomicField.instField.{0}
                                                  (@OfNat.ofNat.{0} Nat (nat_lit 3) (instOfNatNat (nat_lit 3))) Rat
                                                  Rat.instField))))) =>
                                    Nat)
                                  (@MonoidWithZeroHom.funLike.{0, 0}
                                    (@Ideal.{0} OAI.SevenEighths.HeckeFamily.O
                                      (@CommSemiring.toSemiring.{0} OAI.SevenEighths.HeckeFamily.O
                                        (@CommRing.toCommSemiring.{0} OAI.SevenEighths.HeckeFamily.O
                                          (@NumberField.instCommRingRingOfIntegers.{0} OAI.SevenEighths.HeckeFamily.K
                                            (@CyclotomicField.instField.{0}
                                              (@OfNat.ofNat.{0} Nat (nat_lit 3) (instOfNatNat (nat_lit 3))) Rat
                                              Rat.instField)))))
                                    Nat
                                    (@instMulZeroOneClassOfSemiring.{0}
                                      (@Ideal.{0} OAI.SevenEighths.HeckeFamily.O
                                        (@CommSemiring.toSemiring.{0} OAI.SevenEighths.HeckeFamily.O
                                          (@CommRing.toCommSemiring.{0} OAI.SevenEighths.HeckeFamily.O
                                            (@NumberField.instCommRingRingOfIntegers.{0} OAI.SevenEighths.HeckeFamily.K
                                              (@CyclotomicField.instField.{0}
                                                (@OfNat.ofNat.{0} Nat (nat_lit 3) (instOfNatNat (nat_lit 3))) Rat
                                                Rat.instField)))))
                                      (@IdemSemiring.toSemiring.{0}
                                        (@Ideal.{0} OAI.SevenEighths.HeckeFamily.O
                                          (@CommSemiring.toSemiring.{0} OAI.SevenEighths.HeckeFamily.O
                                            (@CommRing.toCommSemiring.{0} OAI.SevenEighths.HeckeFamily.O
                                              (@NumberField.instCommRingRingOfIntegers.{0}
                                                OAI.SevenEighths.HeckeFamily.K
                                                (@CyclotomicField.instField.{0}
                                                  (@OfNat.ofNat.{0} Nat (nat_lit 3) (instOfNatNat (nat_lit 3))) Rat
                                                  Rat.instField)))))
                                        (@Submodule.idemSemiring.{0, 0} OAI.SevenEighths.HeckeFamily.O
                                          (@CommRing.toCommSemiring.{0} OAI.SevenEighths.HeckeFamily.O
                                            (@NumberField.instCommRingRingOfIntegers.{0} OAI.SevenEighths.HeckeFamily.K
                                              (@CyclotomicField.instField.{0}
                                                (@OfNat.ofNat.{0} Nat (nat_lit 3) (instOfNatNat (nat_lit 3))) Rat
                                                Rat.instField)))
                                          OAI.SevenEighths.HeckeFamily.O
                                          (@CommSemiring.toSemiring.{0} OAI.SevenEighths.HeckeFamily.O
                                            (@CommRing.toCommSemiring.{0} OAI.SevenEighths.HeckeFamily.O
                                              (@NumberField.instCommRingRingOfIntegers.{0}
                                                OAI.SevenEighths.HeckeFamily.K
                                                (@CyclotomicField.instField.{0}
                                                  (@OfNat.ofNat.{0} Nat (nat_lit 3) (instOfNatNat (nat_lit 3))) Rat
                                                  Rat.instField))))
                                          (@Algebra.id.{0} OAI.SevenEighths.HeckeFamily.O
                                            (@CommRing.toCommSemiring.{0} OAI.SevenEighths.HeckeFamily.O
                                              (@NumberField.instCommRingRingOfIntegers.{0}
                                                OAI.SevenEighths.HeckeFamily.K
                                                (@CyclotomicField.instField.{0}
                                                  (@OfNat.ofNat.{0} Nat (nat_lit 3) (instOfNatNat (nat_lit 3))) Rat
                                                  Rat.instField)))))))
                                    Nat.instMulZeroOneClass)
                                  (@Ideal.absNorm.{0} OAI.SevenEighths.HeckeFamily.O
                                    (@NumberField.instCommRingRingOfIntegers.{0} OAI.SevenEighths.HeckeFamily.K
                                      (@CyclotomicField.instField.{0}
                                        (@OfNat.ofNat.{0} Nat (nat_lit 3) (instOfNatNat (nat_lit 3))) Rat
                                        Rat.instField))
                                    (@NumberField.RingOfIntegers.instIsDedekindDomain.{0} OAI.SevenEighths.HeckeFamily.K
                                      (@CyclotomicField.instField.{0}
                                        (@OfNat.ofNat.{0} Nat (nat_lit 3) (instOfNatNat (nat_lit 3))) Rat Rat.instField)
                                      (@CyclotomicField.instNumberField.{0}
                                        (@OfNat.ofNat.{0} Nat (nat_lit 3) (instOfNatNat (nat_lit 3))) Rat Rat.instField
                                        Rat.numberField))
                                    (@CharZero.infinite.{0} OAI.SevenEighths.HeckeFamily.O
                                      (@AddGroupWithOne.toAddMonoidWithOne.{0} OAI.SevenEighths.HeckeFamily.O
                                        (@Ring.toAddGroupWithOne.{0} OAI.SevenEighths.HeckeFamily.O
                                          (@CommRing.toRing.{0} OAI.SevenEighths.HeckeFamily.O
                                            (@NumberField.instCommRingRingOfIntegers.{0} OAI.SevenEighths.HeckeFamily.K
                                              (@CyclotomicField.instField.{0}
                                                (@OfNat.ofNat.{0} Nat (nat_lit 3) (instOfNatNat (nat_lit 3))) Rat
                                                Rat.instField)))))
                                      (@NumberField.RingOfIntegers.instCharZero_1.{0} OAI.SevenEighths.HeckeFamily.K
                                        (@CyclotomicField.instField.{0}
                                          (@OfNat.ofNat.{0} Nat (nat_lit 3) (instOfNatNat (nat_lit 3))) Rat
                                          Rat.instField)
                                        (@CyclotomicField.instCharZero.{0}
                                          (@OfNat.ofNat.{0} Nat (nat_lit 3) (instOfNatNat (nat_lit 3))) Rat
                                          Rat.instField Rat.instCharZero))))
                                  (@Ideal.span.{0} OAI.SevenEighths.HeckeFamily.O
                                    (@CommSemiring.toSemiring.{0} OAI.SevenEighths.HeckeFamily.O
                                      (@CommRing.toCommSemiring.{0} OAI.SevenEighths.HeckeFamily.O
                                        (@NumberField.instCommRingRingOfIntegers.{0} OAI.SevenEighths.HeckeFamily.K
                                          (@CyclotomicField.instField.{0}
                                            (@OfNat.ofNat.{0} Nat (nat_lit 3) (instOfNatNat (nat_lit 3))) Rat
                                            Rat.instField))))
                                    (@Singleton.singleton.{0, 0} OAI.SevenEighths.HeckeFamily.O
                                      (Set.{0} OAI.SevenEighths.HeckeFamily.O)
                                      (@Set.instSingletonSet.{0} OAI.SevenEighths.HeckeFamily.O)
                                      (@Subtype.val.{1} OAI.SevenEighths.HeckeFamily.O
                                        (fun (u : OAI.SevenEighths.HeckeFamily.O) =>
                                          And
                                            (@Ne.{1} OAI.SevenEighths.HeckeFamily.O u
                                              (@OfNat.ofNat.{0} OAI.SevenEighths.HeckeFamily.O (nat_lit 0)
                                                (@Zero.toOfNat0.{0} OAI.SevenEighths.HeckeFamily.O
                                                  (@MulZeroClass.toZero.{0} OAI.SevenEighths.HeckeFamily.O
                                                    (@instMulZeroClassOfSemiring.{0} OAI.SevenEighths.HeckeFamily.O
                                                      (@CommSemiring.toSemiring.{0} OAI.SevenEighths.HeckeFamily.O
                                                        (@CommRing.toCommSemiring.{0} OAI.SevenEighths.HeckeFamily.O
                                                          (@NumberField.instCommRingRingOfIntegers.{0}
                                                            OAI.SevenEighths.HeckeFamily.K
                                                            (@CyclotomicField.instField.{0}
                                                              (@OfNat.ofNat.{0} Nat (nat_lit 3)
                                                                (instOfNatNat (nat_lit 3)))
                                                              Rat Rat.instField)))))))))
                                            (OAI.SevenEighths.HeckeInverseAmplification.SixthFree
                                              (@Ideal.span.{0} OAI.SevenEighths.HeckeFamily.O
                                                (@CommSemiring.toSemiring.{0} OAI.SevenEighths.HeckeFamily.O
                                                  (@CommRing.toCommSemiring.{0} OAI.SevenEighths.HeckeFamily.O
                                                    (@NumberField.instCommRingRingOfIntegers.{0}
                                                      OAI.SevenEighths.HeckeFamily.K
                                                      (@CyclotomicField.instField.{0}
                                                        (@OfNat.ofNat.{0} Nat (nat_lit 3) (instOfNatNat (nat_lit 3)))
                                                        Rat Rat.instField))))
                                                (@Singleton.singleton.{0, 0} OAI.SevenEighths.HeckeFamily.O
                                                  (Set.{0} OAI.SevenEighths.HeckeFamily.O)
                                                  (@Set.instSingletonSet.{0} OAI.SevenEighths.HeckeFamily.O) u))))
                                        u)))))
                              (@HPow.hPow.{0, 0, 0} Real Real Real (@instHPow.{0, 0} Real Real Real.instPow) Z d)) →
                        @Exists.{1}
                          (OAI.SevenEighths.CenteredMomentEnergyState.NaturalState Z
                            (@OfNat.ofNat.{0} Real (nat_lit 0) (@Zero.toOfNat0.{0} Real Real.instZero))
                            (@OfNat.ofNat.{0} Real (nat_lit 2)
                              (@instOfNatAtLeastTwo.{0} Real (nat_lit 2) Real.instNatCast
                                (@Nat.instAtLeastTwoHAddOfNat
                                  (@OfNat.ofNat.{0} Nat (nat_lit 1) (instOfNatNat (nat_lit 1)))
                                  (@Nat.instNeZeroSucc
                                    (@OfNat.ofNat.{0} Nat (nat_lit 0) (instOfNatNat (nat_lit 0))))))))
                          fun
                            (s :
                              OAI.SevenEighths.CenteredMomentEnergyState.NaturalState Z
                                (@OfNat.ofNat.{0} Real (nat_lit 0) (@Zero.toOfNat0.{0} Real Real.instZero))
                                (@OfNat.ofNat.{0} Real (nat_lit 2)
                                  (@instOfNatAtLeastTwo.{0} Real (nat_lit 2) Real.instNatCast
                                    (@Nat.instAtLeastTwoHAddOfNat
                                      (@OfNat.ofNat.{0} Nat (nat_lit 1) (instOfNatNat (nat_lit 1)))
                                      (@Nat.instNeZeroSucc
                                        (@OfNat.ofNat.{0} Nat (nat_lit 0) (instOfNatNat (nat_lit 0)))))))) =>
                          And
                            (@Eq.{1} OAI.SevenEighths.HeckeFamily.Character
                              (@OAI.SevenEighths.CenteredMomentEnergyState.NaturalState.character Z
                                (@OfNat.ofNat.{0} Real (nat_lit 0) (@Zero.toOfNat0.{0} Real Real.instZero))
                                (@OfNat.ofNat.{0} Real (nat_lit 2)
                                  (@instOfNatAtLeastTwo.{0} Real (nat_lit 2) Real.instNatCast
                                    (@Nat.instAtLeastTwoHAddOfNat
                                      (@OfNat.ofNat.{0} Nat (nat_lit 1) (instOfNatNat (nat_lit 1)))
                                      (@Nat.instNeZeroSucc
                                        (@OfNat.ofNat.{0} Nat (nat_lit 0) (instOfNatNat (nat_lit 0)))))))
                                s)
                              (η j))
                            (And
                              (@Eq.{1}
                                (@Ideal.{0} OAI.SevenEighths.HeckeFamily.O
                                  (@CommSemiring.toSemiring.{0} OAI.SevenEighths.HeckeFamily.O
                                    (@CommRing.toCommSemiring.{0} OAI.SevenEighths.HeckeFamily.O
                                      (@NumberField.instCommRingRingOfIntegers.{0} OAI.SevenEighths.HeckeFamily.K
                                        (@CyclotomicField.instField.{0}
                                          (@OfNat.ofNat.{0} Nat (nat_lit 3) (instOfNatNat (nat_lit 3))) Rat
                                          Rat.instField)))))
                                (@OAI.SevenEighths.CenteredMomentEnergyState.NaturalState.fixedModulus Z
                                  (@OfNat.ofNat.{0} Real (nat_lit 0) (@Zero.toOfNat0.{0} Real Real.instZero))
                                  (@OfNat.ofNat.{0} Real (nat_lit 2)
                                    (@instOfNatAtLeastTwo.{0} Real (nat_lit 2) Real.instNatCast
                                      (@Nat.instAtLeastTwoHAddOfNat
                                        (@OfNat.ofNat.{0} Nat (nat_lit 1) (instOfNatNat (nat_lit 1)))
                                        (@Nat.instNeZeroSucc
                                          (@OfNat.ofNat.{0} Nat (nat_lit 0) (instOfNatNat (nat_lit 0)))))))
                                  s)
                                (Q j))
                              (And
                                (@Eq.{1}
                                  (@Ideal.{0} OAI.SevenEighths.HeckeFamily.O
                                    (@CommSemiring.toSemiring.{0} OAI.SevenEighths.HeckeFamily.O
                                      (@CommRing.toCommSemiring.{0} OAI.SevenEighths.HeckeFamily.O
                                        (@NumberField.instCommRingRingOfIntegers.{0} OAI.SevenEighths.HeckeFamily.K
                                          (@CyclotomicField.instField.{0}
                                            (@OfNat.ofNat.{0} Nat (nat_lit 3) (instOfNatNat (nat_lit 3))) Rat
                                            Rat.instField)))))
                                  (@OAI.SevenEighths.CenteredMomentEnergyState.NaturalState.puncture Z
                                    (@OfNat.ofNat.{0} Real (nat_lit 0) (@Zero.toOfNat0.{0} Real Real.instZero))
                                    (@OfNat.ofNat.{0} Real (nat_lit 2)
                                      (@instOfNatAtLeastTwo.{0} Real (nat_lit 2) Real.instNatCast
                                        (@Nat.instAtLeastTwoHAddOfNat
                                          (@OfNat.ofNat.{0} Nat (nat_lit 1) (instOfNatNat (nat_lit 1)))
                                          (@Nat.instNeZeroSucc
                                            (@OfNat.ofNat.{0} Nat (nat_lit 0) (instOfNatNat (nat_lit 0)))))))
                                    s)
                                  (@OfNat.ofNat.{0}
                                    (@Ideal.{0} OAI.SevenEighths.HeckeFamily.O
                                      (@CommSemiring.toSemiring.{0} OAI.SevenEighths.HeckeFamily.O
                                        (@CommRing.toCommSemiring.{0} OAI.SevenEighths.HeckeFamily.O
                                          (@NumberField.instCommRingRingOfIntegers.{0} OAI.SevenEighths.HeckeFamily.K
                                            (@CyclotomicField.instField.{0}
                                              (@OfNat.ofNat.{0} Nat (nat_lit 3) (instOfNatNat (nat_lit 3))) Rat
                                              Rat.instField)))))
                                    (nat_lit 1)
                                    (@One.toOfNat1.{0}
                                      (@Ideal.{0} OAI.SevenEighths.HeckeFamily.O
                                        (@CommSemiring.toSemiring.{0} OAI.SevenEighths.HeckeFamily.O
                                          (@CommRing.toCommSemiring.{0} OAI.SevenEighths.HeckeFamily.O
                                            (@NumberField.instCommRingRingOfIntegers.{0} OAI.SevenEighths.HeckeFamily.K
                                              (@CyclotomicField.instField.{0}
                                                (@OfNat.ofNat.{0} Nat (nat_lit 3) (instOfNatNat (nat_lit 3))) Rat
                                                Rat.instField)))))
                                      (@Submodule.one.{0, 0} OAI.SevenEighths.HeckeFamily.O
                                        (@CommSemiring.toSemiring.{0} OAI.SevenEighths.HeckeFamily.O
                                          (@CommRing.toCommSemiring.{0} OAI.SevenEighths.HeckeFamily.O
                                            (@NumberField.instCommRingRingOfIntegers.{0} OAI.SevenEighths.HeckeFamily.K
                                              (@CyclotomicField.instField.{0}
                                                (@OfNat.ofNat.{0} Nat (nat_lit 3) (instOfNatNat (nat_lit 3))) Rat
                                                Rat.instField))))
                                        OAI.SevenEighths.HeckeFamily.O
                                        (@CommSemiring.toSemiring.{0} OAI.SevenEighths.HeckeFamily.O
                                          (@CommRing.toCommSemiring.{0} OAI.SevenEighths.HeckeFamily.O
                                            (@NumberField.instCommRingRingOfIntegers.{0} OAI.SevenEighths.HeckeFamily.K
                                              (@CyclotomicField.instField.{0}
                                                (@OfNat.ofNat.{0} Nat (nat_lit 3) (instOfNatNat (nat_lit 3))) Rat
                                                Rat.instField))))
                                        (@Semiring.toModule.{0} OAI.SevenEighths.HeckeFamily.O
                                          (@CommSemiring.toSemiring.{0} OAI.SevenEighths.HeckeFamily.O
                                            (@CommRing.toCommSemiring.{0} OAI.SevenEighths.HeckeFamily.O
                                              (@NumberField.instCommRingRingOfIntegers.{0}
                                                OAI.SevenEighths.HeckeFamily.K
                                                (@CyclotomicField.instField.{0}
                                                  (@OfNat.ofNat.{0} Nat (nat_lit 3) (instOfNatNat (nat_lit 3))) Rat
                                                  Rat.instField)))))))))
                                (And
                                  (@Eq.{1} Real
                                    (@OAI.SevenEighths.CenteredMomentEnergyState.NaturalState.rowWidth Z
                                      (@OfNat.ofNat.{0} Real (nat_lit 0) (@Zero.toOfNat0.{0} Real Real.instZero))
                                      (@OfNat.ofNat.{0} Real (nat_lit 2)
                                        (@instOfNatAtLeastTwo.{0} Real (nat_lit 2) Real.instNatCast
                                          (@Nat.instAtLeastTwoHAddOfNat
                                            (@OfNat.ofNat.{0} Nat (nat_lit 1) (instOfNatNat (nat_lit 1)))
                                            (@Nat.instNeZeroSucc
                                              (@OfNat.ofNat.{0} Nat (nat_lit 0) (instOfNatNat (nat_lit 0)))))))
                                      s)
                                    d)
                                  (And
                                    (@Eq.{1} Real
                                      (@OAI.SevenEighths.CenteredMomentEnergyState.NaturalState.characterWidth Z
                                        (@OfNat.ofNat.{0} Real (nat_lit 0) (@Zero.toOfNat0.{0} Real Real.instZero))
                                        (@OfNat.ofNat.{0} Real (nat_lit 2)
                                          (@instOfNatAtLeastTwo.{0} Real (nat_lit 2) Real.instNatCast
                                            (@Nat.instAtLeastTwoHAddOfNat
                                              (@OfNat.ofNat.{0} Nat (nat_lit 1) (instOfNatNat (nat_lit 1)))
                                              (@Nat.instNeZeroSucc
                                                (@OfNat.ofNat.{0} Nat (nat_lit 0) (instOfNatNat (nat_lit 0)))))))
                                        s)
                                      ρ)
                                    (And
                                      (@Eq.{1} Real
                                        (@OAI.SevenEighths.CenteredMomentEnergyState.NaturalState.width Z
                                          (@OfNat.ofNat.{0} Real (nat_lit 0) (@Zero.toOfNat0.{0} Real Real.instZero))
                                          (@OfNat.ofNat.{0} Real (nat_lit 2)
                                            (@instOfNatAtLeastTwo.{0} Real (nat_lit 2) Real.instNatCast
                                              (@Nat.instAtLeastTwoHAddOfNat
                                                (@OfNat.ofNat.{0} Nat (nat_lit 1) (instOfNatNat (nat_lit 1)))
                                                (@Nat.instNeZeroSucc
                                                  (@OfNat.ofNat.{0} Nat (nat_lit 0) (instOfNatNat (nat_lit 0)))))))
                                          s)
                                        (@HAdd.hAdd.{0, 0, 0} Real Real Real (@instHAdd.{0} Real Real.instAdd) d ρ))
                                      (And
                                        (@Eq.{1}
                                          (@SchwartzMap.{0, 0} Real Complex Real.normedAddCommGroup
                                            (@InnerProductSpace.toNormedSpace.{0, 0} Real Real Real.instRCLike
                                              (@NormedAddCommGroup.toSeminormedAddCommGroup.{0} Real
                                                Real.normedAddCommGroup)
                                              (@RCLike.toInnerProductSpaceReal.{0} Real Real.instRCLike))
                                            Complex.instNormedAddCommGroup
                                            (@InnerProductSpace.toNormedSpace.{0, 0} Real Complex Real.instRCLike
                                              (@NormedAddCommGroup.toSeminormedAddCommGroup.{0} Complex
                                                Complex.instNormedAddCommGroup)
                                              instInnerProductSpaceRealComplex))
                                          (OAI.SevenEighths.CenteredMomentRadialEligibleEnergy.Radial.profile
                                            (@OAI.SevenEighths.CenteredMomentEnergyState.NaturalState.radial Z
                                              (@OfNat.ofNat.{0} Real (nat_lit 0)
                                                (@Zero.toOfNat0.{0} Real Real.instZero))
                                              (@OfNat.ofNat.{0} Real (nat_lit 2)
                                                (@instOfNatAtLeastTwo.{0} Real (nat_lit 2) Real.instNatCast
                                                  (@Nat.instAtLeastTwoHAddOfNat
                                                    (@OfNat.ofNat.{0} Nat (nat_lit 1) (instOfNatNat (nat_lit 1)))
                                                    (@Nat.instNeZeroSucc
                                                      (@OfNat.ofNat.{0} Nat (nat_lit 0) (instOfNatNat (nat_lit 0)))))))
                                              s))
                                          Φ)
                                        (And
                                          (@Eq.{1} Real
                                            (OAI.SevenEighths.CenteredMomentRadialEligibleEnergy.Radial.scale
                                              (@OAI.SevenEighths.CenteredMomentEnergyState.NaturalState.radial Z
                                                (@OfNat.ofNat.{0} Real (nat_lit 0)
                                                  (@Zero.toOfNat0.{0} Real Real.instZero))
                                                (@OfNat.ofNat.{0} Real (nat_lit 2)
                                                  (@instOfNatAtLeastTwo.{0} Real (nat_lit 2) Real.instNatCast
                                                    (@Nat.instAtLeastTwoHAddOfNat
                                                      (@OfNat.ofNat.{0} Nat (nat_lit 1) (instOfNatNat (nat_lit 1)))
                                                      (@Nat.instNeZeroSucc
                                                        (@OfNat.ofNat.{0} Nat (nat_lit 0)
                                                          (instOfNatNat (nat_lit 0)))))))
                                                s))
                                            (@HPow.hPow.{0, 0, 0} Real Real Real
                                              (@instHPow.{0, 0} Real Real Real.instPow) Z d))
                                          (And
                                            (∀ (z : OAI.ActualEisensteinCubic.O),
                                              Iff
                                                (OAI.SevenEighths.CenteredMomentRadialEligibleEnergy.Radial.keep
                                                  (@OAI.SevenEighths.CenteredMomentEnergyState.NaturalState.radial Z
                                                    (@OfNat.ofNat.{0} Real (nat_lit 0)
                                                      (@Zero.toOfNat0.{0} Real Real.instZero))
                                                    (@OfNat.ofNat.{0} Real (nat_lit 2)
                                                      (@instOfNatAtLeastTwo.{0} Real (nat_lit 2) Real.instNatCast
                                                        (@Nat.instAtLeastTwoHAddOfNat
                                                          (@OfNat.ofNat.{0} Nat (nat_lit 1) (instOfNatNat (nat_lit 1)))
                                                          (@Nat.instNeZeroSucc
                                                            (@OfNat.ofNat.{0} Nat (nat_lit 0)
                                                              (instOfNatNat (nat_lit 0)))))))
                                                    s)
                                                  z)
                                                (@Exists.{1} OAI.SevenEighths.HeckeInverseAmplification.FreeRow
                                                  fun (u : OAI.SevenEighths.HeckeInverseAmplification.FreeRow) =>
                                                  And
                                                    (@Membership.mem.{0, 0}
                                                      OAI.SevenEighths.HeckeInverseAmplification.FreeRow
                                                      (Finset.{0} OAI.SevenEighths.HeckeInverseAmplification.FreeRow)
                                                      (@SetLike.instMembership.{0, 0}
                                                        (Finset.{0} OAI.SevenEighths.HeckeInverseAmplification.FreeRow)
                                                        OAI.SevenEighths.HeckeInverseAmplification.FreeRow
                                                        (@Finset.instSetLike.{0}
                                                          OAI.SevenEighths.HeckeInverseAmplification.FreeRow))
                                                      rows u)
                                                    (@Eq.{1} OAI.SevenEighths.HeckeFamily.O
                                                      (@Subtype.val.{1} OAI.SevenEighths.HeckeFamily.O
                                                        (fun (u : OAI.SevenEighths.HeckeFamily.O) =>
                                                          And
                                                            (@Ne.{1} OAI.SevenEighths.HeckeFamily.O u
                                                              (@OfNat.ofNat.{0} OAI.SevenEighths.HeckeFamily.O
                                                                (nat_lit 0)
                                                                (@Zero.toOfNat0.{0} OAI.SevenEighths.HeckeFamily.O
                                                                  (@MulZeroClass.toZero.{0}
                                                                    OAI.SevenEighths.HeckeFamily.O
                                                                    (@instMulZeroClassOfSemiring.{0}
                                                                      OAI.SevenEighths.HeckeFamily.O
                                                                      (@CommSemiring.toSemiring.{0}
                                                                        OAI.SevenEighths.HeckeFamily.O
                                                                        (@CommRing.toCommSemiring.{0}
                                                                          OAI.SevenEighths.HeckeFamily.O
                                                                          (@NumberField.instCommRingRingOfIntegers.{0}
                                                                            OAI.SevenEighths.HeckeFamily.K
                                                                            (@CyclotomicField.instField.{0}
                                                                              (@OfNat.ofNat.{0} Nat (nat_lit 3)
                                                                                (instOfNatNat (nat_lit 3)))
                                                                              Rat Rat.instField)))))))))
                                                            (OAI.SevenEighths.HeckeInverseAmplification.SixthFree
                                                              (@Ideal.span.{0} OAI.SevenEighths.HeckeFamily.O
                                                                (@CommSemiring.toSemiring.{0}
                                                                  OAI.SevenEighths.HeckeFamily.O
                                                                  (@CommRing.toCommSemiring.{0}
                                                                    OAI.SevenEighths.HeckeFamily.O
                                                                    (@NumberField.instCommRingRingOfIntegers.{0}
                                                                      OAI.SevenEighths.HeckeFamily.K
                                                                      (@CyclotomicField.instField.{0}
                                                                        (@OfNat.ofNat.{0} Nat (nat_lit 3)
                                                                          (instOfNatNat (nat_lit 3)))
                                                                        Rat Rat.instField))))
                                                                (@Singleton.singleton.{0, 0}
                                                                  OAI.SevenEighths.HeckeFamily.O
                                                                  (Set.{0} OAI.SevenEighths.HeckeFamily.O)
                                                                  (@Set.instSingletonSet.{0}
                                                                    OAI.SevenEighths.HeckeFamily.O)
                                                                  u))))
                                                        u)
                                                      z)))
                                            (∀ (u : OAI.SevenEighths.HeckeInverseAmplification.FreeRow),
                                              @Membership.mem.{0, 0} OAI.SevenEighths.HeckeInverseAmplification.FreeRow
                                                  (Finset.{0} OAI.SevenEighths.HeckeInverseAmplification.FreeRow)
                                                  (@SetLike.instMembership.{0, 0}
                                                    (Finset.{0} OAI.SevenEighths.HeckeInverseAmplification.FreeRow)
                                                    OAI.SevenEighths.HeckeInverseAmplification.FreeRow
                                                    (@Finset.instSetLike.{0}
                                                      OAI.SevenEighths.HeckeInverseAmplification.FreeRow))
                                                  rows u →
                                                @Eq.{1} Complex
                                                  (@DFunLike.coe.{1, 1, 1}
                                                    (@SchwartzMap.{0, 0} Real Complex Real.normedAddCommGroup
                                                      (@InnerProductSpace.toNormedSpace.{0, 0} Real Real Real.instRCLike
                                                        (@NormedAddCommGroup.toSeminormedAddCommGroup.{0} Real
                                                          Real.normedAddCommGroup)
                                                        (@RCLike.toInnerProductSpaceReal.{0} Real Real.instRCLike))
                                                      Complex.instNormedAddCommGroup
                                                      (@InnerProductSpace.toNormedSpace.{0, 0} Real Complex
                                                        Real.instRCLike
                                                        (@NormedAddCommGroup.toSeminormedAddCommGroup.{0} Complex
                                                          Complex.instNormedAddCommGroup)
                                                        instInnerProductSpaceRealComplex))
                                                    Real (fun (x : Real) => Complex)
                                                    (@SchwartzMap.instFunLike.{0, 0} Real Complex
                                                      Real.normedAddCommGroup
                                                      (@InnerProductSpace.toNormedSpace.{0, 0} Real Real Real.instRCLike
                                                        (@NormedAddCommGroup.toSeminormedAddCommGroup.{0} Real
                                                          Real.normedAddCommGroup)
                                                        (@RCLike.toInnerProductSpaceReal.{0} Real Real.instRCLike))
                                                      Complex.instNormedAddCommGroup
                                                      (@InnerProductSpace.toNormedSpace.{0, 0} Real Complex
                                                        Real.instRCLike
                                                        (@NormedAddCommGroup.toSeminormedAddCommGroup.{0} Complex
                                                          Complex.instNormedAddCommGroup)
                                                        instInnerProductSpaceRealComplex))
                                                    Φ
                                                    (@HDiv.hDiv.{0, 0, 0} Real Real Real
                                                      (@instHDiv.{0} Real
                                                        (@DivInvMonoid.toDiv.{0} Real Real.instDivInvMonoid))
                                                      (@HPow.hPow.{0, 0, 0} Real Nat Real
                                                        (@instHPow.{0, 0} Real Nat
                                                          (@NPow.toPow.{0} Real
                                                            (@Monoid.toNPow.{0} Real Real.instMonoid)))
                                                        (@Norm.norm.{0} Complex Complex.instNorm
                                                          (@DFunLike.coe.{1, 1, 1}
                                                            (@RingHom.{0, 0} OAI.EisensteinEmbedding.O Complex
                                                              (@Semiring.toNonAssocSemiring.{0}
                                                                OAI.EisensteinEmbedding.O
                                                                (@CommSemiring.toSemiring.{0} OAI.EisensteinEmbedding.O
                                                                  (@CommRing.toCommSemiring.{0}
                                                                    OAI.EisensteinEmbedding.O
                                                                    (@NumberField.instCommRingRingOfIntegers.{0}
                                                                      OAI.EisensteinEmbedding.K
                                                                      (@CyclotomicField.instField.{0}
                                                                        (@OfNat.ofNat.{0} Nat (nat_lit 3)
                                                                          (instOfNatNat (nat_lit 3)))
                                                                        Rat Rat.instField)))))
                                                              (@Semiring.toNonAssocSemiring.{0} Complex
                                                                Complex.instSemiring))
                                                            OAI.EisensteinEmbedding.O
                                                            (fun (x : OAI.EisensteinEmbedding.O) => Complex)
                                                            (@RingHom.instFunLike.{0, 0} OAI.EisensteinEmbedding.O
                                                              Complex
                                                              (@Semiring.toNonAssocSemiring.{0}
                                                                OAI.EisensteinEmbedding.O
                                                                (@CommSemiring.toSemiring.{0} OAI.EisensteinEmbedding.O
                                                                  (@CommRing.toCommSemiring.{0}
                                                                    OAI.EisensteinEmbedding.O
                                                                    (@NumberField.instCommRingRingOfIntegers.{0}
                                                                      OAI.EisensteinEmbedding.K
                                                                      (@CyclotomicField.instField.{0}
                                                                        (@OfNat.ofNat.{0} Nat (nat_lit 3)
                                                                          (instOfNatNat (nat_lit 3)))
                                                                        Rat Rat.instField)))))
                                                              (@Semiring.toNonAssocSemiring.{0} Complex
                                                                Complex.instSemiring))
                                                            OAI.ConcreteTraceCRT.eisEmbedding
                                                            (@Subtype.val.{1} OAI.SevenEighths.HeckeFamily.O
                                                              (fun (u : OAI.SevenEighths.HeckeFamily.O) =>
                                                                And
                                                                  (@Ne.{1} OAI.SevenEighths.HeckeFamily.O u
                                                                    (@OfNat.ofNat.{0} OAI.SevenEighths.HeckeFamily.O
                                                                      (nat_lit 0)
                                                                      (@Zero.toOfNat0.{0} OAI.SevenEighths.HeckeFamily.O
                                                                        (@MulZeroClass.toZero.{0}
                                                                          OAI.SevenEighths.HeckeFamily.O
                                                                          (@instMulZeroClassOfSemiring.{0}
                                                                            OAI.SevenEighths.HeckeFamily.O
                                                                            (@CommSemiring.toSemiring.{0}
                                                                              OAI.SevenEighths.HeckeFamily.O
                                                                              (@CommRing.toCommSemiring.{0}
                                                                                OAI.SevenEighths.HeckeFamily.O
                                                                                (@NumberField.instCommRingRingOfIntegers.{0}
                                                                                  OAI.SevenEighths.HeckeFamily.K
                                                                                  (@CyclotomicField.instField.{0}
                                                                                    (@OfNat.ofNat.{0} Nat (nat_lit 3)
                                                                                      (instOfNatNat (nat_lit 3)))
                                                                                    Rat Rat.instField)))))))))
                                                                  (OAI.SevenEighths.HeckeInverseAmplification.SixthFree
                                                                    (@Ideal.span.{0} OAI.SevenEighths.HeckeFamily.O
                                                                      (@CommSemiring.toSemiring.{0}
                                                                        OAI.SevenEighths.HeckeFamily.O
                                                                        (@CommRing.toCommSemiring.{0}
                                                                          OAI.SevenEighths.HeckeFamily.O
                                                                          (@NumberField.instCommRingRingOfIntegers.{0}
                                                                            OAI.SevenEighths.HeckeFamily.K
                                                                            (@CyclotomicField.instField.{0}
                                                                              (@OfNat.ofNat.{0} Nat (nat_lit 3)
                                                                                (instOfNatNat (nat_lit 3)))
                                                                              Rat Rat.instField))))
                                                                      (@Singleton.singleton.{0, 0}
                                                                        OAI.SevenEighths.HeckeFamily.O
                                                                        (Set.{0} OAI.SevenEighths.HeckeFamily.O)
                                                                        (@Set.instSingletonSet.{0}
                                                                          OAI.SevenEighths.HeckeFamily.O)
                                                                        u))))
                                                              u)))
                                                        (@OfNat.ofNat.{0} Nat (nat_lit 2) (instOfNatNat (nat_lit 2))))
                                                      (@HPow.hPow.{0, 0, 0} Real Real Real
                                                        (@instHPow.{0, 0} Real Real Real.instPow) Z d)))
                                                  (@OfNat.ofNat.{0} Complex (nat_lit 1)
                                                    (@One.toOfNat1.{0} Complex Complex.instOne)))))))))))))
          (@Filter.atTop.{0} Real Real.instPreorder)))
'OAI.SevenEighths.FiniteRowNaturalState.eventually_finite_row_natural_state' depends on axioms: [propext,
 Classical.choice,
 Quot.sound]
OAI.SevenEighths.DetectorPairControl.detectorPairProfiles : (reverse : Bool) →
  (j k : Nat) →
    (σ t : Real) →
      OAI.SevenEighths.CenteredMomentFiniteProfileExceptional.Profiles
        (@HDiv.hDiv.{0, 0, 0} Real Real Real (@instHDiv.{0} Real (@DivInvMonoid.toDiv.{0} Real Real.instDivInvMonoid))
          (@OfNat.ofNat.{0} Real (nat_lit 1) (@One.toOfNat1.{0} Real Real.instOne))
          (@OfNat.ofNat.{0} Real (nat_lit 4)
            (@instOfNatAtLeastTwo.{0} Real (nat_lit 4) Real.instNatCast
              (@Nat.instAtLeastTwoHAddOfNat (@OfNat.ofNat.{0} Nat (nat_lit 3) (instOfNatNat (nat_lit 3)))
                (@Nat.instNeZeroSucc (@OfNat.ofNat.{0} Nat (nat_lit 2) (instOfNatNat (nat_lit 2))))))))
        (@HDiv.hDiv.{0, 0, 0} Real Real Real (@instHDiv.{0} Real (@DivInvMonoid.toDiv.{0} Real Real.instDivInvMonoid))
          (@OfNat.ofNat.{0} Real (nat_lit 9)
            (@instOfNatAtLeastTwo.{0} Real (nat_lit 9) Real.instNatCast
              (@Nat.instAtLeastTwoHAddOfNat (@OfNat.ofNat.{0} Nat (nat_lit 8) (instOfNatNat (nat_lit 8)))
                (@Nat.instNeZeroSucc (@OfNat.ofNat.{0} Nat (nat_lit 7) (instOfNatNat (nat_lit 7)))))))
          (@OfNat.ofNat.{0} Real (nat_lit 4)
            (@instOfNatAtLeastTwo.{0} Real (nat_lit 4) Real.instNatCast
              (@Nat.instAtLeastTwoHAddOfNat (@OfNat.ofNat.{0} Nat (nat_lit 3) (instOfNatNat (nat_lit 3)))
                (@Nat.instNeZeroSucc (@OfNat.ofNat.{0} Nat (nat_lit 2) (instOfNatNat (nat_lit 2))))))))
'OAI.SevenEighths.DetectorPairControl.detectorPairProfiles' depends on axioms: [propext, Classical.choice, Quot.sound]
OAI.SevenEighths.DetectorPairControl.detectorPairProfiles_squared_control_uniform : ∀
  (S : Finset.{0} (Prod.{0, 0} Nat Nat)),
  @Exists.{1} Nat fun (J : Nat) =>
    @Exists.{1} Real fun (C : Real) =>
      And (@LT.lt.{0} Real Real.instLT (@OfNat.ofNat.{0} Real (nat_lit 0) (@Zero.toOfNat0.{0} Real Real.instZero)) C)
        (∀ (reverse : Bool) (j k : Nat),
          @LE.le.{0} Nat instLENat j (@OfNat.ofNat.{0} Nat (nat_lit 2) (instOfNatNat (nat_lit 2))) →
            @LE.le.{0} Nat instLENat k (@OfNat.ofNat.{0} Nat (nat_lit 2) (instOfNatNat (nat_lit 2))) →
              ∀ (σ : Real),
                @Membership.mem.{0, 0} Real (Set.{0} Real) (@Set.instMembership.{0} Real)
                    (@Set.Icc.{0} Real Real.instPreorder
                      (@OfNat.ofNat.{0} Real (nat_lit 0) (@Zero.toOfNat0.{0} Real Real.instZero))
                      (@OfNat.ofNat.{0} Real (nat_lit 1) (@One.toOfNat1.{0} Real Real.instOne)))
                    σ →
                  ∀ (t : Real),
                    @LE.le.{0} Real Real.instLE
                      (@HPow.hPow.{0, 0, 0} Real Nat Real
                        (@instHPow.{0, 0} Real Nat (@NPow.toPow.{0} Real (@Monoid.toNPow.{0} Real Real.instMonoid)))
                        (@OAI.SevenEighths.CenteredMomentFiniteProfileExceptional.Profiles.control
                          (@HDiv.hDiv.{0, 0, 0} Real Real Real
                            (@instHDiv.{0} Real (@DivInvMonoid.toDiv.{0} Real Real.instDivInvMonoid))
                            (@OfNat.ofNat.{0} Real (nat_lit 1) (@One.toOfNat1.{0} Real Real.instOne))
                            (@OfNat.ofNat.{0} Real (nat_lit 4)
                              (@instOfNatAtLeastTwo.{0} Real (nat_lit 4) Real.instNatCast
                                (@Nat.instAtLeastTwoHAddOfNat
                                  (@OfNat.ofNat.{0} Nat (nat_lit 3) (instOfNatNat (nat_lit 3)))
                                  (@Nat.instNeZeroSucc
                                    (@OfNat.ofNat.{0} Nat (nat_lit 2) (instOfNatNat (nat_lit 2))))))))
                          (@HDiv.hDiv.{0, 0, 0} Real Real Real
                            (@instHDiv.{0} Real (@DivInvMonoid.toDiv.{0} Real Real.instDivInvMonoid))
                            (@OfNat.ofNat.{0} Real (nat_lit 9)
                              (@instOfNatAtLeastTwo.{0} Real (nat_lit 9) Real.instNatCast
                                (@Nat.instAtLeastTwoHAddOfNat
                                  (@OfNat.ofNat.{0} Nat (nat_lit 8) (instOfNatNat (nat_lit 8)))
                                  (@Nat.instNeZeroSucc (@OfNat.ofNat.{0} Nat (nat_lit 7) (instOfNatNat (nat_lit 7)))))))
                            (@OfNat.ofNat.{0} Real (nat_lit 4)
                              (@instOfNatAtLeastTwo.{0} Real (nat_lit 4) Real.instNatCast
                                (@Nat.instAtLeastTwoHAddOfNat
                                  (@OfNat.ofNat.{0} Nat (nat_lit 3) (instOfNatNat (nat_lit 3)))
                                  (@Nat.instNeZeroSucc
                                    (@OfNat.ofNat.{0} Nat (nat_lit 2) (instOfNatNat (nat_lit 2))))))))
                          (OAI.SevenEighths.DetectorPairControl.detectorPairProfiles reverse j k σ t) S)
                        (@OfNat.ofNat.{0} Nat (nat_lit 2) (instOfNatNat (nat_lit 2))))
                      (@HMul.hMul.{0, 0, 0} Real Real Real (@instHMul.{0} Real Real.instMul)
                        (@HPow.hPow.{0, 0, 0} Real Nat Real
                          (@instHPow.{0, 0} Real Nat (@NPow.toPow.{0} Real (@Monoid.toNPow.{0} Real Real.instMonoid))) C
                          (@OfNat.ofNat.{0} Nat (nat_lit 4) (instOfNatNat (nat_lit 4))))
                        (@HPow.hPow.{0, 0, 0} Real Nat Real
                          (@instHPow.{0, 0} Real Nat (@NPow.toPow.{0} Real (@Monoid.toNPow.{0} Real Real.instMonoid)))
                          (@HAdd.hAdd.{0, 0, 0} Real Real Real (@instHAdd.{0} Real Real.instAdd)
                            (@OfNat.ofNat.{0} Real (nat_lit 1) (@One.toOfNat1.{0} Real Real.instOne))
                            (@Norm.norm.{0} Real Real.norm t))
                          (@HMul.hMul.{0, 0, 0} Nat Nat Nat (@instHMul.{0} Nat instMulNat)
                            (@OfNat.ofNat.{0} Nat (nat_lit 4) (instOfNatNat (nat_lit 4))) J))))
'OAI.SevenEighths.DetectorPairControl.detectorPairProfiles_squared_control_uniform' depends on axioms: [propext,
 Classical.choice,
 Quot.sound]
