warning: rellich-kondrachov: repository 'E:\codex-build\RH-Zero-Free-Formalization\tmp\upstream-plain\.lake/packages\rellich-kondrachov' has local changes
OAI.SevenEighths.PlainMarkedAdmissionLowKappa.actual_plain_marked_admission.{u_1,
  u_2} : ∀
  (M :
    @Ideal.{0} OAI.SevenEighths.HeckeFamily.O
      (@CommSemiring.toSemiring.{0} OAI.SevenEighths.HeckeFamily.O
        (@CommRing.toCommSemiring.{0} OAI.SevenEighths.HeckeFamily.O
          (@NumberField.instCommRingRingOfIntegers.{0} OAI.SevenEighths.HeckeFamily.K
            (@CyclotomicField.instField.{0} (@OfNat.ofNat.{0} Nat (nat_lit 3) (instOfNatNat (nat_lit 3))) Rat
              Rat.instField)))))
  [inst :
    @NeZero.{0}
      (@Ideal.{0} OAI.SevenEighths.HeckeFamily.O
        (@CommSemiring.toSemiring.{0} OAI.SevenEighths.HeckeFamily.O
          (@CommRing.toCommSemiring.{0} OAI.SevenEighths.HeckeFamily.O
            (@NumberField.instCommRingRingOfIntegers.{0} OAI.SevenEighths.HeckeFamily.K
              (@CyclotomicField.instField.{0} (@OfNat.ofNat.{0} Nat (nat_lit 3) (instOfNatNat (nat_lit 3))) Rat
                Rat.instField)))))
      (@Submodule.pointwiseZero.{0, 0} OAI.SevenEighths.HeckeFamily.O OAI.SevenEighths.HeckeFamily.O
        (@CommSemiring.toSemiring.{0} OAI.SevenEighths.HeckeFamily.O
          (@CommRing.toCommSemiring.{0} OAI.SevenEighths.HeckeFamily.O
            (@NumberField.instCommRingRingOfIntegers.{0} OAI.SevenEighths.HeckeFamily.K
              (@CyclotomicField.instField.{0} (@OfNat.ofNat.{0} Nat (nat_lit 3) (instOfNatNat (nat_lit 3))) Rat
                Rat.instField))))
        (@Semiring.toAddCommMonoid.{0} OAI.SevenEighths.HeckeFamily.O
          (@CommSemiring.toSemiring.{0} OAI.SevenEighths.HeckeFamily.O
            (@CommRing.toCommSemiring.{0} OAI.SevenEighths.HeckeFamily.O
              (@NumberField.instCommRingRingOfIntegers.{0} OAI.SevenEighths.HeckeFamily.K
                (@CyclotomicField.instField.{0} (@OfNat.ofNat.{0} Nat (nat_lit 3) (instOfNatNat (nat_lit 3))) Rat
                  Rat.instField)))))
        (@Semiring.toModule.{0} OAI.SevenEighths.HeckeFamily.O
          (@CommSemiring.toSemiring.{0} OAI.SevenEighths.HeckeFamily.O
            (@CommRing.toCommSemiring.{0} OAI.SevenEighths.HeckeFamily.O
              (@NumberField.instCommRingRingOfIntegers.{0} OAI.SevenEighths.HeckeFamily.K
                (@CyclotomicField.instField.{0} (@OfNat.ofNat.{0} Nat (nat_lit 3) (instOfNatNat (nat_lit 3))) Rat
                  Rat.instField))))))
      M]
  (H :
    @Subgroup.{0}
      (@Units.{0}
        (@HasQuotient.Quotient.{0, 0} OAI.SevenEighths.HeckeFamily.O
          (@Ideal.{0} OAI.SevenEighths.HeckeFamily.O
            (@CommSemiring.toSemiring.{0} OAI.SevenEighths.HeckeFamily.O
              (@CommRing.toCommSemiring.{0} OAI.SevenEighths.HeckeFamily.O
                (@NumberField.instCommRingRingOfIntegers.{0} OAI.SevenEighths.HeckeFamily.K
                  (@CyclotomicField.instField.{0} (@OfNat.ofNat.{0} Nat (nat_lit 3) (instOfNatNat (nat_lit 3))) Rat
                    Rat.instField)))))
          (@Ideal.instHasQuotient_1.{0} OAI.SevenEighths.HeckeFamily.O
            (@NumberField.instCommRingRingOfIntegers.{0} OAI.SevenEighths.HeckeFamily.K
              (@CyclotomicField.instField.{0} (@OfNat.ofNat.{0} Nat (nat_lit 3) (instOfNatNat (nat_lit 3))) Rat
                Rat.instField)))
          M)
        (@Semiring.toMonoid.{0}
          (@HasQuotient.Quotient.{0, 0} OAI.SevenEighths.HeckeFamily.O
            (@Ideal.{0} OAI.SevenEighths.HeckeFamily.O
              (@CommSemiring.toSemiring.{0} OAI.SevenEighths.HeckeFamily.O
                (@CommRing.toCommSemiring.{0} OAI.SevenEighths.HeckeFamily.O
                  (@NumberField.instCommRingRingOfIntegers.{0} OAI.SevenEighths.HeckeFamily.K
                    (@CyclotomicField.instField.{0} (@OfNat.ofNat.{0} Nat (nat_lit 3) (instOfNatNat (nat_lit 3))) Rat
                      Rat.instField)))))
            (@Ideal.instHasQuotient_1.{0} OAI.SevenEighths.HeckeFamily.O
              (@NumberField.instCommRingRingOfIntegers.{0} OAI.SevenEighths.HeckeFamily.K
                (@CyclotomicField.instField.{0} (@OfNat.ofNat.{0} Nat (nat_lit 3) (instOfNatNat (nat_lit 3))) Rat
                  Rat.instField)))
            M)
          (@Ideal.Quotient.semiring.{0} OAI.SevenEighths.HeckeFamily.O
            (@NumberField.instCommRingRingOfIntegers.{0} OAI.SevenEighths.HeckeFamily.K
              (@CyclotomicField.instField.{0} (@OfNat.ofNat.{0} Nat (nat_lit 3) (instOfNatNat (nat_lit 3))) Rat
                Rat.instField))
            M)))
      (@Units.instGroup.{0}
        (@HasQuotient.Quotient.{0, 0} OAI.SevenEighths.HeckeFamily.O
          (@Ideal.{0} OAI.SevenEighths.HeckeFamily.O
            (@CommSemiring.toSemiring.{0} OAI.SevenEighths.HeckeFamily.O
              (@CommRing.toCommSemiring.{0} OAI.SevenEighths.HeckeFamily.O
                (@NumberField.instCommRingRingOfIntegers.{0} OAI.SevenEighths.HeckeFamily.K
                  (@CyclotomicField.instField.{0} (@OfNat.ofNat.{0} Nat (nat_lit 3) (instOfNatNat (nat_lit 3))) Rat
                    Rat.instField)))))
          (@Ideal.instHasQuotient_1.{0} OAI.SevenEighths.HeckeFamily.O
            (@NumberField.instCommRingRingOfIntegers.{0} OAI.SevenEighths.HeckeFamily.K
              (@CyclotomicField.instField.{0} (@OfNat.ofNat.{0} Nat (nat_lit 3) (instOfNatNat (nat_lit 3))) Rat
                Rat.instField)))
          M)
        (@Semiring.toMonoid.{0}
          (@HasQuotient.Quotient.{0, 0} OAI.SevenEighths.HeckeFamily.O
            (@Ideal.{0} OAI.SevenEighths.HeckeFamily.O
              (@CommSemiring.toSemiring.{0} OAI.SevenEighths.HeckeFamily.O
                (@CommRing.toCommSemiring.{0} OAI.SevenEighths.HeckeFamily.O
                  (@NumberField.instCommRingRingOfIntegers.{0} OAI.SevenEighths.HeckeFamily.K
                    (@CyclotomicField.instField.{0} (@OfNat.ofNat.{0} Nat (nat_lit 3) (instOfNatNat (nat_lit 3))) Rat
                      Rat.instField)))))
            (@Ideal.instHasQuotient_1.{0} OAI.SevenEighths.HeckeFamily.O
              (@NumberField.instCommRingRingOfIntegers.{0} OAI.SevenEighths.HeckeFamily.K
                (@CyclotomicField.instField.{0} (@OfNat.ofNat.{0} Nat (nat_lit 3) (instOfNatNat (nat_lit 3))) Rat
                  Rat.instField)))
            M)
          (@Ideal.Quotient.semiring.{0} OAI.SevenEighths.HeckeFamily.O
            (@NumberField.instCommRingRingOfIntegers.{0} OAI.SevenEighths.HeckeFamily.K
              (@CyclotomicField.instField.{0} (@OfNat.ofNat.{0} Nat (nat_lit 3) (instOfNatNat (nat_lit 3))) Rat
                Rat.instField))
            M))))
  (hH :
    @LE.le.{0}
      (@Subgroup.{0}
        (@Units.{0}
          (@HasQuotient.Quotient.{0, 0} OAI.SevenEighths.HeckeFamily.O
            (@Ideal.{0} OAI.SevenEighths.HeckeFamily.O
              (@CommSemiring.toSemiring.{0} OAI.SevenEighths.HeckeFamily.O
                (@CommRing.toCommSemiring.{0} OAI.SevenEighths.HeckeFamily.O
                  (@NumberField.instCommRingRingOfIntegers.{0} OAI.SevenEighths.HeckeFamily.K
                    (@CyclotomicField.instField.{0} (@OfNat.ofNat.{0} Nat (nat_lit 3) (instOfNatNat (nat_lit 3))) Rat
                      Rat.instField)))))
            (@Ideal.instHasQuotient_1.{0} OAI.SevenEighths.HeckeFamily.O
              (@NumberField.instCommRingRingOfIntegers.{0} OAI.SevenEighths.HeckeFamily.K
                (@CyclotomicField.instField.{0} (@OfNat.ofNat.{0} Nat (nat_lit 3) (instOfNatNat (nat_lit 3))) Rat
                  Rat.instField)))
            M)
          (@Semiring.toMonoid.{0}
            (@HasQuotient.Quotient.{0, 0} OAI.SevenEighths.HeckeFamily.O
              (@Ideal.{0} OAI.SevenEighths.HeckeFamily.O
                (@CommSemiring.toSemiring.{0} OAI.SevenEighths.HeckeFamily.O
                  (@CommRing.toCommSemiring.{0} OAI.SevenEighths.HeckeFamily.O
                    (@NumberField.instCommRingRingOfIntegers.{0} OAI.SevenEighths.HeckeFamily.K
                      (@CyclotomicField.instField.{0} (@OfNat.ofNat.{0} Nat (nat_lit 3) (instOfNatNat (nat_lit 3))) Rat
                        Rat.instField)))))
              (@Ideal.instHasQuotient_1.{0} OAI.SevenEighths.HeckeFamily.O
                (@NumberField.instCommRingRingOfIntegers.{0} OAI.SevenEighths.HeckeFamily.K
                  (@CyclotomicField.instField.{0} (@OfNat.ofNat.{0} Nat (nat_lit 3) (instOfNatNat (nat_lit 3))) Rat
                    Rat.instField)))
              M)
            (@Ideal.Quotient.semiring.{0} OAI.SevenEighths.HeckeFamily.O
              (@NumberField.instCommRingRingOfIntegers.{0} OAI.SevenEighths.HeckeFamily.K
                (@CyclotomicField.instField.{0} (@OfNat.ofNat.{0} Nat (nat_lit 3) (instOfNatNat (nat_lit 3))) Rat
                  Rat.instField))
              M)))
        (@Units.instGroup.{0}
          (@HasQuotient.Quotient.{0, 0} OAI.SevenEighths.HeckeFamily.O
            (@Ideal.{0} OAI.SevenEighths.HeckeFamily.O
              (@CommSemiring.toSemiring.{0} OAI.SevenEighths.HeckeFamily.O
                (@CommRing.toCommSemiring.{0} OAI.SevenEighths.HeckeFamily.O
                  (@NumberField.instCommRingRingOfIntegers.{0} OAI.SevenEighths.HeckeFamily.K
                    (@CyclotomicField.instField.{0} (@OfNat.ofNat.{0} Nat (nat_lit 3) (instOfNatNat (nat_lit 3))) Rat
                      Rat.instField)))))
            (@Ideal.instHasQuotient_1.{0} OAI.SevenEighths.HeckeFamily.O
              (@NumberField.instCommRingRingOfIntegers.{0} OAI.SevenEighths.HeckeFamily.K
                (@CyclotomicField.instField.{0} (@OfNat.ofNat.{0} Nat (nat_lit 3) (instOfNatNat (nat_lit 3))) Rat
                  Rat.instField)))
            M)
          (@Semiring.toMonoid.{0}
            (@HasQuotient.Quotient.{0, 0} OAI.SevenEighths.HeckeFamily.O
              (@Ideal.{0} OAI.SevenEighths.HeckeFamily.O
                (@CommSemiring.toSemiring.{0} OAI.SevenEighths.HeckeFamily.O
                  (@CommRing.toCommSemiring.{0} OAI.SevenEighths.HeckeFamily.O
                    (@NumberField.instCommRingRingOfIntegers.{0} OAI.SevenEighths.HeckeFamily.K
                      (@CyclotomicField.instField.{0} (@OfNat.ofNat.{0} Nat (nat_lit 3) (instOfNatNat (nat_lit 3))) Rat
                        Rat.instField)))))
              (@Ideal.instHasQuotient_1.{0} OAI.SevenEighths.HeckeFamily.O
                (@NumberField.instCommRingRingOfIntegers.{0} OAI.SevenEighths.HeckeFamily.K
                  (@CyclotomicField.instField.{0} (@OfNat.ofNat.{0} Nat (nat_lit 3) (instOfNatNat (nat_lit 3))) Rat
                    Rat.instField)))
              M)
            (@Ideal.Quotient.semiring.{0} OAI.SevenEighths.HeckeFamily.O
              (@NumberField.instCommRingRingOfIntegers.{0} OAI.SevenEighths.HeckeFamily.K
                (@CyclotomicField.instField.{0} (@OfNat.ofNat.{0} Nat (nat_lit 3) (instOfNatNat (nat_lit 3))) Rat
                  Rat.instField))
              M))))
      (@Preorder.toLE.{0}
        (@Subgroup.{0}
          (@Units.{0}
            (@HasQuotient.Quotient.{0, 0} OAI.SevenEighths.HeckeFamily.O
              (@Ideal.{0} OAI.SevenEighths.HeckeFamily.O
                (@CommSemiring.toSemiring.{0} OAI.SevenEighths.HeckeFamily.O
                  (@CommRing.toCommSemiring.{0} OAI.SevenEighths.HeckeFamily.O
                    (@NumberField.instCommRingRingOfIntegers.{0} OAI.SevenEighths.HeckeFamily.K
                      (@CyclotomicField.instField.{0} (@OfNat.ofNat.{0} Nat (nat_lit 3) (instOfNatNat (nat_lit 3))) Rat
                        Rat.instField)))))
              (@Ideal.instHasQuotient_1.{0} OAI.SevenEighths.HeckeFamily.O
                (@NumberField.instCommRingRingOfIntegers.{0} OAI.SevenEighths.HeckeFamily.K
                  (@CyclotomicField.instField.{0} (@OfNat.ofNat.{0} Nat (nat_lit 3) (instOfNatNat (nat_lit 3))) Rat
                    Rat.instField)))
              M)
            (@Semiring.toMonoid.{0}
              (@HasQuotient.Quotient.{0, 0} OAI.SevenEighths.HeckeFamily.O
                (@Ideal.{0} OAI.SevenEighths.HeckeFamily.O
                  (@CommSemiring.toSemiring.{0} OAI.SevenEighths.HeckeFamily.O
                    (@CommRing.toCommSemiring.{0} OAI.SevenEighths.HeckeFamily.O
                      (@NumberField.instCommRingRingOfIntegers.{0} OAI.SevenEighths.HeckeFamily.K
                        (@CyclotomicField.instField.{0} (@OfNat.ofNat.{0} Nat (nat_lit 3) (instOfNatNat (nat_lit 3)))
                          Rat Rat.instField)))))
                (@Ideal.instHasQuotient_1.{0} OAI.SevenEighths.HeckeFamily.O
                  (@NumberField.instCommRingRingOfIntegers.{0} OAI.SevenEighths.HeckeFamily.K
                    (@CyclotomicField.instField.{0} (@OfNat.ofNat.{0} Nat (nat_lit 3) (instOfNatNat (nat_lit 3))) Rat
                      Rat.instField)))
                M)
              (@Ideal.Quotient.semiring.{0} OAI.SevenEighths.HeckeFamily.O
                (@NumberField.instCommRingRingOfIntegers.{0} OAI.SevenEighths.HeckeFamily.K
                  (@CyclotomicField.instField.{0} (@OfNat.ofNat.{0} Nat (nat_lit 3) (instOfNatNat (nat_lit 3))) Rat
                    Rat.instField))
                M)))
          (@Units.instGroup.{0}
            (@HasQuotient.Quotient.{0, 0} OAI.SevenEighths.HeckeFamily.O
              (@Ideal.{0} OAI.SevenEighths.HeckeFamily.O
                (@CommSemiring.toSemiring.{0} OAI.SevenEighths.HeckeFamily.O
                  (@CommRing.toCommSemiring.{0} OAI.SevenEighths.HeckeFamily.O
                    (@NumberField.instCommRingRingOfIntegers.{0} OAI.SevenEighths.HeckeFamily.K
                      (@CyclotomicField.instField.{0} (@OfNat.ofNat.{0} Nat (nat_lit 3) (instOfNatNat (nat_lit 3))) Rat
                        Rat.instField)))))
              (@Ideal.instHasQuotient_1.{0} OAI.SevenEighths.HeckeFamily.O
                (@NumberField.instCommRingRingOfIntegers.{0} OAI.SevenEighths.HeckeFamily.K
                  (@CyclotomicField.instField.{0} (@OfNat.ofNat.{0} Nat (nat_lit 3) (instOfNatNat (nat_lit 3))) Rat
                    Rat.instField)))
              M)
            (@Semiring.toMonoid.{0}
              (@HasQuotient.Quotient.{0, 0} OAI.SevenEighths.HeckeFamily.O
                (@Ideal.{0} OAI.SevenEighths.HeckeFamily.O
                  (@CommSemiring.toSemiring.{0} OAI.SevenEighths.HeckeFamily.O
                    (@CommRing.toCommSemiring.{0} OAI.SevenEighths.HeckeFamily.O
                      (@NumberField.instCommRingRingOfIntegers.{0} OAI.SevenEighths.HeckeFamily.K
                        (@CyclotomicField.instField.{0} (@OfNat.ofNat.{0} Nat (nat_lit 3) (instOfNatNat (nat_lit 3)))
                          Rat Rat.instField)))))
                (@Ideal.instHasQuotient_1.{0} OAI.SevenEighths.HeckeFamily.O
                  (@NumberField.instCommRingRingOfIntegers.{0} OAI.SevenEighths.HeckeFamily.K
                    (@CyclotomicField.instField.{0} (@OfNat.ofNat.{0} Nat (nat_lit 3) (instOfNatNat (nat_lit 3))) Rat
                      Rat.instField)))
                M)
              (@Ideal.Quotient.semiring.{0} OAI.SevenEighths.HeckeFamily.O
                (@NumberField.instCommRingRingOfIntegers.{0} OAI.SevenEighths.HeckeFamily.K
                  (@CyclotomicField.instField.{0} (@OfNat.ofNat.{0} Nat (nat_lit 3) (instOfNatNat (nat_lit 3))) Rat
                    Rat.instField))
                M))))
        (@PartialOrder.toPreorder.{0}
          (@Subgroup.{0}
            (@Units.{0}
              (@HasQuotient.Quotient.{0, 0} OAI.SevenEighths.HeckeFamily.O
                (@Ideal.{0} OAI.SevenEighths.HeckeFamily.O
                  (@CommSemiring.toSemiring.{0} OAI.SevenEighths.HeckeFamily.O
                    (@CommRing.toCommSemiring.{0} OAI.SevenEighths.HeckeFamily.O
                      (@NumberField.instCommRingRingOfIntegers.{0} OAI.SevenEighths.HeckeFamily.K
                        (@CyclotomicField.instField.{0} (@OfNat.ofNat.{0} Nat (nat_lit 3) (instOfNatNat (nat_lit 3)))
                          Rat Rat.instField)))))
                (@Ideal.instHasQuotient_1.{0} OAI.SevenEighths.HeckeFamily.O
                  (@NumberField.instCommRingRingOfIntegers.{0} OAI.SevenEighths.HeckeFamily.K
                    (@CyclotomicField.instField.{0} (@OfNat.ofNat.{0} Nat (nat_lit 3) (instOfNatNat (nat_lit 3))) Rat
                      Rat.instField)))
                M)
              (@Semiring.toMonoid.{0}
                (@HasQuotient.Quotient.{0, 0} OAI.SevenEighths.HeckeFamily.O
                  (@Ideal.{0} OAI.SevenEighths.HeckeFamily.O
                    (@CommSemiring.toSemiring.{0} OAI.SevenEighths.HeckeFamily.O
                      (@CommRing.toCommSemiring.{0} OAI.SevenEighths.HeckeFamily.O
                        (@NumberField.instCommRingRingOfIntegers.{0} OAI.SevenEighths.HeckeFamily.K
                          (@CyclotomicField.instField.{0} (@OfNat.ofNat.{0} Nat (nat_lit 3) (instOfNatNat (nat_lit 3)))
                            Rat Rat.instField)))))
                  (@Ideal.instHasQuotient_1.{0} OAI.SevenEighths.HeckeFamily.O
                    (@NumberField.instCommRingRingOfIntegers.{0} OAI.SevenEighths.HeckeFamily.K
                      (@CyclotomicField.instField.{0} (@OfNat.ofNat.{0} Nat (nat_lit 3) (instOfNatNat (nat_lit 3))) Rat
                        Rat.instField)))
                  M)
                (@Ideal.Quotient.semiring.{0} OAI.SevenEighths.HeckeFamily.O
                  (@NumberField.instCommRingRingOfIntegers.{0} OAI.SevenEighths.HeckeFamily.K
                    (@CyclotomicField.instField.{0} (@OfNat.ofNat.{0} Nat (nat_lit 3) (instOfNatNat (nat_lit 3))) Rat
                      Rat.instField))
                  M)))
            (@Units.instGroup.{0}
              (@HasQuotient.Quotient.{0, 0} OAI.SevenEighths.HeckeFamily.O
                (@Ideal.{0} OAI.SevenEighths.HeckeFamily.O
                  (@CommSemiring.toSemiring.{0} OAI.SevenEighths.HeckeFamily.O
                    (@CommRing.toCommSemiring.{0} OAI.SevenEighths.HeckeFamily.O
                      (@NumberField.instCommRingRingOfIntegers.{0} OAI.SevenEighths.HeckeFamily.K
                        (@CyclotomicField.instField.{0} (@OfNat.ofNat.{0} Nat (nat_lit 3) (instOfNatNat (nat_lit 3)))
                          Rat Rat.instField)))))
                (@Ideal.instHasQuotient_1.{0} OAI.SevenEighths.HeckeFamily.O
                  (@NumberField.instCommRingRingOfIntegers.{0} OAI.SevenEighths.HeckeFamily.K
                    (@CyclotomicField.instField.{0} (@OfNat.ofNat.{0} Nat (nat_lit 3) (instOfNatNat (nat_lit 3))) Rat
                      Rat.instField)))
                M)
              (@Semiring.toMonoid.{0}
                (@HasQuotient.Quotient.{0, 0} OAI.SevenEighths.HeckeFamily.O
                  (@Ideal.{0} OAI.SevenEighths.HeckeFamily.O
                    (@CommSemiring.toSemiring.{0} OAI.SevenEighths.HeckeFamily.O
                      (@CommRing.toCommSemiring.{0} OAI.SevenEighths.HeckeFamily.O
                        (@NumberField.instCommRingRingOfIntegers.{0} OAI.SevenEighths.HeckeFamily.K
                          (@CyclotomicField.instField.{0} (@OfNat.ofNat.{0} Nat (nat_lit 3) (instOfNatNat (nat_lit 3)))
                            Rat Rat.instField)))))
                  (@Ideal.instHasQuotient_1.{0} OAI.SevenEighths.HeckeFamily.O
                    (@NumberField.instCommRingRingOfIntegers.{0} OAI.SevenEighths.HeckeFamily.K
                      (@CyclotomicField.instField.{0} (@OfNat.ofNat.{0} Nat (nat_lit 3) (instOfNatNat (nat_lit 3))) Rat
                        Rat.instField)))
                  M)
                (@Ideal.Quotient.semiring.{0} OAI.SevenEighths.HeckeFamily.O
                  (@NumberField.instCommRingRingOfIntegers.{0} OAI.SevenEighths.HeckeFamily.K
                    (@CyclotomicField.instField.{0} (@OfNat.ofNat.{0} Nat (nat_lit 3) (instOfNatNat (nat_lit 3))) Rat
                      Rat.instField))
                  M))))
          (@Subgroup.instPartialOrder.{0}
            (@Units.{0}
              (@HasQuotient.Quotient.{0, 0} OAI.SevenEighths.HeckeFamily.O
                (@Ideal.{0} OAI.SevenEighths.HeckeFamily.O
                  (@CommSemiring.toSemiring.{0} OAI.SevenEighths.HeckeFamily.O
                    (@CommRing.toCommSemiring.{0} OAI.SevenEighths.HeckeFamily.O
                      (@NumberField.instCommRingRingOfIntegers.{0} OAI.SevenEighths.HeckeFamily.K
                        (@CyclotomicField.instField.{0} (@OfNat.ofNat.{0} Nat (nat_lit 3) (instOfNatNat (nat_lit 3)))
                          Rat Rat.instField)))))
                (@Ideal.instHasQuotient_1.{0} OAI.SevenEighths.HeckeFamily.O
                  (@NumberField.instCommRingRingOfIntegers.{0} OAI.SevenEighths.HeckeFamily.K
                    (@CyclotomicField.instField.{0} (@OfNat.ofNat.{0} Nat (nat_lit 3) (instOfNatNat (nat_lit 3))) Rat
                      Rat.instField)))
                M)
              (@Semiring.toMonoid.{0}
                (@HasQuotient.Quotient.{0, 0} OAI.SevenEighths.HeckeFamily.O
                  (@Ideal.{0} OAI.SevenEighths.HeckeFamily.O
                    (@CommSemiring.toSemiring.{0} OAI.SevenEighths.HeckeFamily.O
                      (@CommRing.toCommSemiring.{0} OAI.SevenEighths.HeckeFamily.O
                        (@NumberField.instCommRingRingOfIntegers.{0} OAI.SevenEighths.HeckeFamily.K
                          (@CyclotomicField.instField.{0} (@OfNat.ofNat.{0} Nat (nat_lit 3) (instOfNatNat (nat_lit 3)))
                            Rat Rat.instField)))))
                  (@Ideal.instHasQuotient_1.{0} OAI.SevenEighths.HeckeFamily.O
                    (@NumberField.instCommRingRingOfIntegers.{0} OAI.SevenEighths.HeckeFamily.K
                      (@CyclotomicField.instField.{0} (@OfNat.ofNat.{0} Nat (nat_lit 3) (instOfNatNat (nat_lit 3))) Rat
                        Rat.instField)))
                  M)
                (@Ideal.Quotient.semiring.{0} OAI.SevenEighths.HeckeFamily.O
                  (@NumberField.instCommRingRingOfIntegers.{0} OAI.SevenEighths.HeckeFamily.K
                    (@CyclotomicField.instField.{0} (@OfNat.ofNat.{0} Nat (nat_lit 3) (instOfNatNat (nat_lit 3))) Rat
                      Rat.instField))
                  M)))
            (@Units.instGroup.{0}
              (@HasQuotient.Quotient.{0, 0} OAI.SevenEighths.HeckeFamily.O
                (@Ideal.{0} OAI.SevenEighths.HeckeFamily.O
                  (@CommSemiring.toSemiring.{0} OAI.SevenEighths.HeckeFamily.O
                    (@CommRing.toCommSemiring.{0} OAI.SevenEighths.HeckeFamily.O
                      (@NumberField.instCommRingRingOfIntegers.{0} OAI.SevenEighths.HeckeFamily.K
                        (@CyclotomicField.instField.{0} (@OfNat.ofNat.{0} Nat (nat_lit 3) (instOfNatNat (nat_lit 3)))
                          Rat Rat.instField)))))
                (@Ideal.instHasQuotient_1.{0} OAI.SevenEighths.HeckeFamily.O
                  (@NumberField.instCommRingRingOfIntegers.{0} OAI.SevenEighths.HeckeFamily.K
                    (@CyclotomicField.instField.{0} (@OfNat.ofNat.{0} Nat (nat_lit 3) (instOfNatNat (nat_lit 3))) Rat
                      Rat.instField)))
                M)
              (@Semiring.toMonoid.{0}
                (@HasQuotient.Quotient.{0, 0} OAI.SevenEighths.HeckeFamily.O
                  (@Ideal.{0} OAI.SevenEighths.HeckeFamily.O
                    (@CommSemiring.toSemiring.{0} OAI.SevenEighths.HeckeFamily.O
                      (@CommRing.toCommSemiring.{0} OAI.SevenEighths.HeckeFamily.O
                        (@NumberField.instCommRingRingOfIntegers.{0} OAI.SevenEighths.HeckeFamily.K
                          (@CyclotomicField.instField.{0} (@OfNat.ofNat.{0} Nat (nat_lit 3) (instOfNatNat (nat_lit 3)))
                            Rat Rat.instField)))))
                  (@Ideal.instHasQuotient_1.{0} OAI.SevenEighths.HeckeFamily.O
                    (@NumberField.instCommRingRingOfIntegers.{0} OAI.SevenEighths.HeckeFamily.K
                      (@CyclotomicField.instField.{0} (@OfNat.ofNat.{0} Nat (nat_lit 3) (instOfNatNat (nat_lit 3))) Rat
                        Rat.instField)))
                  M)
                (@Ideal.Quotient.semiring.{0} OAI.SevenEighths.HeckeFamily.O
                  (@NumberField.instCommRingRingOfIntegers.{0} OAI.SevenEighths.HeckeFamily.K
                    (@CyclotomicField.instField.{0} (@OfNat.ofNat.{0} Nat (nat_lit 3) (instOfNatNat (nat_lit 3))) Rat
                      Rat.instField))
                  M))))))
      (@OAI.SevenEighths.RayOrthogonality.globalUnits.{0} OAI.SevenEighths.HeckeFamily.O
        (@NumberField.instCommRingRingOfIntegers.{0} OAI.SevenEighths.HeckeFamily.K
          (@CyclotomicField.instField.{0} (@OfNat.ofNat.{0} Nat (nat_lit 3) (instOfNatNat (nat_lit 3))) Rat
            Rat.instField))
        M)
      H)
  (S : Finset.{0} (Prod.{0, 0} Nat Nat)),
  @Exists.{1} Nat fun (J : Nat) =>
    @Exists.{1} Real fun (Cp : Real) =>
      And (@LT.lt.{0} Real Real.instLT (@OfNat.ofNat.{0} Real (nat_lit 0) (@Zero.toOfNat0.{0} Real Real.instZero)) Cp)
        (∀ {Label : Type u_1} {Slot : Type u_2} [Fintype.{u_2} Slot] [DecidableEq.{u_2 + 1} Slot] (degree : Nat)
          (C : Real),
          @LE.le.{0} Real Real.instLE (@OfNat.ofNat.{0} Real (nat_lit 0) (@Zero.toOfNat0.{0} Real Real.instZero)) C →
            ∀
              (Φ :
                @SchwartzMap.{0, 0} Real Complex Real.normedAddCommGroup
                  (@InnerProductSpace.toNormedSpace.{0, 0} Real Real Real.instRCLike
                    (@NormedAddCommGroup.toSeminormedAddCommGroup.{0} Real Real.normedAddCommGroup)
                    (@RCLike.toInnerProductSpaceReal.{0} Real Real.instRCLike))
                  Complex.instNormedAddCommGroup
                  (@InnerProductSpace.toNormedSpace.{0, 0} Real Complex Real.instRCLike
                    (@NormedAddCommGroup.toSeminormedAddCommGroup.{0} Complex Complex.instNormedAddCommGroup)
                    instInnerProductSpaceRealComplex))
              (Z d dmin ρ εE εm h Bmask bΦ L Lslot lo hi Mcap κEnergy κPlain a ε tstar T allowance : Real) (i : Nat),
              @LT.lt.{0} Real Real.instLT (@OfNat.ofNat.{0} Real (nat_lit 1) (@One.toOfNat1.{0} Real Real.instOne)) Z →
                @LT.lt.{0} Real Real.instLT (@OfNat.ofNat.{0} Real (nat_lit 0) (@Zero.toOfNat0.{0} Real Real.instZero))
                    dmin →
                  @LE.le.{0} Real Real.instLE dmin d →
                    @LE.le.{0} Real Real.instLE
                        (@OfNat.ofNat.{0} Real (nat_lit 0) (@Zero.toOfNat0.{0} Real Real.instZero)) ρ →
                      @LE.le.{0} Real Real.instLE
                          (@OfNat.ofNat.{0} Real (nat_lit 0) (@Zero.toOfNat0.{0} Real Real.instZero)) εm →
                        @LE.le.{0} Real Real.instLE
                            (@OfNat.ofNat.{0} Real (nat_lit 0) (@Zero.toOfNat0.{0} Real Real.instZero)) h →
                          @LE.le.{0} Real Real.instLE
                              (@OfNat.ofNat.{0} Real (nat_lit 0) (@Zero.toOfNat0.{0} Real Real.instZero)) κPlain →
                            @LE.le.{0} Real Real.instLE κEnergy κPlain →
                              @LE.le.{0} Real Real.instLE
                                  (@HDiv.hDiv.{0, 0, 0} Real Real Real
                                    (@instHDiv.{0} Real (@DivInvMonoid.toDiv.{0} Real Real.instDivInvMonoid)) d
                                    (@OfNat.ofNat.{0} Real (nat_lit 2)
                                      (@instOfNatAtLeastTwo.{0} Real (nat_lit 2) Real.instNatCast
                                        (@Nat.instAtLeastTwoHAddOfNat
                                          (@OfNat.ofNat.{0} Nat (nat_lit 1) (instOfNatNat (nat_lit 1)))
                                          (@Nat.instNeZeroSucc
                                            (@OfNat.ofNat.{0} Nat (nat_lit 0) (instOfNatNat (nat_lit 0))))))))
                                  L →
                                @LE.le.{0} Real Real.instLE
                                    (@HAdd.hAdd.{0, 0, 0} Real Real Real (@instHAdd.{0} Real Real.instAdd)
                                      (@HAdd.hAdd.{0, 0, 0} Real Real Real (@instHAdd.{0} Real Real.instAdd) ρ εE)
                                      (@HMul.hMul.{0, 0, 0} Real Real Real (@instHMul.{0} Real Real.instMul) h
                                        (@Nat.cast.{0} Real Real.instNatCast
                                          (@HAdd.hAdd.{0, 0, 0} Nat Nat Nat (@instHAdd.{0} Nat instAddNat) degree
                                            (@HMul.hMul.{0, 0, 0} Nat Nat Nat (@instHMul.{0} Nat instMulNat)
                                              (@OfNat.ofNat.{0} Nat (nat_lit 4) (instOfNatNat (nat_lit 4))) J)))))
                                    (@HMul.hMul.{0, 0, 0} Real Real Real (@instHMul.{0} Real Real.instMul) dmin εm) →
                                  ∀ (η : OAI.SevenEighths.HeckeFamily.Character)
                                    (Q :
                                      @Ideal.{0} OAI.SevenEighths.HeckeFamily.O
                                        (@CommSemiring.toSemiring.{0} OAI.SevenEighths.HeckeFamily.O
                                          (@CommRing.toCommSemiring.{0} OAI.SevenEighths.HeckeFamily.O
                                            (@NumberField.instCommRingRingOfIntegers.{0} OAI.SevenEighths.HeckeFamily.K
                                              (@CyclotomicField.instField.{0}
                                                (@OfNat.ofNat.{0} Nat (nat_lit 3) (instOfNatNat (nat_lit 3))) Rat
                                                Rat.instField)))))
                                    (W : Real → Complex) (bslot : Real),
                                    @OAI.SevenEighths.CenteredMomentEnergyBands.PositiveAt.{u_2} Slot M inst H hH
                                        (fun (y : Real) =>
                                          @DFunLike.coe.{1, 1, 1}
                                            (@RingHom.{0, 0} Complex Complex
                                              (@Semiring.toNonAssocSemiring.{0} Complex
                                                (@CommSemiring.toSemiring.{0} Complex Complex.instCommSemiring))
                                              (@Semiring.toNonAssocSemiring.{0} Complex
                                                (@CommSemiring.toSemiring.{0} Complex Complex.instCommSemiring)))
                                            Complex (fun (x : Complex) => Complex)
                                            (@RingHom.instFunLike.{0, 0} Complex Complex
                                              (@Semiring.toNonAssocSemiring.{0} Complex
                                                (@CommSemiring.toSemiring.{0} Complex Complex.instCommSemiring))
                                              (@Semiring.toNonAssocSemiring.{0} Complex
                                                (@CommSemiring.toSemiring.{0} Complex Complex.instCommSemiring)))
                                            (@starRingEnd.{0} Complex Complex.instCommSemiring Complex.instStarRing)
                                            (W y))
                                        bslot
                                        (@HDiv.hDiv.{0, 0, 0} Real Real Real
                                          (@instHDiv.{0} Real (@DivInvMonoid.toDiv.{0} Real Real.instDivInvMonoid))
                                          (@OfNat.ofNat.{0} Real (nat_lit 1) (@One.toOfNat1.{0} Real Real.instOne))
                                          (@OfNat.ofNat.{0} Real (nat_lit 4)
                                            (@instOfNatAtLeastTwo.{0} Real (nat_lit 4) Real.instNatCast
                                              (@Nat.instAtLeastTwoHAddOfNat
                                                (@OfNat.ofNat.{0} Nat (nat_lit 3) (instOfNatNat (nat_lit 3)))
                                                (@Nat.instNeZeroSucc
                                                  (@OfNat.ofNat.{0} Nat (nat_lit 2) (instOfNatNat (nat_lit 2))))))))
                                        (@HDiv.hDiv.{0, 0, 0} Real Real Real
                                          (@instHDiv.{0} Real (@DivInvMonoid.toDiv.{0} Real Real.instDivInvMonoid))
                                          (@OfNat.ofNat.{0} Real (nat_lit 9)
                                            (@instOfNatAtLeastTwo.{0} Real (nat_lit 9) Real.instNatCast
                                              (@Nat.instAtLeastTwoHAddOfNat
                                                (@OfNat.ofNat.{0} Nat (nat_lit 8) (instOfNatNat (nat_lit 8)))
                                                (@Nat.instNeZeroSucc
                                                  (@OfNat.ofNat.{0} Nat (nat_lit 7) (instOfNatNat (nat_lit 7)))))))
                                          (@OfNat.ofNat.{0} Real (nat_lit 4)
                                            (@instOfNatAtLeastTwo.{0} Real (nat_lit 4) Real.instNatCast
                                              (@Nat.instAtLeastTwoHAddOfNat
                                                (@OfNat.ofNat.{0} Nat (nat_lit 3) (instOfNatNat (nat_lit 3)))
                                                (@Nat.instNeZeroSucc
                                                  (@OfNat.ofNat.{0} Nat (nat_lit 2) (instOfNatNat (nat_lit 2))))))))
                                        bΦ Bmask L Lslot lo hi Mcap εE κEnergy Z η Q degree S C →
                                      ∀
                                        (F :
                                          OAI.SevenEighths.HeckeDetectorRawFiber.Fiber.{u_1, u_2} M H Label Slot
                                            (@HPow.hPow.{0, 0, 0} Real Real Real
                                              (@instHPow.{0, 0} Real Real Real.instPow) Z d)
                                            a ε tstar T allowance i),
                                        @Eq.{1} OAI.SevenEighths.HeckeInverseAmplification.RowData
                                            (@OAI.SevenEighths.HeckeDetectorRawFiber.Fiber.rowData.{u_1, u_2} M H Label
                                              Slot
                                              (@HPow.hPow.{0, 0, 0} Real Real Real
                                                (@instHPow.{0, 0} Real Real Real.instPow) Z d)
                                              a ε tstar T allowance i F)
                                            (OAI.SevenEighths.ProbeHighRowFamily.momentData η) →
                                          @LE.le.{0}
                                              (@Ideal.{0} OAI.SevenEighths.HeckeFamily.O
                                                (@CommSemiring.toSemiring.{0} OAI.SevenEighths.HeckeFamily.O
                                                  (@CommRing.toCommSemiring.{0} OAI.SevenEighths.HeckeFamily.O
                                                    (@NumberField.instCommRingRingOfIntegers.{0}
                                                      OAI.SevenEighths.HeckeFamily.K
                                                      (@CyclotomicField.instField.{0}
                                                        (@OfNat.ofNat.{0} Nat (nat_lit 3) (instOfNatNat (nat_lit 3)))
                                                        Rat Rat.instField)))))
                                              (@Preorder.toLE.{0}
                                                (@Ideal.{0} OAI.SevenEighths.HeckeFamily.O
                                                  (@CommSemiring.toSemiring.{0} OAI.SevenEighths.HeckeFamily.O
                                                    (@CommRing.toCommSemiring.{0} OAI.SevenEighths.HeckeFamily.O
                                                      (@NumberField.instCommRingRingOfIntegers.{0}
                                                        OAI.SevenEighths.HeckeFamily.K
                                                        (@CyclotomicField.instField.{0}
                                                          (@OfNat.ofNat.{0} Nat (nat_lit 3) (instOfNatNat (nat_lit 3)))
                                                          Rat Rat.instField)))))
                                                (@PartialOrder.toPreorder.{0}
                                                  (@Ideal.{0} OAI.SevenEighths.HeckeFamily.O
                                                    (@CommSemiring.toSemiring.{0} OAI.SevenEighths.HeckeFamily.O
                                                      (@CommRing.toCommSemiring.{0} OAI.SevenEighths.HeckeFamily.O
                                                        (@NumberField.instCommRingRingOfIntegers.{0}
                                                          OAI.SevenEighths.HeckeFamily.K
                                                          (@CyclotomicField.instField.{0}
                                                            (@OfNat.ofNat.{0} Nat (nat_lit 3)
                                                              (instOfNatNat (nat_lit 3)))
                                                            Rat Rat.instField)))))
                                                  (@Submodule.instPartialOrder.{0, 0} OAI.SevenEighths.HeckeFamily.O
                                                    OAI.SevenEighths.HeckeFamily.O
                                                    (@CommSemiring.toSemiring.{0} OAI.SevenEighths.HeckeFamily.O
                                                      (@CommRing.toCommSemiring.{0} OAI.SevenEighths.HeckeFamily.O
                                                        (@NumberField.instCommRingRingOfIntegers.{0}
                                                          OAI.SevenEighths.HeckeFamily.K
                                                          (@CyclotomicField.instField.{0}
                                                            (@OfNat.ofNat.{0} Nat (nat_lit 3)
                                                              (instOfNatNat (nat_lit 3)))
                                                            Rat Rat.instField))))
                                                    (@Semiring.toAddCommMonoid.{0} OAI.SevenEighths.HeckeFamily.O
                                                      (@CommSemiring.toSemiring.{0} OAI.SevenEighths.HeckeFamily.O
                                                        (@CommRing.toCommSemiring.{0} OAI.SevenEighths.HeckeFamily.O
                                                          (@NumberField.instCommRingRingOfIntegers.{0}
                                                            OAI.SevenEighths.HeckeFamily.K
                                                            (@CyclotomicField.instField.{0}
                                                              (@OfNat.ofNat.{0} Nat (nat_lit 3)
                                                                (instOfNatNat (nat_lit 3)))
                                                              Rat Rat.instField)))))
                                                    (@Semiring.toModule.{0} OAI.SevenEighths.HeckeFamily.O
                                                      (@CommSemiring.toSemiring.{0} OAI.SevenEighths.HeckeFamily.O
                                                        (@CommRing.toCommSemiring.{0} OAI.SevenEighths.HeckeFamily.O
                                                          (@NumberField.instCommRingRingOfIntegers.{0}
                                                            OAI.SevenEighths.HeckeFamily.K
                                                            (@CyclotomicField.instField.{0}
                                                              (@OfNat.ofNat.{0} Nat (nat_lit 3)
                                                                (instOfNatNat (nat_lit 3)))
                                                              Rat Rat.instField))))))))
                                              M
                                              (@Ideal.span.{0} OAI.SevenEighths.HeckeFamily.O
                                                (@CommSemiring.toSemiring.{0} OAI.SevenEighths.HeckeFamily.O
                                                  (@CommRing.toCommSemiring.{0} OAI.SevenEighths.HeckeFamily.O
                                                    (@NumberField.instCommRingRingOfIntegers.{0}
                                                      OAI.SevenEighths.HeckeFamily.K
                                                      (@CyclotomicField.instField.{0}
                                                        (@OfNat.ofNat.{0} Nat (nat_lit 3) (instOfNatNat (nat_lit 3)))
                                                        Rat Rat.instField))))
                                                (@Singleton.singleton.{0, 0} OAI.SevenEighths.HeckeFamily.O
                                                  (Set.{0} OAI.SevenEighths.HeckeFamily.O)
                                                  (@Set.instSingletonSet.{0} OAI.SevenEighths.HeckeFamily.O)
                                                  OAI.SevenEighths.ProbeHighRowFamily.rowMaskElement)) →
                                            ∀
                                              (state :
                                                OAI.SevenEighths.CenteredMomentEnergyState.NaturalState Z Bmask bΦ),
                                              @Eq.{1} OAI.SevenEighths.HeckeFamily.Character
                                                  (@OAI.SevenEighths.CenteredMomentEnergyState.NaturalState.character Z
                                                    Bmask bΦ state)
                                                  η →
                                                @Eq.{1}
                                                    (@Ideal.{0} OAI.SevenEighths.HeckeFamily.O
                                                      (@CommSemiring.toSemiring.{0} OAI.SevenEighths.HeckeFamily.O
                                                        (@CommRing.toCommSemiring.{0} OAI.SevenEighths.HeckeFamily.O
                                                          (@NumberField.instCommRingRingOfIntegers.{0}
                                                            OAI.SevenEighths.HeckeFamily.K
                                                            (@CyclotomicField.instField.{0}
                                                              (@OfNat.ofNat.{0} Nat (nat_lit 3)
                                                                (instOfNatNat (nat_lit 3)))
                                                              Rat Rat.instField)))))
                                                    (@OAI.SevenEighths.CenteredMomentEnergyState.NaturalState.puncture Z
                                                      Bmask bΦ state)
                                                    (@OfNat.ofNat.{0}
                                                      (@Ideal.{0} OAI.SevenEighths.HeckeFamily.O
                                                        (@CommSemiring.toSemiring.{0} OAI.SevenEighths.HeckeFamily.O
                                                          (@CommRing.toCommSemiring.{0} OAI.SevenEighths.HeckeFamily.O
                                                            (@NumberField.instCommRingRingOfIntegers.{0}
                                                              OAI.SevenEighths.HeckeFamily.K
                                                              (@CyclotomicField.instField.{0}
                                                                (@OfNat.ofNat.{0} Nat (nat_lit 3)
                                                                  (instOfNatNat (nat_lit 3)))
                                                                Rat Rat.instField)))))
                                                      (nat_lit 1)
                                                      (@One.toOfNat1.{0}
                                                        (@Ideal.{0} OAI.SevenEighths.HeckeFamily.O
                                                          (@CommSemiring.toSemiring.{0} OAI.SevenEighths.HeckeFamily.O
                                                            (@CommRing.toCommSemiring.{0} OAI.SevenEighths.HeckeFamily.O
                                                              (@NumberField.instCommRingRingOfIntegers.{0}
                                                                OAI.SevenEighths.HeckeFamily.K
                                                                (@CyclotomicField.instField.{0}
                                                                  (@OfNat.ofNat.{0} Nat (nat_lit 3)
                                                                    (instOfNatNat (nat_lit 3)))
                                                                  Rat Rat.instField)))))
                                                        (@Submodule.one.{0, 0} OAI.SevenEighths.HeckeFamily.O
                                                          (@CommSemiring.toSemiring.{0} OAI.SevenEighths.HeckeFamily.O
                                                            (@CommRing.toCommSemiring.{0} OAI.SevenEighths.HeckeFamily.O
                                                              (@NumberField.instCommRingRingOfIntegers.{0}
                                                                OAI.SevenEighths.HeckeFamily.K
                                                                (@CyclotomicField.instField.{0}
                                                                  (@OfNat.ofNat.{0} Nat (nat_lit 3)
                                                                    (instOfNatNat (nat_lit 3)))
                                                                  Rat Rat.instField))))
                                                          OAI.SevenEighths.HeckeFamily.O
                                                          (@CommSemiring.toSemiring.{0} OAI.SevenEighths.HeckeFamily.O
                                                            (@CommRing.toCommSemiring.{0} OAI.SevenEighths.HeckeFamily.O
                                                              (@NumberField.instCommRingRingOfIntegers.{0}
                                                                OAI.SevenEighths.HeckeFamily.K
                                                                (@CyclotomicField.instField.{0}
                                                                  (@OfNat.ofNat.{0} Nat (nat_lit 3)
                                                                    (instOfNatNat (nat_lit 3)))
                                                                  Rat Rat.instField))))
                                                          (@Semiring.toModule.{0} OAI.SevenEighths.HeckeFamily.O
                                                            (@CommSemiring.toSemiring.{0} OAI.SevenEighths.HeckeFamily.O
                                                              (@CommRing.toCommSemiring.{0}
                                                                OAI.SevenEighths.HeckeFamily.O
                                                                (@NumberField.instCommRingRingOfIntegers.{0}
                                                                  OAI.SevenEighths.HeckeFamily.K
                                                                  (@CyclotomicField.instField.{0}
                                                                    (@OfNat.ofNat.{0} Nat (nat_lit 3)
                                                                      (instOfNatNat (nat_lit 3)))
                                                                    Rat Rat.instField)))))))) →
                                                  @Eq.{1}
                                                      (@Ideal.{0} OAI.SevenEighths.HeckeFamily.O
                                                        (@CommSemiring.toSemiring.{0} OAI.SevenEighths.HeckeFamily.O
                                                          (@CommRing.toCommSemiring.{0} OAI.SevenEighths.HeckeFamily.O
                                                            (@NumberField.instCommRingRingOfIntegers.{0}
                                                              OAI.SevenEighths.HeckeFamily.K
                                                              (@CyclotomicField.instField.{0}
                                                                (@OfNat.ofNat.{0} Nat (nat_lit 3)
                                                                  (instOfNatNat (nat_lit 3)))
                                                                Rat Rat.instField)))))
                                                      (@OAI.SevenEighths.CenteredMomentEnergyState.NaturalState.fixedModulus
                                                        Z Bmask bΦ state)
                                                      (OAI.SevenEighths.CenteredMomentNaturalFixedRaySource.internalQ Q
                                                        η) →
                                                    @Eq.{1} Real
                                                        (@OAI.SevenEighths.CenteredMomentEnergyState.NaturalState.width
                                                          Z Bmask bΦ state)
                                                        (@HAdd.hAdd.{0, 0, 0} Real Real Real
                                                          (@instHAdd.{0} Real Real.instAdd) d ρ) →
                                                      @LE.le.{0} Real Real.instLE
                                                          (@OAI.SevenEighths.CenteredMomentEnergyState.NaturalState.width
                                                            Z Bmask bΦ state)
                                                          Mcap →
                                                        @Eq.{1}
                                                            (@SchwartzMap.{0, 0} Real Complex Real.normedAddCommGroup
                                                              (@InnerProductSpace.toNormedSpace.{0, 0} Real Real
                                                                Real.instRCLike
                                                                (@NormedAddCommGroup.toSeminormedAddCommGroup.{0} Real
                                                                  Real.normedAddCommGroup)
                                                                (@RCLike.toInnerProductSpaceReal.{0} Real
                                                                  Real.instRCLike))
                                                              Complex.instNormedAddCommGroup
                                                              (@InnerProductSpace.toNormedSpace.{0, 0} Real Complex
                                                                Real.instRCLike
                                                                (@NormedAddCommGroup.toSeminormedAddCommGroup.{0}
                                                                  Complex Complex.instNormedAddCommGroup)
                                                                instInnerProductSpaceRealComplex))
                                                            (OAI.SevenEighths.CenteredMomentRadialEligibleEnergy.Radial.profile
                                                              (@OAI.SevenEighths.CenteredMomentEnergyState.NaturalState.radial
                                                                Z Bmask bΦ state))
                                                            Φ →
                                                          (∀ (u : OAI.SevenEighths.HeckeInverseAmplification.FreeRow),
                                                              @Membership.mem.{0, 0}
                                                                  OAI.SevenEighths.HeckeInverseAmplification.FreeRow
                                                                  (Finset.{0}
                                                                    OAI.SevenEighths.HeckeInverseAmplification.FreeRow)
                                                                  (@SetLike.instMembership.{0, 0}
                                                                    (Finset.{0}
                                                                      OAI.SevenEighths.HeckeInverseAmplification.FreeRow)
                                                                    OAI.SevenEighths.HeckeInverseAmplification.FreeRow
                                                                    (@Finset.instSetLike.{0}
                                                                      OAI.SevenEighths.HeckeInverseAmplification.FreeRow))
                                                                  (@OAI.SevenEighths.HeckeDetectorRawFiber.Fiber.rows.{u_1,
                                                                        u_2}
                                                                    M H Label Slot
                                                                    (@HPow.hPow.{0, 0, 0} Real Real Real
                                                                      (@instHPow.{0, 0} Real Real Real.instPow) Z d)
                                                                    a ε tstar T allowance i F)
                                                                  u →
                                                                OAI.SevenEighths.CenteredMomentRadialEligibleEnergy.Radial.keep
                                                                  (@OAI.SevenEighths.CenteredMomentEnergyState.NaturalState.radial
                                                                    Z Bmask bΦ state)
                                                                  (@Subtype.val.{1} OAI.SevenEighths.HeckeFamily.O
                                                                    (fun (u : OAI.SevenEighths.HeckeFamily.O) =>
                                                                      And
                                                                        (@Ne.{1} OAI.SevenEighths.HeckeFamily.O u
                                                                          (@OfNat.ofNat.{0}
                                                                            OAI.SevenEighths.HeckeFamily.O (nat_lit 0)
                                                                            (@Zero.toOfNat0.{0}
                                                                              OAI.SevenEighths.HeckeFamily.O
                                                                              (@MulZeroClass.toZero.{0}
                                                                                OAI.SevenEighths.HeckeFamily.O
                                                                                (@instMulZeroClassOfSemiring.{0}
                                                                                  OAI.SevenEighths.HeckeFamily.O
                                                                                  (@CommSemiring.toSemiring.{0}
                                                                                    OAI.SevenEighths.HeckeFamily.O
                                                                                    (@CommRing.toCommSemiring.{0}
                                                                                      OAI.SevenEighths.HeckeFamily.O
                                                                                      (@NumberField.instCommRingRingOfIntegers.{0}
                                                                                        OAI.SevenEighths.HeckeFamily.K
                                                                                        (@CyclotomicField.instField.{0}
                                                                                          (@OfNat.ofNat.{0} Nat
                                                                                            (nat_lit 3)
                                                                                            (instOfNatNat (nat_lit 3)))
                                                                                          Rat Rat.instField)))))))))
                                                                        (OAI.SevenEighths.HeckeInverseAmplification.SixthFree
                                                                          (@Ideal.span.{0}
                                                                            OAI.SevenEighths.HeckeFamily.O
                                                                            (@CommSemiring.toSemiring.{0}
                                                                              OAI.SevenEighths.HeckeFamily.O
                                                                              (@CommRing.toCommSemiring.{0}
                                                                                OAI.SevenEighths.HeckeFamily.O
                                                                                (@NumberField.instCommRingRingOfIntegers.{0}
                                                                                  OAI.SevenEighths.HeckeFamily.K
                                                                                  (@CyclotomicField.instField.{0}
                                                                                    (@OfNat.ofNat.{0} Nat (nat_lit 3)
                                                                                      (instOfNatNat (nat_lit 3)))
                                                                                    Rat Rat.instField))))
                                                                            (@Singleton.singleton.{0, 0}
                                                                              OAI.SevenEighths.HeckeFamily.O
                                                                              (Set.{0} OAI.SevenEighths.HeckeFamily.O)
                                                                              (@Set.instSingletonSet.{0}
                                                                                OAI.SevenEighths.HeckeFamily.O)
                                                                              u))))
                                                                    u)) →
                                                            (∀ (u : OAI.SevenEighths.HeckeInverseAmplification.FreeRow),
                                                                @Membership.mem.{0, 0}
                                                                    OAI.SevenEighths.HeckeInverseAmplification.FreeRow
                                                                    (Finset.{0}
                                                                      OAI.SevenEighths.HeckeInverseAmplification.FreeRow)
                                                                    (@SetLike.instMembership.{0, 0}
                                                                      (Finset.{0}
                                                                        OAI.SevenEighths.HeckeInverseAmplification.FreeRow)
                                                                      OAI.SevenEighths.HeckeInverseAmplification.FreeRow
                                                                      (@Finset.instSetLike.{0}
                                                                        OAI.SevenEighths.HeckeInverseAmplification.FreeRow))
                                                                    (@OAI.SevenEighths.HeckeDetectorRawFiber.Fiber.rows.{u_1,
                                                                          u_2}
                                                                      M H Label Slot
                                                                      (@HPow.hPow.{0, 0, 0} Real Real Real
                                                                        (@instHPow.{0, 0} Real Real Real.instPow) Z d)
                                                                      a ε tstar T allowance i F)
                                                                    u →
                                                                  @Eq.{1} Complex
                                                                    (@DFunLike.coe.{1, 1, 1}
                                                                      (@SchwartzMap.{0, 0} Real Complex
                                                                        Real.normedAddCommGroup
                                                                        (@InnerProductSpace.toNormedSpace.{0, 0} Real
                                                                          Real Real.instRCLike
                                                                          (@NormedAddCommGroup.toSeminormedAddCommGroup.{0}
                                                                            Real Real.normedAddCommGroup)
                                                                          (@RCLike.toInnerProductSpaceReal.{0} Real
                                                                            Real.instRCLike))
                                                                        Complex.instNormedAddCommGroup
                                                                        (@InnerProductSpace.toNormedSpace.{0, 0} Real
                                                                          Complex Real.instRCLike
                                                                          (@NormedAddCommGroup.toSeminormedAddCommGroup.{0}
                                                                            Complex Complex.instNormedAddCommGroup)
                                                                          instInnerProductSpaceRealComplex))
                                                                      Real (fun (x : Real) => Complex)
                                                                      (@SchwartzMap.instFunLike.{0, 0} Real Complex
                                                                        Real.normedAddCommGroup
                                                                        (@InnerProductSpace.toNormedSpace.{0, 0} Real
                                                                          Real Real.instRCLike
                                                                          (@NormedAddCommGroup.toSeminormedAddCommGroup.{0}
                                                                            Real Real.normedAddCommGroup)
                                                                          (@RCLike.toInnerProductSpaceReal.{0} Real
                                                                            Real.instRCLike))
                                                                        Complex.instNormedAddCommGroup
                                                                        (@InnerProductSpace.toNormedSpace.{0, 0} Real
                                                                          Complex Real.instRCLike
                                                                          (@NormedAddCommGroup.toSeminormedAddCommGroup.{0}
                                                                            Complex Complex.instNormedAddCommGroup)
                                                                          instInnerProductSpaceRealComplex))
                                                                      (OAI.SevenEighths.CenteredMomentRadialEligibleEnergy.Radial.profile
                                                                        (@OAI.SevenEighths.CenteredMomentEnergyState.NaturalState.radial
                                                                          Z Bmask bΦ state))
                                                                      (@HDiv.hDiv.{0, 0, 0} Real Real Real
                                                                        (@instHDiv.{0} Real
                                                                          (@DivInvMonoid.toDiv.{0} Real
                                                                            Real.instDivInvMonoid))
                                                                        (@HPow.hPow.{0, 0, 0} Real Nat Real
                                                                          (@instHPow.{0, 0} Real Nat
                                                                            (@NPow.toPow.{0} Real
                                                                              (@Monoid.toNPow.{0} Real
                                                                                Real.instMonoid)))
                                                                          (@Norm.norm.{0} Complex Complex.instNorm
                                                                            (@DFunLike.coe.{1, 1, 1}
                                                                              (@RingHom.{0, 0} OAI.EisensteinEmbedding.O
                                                                                Complex
                                                                                (@Semiring.toNonAssocSemiring.{0}
                                                                                  OAI.EisensteinEmbedding.O
                                                                                  (@CommSemiring.toSemiring.{0}
                                                                                    OAI.EisensteinEmbedding.O
                                                                                    (@CommRing.toCommSemiring.{0}
                                                                                      OAI.EisensteinEmbedding.O
                                                                                      (@NumberField.instCommRingRingOfIntegers.{0}
                                                                                        OAI.EisensteinEmbedding.K
                                                                                        (@CyclotomicField.instField.{0}
                                                                                          (@OfNat.ofNat.{0} Nat
                                                                                            (nat_lit 3)
                                                                                            (instOfNatNat (nat_lit 3)))
                                                                                          Rat Rat.instField)))))
                                                                                (@Semiring.toNonAssocSemiring.{0}
                                                                                  Complex Complex.instSemiring))
                                                                              OAI.EisensteinEmbedding.O
                                                                              (fun (x : OAI.EisensteinEmbedding.O) =>
                                                                                Complex)
                                                                              (@RingHom.instFunLike.{0, 0}
                                                                                OAI.EisensteinEmbedding.O Complex
                                                                                (@Semiring.toNonAssocSemiring.{0}
                                                                                  OAI.EisensteinEmbedding.O
                                                                                  (@CommSemiring.toSemiring.{0}
                                                                                    OAI.EisensteinEmbedding.O
                                                                                    (@CommRing.toCommSemiring.{0}
                                                                                      OAI.EisensteinEmbedding.O
                                                                                      (@NumberField.instCommRingRingOfIntegers.{0}
                                                                                        OAI.EisensteinEmbedding.K
                                                                                        (@CyclotomicField.instField.{0}
                                                                                          (@OfNat.ofNat.{0} Nat
                                                                                            (nat_lit 3)
                                                                                            (instOfNatNat (nat_lit 3)))
                                                                                          Rat Rat.instField)))))
                                                                                (@Semiring.toNonAssocSemiring.{0}
                                                                                  Complex Complex.instSemiring))
                                                                              OAI.ConcreteTraceCRT.eisEmbedding
                                                                              (@Subtype.val.{1}
                                                                                OAI.SevenEighths.HeckeFamily.O
                                                                                (fun
                                                                                    (u :
                                                                                      OAI.SevenEighths.HeckeFamily.O) =>
                                                                                  And
                                                                                    (@Ne.{1}
                                                                                      OAI.SevenEighths.HeckeFamily.O u
                                                                                      (@OfNat.ofNat.{0}
                                                                                        OAI.SevenEighths.HeckeFamily.O
                                                                                        (nat_lit 0)
                                                                                        (@Zero.toOfNat0.{0}
                                                                                          OAI.SevenEighths.HeckeFamily.O
                                                                                          (@MulZeroClass.toZero.{0}
                                                                                            OAI.SevenEighths.HeckeFamily.O
                                                                                            (@instMulZeroClassOfSemiring.{0}
                                                                                              OAI.SevenEighths.HeckeFamily.O
                                                                                              (@CommSemiring.toSemiring.{0}
                                                                                                OAI.SevenEighths.HeckeFamily.O
                                                                                                (@CommRing.toCommSemiring.{0}
                                                                                                  OAI.SevenEighths.HeckeFamily.O
                                                                                                  (@NumberField.instCommRingRingOfIntegers.{0}
                                                                                                    OAI.SevenEighths.HeckeFamily.K
                                                                                                    (@CyclotomicField.instField.{0}
                                                                                                      (@OfNat.ofNat.{0}
                                                                                                        Nat (nat_lit 3)
                                                                                                        (instOfNatNat
                                                                                                          (nat_lit 3)))
                                                                                                      Rat
                                                                                                      Rat.instField)))))))))
                                                                                    (OAI.SevenEighths.HeckeInverseAmplification.SixthFree
                                                                                      (@Ideal.span.{0}
                                                                                        OAI.SevenEighths.HeckeFamily.O
                                                                                        (@CommSemiring.toSemiring.{0}
                                                                                          OAI.SevenEighths.HeckeFamily.O
                                                                                          (@CommRing.toCommSemiring.{0}
                                                                                            OAI.SevenEighths.HeckeFamily.O
                                                                                            (@NumberField.instCommRingRingOfIntegers.{0}
                                                                                              OAI.SevenEighths.HeckeFamily.K
                                                                                              (@CyclotomicField.instField.{0}
                                                                                                (@OfNat.ofNat.{0} Nat
                                                                                                  (nat_lit 3)
                                                                                                  (instOfNatNat
                                                                                                    (nat_lit 3)))
                                                                                                Rat Rat.instField))))
                                                                                        (@Singleton.singleton.{0, 0}
                                                                                          OAI.SevenEighths.HeckeFamily.O
                                                                                          (Set.{0}
                                                                                            OAI.SevenEighths.HeckeFamily.O)
                                                                                          (@Set.instSingletonSet.{0}
                                                                                            OAI.SevenEighths.HeckeFamily.O)
                                                                                          u))))
                                                                                u)))
                                                                          (@OfNat.ofNat.{0} Nat (nat_lit 2)
                                                                            (instOfNatNat (nat_lit 2))))
                                                                        (OAI.SevenEighths.CenteredMomentRadialEligibleEnergy.Radial.scale
                                                                          (@OAI.SevenEighths.CenteredMomentEnergyState.NaturalState.radial
                                                                            Z Bmask bΦ state))))
                                                                    (@OfNat.ofNat.{0} Complex (nat_lit 1)
                                                                      (@One.toOfNat1.{0} Complex Complex.instOne))) →
                                                              ∀ (height : Real),
                                                                @LE.le.{0} Real Real.instLE
                                                                    (@OfNat.ofNat.{0} Real (nat_lit 0)
                                                                      (@Zero.toOfNat0.{0} Real Real.instZero))
                                                                    height →
                                                                  @LE.le.{0} Real Real.instLE height
                                                                      (@HPow.hPow.{0, 0, 0} Real Real Real
                                                                        (@instHPow.{0, 0} Real Real Real.instPow) Z h) →
                                                                    ∀ (selected : Finset.{u_2} Slot),
                                                                      @LE.le.{u_2} (Finset.{u_2} Slot)
                                                                          (@Preorder.toLE.{u_2} (Finset.{u_2} Slot)
                                                                            (@PartialOrder.toPreorder.{u_2}
                                                                              (Finset.{u_2} Slot)
                                                                              (@Finset.instPartialOrder.{u_2} Slot)))
                                                                          selected
                                                                          (@OAI.SevenEighths.HeckeDetectorRawFiber.Fiber.slots.{u_1,
                                                                                u_2}
                                                                            M H Label Slot
                                                                            (@HPow.hPow.{0, 0, 0} Real Real Real
                                                                              (@instHPow.{0, 0} Real Real Real.instPow)
                                                                              Z d)
                                                                            a ε tstar T allowance i F) →
                                                                        @LE.le.{0} Real Real.instLE
                                                                            (@HAdd.hAdd.{0, 0, 0} Real Real Real
                                                                              (@instHAdd.{0} Real Real.instAdd)
                                                                              (@HMul.hMul.{0, 0, 0} Real Real Real
                                                                                (@instHMul.{0} Real Real.instMul)
                                                                                (@OfNat.ofNat.{0} Real (nat_lit 2)
                                                                                  (@instOfNatAtLeastTwo.{0} Real
                                                                                    (nat_lit 2) Real.instNatCast
                                                                                    (@Nat.instAtLeastTwoHAddOfNat
                                                                                      (@OfNat.ofNat.{0} Nat (nat_lit 1)
                                                                                        (instOfNatNat (nat_lit 1)))
                                                                                      (@Nat.instNeZeroSucc
                                                                                        (@OfNat.ofNat.{0} Nat
                                                                                          (nat_lit 0)
                                                                                          (instOfNatNat
                                                                                            (nat_lit 0)))))))
                                                                                (@OAI.SevenEighths.HeckeDetectorRawFiber.Fiber.m.{u_1,
                                                                                      u_2}
                                                                                  M H Label Slot
                                                                                  (@HPow.hPow.{0, 0, 0} Real Real Real
                                                                                    (@instHPow.{0, 0} Real Real
                                                                                      Real.instPow)
                                                                                    Z d)
                                                                                  a ε tstar T allowance i F))
                                                                              (@HMul.hMul.{0, 0, 0} Real Real Real
                                                                                (@instHMul.{0} Real Real.instMul)
                                                                                (@HMul.hMul.{0, 0, 0} Real Real Real
                                                                                  (@instHMul.{0} Real Real.instMul)
                                                                                  (@OfNat.ofNat.{0} Real (nat_lit 6)
                                                                                    (@instOfNatAtLeastTwo.{0} Real
                                                                                      (nat_lit 6) Real.instNatCast
                                                                                      (@Nat.instAtLeastTwoHAddOfNat
                                                                                        (@OfNat.ofNat.{0} Nat
                                                                                          (nat_lit 5)
                                                                                          (instOfNatNat (nat_lit 5)))
                                                                                        (@Nat.instNeZeroSucc
                                                                                          (@OfNat.ofNat.{0} Nat
                                                                                            (nat_lit 4)
                                                                                            (instOfNatNat
                                                                                              (nat_lit 4)))))))
                                                                                  κPlain)
                                                                                (@Finset.sum.{u_2, 0} Slot Real
                                                                                  Real.instAddCommMonoid selected
                                                                                  fun (s : Slot) =>
                                                                                  @OAI.SevenEighths.HeckeDetectorRawFiber.Fiber.widths.{u_1,
                                                                                        u_2}
                                                                                    M H Label Slot
                                                                                    (@HPow.hPow.{0, 0, 0} Real Real Real
                                                                                      (@instHPow.{0, 0} Real Real
                                                                                        Real.instPow)
                                                                                      Z d)
                                                                                    a ε tstar T allowance i F s)))
                                                                            (@OfNat.ofNat.{0} Real (nat_lit 1)
                                                                              (@One.toOfNat1.{0} Real Real.instOne)) →
                                                                          (∀ (s : Slot),
                                                                              @Membership.mem.{u_2, u_2} Slot
                                                                                  (Finset.{u_2} Slot)
                                                                                  (@SetLike.instMembership.{u_2, u_2}
                                                                                    (Finset.{u_2} Slot) Slot
                                                                                    (@Finset.instSetLike.{u_2} Slot))
                                                                                  selected s →
                                                                                @Eq.{1} (Real → Complex)
                                                                                  (@OAI.SevenEighths.HeckeDetectorRawFiber.Fiber.profile.{u_1,
                                                                                        u_2}
                                                                                    M H Label Slot
                                                                                    (@HPow.hPow.{0, 0, 0} Real Real Real
                                                                                      (@instHPow.{0, 0} Real Real
                                                                                        Real.instPow)
                                                                                      Z d)
                                                                                    a ε tstar T allowance i F s)
                                                                                  W) →
                                                                            (∀ (s : Slot),
                                                                                @Membership.mem.{u_2, u_2} Slot
                                                                                    (Finset.{u_2} Slot)
                                                                                    (@SetLike.instMembership.{u_2, u_2}
                                                                                      (Finset.{u_2} Slot) Slot
                                                                                      (@Finset.instSetLike.{u_2} Slot))
                                                                                    selected s →
                                                                                  @Eq.{1} Real
                                                                                    (@OAI.SevenEighths.HeckeDetectorRawFiber.Fiber.upper.{u_1,
                                                                                          u_2}
                                                                                      M H Label Slot
                                                                                      (@HPow.hPow.{0, 0, 0} Real Real
                                                                                        Real
                                                                                        (@instHPow.{0, 0} Real Real
                                                                                          Real.instPow)
                                                                                        Z d)
                                                                                      a ε tstar T allowance i F s)
                                                                                    bslot) →
                                                                              (∀ (s : Slot),
                                                                                  @Membership.mem.{u_2, u_2} Slot
                                                                                      (Finset.{u_2} Slot)
                                                                                      (@SetLike.instMembership.{u_2,
                                                                                            u_2}
                                                                                        (Finset.{u_2} Slot) Slot
                                                                                        (@Finset.instSetLike.{u_2}
                                                                                          Slot))
                                                                                      selected s →
                                                                                    ∀
                                                                                      (P :
                                                                                        @Ideal.{0}
                                                                                          OAI.SevenEighths.HeckeFamily.O
                                                                                          (@CommSemiring.toSemiring.{0}
                                                                                            OAI.SevenEighths.HeckeFamily.O
                                                                                            (@CommRing.toCommSemiring.{0}
                                                                                              OAI.SevenEighths.HeckeFamily.O
                                                                                              (@NumberField.instCommRingRingOfIntegers.{0}
                                                                                                OAI.SevenEighths.HeckeFamily.K
                                                                                                (@CyclotomicField.instField.{0}
                                                                                                  (@OfNat.ofNat.{0} Nat
                                                                                                    (nat_lit 3)
                                                                                                    (instOfNatNat
                                                                                                      (nat_lit 3)))
                                                                                                  Rat
                                                                                                  Rat.instField))))),
                                                                                      @Membership.mem.{0, 0}
                                                                                          (@Ideal.{0}
                                                                                            OAI.SevenEighths.HeckeFamily.O
                                                                                            (@CommSemiring.toSemiring.{0}
                                                                                              OAI.SevenEighths.HeckeFamily.O
                                                                                              (@CommRing.toCommSemiring.{0}
                                                                                                OAI.SevenEighths.HeckeFamily.O
                                                                                                (@NumberField.instCommRingRingOfIntegers.{0}
                                                                                                  OAI.SevenEighths.HeckeFamily.K
                                                                                                  (@CyclotomicField.instField.{0}
                                                                                                    (@OfNat.ofNat.{0}
                                                                                                      Nat (nat_lit 3)
                                                                                                      (instOfNatNat
                                                                                                        (nat_lit 3)))
                                                                                                    Rat
                                                                                                    Rat.instField)))))
                                                                                          (Finset.{0}
                                                                                            (@Ideal.{0}
                                                                                              OAI.SevenEighths.HeckeFamily.O
                                                                                              (@CommSemiring.toSemiring.{0}
                                                                                                OAI.SevenEighths.HeckeFamily.O
                                                                                                (@CommRing.toCommSemiring.{0}
                                                                                                  OAI.SevenEighths.HeckeFamily.O
                                                                                                  (@NumberField.instCommRingRingOfIntegers.{0}
                                                                                                    OAI.SevenEighths.HeckeFamily.K
                                                                                                    (@CyclotomicField.instField.{0}
                                                                                                      (@OfNat.ofNat.{0}
                                                                                                        Nat (nat_lit 3)
                                                                                                        (instOfNatNat
                                                                                                          (nat_lit 3)))
                                                                                                      Rat
                                                                                                      Rat.instField))))))
                                                                                          (@SetLike.instMembership.{0,
                                                                                                0}
                                                                                            (Finset.{0}
                                                                                              (@Ideal.{0}
                                                                                                OAI.SevenEighths.HeckeFamily.O
                                                                                                (@CommSemiring.toSemiring.{0}
                                                                                                  OAI.SevenEighths.HeckeFamily.O
                                                                                                  (@CommRing.toCommSemiring.{0}
                                                                                                    OAI.SevenEighths.HeckeFamily.O
                                                                                                    (@NumberField.instCommRingRingOfIntegers.{0}
                                                                                                      OAI.SevenEighths.HeckeFamily.K
                                                                                                      (@CyclotomicField.instField.{0}
                                                                                                        (@OfNat.ofNat.{0}
                                                                                                          Nat
                                                                                                          (nat_lit 3)
                                                                                                          (instOfNatNat
                                                                                                            (nat_lit
                                                                                                              3)))
                                                                                                        Rat
                                                                                                        Rat.instField))))))
                                                                                            (@Ideal.{0}
                                                                                              OAI.SevenEighths.HeckeFamily.O
                                                                                              (@CommSemiring.toSemiring.{0}
                                                                                                OAI.SevenEighths.HeckeFamily.O
                                                                                                (@CommRing.toCommSemiring.{0}
                                                                                                  OAI.SevenEighths.HeckeFamily.O
                                                                                                  (@NumberField.instCommRingRingOfIntegers.{0}
                                                                                                    OAI.SevenEighths.HeckeFamily.K
                                                                                                    (@CyclotomicField.instField.{0}
                                                                                                      (@OfNat.ofNat.{0}
                                                                                                        Nat (nat_lit 3)
                                                                                                        (instOfNatNat
                                                                                                          (nat_lit 3)))
                                                                                                      Rat
                                                                                                      Rat.instField)))))
                                                                                            (@Finset.instSetLike.{0}
                                                                                              (@Ideal.{0}
                                                                                                OAI.SevenEighths.HeckeFamily.O
                                                                                                (@CommSemiring.toSemiring.{0}
                                                                                                  OAI.SevenEighths.HeckeFamily.O
                                                                                                  (@CommRing.toCommSemiring.{0}
                                                                                                    OAI.SevenEighths.HeckeFamily.O
                                                                                                    (@NumberField.instCommRingRingOfIntegers.{0}
                                                                                                      OAI.SevenEighths.HeckeFamily.K
                                                                                                      (@CyclotomicField.instField.{0}
                                                                                                        (@OfNat.ofNat.{0}
                                                                                                          Nat
                                                                                                          (nat_lit 3)
                                                                                                          (instOfNatNat
                                                                                                            (nat_lit
                                                                                                              3)))
                                                                                                        Rat
                                                                                                        Rat.instField)))))))
                                                                                          (OAI.SevenEighths.CenteredMomentPrimeSlot.primePool
                                                                                            M H
                                                                                            (@OAI.SevenEighths.HeckeDetectorRawFiber.Fiber.upper.{u_1,
                                                                                                  u_2}
                                                                                              M H Label Slot
                                                                                              (@HPow.hPow.{0, 0, 0} Real
                                                                                                Real Real
                                                                                                (@instHPow.{0, 0} Real
                                                                                                  Real Real.instPow)
                                                                                                Z d)
                                                                                              a ε tstar T allowance i F
                                                                                              s)
                                                                                            (@HPow.hPow.{0, 0, 0} Real
                                                                                              Real Real
                                                                                              (@instHPow.{0, 0} Real
                                                                                                Real Real.instPow)
                                                                                              (@HPow.hPow.{0, 0, 0} Real
                                                                                                Real Real
                                                                                                (@instHPow.{0, 0} Real
                                                                                                  Real Real.instPow)
                                                                                                Z d)
                                                                                              (@OAI.SevenEighths.HeckeDetectorRawFiber.Fiber.widths.{u_1,
                                                                                                    u_2}
                                                                                                M H Label Slot
                                                                                                (@HPow.hPow.{0, 0, 0}
                                                                                                  Real Real Real
                                                                                                  (@instHPow.{0, 0} Real
                                                                                                    Real Real.instPow)
                                                                                                  Z d)
                                                                                                a ε tstar T allowance i
                                                                                                F s)))
                                                                                          P →
                                                                                        @Ne.{1} Complex
                                                                                            (@OAI.SevenEighths.HeckeDetectorRawFiber.Fiber.profile.{u_1,
                                                                                                  u_2}
                                                                                              M H Label Slot
                                                                                              (@HPow.hPow.{0, 0, 0} Real
                                                                                                Real Real
                                                                                                (@instHPow.{0, 0} Real
                                                                                                  Real Real.instPow)
                                                                                                Z d)
                                                                                              a ε tstar T allowance i F
                                                                                              s
                                                                                              (@HDiv.hDiv.{0, 0, 0} Real
                                                                                                Real Real
                                                                                                (@instHDiv.{0} Real
                                                                                                  (@DivInvMonoid.toDiv.{0}
                                                                                                    Real
                                                                                                    Real.instDivInvMonoid))
                                                                                                (@Nat.cast.{0} Real
                                                                                                  Real.instNatCast
                                                                                                  (@DFunLike.coe.{1, 1,
                                                                                                        1}
                                                                                                    (@MonoidWithZeroHom.{0,
                                                                                                          0}
                                                                                                      (@Ideal.{0}
                                                                                                        OAI.SevenEighths.HeckeFamily.O
                                                                                                        (@CommSemiring.toSemiring.{0}
                                                                                                          OAI.SevenEighths.HeckeFamily.O
                                                                                                          (@CommRing.toCommSemiring.{0}
                                                                                                            OAI.SevenEighths.HeckeFamily.O
                                                                                                            (@NumberField.instCommRingRingOfIntegers.{0}
                                                                                                              OAI.SevenEighths.HeckeFamily.K
                                                                                                              (@CyclotomicField.instField.{0}
                                                                                                                (@OfNat.ofNat.{0}
                                                                                                                  Nat
                                                                                                                  (nat_lit
                                                                                                                    3)
                                                                                                                  (instOfNatNat
                                                                                                                    (nat_lit
                                                                                                                      3)))
                                                                                                                Rat
                                                                                                                Rat.instField)))))
                                                                                                      Nat
                                                                                                      (@instMulZeroOneClassOfSemiring.{0}
                                                                                                        (@Ideal.{0}
                                                                                                          OAI.SevenEighths.HeckeFamily.O
                                                                                                          (@CommSemiring.toSemiring.{0}
                                                                                                            OAI.SevenEighths.HeckeFamily.O
                                                                                                            (@CommRing.toCommSemiring.{0}
                                                                                                              OAI.SevenEighths.HeckeFamily.O
                                                                                                              (@NumberField.instCommRingRingOfIntegers.{0}
                                                                                                                OAI.SevenEighths.HeckeFamily.K
                                                                                                                (@CyclotomicField.instField.{0}
                                                                                                                  (@OfNat.ofNat.{0}
                                                                                                                    Nat
                                                                                                                    (nat_lit
                                                                                                                      3)
                                                                                                                    (instOfNatNat
                                                                                                                      (nat_lit
                                                                                                                        3)))
                                                                                                                  Rat
                                                                                                                  Rat.instField)))))
                                                                                                        (@IdemSemiring.toSemiring.{0}
                                                                                                          (@Ideal.{0}
                                                                                                            OAI.SevenEighths.HeckeFamily.O
                                                                                                            (@CommSemiring.toSemiring.{0}
                                                                                                              OAI.SevenEighths.HeckeFamily.O
                                                                                                              (@CommRing.toCommSemiring.{0}
                                                                                                                OAI.SevenEighths.HeckeFamily.O
                                                                                                                (@NumberField.instCommRingRingOfIntegers.{0}
                                                                                                                  OAI.SevenEighths.HeckeFamily.K
                                                                                                                  (@CyclotomicField.instField.{0}
                                                                                                                    (@OfNat.ofNat.{0}
                                                                                                                      Nat
                                                                                                                      (nat_lit
                                                                                                                        3)
                                                                                                                      (instOfNatNat
                                                                                                                        (nat_lit
                                                                                                                          3)))
                                                                                                                    Rat
                                                                                                                    Rat.instField)))))
                                                                                                          (@Submodule.idemSemiring.{0,
                                                                                                                0}
                                                                                                            OAI.SevenEighths.HeckeFamily.O
                                                                                                            (@CommRing.toCommSemiring.{0}
                                                                                                              OAI.SevenEighths.HeckeFamily.O
                                                                                                              (@NumberField.instCommRingRingOfIntegers.{0}
                                                                                                                OAI.SevenEighths.HeckeFamily.K
                                                                                                                (@CyclotomicField.instField.{0}
                                                                                                                  (@OfNat.ofNat.{0}
                                                                                                                    Nat
                                                                                                                    (nat_lit
                                                                                                                      3)
                                                                                                                    (instOfNatNat
                                                                                                                      (nat_lit
                                                                                                                        3)))
                                                                                                                  Rat
                                                                                                                  Rat.instField)))
                                                                                                            OAI.SevenEighths.HeckeFamily.O
                                                                                                            (@CommSemiring.toSemiring.{0}
                                                                                                              OAI.SevenEighths.HeckeFamily.O
                                                                                                              (@CommRing.toCommSemiring.{0}
                                                                                                                OAI.SevenEighths.HeckeFamily.O
                                                                                                                (@NumberField.instCommRingRingOfIntegers.{0}
                                                                                                                  OAI.SevenEighths.HeckeFamily.K
                                                                                                                  (@CyclotomicField.instField.{0}
                                                                                                                    (@OfNat.ofNat.{0}
                                                                                                                      Nat
                                                                                                                      (nat_lit
                                                                                                                        3)
                                                                                                                      (instOfNatNat
                                                                                                                        (nat_lit
                                                                                                                          3)))
                                                                                                                    Rat
                                                                                                                    Rat.instField))))
                                                                                                            (@Algebra.id.{0}
                                                                                                              OAI.SevenEighths.HeckeFamily.O
                                                                                                              (@CommRing.toCommSemiring.{0}
                                                                                                                OAI.SevenEighths.HeckeFamily.O
                                                                                                                (@NumberField.instCommRingRingOfIntegers.{0}
                                                                                                                  OAI.SevenEighths.HeckeFamily.K
                                                                                                                  (@CyclotomicField.instField.{0}
                                                                                                                    (@OfNat.ofNat.{0}
                                                                                                                      Nat
                                                                                                                      (nat_lit
                                                                                                                        3)
                                                                                                                      (instOfNatNat
                                                                                                                        (nat_lit
                                                                                                                          3)))
                                                                                                                    Rat
                                                                                                                    Rat.instField)))))))
                                                                                                      Nat.instMulZeroOneClass)
                                                                                                    (@Ideal.{0}
                                                                                                      OAI.SevenEighths.HeckeFamily.O
                                                                                                      (@CommSemiring.toSemiring.{0}
                                                                                                        OAI.SevenEighths.HeckeFamily.O
                                                                                                        (@CommRing.toCommSemiring.{0}
                                                                                                          OAI.SevenEighths.HeckeFamily.O
                                                                                                          (@NumberField.instCommRingRingOfIntegers.{0}
                                                                                                            OAI.SevenEighths.HeckeFamily.K
                                                                                                            (@CyclotomicField.instField.{0}
                                                                                                              (@OfNat.ofNat.{0}
                                                                                                                Nat
                                                                                                                (nat_lit
                                                                                                                  3)
                                                                                                                (instOfNatNat
                                                                                                                  (nat_lit
                                                                                                                    3)))
                                                                                                              Rat
                                                                                                              Rat.instField)))))
                                                                                                    (fun
                                                                                                        (x :
                                                                                                          @Ideal.{0}
                                                                                                            OAI.SevenEighths.HeckeFamily.O
                                                                                                            (@CommSemiring.toSemiring.{0}
                                                                                                              OAI.SevenEighths.HeckeFamily.O
                                                                                                              (@CommRing.toCommSemiring.{0}
                                                                                                                OAI.SevenEighths.HeckeFamily.O
                                                                                                                (@NumberField.instCommRingRingOfIntegers.{0}
                                                                                                                  OAI.SevenEighths.HeckeFamily.K
                                                                                                                  (@CyclotomicField.instField.{0}
                                                                                                                    (@OfNat.ofNat.{0}
                                                                                                                      Nat
                                                                                                                      (nat_lit
                                                                                                                        3)
                                                                                                                      (instOfNatNat
                                                                                                                        (nat_lit
                                                                                                                          3)))
                                                                                                                    Rat
                                                                                                                    Rat.instField))))) =>
                                                                                                      Nat)
                                                                                                    (@MonoidWithZeroHom.funLike.{0,
                                                                                                          0}
                                                                                                      (@Ideal.{0}
                                                                                                        OAI.SevenEighths.HeckeFamily.O
                                                                                                        (@CommSemiring.toSemiring.{0}
                                                                                                          OAI.SevenEighths.HeckeFamily.O
                                                                                                          (@CommRing.toCommSemiring.{0}
                                                                                                            OAI.SevenEighths.HeckeFamily.O
                                                                                                            (@NumberField.instCommRingRingOfIntegers.{0}
                                                                                                              OAI.SevenEighths.HeckeFamily.K
                                                                                                              (@CyclotomicField.instField.{0}
                                                                                                                (@OfNat.ofNat.{0}
                                                                                                                  Nat
                                                                                                                  (nat_lit
                                                                                                                    3)
                                                                                                                  (instOfNatNat
                                                                                                                    (nat_lit
                                                                                                                      3)))
                                                                                                                Rat
                                                                                                                Rat.instField)))))
                                                                                                      Nat
                                                                                                      (@instMulZeroOneClassOfSemiring.{0}
                                                                                                        (@Ideal.{0}
                                                                                                          OAI.SevenEighths.HeckeFamily.O
                                                                                                          (@CommSemiring.toSemiring.{0}
                                                                                                            OAI.SevenEighths.HeckeFamily.O
                                                                                                            (@CommRing.toCommSemiring.{0}
                                                                                                              OAI.SevenEighths.HeckeFamily.O
                                                                                                              (@NumberField.instCommRingRingOfIntegers.{0}
                                                                                                                OAI.SevenEighths.HeckeFamily.K
                                                                                                                (@CyclotomicField.instField.{0}
                                                                                                                  (@OfNat.ofNat.{0}
                                                                                                                    Nat
                                                                                                                    (nat_lit
                                                                                                                      3)
                                                                                                                    (instOfNatNat
                                                                                                                      (nat_lit
                                                                                                                        3)))
                                                                                                                  Rat
                                                                                                                  Rat.instField)))))
                                                                                                        (@IdemSemiring.toSemiring.{0}
                                                                                                          (@Ideal.{0}
                                                                                                            OAI.SevenEighths.HeckeFamily.O
                                                                                                            (@CommSemiring.toSemiring.{0}
                                                                                                              OAI.SevenEighths.HeckeFamily.O
                                                                                                              (@CommRing.toCommSemiring.{0}
                                                                                                                OAI.SevenEighths.HeckeFamily.O
                                                                                                                (@NumberField.instCommRingRingOfIntegers.{0}
                                                                                                                  OAI.SevenEighths.HeckeFamily.K
                                                                                                                  (@CyclotomicField.instField.{0}
                                                                                                                    (@OfNat.ofNat.{0}
                                                                                                                      Nat
                                                                                                                      (nat_lit
                                                                                                                        3)
                                                                                                                      (instOfNatNat
                                                                                                                        (nat_lit
                                                                                                                          3)))
                                                                                                                    Rat
                                                                                                                    Rat.instField)))))
                                                                                                          (@Submodule.idemSemiring.{0,
                                                                                                                0}
                                                                                                            OAI.SevenEighths.HeckeFamily.O
                                                                                                            (@CommRing.toCommSemiring.{0}
                                                                                                              OAI.SevenEighths.HeckeFamily.O
                                                                                                              (@NumberField.instCommRingRingOfIntegers.{0}
                                                                                                                OAI.SevenEighths.HeckeFamily.K
                                                                                                                (@CyclotomicField.instField.{0}
                                                                                                                  (@OfNat.ofNat.{0}
                                                                                                                    Nat
                                                                                                                    (nat_lit
                                                                                                                      3)
                                                                                                                    (instOfNatNat
                                                                                                                      (nat_lit
                                                                                                                        3)))
                                                                                                                  Rat
                                                                                                                  Rat.instField)))
                                                                                                            OAI.SevenEighths.HeckeFamily.O
                                                                                                            (@CommSemiring.toSemiring.{0}
                                                                                                              OAI.SevenEighths.HeckeFamily.O
                                                                                                              (@CommRing.toCommSemiring.{0}
                                                                                                                OAI.SevenEighths.HeckeFamily.O
                                                                                                                (@NumberField.instCommRingRingOfIntegers.{0}
                                                                                                                  OAI.SevenEighths.HeckeFamily.K
                                                                                                                  (@CyclotomicField.instField.{0}
                                                                                                                    (@OfNat.ofNat.{0}
                                                                                                                      Nat
                                                                                                                      (nat_lit
                                                                                                                        3)
                                                                                                                      (instOfNatNat
                                                                                                                        (nat_lit
                                                                                                                          3)))
                                                                                                                    Rat
                                                                                                                    Rat.instField))))
                                                                                                            (@Algebra.id.{0}
                                                                                                              OAI.SevenEighths.HeckeFamily.O
                                                                                                              (@CommRing.toCommSemiring.{0}
                                                                                                                OAI.SevenEighths.HeckeFamily.O
                                                                                                                (@NumberField.instCommRingRingOfIntegers.{0}
                                                                                                                  OAI.SevenEighths.HeckeFamily.K
                                                                                                                  (@CyclotomicField.instField.{0}
                                                                                                                    (@OfNat.ofNat.{0}
                                                                                                                      Nat
                                                                                                                      (nat_lit
                                                                                                                        3)
                                                                                                                      (instOfNatNat
                                                                                                                        (nat_lit
                                                                                                                          3)))
                                                                                                                    Rat
                                                                                                                    Rat.instField)))))))
                                                                                                      Nat.instMulZeroOneClass)
                                                                                                    (@Ideal.absNorm.{0}
                                                                                                      OAI.SevenEighths.HeckeFamily.O
                                                                                                      (@NumberField.instCommRingRingOfIntegers.{0}
                                                                                                        OAI.SevenEighths.HeckeFamily.K
                                                                                                        (@CyclotomicField.instField.{0}
                                                                                                          (@OfNat.ofNat.{0}
                                                                                                            Nat
                                                                                                            (nat_lit 3)
                                                                                                            (instOfNatNat
                                                                                                              (nat_lit
                                                                                                                3)))
                                                                                                          Rat
                                                                                                          Rat.instField))
                                                                                                      (@NumberField.RingOfIntegers.instIsDedekindDomain.{0}
                                                                                                        OAI.SevenEighths.HeckeFamily.K
                                                                                                        (@CyclotomicField.instField.{0}
                                                                                                          (@OfNat.ofNat.{0}
                                                                                                            Nat
                                                                                                            (nat_lit 3)
                                                                                                            (instOfNatNat
                                                                                                              (nat_lit
                                                                                                                3)))
                                                                                                          Rat
                                                                                                          Rat.instField)
                                                                                                        (@CyclotomicField.instNumberField.{0}
                                                                                                          (@OfNat.ofNat.{0}
                                                                                                            Nat
                                                                                                            (nat_lit 3)
                                                                                                            (instOfNatNat
                                                                                                              (nat_lit
                                                                                                                3)))
                                                                                                          Rat
                                                                                                          Rat.instField
                                                                                                          Rat.numberField))
                                                                                                      (@CharZero.infinite.{0}
                                                                                                        OAI.SevenEighths.HeckeFamily.O
                                                                                                        (@AddGroupWithOne.toAddMonoidWithOne.{0}
                                                                                                          OAI.SevenEighths.HeckeFamily.O
                                                                                                          (@Ring.toAddGroupWithOne.{0}
                                                                                                            OAI.SevenEighths.HeckeFamily.O
                                                                                                            (@CommRing.toRing.{0}
                                                                                                              OAI.SevenEighths.HeckeFamily.O
                                                                                                              (@NumberField.instCommRingRingOfIntegers.{0}
                                                                                                                OAI.SevenEighths.HeckeFamily.K
                                                                                                                (@CyclotomicField.instField.{0}
                                                                                                                  (@OfNat.ofNat.{0}
                                                                                                                    Nat
                                                                                                                    (nat_lit
                                                                                                                      3)
                                                                                                                    (instOfNatNat
                                                                                                                      (nat_lit
                                                                                                                        3)))
                                                                                                                  Rat
                                                                                                                  Rat.instField)))))
                                                                                                        (@NumberField.RingOfIntegers.instCharZero_1.{0}
                                                                                                          OAI.SevenEighths.HeckeFamily.K
                                                                                                          (@CyclotomicField.instField.{0}
                                                                                                            (@OfNat.ofNat.{0}
                                                                                                              Nat
                                                                                                              (nat_lit
                                                                                                                3)
                                                                                                              (instOfNatNat
                                                                                                                (nat_lit
                                                                                                                  3)))
                                                                                                            Rat
                                                                                                            Rat.instField)
                                                                                                          (@CyclotomicField.instCharZero.{0}
                                                                                                            (@OfNat.ofNat.{0}
                                                                                                              Nat
                                                                                                              (nat_lit
                                                                                                                3)
                                                                                                              (instOfNatNat
                                                                                                                (nat_lit
                                                                                                                  3)))
                                                                                                            Rat
                                                                                                            Rat.instField
                                                                                                            Rat.instCharZero))))
                                                                                                    P))
                                                                                                (@HPow.hPow.{0, 0, 0}
                                                                                                  Real Real Real
                                                                                                  (@instHPow.{0, 0} Real
                                                                                                    Real Real.instPow)
                                                                                                  (@HPow.hPow.{0, 0, 0}
                                                                                                    Real Real Real
                                                                                                    (@instHPow.{0, 0}
                                                                                                      Real Real
                                                                                                      Real.instPow)
                                                                                                    Z d)
                                                                                                  (@OAI.SevenEighths.HeckeDetectorRawFiber.Fiber.widths.{u_1,
                                                                                                        u_2}
                                                                                                    M H Label Slot
                                                                                                    (@HPow.hPow.{0, 0,
                                                                                                          0}
                                                                                                      Real Real Real
                                                                                                      (@instHPow.{0, 0}
                                                                                                        Real Real
                                                                                                        Real.instPow)
                                                                                                      Z d)
                                                                                                    a ε tstar T
                                                                                                    allowance i F s))))
                                                                                            (@OfNat.ofNat.{0} Complex
                                                                                              (nat_lit 0)
                                                                                              (@Zero.toOfNat0.{0}
                                                                                                Complex
                                                                                                Complex.instZero)) →
                                                                                          @IsCoprime.{0}
                                                                                            (@Ideal.{0}
                                                                                              OAI.SevenEighths.HeckeFamily.O
                                                                                              (@CommSemiring.toSemiring.{0}
                                                                                                OAI.SevenEighths.HeckeFamily.O
                                                                                                (@CommRing.toCommSemiring.{0}
                                                                                                  OAI.SevenEighths.HeckeFamily.O
                                                                                                  (@NumberField.instCommRingRingOfIntegers.{0}
                                                                                                    OAI.SevenEighths.HeckeFamily.K
                                                                                                    (@CyclotomicField.instField.{0}
                                                                                                      (@OfNat.ofNat.{0}
                                                                                                        Nat (nat_lit 3)
                                                                                                        (instOfNatNat
                                                                                                          (nat_lit 3)))
                                                                                                      Rat
                                                                                                      Rat.instField)))))
                                                                                            (@IdemCommSemiring.toCommSemiring.{0}
                                                                                              (@Ideal.{0}
                                                                                                OAI.SevenEighths.HeckeFamily.O
                                                                                                (@CommSemiring.toSemiring.{0}
                                                                                                  OAI.SevenEighths.HeckeFamily.O
                                                                                                  (@CommRing.toCommSemiring.{0}
                                                                                                    OAI.SevenEighths.HeckeFamily.O
                                                                                                    (@NumberField.instCommRingRingOfIntegers.{0}
                                                                                                      OAI.SevenEighths.HeckeFamily.K
                                                                                                      (@CyclotomicField.instField.{0}
                                                                                                        (@OfNat.ofNat.{0}
                                                                                                          Nat
                                                                                                          (nat_lit 3)
                                                                                                          (instOfNatNat
                                                                                                            (nat_lit
                                                                                                              3)))
                                                                                                        Rat
                                                                                                        Rat.instField)))))
                                                                                              (@Ideal.instIdemCommSemiring.{0}
                                                                                                OAI.SevenEighths.HeckeFamily.O
                                                                                                (@CommRing.toCommSemiring.{0}
                                                                                                  OAI.SevenEighths.HeckeFamily.O
                                                                                                  (@NumberField.instCommRingRingOfIntegers.{0}
                                                                                                    OAI.SevenEighths.HeckeFamily.K
                                                                                                    (@CyclotomicField.instField.{0}
                                                                                                      (@OfNat.ofNat.{0}
                                                                                                        Nat (nat_lit 3)
                                                                                                        (instOfNatNat
                                                                                                          (nat_lit 3)))
                                                                                                      Rat
                                                                                                      Rat.instField)))))
                                                                                            P
                                                                                            (OAI.SevenEighths.HeckeFamily.Character.modulus
                                                                                              η)) →
                                                                                (∀
                                                                                    (s :
                                                                                      @Subtype.{u_2 + 1} Slot
                                                                                        fun (x : Slot) =>
                                                                                        @Membership.mem.{u_2, u_2} Slot
                                                                                          (Finset.{u_2} Slot)
                                                                                          (@SetLike.instMembership.{u_2,
                                                                                                u_2}
                                                                                            (Finset.{u_2} Slot) Slot
                                                                                            (@Finset.instSetLike.{u_2}
                                                                                              Slot))
                                                                                          selected x),
                                                                                    @LE.le.{0} Real Real.instLE
                                                                                      (@HMul.hMul.{0, 0, 0} Real Real
                                                                                        Real
                                                                                        (@instHMul.{0} Real
                                                                                          Real.instMul)
                                                                                        d
                                                                                        (@OAI.SevenEighths.HeckeDetectorRawFiber.Fiber.widths.{u_1,
                                                                                              u_2}
                                                                                          M H Label Slot
                                                                                          (@HPow.hPow.{0, 0, 0} Real
                                                                                            Real Real
                                                                                            (@instHPow.{0, 0} Real Real
                                                                                              Real.instPow)
                                                                                            Z d)
                                                                                          a ε tstar T allowance i F
                                                                                          (@Subtype.val.{u_2 + 1} Slot
                                                                                            (fun (x : Slot) =>
                                                                                              @Membership.mem.{u_2, u_2}
                                                                                                Slot (Finset.{u_2} Slot)
                                                                                                (@SetLike.instMembership.{u_2,
                                                                                                      u_2}
                                                                                                  (Finset.{u_2} Slot)
                                                                                                  Slot
                                                                                                  (@Finset.instSetLike.{u_2}
                                                                                                    Slot))
                                                                                                selected x)
                                                                                            s)))
                                                                                      Lslot) →
                                                                                  (∀
                                                                                      (s :
                                                                                        @Subtype.{u_2 + 1} Slot
                                                                                          fun (x : Slot) =>
                                                                                          @Membership.mem.{u_2, u_2}
                                                                                            Slot (Finset.{u_2} Slot)
                                                                                            (@SetLike.instMembership.{u_2,
                                                                                                  u_2}
                                                                                              (Finset.{u_2} Slot) Slot
                                                                                              (@Finset.instSetLike.{u_2}
                                                                                                Slot))
                                                                                            selected x),
                                                                                      @LE.le.{0} Real Real.instLE lo
                                                                                        (@HSub.hSub.{0, 0, 0} Real Real
                                                                                          Real
                                                                                          (@instHSub.{0} Real
                                                                                            Real.instSub)
                                                                                          (@OfNat.ofNat.{0} Real
                                                                                            (nat_lit 1)
                                                                                            (@One.toOfNat1.{0} Real
                                                                                              Real.instOne))
                                                                                          (Complex.re
                                                                                            (@OAI.SevenEighths.HeckeDetectorRawFiber.Fiber.external.{u_1,
                                                                                                  u_2}
                                                                                              M H Label Slot
                                                                                              (@HPow.hPow.{0, 0, 0} Real
                                                                                                Real Real
                                                                                                (@instHPow.{0, 0} Real
                                                                                                  Real Real.instPow)
                                                                                                Z d)
                                                                                              a ε tstar T allowance i F
                                                                                              (@Subtype.val.{u_2 + 1}
                                                                                                Slot
                                                                                                (fun (x : Slot) =>
                                                                                                  @Membership.mem.{u_2,
                                                                                                        u_2}
                                                                                                    Slot
                                                                                                    (Finset.{u_2} Slot)
                                                                                                    (@SetLike.instMembership.{u_2,
                                                                                                          u_2}
                                                                                                      (Finset.{u_2}
                                                                                                        Slot)
                                                                                                      Slot
                                                                                                      (@Finset.instSetLike.{u_2}
                                                                                                        Slot))
                                                                                                    selected x)
                                                                                                s))))) →
                                                                                    (∀
                                                                                        (s :
                                                                                          @Subtype.{u_2 + 1} Slot
                                                                                            fun (x : Slot) =>
                                                                                            @Membership.mem.{u_2, u_2}
                                                                                              Slot (Finset.{u_2} Slot)
                                                                                              (@SetLike.instMembership.{u_2,
                                                                                                    u_2}
                                                                                                (Finset.{u_2} Slot) Slot
                                                                                                (@Finset.instSetLike.{u_2}
                                                                                                  Slot))
                                                                                              selected x),
                                                                                        @LE.le.{0} Real Real.instLE
                                                                                          (@HSub.hSub.{0, 0, 0} Real
                                                                                            Real Real
                                                                                            (@instHSub.{0} Real
                                                                                              Real.instSub)
                                                                                            (@OfNat.ofNat.{0} Real
                                                                                              (nat_lit 1)
                                                                                              (@One.toOfNat1.{0} Real
                                                                                                Real.instOne))
                                                                                            (Complex.re
                                                                                              (@OAI.SevenEighths.HeckeDetectorRawFiber.Fiber.external.{u_1,
                                                                                                    u_2}
                                                                                                M H Label Slot
                                                                                                (@HPow.hPow.{0, 0, 0}
                                                                                                  Real Real Real
                                                                                                  (@instHPow.{0, 0} Real
                                                                                                    Real Real.instPow)
                                                                                                  Z d)
                                                                                                a ε tstar T allowance i
                                                                                                F
                                                                                                (@Subtype.val.{u_2 + 1}
                                                                                                  Slot
                                                                                                  (fun (x : Slot) =>
                                                                                                    @Membership.mem.{u_2,
                                                                                                          u_2}
                                                                                                      Slot
                                                                                                      (Finset.{u_2}
                                                                                                        Slot)
                                                                                                      (@SetLike.instMembership.{u_2,
                                                                                                            u_2}
                                                                                                        (Finset.{u_2}
                                                                                                          Slot)
                                                                                                        Slot
                                                                                                        (@Finset.instSetLike.{u_2}
                                                                                                          Slot))
                                                                                                      selected x)
                                                                                                  s))))
                                                                                          hi) →
                                                                                      (∀
                                                                                          (s :
                                                                                            @Subtype.{u_2 + 1} Slot
                                                                                              fun (x : Slot) =>
                                                                                              @Membership.mem.{u_2, u_2}
                                                                                                Slot (Finset.{u_2} Slot)
                                                                                                (@SetLike.instMembership.{u_2,
                                                                                                      u_2}
                                                                                                  (Finset.{u_2} Slot)
                                                                                                  Slot
                                                                                                  (@Finset.instSetLike.{u_2}
                                                                                                    Slot))
                                                                                                selected x),
                                                                                          @LE.le.{0} Real Real.instLE
                                                                                            (@abs.{0} Real Real.lattice
                                                                                              Real.instAddGroup
                                                                                              (@Neg.neg.{0} Real
                                                                                                Real.instNeg
                                                                                                (Complex.im
                                                                                                  (@OAI.SevenEighths.HeckeDetectorRawFiber.Fiber.external.{u_1,
                                                                                                        u_2}
                                                                                                    M H Label Slot
                                                                                                    (@HPow.hPow.{0, 0,
                                                                                                          0}
                                                                                                      Real Real Real
                                                                                                      (@instHPow.{0, 0}
                                                                                                        Real Real
                                                                                                        Real.instPow)
                                                                                                      Z d)
                                                                                                    a ε tstar T
                                                                                                    allowance i F
                                                                                                    (@Subtype.val.{u_2 +
                                                                                                            1}
                                                                                                      Slot
                                                                                                      (fun (x : Slot) =>
                                                                                                        @Membership.mem.{u_2,
                                                                                                              u_2}
                                                                                                          Slot
                                                                                                          (Finset.{u_2}
                                                                                                            Slot)
                                                                                                          (@SetLike.instMembership.{u_2,
                                                                                                                u_2}
                                                                                                            (Finset.{u_2}
                                                                                                              Slot)
                                                                                                            Slot
                                                                                                            (@Finset.instSetLike.{u_2}
                                                                                                              Slot))
                                                                                                          selected x)
                                                                                                      s)))))
                                                                                            height) →
                                                                                        ∀ (j k : Nat),
                                                                                          @LE.le.{0} Nat instLENat
                                                                                              (@HAdd.hAdd.{0, 0, 0} Nat
                                                                                                Nat Nat
                                                                                                (@instHAdd.{0} Nat
                                                                                                  instAddNat)
                                                                                                j k)
                                                                                              (@OfNat.ofNat.{0} Nat
                                                                                                (nat_lit 2)
                                                                                                (instOfNatNat
                                                                                                  (nat_lit 2))) →
                                                                                            ∀ (σ : Real),
                                                                                              @Membership.mem.{0, 0}
                                                                                                  Real (Set.{0} Real)
                                                                                                  (@Set.instMembership.{0}
                                                                                                    Real)
                                                                                                  (@Set.Icc.{0} Real
                                                                                                    Real.instPreorder
                                                                                                    (@OfNat.ofNat.{0}
                                                                                                      Real (nat_lit 0)
                                                                                                      (@Zero.toOfNat0.{0}
                                                                                                        Real
                                                                                                        Real.instZero))
                                                                                                    (@OfNat.ofNat.{0}
                                                                                                      Real (nat_lit 1)
                                                                                                      (@One.toOfNat1.{0}
                                                                                                        Real
                                                                                                        Real.instOne)))
                                                                                                  σ →
                                                                                                ∀ (t : Real),
                                                                                                  @Membership.mem.{0, 0}
                                                                                                      Real
                                                                                                      (Set.{0} Real)
                                                                                                      (@Set.instMembership.{0}
                                                                                                        Real)
                                                                                                      (@Set.Icc.{0} Real
                                                                                                        Real.instPreorder
                                                                                                        (@Neg.neg.{0}
                                                                                                          Real
                                                                                                          Real.instNeg
                                                                                                          height)
                                                                                                        height)
                                                                                                      t →
                                                                                                    @LE.le.{0} Real
                                                                                                      Real.instLE
                                                                                                      (@Finset.sum.{0,
                                                                                                            0}
                                                                                                        OAI.SevenEighths.HeckeInverseAmplification.FreeRow
                                                                                                        Real
                                                                                                        Real.instAddCommMonoid
                                                                                                        (@OAI.SevenEighths.HeckeDetectorRawFiber.Fiber.rows.{u_1,
                                                                                                              u_2}
                                                                                                          M H Label Slot
                                                                                                          (@HPow.hPow.{0,
                                                                                                                0, 0}
                                                                                                            Real Real
                                                                                                            Real
                                                                                                            (@instHPow.{0,
                                                                                                                  0}
                                                                                                              Real Real
                                                                                                              Real.instPow)
                                                                                                            Z d)
                                                                                                          a ε tstar T
                                                                                                          allowance i F)
                                                                                                        fun
                                                                                                          (u :
                                                                                                            OAI.SevenEighths.HeckeInverseAmplification.FreeRow) =>
                                                                                                        @HPow.hPow.{0,
                                                                                                              0, 0}
                                                                                                          Real Nat Real
                                                                                                          (@instHPow.{0,
                                                                                                                0}
                                                                                                            Real Nat
                                                                                                            (@NPow.toPow.{0}
                                                                                                              Real
                                                                                                              (@Monoid.toNPow.{0}
                                                                                                                Real
                                                                                                                Real.instMonoid)))
                                                                                                          (@Norm.norm.{0}
                                                                                                            Complex
                                                                                                            Complex.instNorm
                                                                                                            (@HMul.hMul.{0,
                                                                                                                  0, 0}
                                                                                                              Complex
                                                                                                              Complex
                                                                                                              Complex
                                                                                                              (@instHMul.{0}
                                                                                                                Complex
                                                                                                                Complex.instMul)
                                                                                                              (@HMul.hMul.{0,
                                                                                                                    0,
                                                                                                                    0}
                                                                                                                Complex
                                                                                                                Complex
                                                                                                                Complex
                                                                                                                (@instHMul.{0}
                                                                                                                  Complex
                                                                                                                  Complex.instMul)
                                                                                                                (OAI.SevenEighths.HeckeDyadic.polynomial
                                                                                                                  (@OAI.SevenEighths.HeckeDetectorRawFiber.Fiber.family.{u_1,
                                                                                                                        u_2}
                                                                                                                    M H
                                                                                                                    Label
                                                                                                                    Slot
                                                                                                                    (@HPow.hPow.{0,
                                                                                                                          0,
                                                                                                                          0}
                                                                                                                      Real
                                                                                                                      Real
                                                                                                                      Real
                                                                                                                      (@instHPow.{0,
                                                                                                                            0}
                                                                                                                        Real
                                                                                                                        Real
                                                                                                                        Real.instPow)
                                                                                                                      Z
                                                                                                                      d)
                                                                                                                    a ε
                                                                                                                    tstar
                                                                                                                    T
                                                                                                                    allowance
                                                                                                                    i F
                                                                                                                    u
                                                                                                                    (@OAI.SevenEighths.HeckeDetectorRawFiber.Fiber.label.{u_1,
                                                                                                                          u_2}
                                                                                                                      M
                                                                                                                      H
                                                                                                                      Label
                                                                                                                      Slot
                                                                                                                      (@HPow.hPow.{0,
                                                                                                                            0,
                                                                                                                            0}
                                                                                                                        Real
                                                                                                                        Real
                                                                                                                        Real
                                                                                                                        (@instHPow.{0,
                                                                                                                              0}
                                                                                                                          Real
                                                                                                                          Real
                                                                                                                          Real.instPow)
                                                                                                                        Z
                                                                                                                        d)
                                                                                                                      a
                                                                                                                      ε
                                                                                                                      tstar
                                                                                                                      T
                                                                                                                      allowance
                                                                                                                      i
                                                                                                                      F))
                                                                                                                  Bool.false
                                                                                                                  (@Nat.iterate.{1}
                                                                                                                    (Real →
                                                                                                                      Complex)
                                                                                                                    OAI.SevenEighths.HeckeDetectorRowwisePolynomial.logProfile
                                                                                                                    j
                                                                                                                    OAI.SevenEighths.HeckeDetectorDyadicProfiles.positiveAnnular)
                                                                                                                  (@HPow.hPow.{0,
                                                                                                                        0,
                                                                                                                        0}
                                                                                                                    Real
                                                                                                                    Real
                                                                                                                    Real
                                                                                                                    (@instHPow.{0,
                                                                                                                          0}
                                                                                                                      Real
                                                                                                                      Real
                                                                                                                      Real.instPow)
                                                                                                                    (@HPow.hPow.{0,
                                                                                                                          0,
                                                                                                                          0}
                                                                                                                      Real
                                                                                                                      Real
                                                                                                                      Real
                                                                                                                      (@instHPow.{0,
                                                                                                                            0}
                                                                                                                        Real
                                                                                                                        Real
                                                                                                                        Real.instPow)
                                                                                                                      Z
                                                                                                                      d)
                                                                                                                    (@OAI.SevenEighths.HeckeDetectorRawFiber.Fiber.m.{u_1,
                                                                                                                          u_2}
                                                                                                                      M
                                                                                                                      H
                                                                                                                      Label
                                                                                                                      Slot
                                                                                                                      (@HPow.hPow.{0,
                                                                                                                            0,
                                                                                                                            0}
                                                                                                                        Real
                                                                                                                        Real
                                                                                                                        Real
                                                                                                                        (@instHPow.{0,
                                                                                                                              0}
                                                                                                                          Real
                                                                                                                          Real
                                                                                                                          Real.instPow)
                                                                                                                        Z
                                                                                                                        d)
                                                                                                                      a
                                                                                                                      ε
                                                                                                                      tstar
                                                                                                                      T
                                                                                                                      allowance
                                                                                                                      i
                                                                                                                      F))
                                                                                                                  σ t)
                                                                                                                (OAI.SevenEighths.HeckeDyadic.polynomial
                                                                                                                  (@OAI.SevenEighths.HeckeDetectorRawFiber.Fiber.family.{u_1,
                                                                                                                        u_2}
                                                                                                                    M H
                                                                                                                    Label
                                                                                                                    Slot
                                                                                                                    (@HPow.hPow.{0,
                                                                                                                          0,
                                                                                                                          0}
                                                                                                                      Real
                                                                                                                      Real
                                                                                                                      Real
                                                                                                                      (@instHPow.{0,
                                                                                                                            0}
                                                                                                                        Real
                                                                                                                        Real
                                                                                                                        Real.instPow)
                                                                                                                      Z
                                                                                                                      d)
                                                                                                                    a ε
                                                                                                                    tstar
                                                                                                                    T
                                                                                                                    allowance
                                                                                                                    i F
                                                                                                                    u
                                                                                                                    (@OAI.SevenEighths.HeckeDetectorRawFiber.Fiber.label.{u_1,
                                                                                                                          u_2}
                                                                                                                      M
                                                                                                                      H
                                                                                                                      Label
                                                                                                                      Slot
                                                                                                                      (@HPow.hPow.{0,
                                                                                                                            0,
                                                                                                                            0}
                                                                                                                        Real
                                                                                                                        Real
                                                                                                                        Real
                                                                                                                        (@instHPow.{0,
                                                                                                                              0}
                                                                                                                          Real
                                                                                                                          Real
                                                                                                                          Real.instPow)
                                                                                                                        Z
                                                                                                                        d)
                                                                                                                      a
                                                                                                                      ε
                                                                                                                      tstar
                                                                                                                      T
                                                                                                                      allowance
                                                                                                                      i
                                                                                                                      F))
                                                                                                                  Bool.false
                                                                                                                  (@Nat.iterate.{1}
                                                                                                                    (Real →
                                                                                                                      Complex)
                                                                                                                    OAI.SevenEighths.HeckeDetectorRowwisePolynomial.logProfile
                                                                                                                    k
                                                                                                                    OAI.SevenEighths.HeckeDetectorDyadicProfiles.positiveAnnular)
                                                                                                                  (@HPow.hPow.{0,
                                                                                                                        0,
                                                                                                                        0}
                                                                                                                    Real
                                                                                                                    Real
                                                                                                                    Real
                                                                                                                    (@instHPow.{0,
                                                                                                                          0}
                                                                                                                      Real
                                                                                                                      Real
                                                                                                                      Real.instPow)
                                                                                                                    (@HPow.hPow.{0,
                                                                                                                          0,
                                                                                                                          0}
                                                                                                                      Real
                                                                                                                      Real
                                                                                                                      Real
                                                                                                                      (@instHPow.{0,
                                                                                                                            0}
                                                                                                                        Real
                                                                                                                        Real
                                                                                                                        Real.instPow)
                                                                                                                      Z
                                                                                                                      d)
                                                                                                                    (@OAI.SevenEighths.HeckeDetectorRawFiber.Fiber.m.{u_1,
                                                                                                                          u_2}
                                                                                                                      M
                                                                                                                      H
                                                                                                                      Label
                                                                                                                      Slot
                                                                                                                      (@HPow.hPow.{0,
                                                                                                                            0,
                                                                                                                            0}
                                                                                                                        Real
                                                                                                                        Real
                                                                                                                        Real
                                                                                                                        (@instHPow.{0,
                                                                                                                              0}
                                                                                                                          Real
                                                                                                                          Real
                                                                                                                          Real.instPow)
                                                                                                                        Z
                                                                                                                        d)
                                                                                                                      a
                                                                                                                      ε
                                                                                                                      tstar
                                                                                                                      T
                                                                                                                      allowance
                                                                                                                      i
                                                                                                                      F))
                                                                                                                  σ t))
                                                                                                              (@OAI.SevenEighths.HeckeDetectorRawFiber.Fiber.physicalProduct.{u_1,
                                                                                                                    u_2}
                                                                                                                M H
                                                                                                                Label
                                                                                                                Slot
                                                                                                                (@HPow.hPow.{0,
                                                                                                                      0,
                                                                                                                      0}
                                                                                                                  Real
                                                                                                                  Real
                                                                                                                  Real
                                                                                                                  (@instHPow.{0,
                                                                                                                        0}
                                                                                                                    Real
                                                                                                                    Real
                                                                                                                    Real.instPow)
                                                                                                                  Z d)
                                                                                                                a ε
                                                                                                                tstar T
                                                                                                                allowance
                                                                                                                i F
                                                                                                                selected
                                                                                                                u)))
                                                                                                          (@OfNat.ofNat.{0}
                                                                                                            Nat
                                                                                                            (nat_lit 2)
                                                                                                            (instOfNatNat
                                                                                                              (nat_lit
                                                                                                                2))))
                                                                                                      (@HMul.hMul.{0, 0,
                                                                                                            0}
                                                                                                        Real Real Real
                                                                                                        (@instHMul.{0}
                                                                                                          Real
                                                                                                          Real.instMul)
                                                                                                        (@HMul.hMul.{0,
                                                                                                              0, 0}
                                                                                                          Real Real Real
                                                                                                          (@instHMul.{0}
                                                                                                            Real
                                                                                                            Real.instMul)
                                                                                                          (@HMul.hMul.{0,
                                                                                                                0, 0}
                                                                                                            Real Real
                                                                                                            Real
                                                                                                            (@instHMul.{0}
                                                                                                              Real
                                                                                                              Real.instMul)
                                                                                                            (@HMul.hMul.{0,
                                                                                                                  0, 0}
                                                                                                              Real Real
                                                                                                              Real
                                                                                                              (@instHMul.{0}
                                                                                                                Real
                                                                                                                Real.instMul)
                                                                                                              C
                                                                                                              (@HPow.hPow.{0,
                                                                                                                    0,
                                                                                                                    0}
                                                                                                                Real Nat
                                                                                                                Real
                                                                                                                (@instHPow.{0,
                                                                                                                      0}
                                                                                                                  Real
                                                                                                                  Nat
                                                                                                                  (@NPow.toPow.{0}
                                                                                                                    Real
                                                                                                                    (@Monoid.toNPow.{0}
                                                                                                                      Real
                                                                                                                      Real.instMonoid)))
                                                                                                                Cp
                                                                                                                (@OfNat.ofNat.{0}
                                                                                                                  Nat
                                                                                                                  (nat_lit
                                                                                                                    4)
                                                                                                                  (instOfNatNat
                                                                                                                    (nat_lit
                                                                                                                      4)))))
                                                                                                            (OAI.QuadraticInitialBound.diagonalControl
                                                                                                              Φ))
                                                                                                          (@HPow.hPow.{0,
                                                                                                                0, 0}
                                                                                                            Real Nat
                                                                                                            Real
                                                                                                            (@instHPow.{0,
                                                                                                                  0}
                                                                                                              Real Nat
                                                                                                              (@NPow.toPow.{0}
                                                                                                                Real
                                                                                                                (@Monoid.toNPow.{0}
                                                                                                                  Real
                                                                                                                  Real.instMonoid)))
                                                                                                            (@OfNat.ofNat.{0}
                                                                                                              Real
                                                                                                              (nat_lit
                                                                                                                2)
                                                                                                              (@instOfNatAtLeastTwo.{0}
                                                                                                                Real
                                                                                                                (nat_lit
                                                                                                                  2)
                                                                                                                Real.instNatCast
                                                                                                                (@Nat.instAtLeastTwoHAddOfNat
                                                                                                                  (@OfNat.ofNat.{0}
                                                                                                                    Nat
                                                                                                                    (nat_lit
                                                                                                                      1)
                                                                                                                    (instOfNatNat
                                                                                                                      (nat_lit
                                                                                                                        1)))
                                                                                                                  (@Nat.instNeZeroSucc
                                                                                                                    (@OfNat.ofNat.{0}
                                                                                                                      Nat
                                                                                                                      (nat_lit
                                                                                                                        0)
                                                                                                                      (instOfNatNat
                                                                                                                        (nat_lit
                                                                                                                          0)))))))
                                                                                                            (@HAdd.hAdd.{0,
                                                                                                                  0, 0}
                                                                                                              Nat Nat
                                                                                                              Nat
                                                                                                              (@instHAdd.{0}
                                                                                                                Nat
                                                                                                                instAddNat)
                                                                                                              degree
                                                                                                              (@HMul.hMul.{0,
                                                                                                                    0,
                                                                                                                    0}
                                                                                                                Nat Nat
                                                                                                                Nat
                                                                                                                (@instHMul.{0}
                                                                                                                  Nat
                                                                                                                  instMulNat)
                                                                                                                (@OfNat.ofNat.{0}
                                                                                                                  Nat
                                                                                                                  (nat_lit
                                                                                                                    4)
                                                                                                                  (instOfNatNat
                                                                                                                    (nat_lit
                                                                                                                      4)))
                                                                                                                J))))
                                                                                                        (@HPow.hPow.{0,
                                                                                                              0, 0}
                                                                                                          Real Real Real
                                                                                                          (@instHPow.{0,
                                                                                                                0}
                                                                                                            Real Real
                                                                                                            Real.instPow)
                                                                                                          (@HPow.hPow.{0,
                                                                                                                0, 0}
                                                                                                            Real Real
                                                                                                            Real
                                                                                                            (@instHPow.{0,
                                                                                                                  0}
                                                                                                              Real Real
                                                                                                              Real.instPow)
                                                                                                            Z d)
                                                                                                          (@HAdd.hAdd.{0,
                                                                                                                0, 0}
                                                                                                            Real Real
                                                                                                            Real
                                                                                                            (@instHAdd.{0}
                                                                                                              Real
                                                                                                              Real.instAdd)
                                                                                                            (@OfNat.ofNat.{0}
                                                                                                              Real
                                                                                                              (nat_lit
                                                                                                                1)
                                                                                                              (@One.toOfNat1.{0}
                                                                                                                Real
                                                                                                                Real.instOne))
                                                                                                            εm))))
'OAI.SevenEighths.PlainMarkedAdmissionLowKappa.actual_plain_marked_admission' depends on axioms: [propext,
 Classical.choice,
 Quot.sound]
@OAI.SevenEighths.UniformDegreePositiveAtLowKappa.exists_degree_before_character_positiveAt.{u_1} : ∀ {Slot : Type u_1}
  [Fintype.{u_1} Slot] [DecidableEq.{u_1 + 1} Slot]
  (M :
    @Ideal.{0} OAI.SevenEighths.HeckeFamily.O
      (@CommSemiring.toSemiring.{0} OAI.SevenEighths.HeckeFamily.O
        (@CommRing.toCommSemiring.{0} OAI.SevenEighths.HeckeFamily.O
          (@NumberField.instCommRingRingOfIntegers.{0} OAI.SevenEighths.HeckeFamily.K
            (@CyclotomicField.instField.{0} (@OfNat.ofNat.{0} Nat (nat_lit 3) (instOfNatNat (nat_lit 3))) Rat
              Rat.instField)))))
  [inst :
    @NeZero.{0}
      (@Ideal.{0} OAI.SevenEighths.HeckeFamily.O
        (@CommSemiring.toSemiring.{0} OAI.SevenEighths.HeckeFamily.O
          (@CommRing.toCommSemiring.{0} OAI.SevenEighths.HeckeFamily.O
            (@NumberField.instCommRingRingOfIntegers.{0} OAI.SevenEighths.HeckeFamily.K
              (@CyclotomicField.instField.{0} (@OfNat.ofNat.{0} Nat (nat_lit 3) (instOfNatNat (nat_lit 3))) Rat
                Rat.instField)))))
      (@Submodule.pointwiseZero.{0, 0} OAI.SevenEighths.HeckeFamily.O OAI.SevenEighths.HeckeFamily.O
        (@CommSemiring.toSemiring.{0} OAI.SevenEighths.HeckeFamily.O
          (@CommRing.toCommSemiring.{0} OAI.SevenEighths.HeckeFamily.O
            (@NumberField.instCommRingRingOfIntegers.{0} OAI.SevenEighths.HeckeFamily.K
              (@CyclotomicField.instField.{0} (@OfNat.ofNat.{0} Nat (nat_lit 3) (instOfNatNat (nat_lit 3))) Rat
                Rat.instField))))
        (@Semiring.toAddCommMonoid.{0} OAI.SevenEighths.HeckeFamily.O
          (@CommSemiring.toSemiring.{0} OAI.SevenEighths.HeckeFamily.O
            (@CommRing.toCommSemiring.{0} OAI.SevenEighths.HeckeFamily.O
              (@NumberField.instCommRingRingOfIntegers.{0} OAI.SevenEighths.HeckeFamily.K
                (@CyclotomicField.instField.{0} (@OfNat.ofNat.{0} Nat (nat_lit 3) (instOfNatNat (nat_lit 3))) Rat
                  Rat.instField)))))
        (@Semiring.toModule.{0} OAI.SevenEighths.HeckeFamily.O
          (@CommSemiring.toSemiring.{0} OAI.SevenEighths.HeckeFamily.O
            (@CommRing.toCommSemiring.{0} OAI.SevenEighths.HeckeFamily.O
              (@NumberField.instCommRingRingOfIntegers.{0} OAI.SevenEighths.HeckeFamily.K
                (@CyclotomicField.instField.{0} (@OfNat.ofNat.{0} Nat (nat_lit 3) (instOfNatNat (nat_lit 3))) Rat
                  Rat.instField))))))
      M]
  (H :
    @Subgroup.{0}
      (@Units.{0}
        (@HasQuotient.Quotient.{0, 0} OAI.SevenEighths.HeckeFamily.O
          (@Ideal.{0} OAI.SevenEighths.HeckeFamily.O
            (@CommSemiring.toSemiring.{0} OAI.SevenEighths.HeckeFamily.O
              (@CommRing.toCommSemiring.{0} OAI.SevenEighths.HeckeFamily.O
                (@NumberField.instCommRingRingOfIntegers.{0} OAI.SevenEighths.HeckeFamily.K
                  (@CyclotomicField.instField.{0} (@OfNat.ofNat.{0} Nat (nat_lit 3) (instOfNatNat (nat_lit 3))) Rat
                    Rat.instField)))))
          (@Ideal.instHasQuotient_1.{0} OAI.SevenEighths.HeckeFamily.O
            (@NumberField.instCommRingRingOfIntegers.{0} OAI.SevenEighths.HeckeFamily.K
              (@CyclotomicField.instField.{0} (@OfNat.ofNat.{0} Nat (nat_lit 3) (instOfNatNat (nat_lit 3))) Rat
                Rat.instField)))
          M)
        (@Semiring.toMonoid.{0}
          (@HasQuotient.Quotient.{0, 0} OAI.SevenEighths.HeckeFamily.O
            (@Ideal.{0} OAI.SevenEighths.HeckeFamily.O
              (@CommSemiring.toSemiring.{0} OAI.SevenEighths.HeckeFamily.O
                (@CommRing.toCommSemiring.{0} OAI.SevenEighths.HeckeFamily.O
                  (@NumberField.instCommRingRingOfIntegers.{0} OAI.SevenEighths.HeckeFamily.K
                    (@CyclotomicField.instField.{0} (@OfNat.ofNat.{0} Nat (nat_lit 3) (instOfNatNat (nat_lit 3))) Rat
                      Rat.instField)))))
            (@Ideal.instHasQuotient_1.{0} OAI.SevenEighths.HeckeFamily.O
              (@NumberField.instCommRingRingOfIntegers.{0} OAI.SevenEighths.HeckeFamily.K
                (@CyclotomicField.instField.{0} (@OfNat.ofNat.{0} Nat (nat_lit 3) (instOfNatNat (nat_lit 3))) Rat
                  Rat.instField)))
            M)
          (@Ideal.Quotient.semiring.{0} OAI.SevenEighths.HeckeFamily.O
            (@NumberField.instCommRingRingOfIntegers.{0} OAI.SevenEighths.HeckeFamily.K
              (@CyclotomicField.instField.{0} (@OfNat.ofNat.{0} Nat (nat_lit 3) (instOfNatNat (nat_lit 3))) Rat
                Rat.instField))
            M)))
      (@Units.instGroup.{0}
        (@HasQuotient.Quotient.{0, 0} OAI.SevenEighths.HeckeFamily.O
          (@Ideal.{0} OAI.SevenEighths.HeckeFamily.O
            (@CommSemiring.toSemiring.{0} OAI.SevenEighths.HeckeFamily.O
              (@CommRing.toCommSemiring.{0} OAI.SevenEighths.HeckeFamily.O
                (@NumberField.instCommRingRingOfIntegers.{0} OAI.SevenEighths.HeckeFamily.K
                  (@CyclotomicField.instField.{0} (@OfNat.ofNat.{0} Nat (nat_lit 3) (instOfNatNat (nat_lit 3))) Rat
                    Rat.instField)))))
          (@Ideal.instHasQuotient_1.{0} OAI.SevenEighths.HeckeFamily.O
            (@NumberField.instCommRingRingOfIntegers.{0} OAI.SevenEighths.HeckeFamily.K
              (@CyclotomicField.instField.{0} (@OfNat.ofNat.{0} Nat (nat_lit 3) (instOfNatNat (nat_lit 3))) Rat
                Rat.instField)))
          M)
        (@Semiring.toMonoid.{0}
          (@HasQuotient.Quotient.{0, 0} OAI.SevenEighths.HeckeFamily.O
            (@Ideal.{0} OAI.SevenEighths.HeckeFamily.O
              (@CommSemiring.toSemiring.{0} OAI.SevenEighths.HeckeFamily.O
                (@CommRing.toCommSemiring.{0} OAI.SevenEighths.HeckeFamily.O
                  (@NumberField.instCommRingRingOfIntegers.{0} OAI.SevenEighths.HeckeFamily.K
                    (@CyclotomicField.instField.{0} (@OfNat.ofNat.{0} Nat (nat_lit 3) (instOfNatNat (nat_lit 3))) Rat
                      Rat.instField)))))
            (@Ideal.instHasQuotient_1.{0} OAI.SevenEighths.HeckeFamily.O
              (@NumberField.instCommRingRingOfIntegers.{0} OAI.SevenEighths.HeckeFamily.K
                (@CyclotomicField.instField.{0} (@OfNat.ofNat.{0} Nat (nat_lit 3) (instOfNatNat (nat_lit 3))) Rat
                  Rat.instField)))
            M)
          (@Ideal.Quotient.semiring.{0} OAI.SevenEighths.HeckeFamily.O
            (@NumberField.instCommRingRingOfIntegers.{0} OAI.SevenEighths.HeckeFamily.K
              (@CyclotomicField.instField.{0} (@OfNat.ofNat.{0} Nat (nat_lit 3) (instOfNatNat (nat_lit 3))) Rat
                Rat.instField))
            M))))
  (hH :
    @LE.le.{0}
      (@Subgroup.{0}
        (@Units.{0}
          (@HasQuotient.Quotient.{0, 0} OAI.SevenEighths.HeckeFamily.O
            (@Ideal.{0} OAI.SevenEighths.HeckeFamily.O
              (@CommSemiring.toSemiring.{0} OAI.SevenEighths.HeckeFamily.O
                (@CommRing.toCommSemiring.{0} OAI.SevenEighths.HeckeFamily.O
                  (@NumberField.instCommRingRingOfIntegers.{0} OAI.SevenEighths.HeckeFamily.K
                    (@CyclotomicField.instField.{0} (@OfNat.ofNat.{0} Nat (nat_lit 3) (instOfNatNat (nat_lit 3))) Rat
                      Rat.instField)))))
            (@Ideal.instHasQuotient_1.{0} OAI.SevenEighths.HeckeFamily.O
              (@NumberField.instCommRingRingOfIntegers.{0} OAI.SevenEighths.HeckeFamily.K
                (@CyclotomicField.instField.{0} (@OfNat.ofNat.{0} Nat (nat_lit 3) (instOfNatNat (nat_lit 3))) Rat
                  Rat.instField)))
            M)
          (@Semiring.toMonoid.{0}
            (@HasQuotient.Quotient.{0, 0} OAI.SevenEighths.HeckeFamily.O
              (@Ideal.{0} OAI.SevenEighths.HeckeFamily.O
                (@CommSemiring.toSemiring.{0} OAI.SevenEighths.HeckeFamily.O
                  (@CommRing.toCommSemiring.{0} OAI.SevenEighths.HeckeFamily.O
                    (@NumberField.instCommRingRingOfIntegers.{0} OAI.SevenEighths.HeckeFamily.K
                      (@CyclotomicField.instField.{0} (@OfNat.ofNat.{0} Nat (nat_lit 3) (instOfNatNat (nat_lit 3))) Rat
                        Rat.instField)))))
              (@Ideal.instHasQuotient_1.{0} OAI.SevenEighths.HeckeFamily.O
                (@NumberField.instCommRingRingOfIntegers.{0} OAI.SevenEighths.HeckeFamily.K
                  (@CyclotomicField.instField.{0} (@OfNat.ofNat.{0} Nat (nat_lit 3) (instOfNatNat (nat_lit 3))) Rat
                    Rat.instField)))
              M)
            (@Ideal.Quotient.semiring.{0} OAI.SevenEighths.HeckeFamily.O
              (@NumberField.instCommRingRingOfIntegers.{0} OAI.SevenEighths.HeckeFamily.K
                (@CyclotomicField.instField.{0} (@OfNat.ofNat.{0} Nat (nat_lit 3) (instOfNatNat (nat_lit 3))) Rat
                  Rat.instField))
              M)))
        (@Units.instGroup.{0}
          (@HasQuotient.Quotient.{0, 0} OAI.SevenEighths.HeckeFamily.O
            (@Ideal.{0} OAI.SevenEighths.HeckeFamily.O
              (@CommSemiring.toSemiring.{0} OAI.SevenEighths.HeckeFamily.O
                (@CommRing.toCommSemiring.{0} OAI.SevenEighths.HeckeFamily.O
                  (@NumberField.instCommRingRingOfIntegers.{0} OAI.SevenEighths.HeckeFamily.K
                    (@CyclotomicField.instField.{0} (@OfNat.ofNat.{0} Nat (nat_lit 3) (instOfNatNat (nat_lit 3))) Rat
                      Rat.instField)))))
            (@Ideal.instHasQuotient_1.{0} OAI.SevenEighths.HeckeFamily.O
              (@NumberField.instCommRingRingOfIntegers.{0} OAI.SevenEighths.HeckeFamily.K
                (@CyclotomicField.instField.{0} (@OfNat.ofNat.{0} Nat (nat_lit 3) (instOfNatNat (nat_lit 3))) Rat
                  Rat.instField)))
            M)
          (@Semiring.toMonoid.{0}
            (@HasQuotient.Quotient.{0, 0} OAI.SevenEighths.HeckeFamily.O
              (@Ideal.{0} OAI.SevenEighths.HeckeFamily.O
                (@CommSemiring.toSemiring.{0} OAI.SevenEighths.HeckeFamily.O
                  (@CommRing.toCommSemiring.{0} OAI.SevenEighths.HeckeFamily.O
                    (@NumberField.instCommRingRingOfIntegers.{0} OAI.SevenEighths.HeckeFamily.K
                      (@CyclotomicField.instField.{0} (@OfNat.ofNat.{0} Nat (nat_lit 3) (instOfNatNat (nat_lit 3))) Rat
                        Rat.instField)))))
              (@Ideal.instHasQuotient_1.{0} OAI.SevenEighths.HeckeFamily.O
                (@NumberField.instCommRingRingOfIntegers.{0} OAI.SevenEighths.HeckeFamily.K
                  (@CyclotomicField.instField.{0} (@OfNat.ofNat.{0} Nat (nat_lit 3) (instOfNatNat (nat_lit 3))) Rat
                    Rat.instField)))
              M)
            (@Ideal.Quotient.semiring.{0} OAI.SevenEighths.HeckeFamily.O
              (@NumberField.instCommRingRingOfIntegers.{0} OAI.SevenEighths.HeckeFamily.K
                (@CyclotomicField.instField.{0} (@OfNat.ofNat.{0} Nat (nat_lit 3) (instOfNatNat (nat_lit 3))) Rat
                  Rat.instField))
              M))))
      (@Preorder.toLE.{0}
        (@Subgroup.{0}
          (@Units.{0}
            (@HasQuotient.Quotient.{0, 0} OAI.SevenEighths.HeckeFamily.O
              (@Ideal.{0} OAI.SevenEighths.HeckeFamily.O
                (@CommSemiring.toSemiring.{0} OAI.SevenEighths.HeckeFamily.O
                  (@CommRing.toCommSemiring.{0} OAI.SevenEighths.HeckeFamily.O
                    (@NumberField.instCommRingRingOfIntegers.{0} OAI.SevenEighths.HeckeFamily.K
                      (@CyclotomicField.instField.{0} (@OfNat.ofNat.{0} Nat (nat_lit 3) (instOfNatNat (nat_lit 3))) Rat
                        Rat.instField)))))
              (@Ideal.instHasQuotient_1.{0} OAI.SevenEighths.HeckeFamily.O
                (@NumberField.instCommRingRingOfIntegers.{0} OAI.SevenEighths.HeckeFamily.K
                  (@CyclotomicField.instField.{0} (@OfNat.ofNat.{0} Nat (nat_lit 3) (instOfNatNat (nat_lit 3))) Rat
                    Rat.instField)))
              M)
            (@Semiring.toMonoid.{0}
              (@HasQuotient.Quotient.{0, 0} OAI.SevenEighths.HeckeFamily.O
                (@Ideal.{0} OAI.SevenEighths.HeckeFamily.O
                  (@CommSemiring.toSemiring.{0} OAI.SevenEighths.HeckeFamily.O
                    (@CommRing.toCommSemiring.{0} OAI.SevenEighths.HeckeFamily.O
                      (@NumberField.instCommRingRingOfIntegers.{0} OAI.SevenEighths.HeckeFamily.K
                        (@CyclotomicField.instField.{0} (@OfNat.ofNat.{0} Nat (nat_lit 3) (instOfNatNat (nat_lit 3)))
                          Rat Rat.instField)))))
                (@Ideal.instHasQuotient_1.{0} OAI.SevenEighths.HeckeFamily.O
                  (@NumberField.instCommRingRingOfIntegers.{0} OAI.SevenEighths.HeckeFamily.K
                    (@CyclotomicField.instField.{0} (@OfNat.ofNat.{0} Nat (nat_lit 3) (instOfNatNat (nat_lit 3))) Rat
                      Rat.instField)))
                M)
              (@Ideal.Quotient.semiring.{0} OAI.SevenEighths.HeckeFamily.O
                (@NumberField.instCommRingRingOfIntegers.{0} OAI.SevenEighths.HeckeFamily.K
                  (@CyclotomicField.instField.{0} (@OfNat.ofNat.{0} Nat (nat_lit 3) (instOfNatNat (nat_lit 3))) Rat
                    Rat.instField))
                M)))
          (@Units.instGroup.{0}
            (@HasQuotient.Quotient.{0, 0} OAI.SevenEighths.HeckeFamily.O
              (@Ideal.{0} OAI.SevenEighths.HeckeFamily.O
                (@CommSemiring.toSemiring.{0} OAI.SevenEighths.HeckeFamily.O
                  (@CommRing.toCommSemiring.{0} OAI.SevenEighths.HeckeFamily.O
                    (@NumberField.instCommRingRingOfIntegers.{0} OAI.SevenEighths.HeckeFamily.K
                      (@CyclotomicField.instField.{0} (@OfNat.ofNat.{0} Nat (nat_lit 3) (instOfNatNat (nat_lit 3))) Rat
                        Rat.instField)))))
              (@Ideal.instHasQuotient_1.{0} OAI.SevenEighths.HeckeFamily.O
                (@NumberField.instCommRingRingOfIntegers.{0} OAI.SevenEighths.HeckeFamily.K
                  (@CyclotomicField.instField.{0} (@OfNat.ofNat.{0} Nat (nat_lit 3) (instOfNatNat (nat_lit 3))) Rat
                    Rat.instField)))
              M)
            (@Semiring.toMonoid.{0}
              (@HasQuotient.Quotient.{0, 0} OAI.SevenEighths.HeckeFamily.O
                (@Ideal.{0} OAI.SevenEighths.HeckeFamily.O
                  (@CommSemiring.toSemiring.{0} OAI.SevenEighths.HeckeFamily.O
                    (@CommRing.toCommSemiring.{0} OAI.SevenEighths.HeckeFamily.O
                      (@NumberField.instCommRingRingOfIntegers.{0} OAI.SevenEighths.HeckeFamily.K
                        (@CyclotomicField.instField.{0} (@OfNat.ofNat.{0} Nat (nat_lit 3) (instOfNatNat (nat_lit 3)))
                          Rat Rat.instField)))))
                (@Ideal.instHasQuotient_1.{0} OAI.SevenEighths.HeckeFamily.O
                  (@NumberField.instCommRingRingOfIntegers.{0} OAI.SevenEighths.HeckeFamily.K
                    (@CyclotomicField.instField.{0} (@OfNat.ofNat.{0} Nat (nat_lit 3) (instOfNatNat (nat_lit 3))) Rat
                      Rat.instField)))
                M)
              (@Ideal.Quotient.semiring.{0} OAI.SevenEighths.HeckeFamily.O
                (@NumberField.instCommRingRingOfIntegers.{0} OAI.SevenEighths.HeckeFamily.K
                  (@CyclotomicField.instField.{0} (@OfNat.ofNat.{0} Nat (nat_lit 3) (instOfNatNat (nat_lit 3))) Rat
                    Rat.instField))
                M))))
        (@PartialOrder.toPreorder.{0}
          (@Subgroup.{0}
            (@Units.{0}
              (@HasQuotient.Quotient.{0, 0} OAI.SevenEighths.HeckeFamily.O
                (@Ideal.{0} OAI.SevenEighths.HeckeFamily.O
                  (@CommSemiring.toSemiring.{0} OAI.SevenEighths.HeckeFamily.O
                    (@CommRing.toCommSemiring.{0} OAI.SevenEighths.HeckeFamily.O
                      (@NumberField.instCommRingRingOfIntegers.{0} OAI.SevenEighths.HeckeFamily.K
                        (@CyclotomicField.instField.{0} (@OfNat.ofNat.{0} Nat (nat_lit 3) (instOfNatNat (nat_lit 3)))
                          Rat Rat.instField)))))
                (@Ideal.instHasQuotient_1.{0} OAI.SevenEighths.HeckeFamily.O
                  (@NumberField.instCommRingRingOfIntegers.{0} OAI.SevenEighths.HeckeFamily.K
                    (@CyclotomicField.instField.{0} (@OfNat.ofNat.{0} Nat (nat_lit 3) (instOfNatNat (nat_lit 3))) Rat
                      Rat.instField)))
                M)
              (@Semiring.toMonoid.{0}
                (@HasQuotient.Quotient.{0, 0} OAI.SevenEighths.HeckeFamily.O
                  (@Ideal.{0} OAI.SevenEighths.HeckeFamily.O
                    (@CommSemiring.toSemiring.{0} OAI.SevenEighths.HeckeFamily.O
                      (@CommRing.toCommSemiring.{0} OAI.SevenEighths.HeckeFamily.O
                        (@NumberField.instCommRingRingOfIntegers.{0} OAI.SevenEighths.HeckeFamily.K
                          (@CyclotomicField.instField.{0} (@OfNat.ofNat.{0} Nat (nat_lit 3) (instOfNatNat (nat_lit 3)))
                            Rat Rat.instField)))))
                  (@Ideal.instHasQuotient_1.{0} OAI.SevenEighths.HeckeFamily.O
                    (@NumberField.instCommRingRingOfIntegers.{0} OAI.SevenEighths.HeckeFamily.K
                      (@CyclotomicField.instField.{0} (@OfNat.ofNat.{0} Nat (nat_lit 3) (instOfNatNat (nat_lit 3))) Rat
                        Rat.instField)))
                  M)
                (@Ideal.Quotient.semiring.{0} OAI.SevenEighths.HeckeFamily.O
                  (@NumberField.instCommRingRingOfIntegers.{0} OAI.SevenEighths.HeckeFamily.K
                    (@CyclotomicField.instField.{0} (@OfNat.ofNat.{0} Nat (nat_lit 3) (instOfNatNat (nat_lit 3))) Rat
                      Rat.instField))
                  M)))
            (@Units.instGroup.{0}
              (@HasQuotient.Quotient.{0, 0} OAI.SevenEighths.HeckeFamily.O
                (@Ideal.{0} OAI.SevenEighths.HeckeFamily.O
                  (@CommSemiring.toSemiring.{0} OAI.SevenEighths.HeckeFamily.O
                    (@CommRing.toCommSemiring.{0} OAI.SevenEighths.HeckeFamily.O
                      (@NumberField.instCommRingRingOfIntegers.{0} OAI.SevenEighths.HeckeFamily.K
                        (@CyclotomicField.instField.{0} (@OfNat.ofNat.{0} Nat (nat_lit 3) (instOfNatNat (nat_lit 3)))
                          Rat Rat.instField)))))
                (@Ideal.instHasQuotient_1.{0} OAI.SevenEighths.HeckeFamily.O
                  (@NumberField.instCommRingRingOfIntegers.{0} OAI.SevenEighths.HeckeFamily.K
                    (@CyclotomicField.instField.{0} (@OfNat.ofNat.{0} Nat (nat_lit 3) (instOfNatNat (nat_lit 3))) Rat
                      Rat.instField)))
                M)
              (@Semiring.toMonoid.{0}
                (@HasQuotient.Quotient.{0, 0} OAI.SevenEighths.HeckeFamily.O
                  (@Ideal.{0} OAI.SevenEighths.HeckeFamily.O
                    (@CommSemiring.toSemiring.{0} OAI.SevenEighths.HeckeFamily.O
                      (@CommRing.toCommSemiring.{0} OAI.SevenEighths.HeckeFamily.O
                        (@NumberField.instCommRingRingOfIntegers.{0} OAI.SevenEighths.HeckeFamily.K
                          (@CyclotomicField.instField.{0} (@OfNat.ofNat.{0} Nat (nat_lit 3) (instOfNatNat (nat_lit 3)))
                            Rat Rat.instField)))))
                  (@Ideal.instHasQuotient_1.{0} OAI.SevenEighths.HeckeFamily.O
                    (@NumberField.instCommRingRingOfIntegers.{0} OAI.SevenEighths.HeckeFamily.K
                      (@CyclotomicField.instField.{0} (@OfNat.ofNat.{0} Nat (nat_lit 3) (instOfNatNat (nat_lit 3))) Rat
                        Rat.instField)))
                  M)
                (@Ideal.Quotient.semiring.{0} OAI.SevenEighths.HeckeFamily.O
                  (@NumberField.instCommRingRingOfIntegers.{0} OAI.SevenEighths.HeckeFamily.K
                    (@CyclotomicField.instField.{0} (@OfNat.ofNat.{0} Nat (nat_lit 3) (instOfNatNat (nat_lit 3))) Rat
                      Rat.instField))
                  M))))
          (@Subgroup.instPartialOrder.{0}
            (@Units.{0}
              (@HasQuotient.Quotient.{0, 0} OAI.SevenEighths.HeckeFamily.O
                (@Ideal.{0} OAI.SevenEighths.HeckeFamily.O
                  (@CommSemiring.toSemiring.{0} OAI.SevenEighths.HeckeFamily.O
                    (@CommRing.toCommSemiring.{0} OAI.SevenEighths.HeckeFamily.O
                      (@NumberField.instCommRingRingOfIntegers.{0} OAI.SevenEighths.HeckeFamily.K
                        (@CyclotomicField.instField.{0} (@OfNat.ofNat.{0} Nat (nat_lit 3) (instOfNatNat (nat_lit 3)))
                          Rat Rat.instField)))))
                (@Ideal.instHasQuotient_1.{0} OAI.SevenEighths.HeckeFamily.O
                  (@NumberField.instCommRingRingOfIntegers.{0} OAI.SevenEighths.HeckeFamily.K
                    (@CyclotomicField.instField.{0} (@OfNat.ofNat.{0} Nat (nat_lit 3) (instOfNatNat (nat_lit 3))) Rat
                      Rat.instField)))
                M)
              (@Semiring.toMonoid.{0}
                (@HasQuotient.Quotient.{0, 0} OAI.SevenEighths.HeckeFamily.O
                  (@Ideal.{0} OAI.SevenEighths.HeckeFamily.O
                    (@CommSemiring.toSemiring.{0} OAI.SevenEighths.HeckeFamily.O
                      (@CommRing.toCommSemiring.{0} OAI.SevenEighths.HeckeFamily.O
                        (@NumberField.instCommRingRingOfIntegers.{0} OAI.SevenEighths.HeckeFamily.K
                          (@CyclotomicField.instField.{0} (@OfNat.ofNat.{0} Nat (nat_lit 3) (instOfNatNat (nat_lit 3)))
                            Rat Rat.instField)))))
                  (@Ideal.instHasQuotient_1.{0} OAI.SevenEighths.HeckeFamily.O
                    (@NumberField.instCommRingRingOfIntegers.{0} OAI.SevenEighths.HeckeFamily.K
                      (@CyclotomicField.instField.{0} (@OfNat.ofNat.{0} Nat (nat_lit 3) (instOfNatNat (nat_lit 3))) Rat
                        Rat.instField)))
                  M)
                (@Ideal.Quotient.semiring.{0} OAI.SevenEighths.HeckeFamily.O
                  (@NumberField.instCommRingRingOfIntegers.{0} OAI.SevenEighths.HeckeFamily.K
                    (@CyclotomicField.instField.{0} (@OfNat.ofNat.{0} Nat (nat_lit 3) (instOfNatNat (nat_lit 3))) Rat
                      Rat.instField))
                  M)))
            (@Units.instGroup.{0}
              (@HasQuotient.Quotient.{0, 0} OAI.SevenEighths.HeckeFamily.O
                (@Ideal.{0} OAI.SevenEighths.HeckeFamily.O
                  (@CommSemiring.toSemiring.{0} OAI.SevenEighths.HeckeFamily.O
                    (@CommRing.toCommSemiring.{0} OAI.SevenEighths.HeckeFamily.O
                      (@NumberField.instCommRingRingOfIntegers.{0} OAI.SevenEighths.HeckeFamily.K
                        (@CyclotomicField.instField.{0} (@OfNat.ofNat.{0} Nat (nat_lit 3) (instOfNatNat (nat_lit 3)))
                          Rat Rat.instField)))))
                (@Ideal.instHasQuotient_1.{0} OAI.SevenEighths.HeckeFamily.O
                  (@NumberField.instCommRingRingOfIntegers.{0} OAI.SevenEighths.HeckeFamily.K
                    (@CyclotomicField.instField.{0} (@OfNat.ofNat.{0} Nat (nat_lit 3) (instOfNatNat (nat_lit 3))) Rat
                      Rat.instField)))
                M)
              (@Semiring.toMonoid.{0}
                (@HasQuotient.Quotient.{0, 0} OAI.SevenEighths.HeckeFamily.O
                  (@Ideal.{0} OAI.SevenEighths.HeckeFamily.O
                    (@CommSemiring.toSemiring.{0} OAI.SevenEighths.HeckeFamily.O
                      (@CommRing.toCommSemiring.{0} OAI.SevenEighths.HeckeFamily.O
                        (@NumberField.instCommRingRingOfIntegers.{0} OAI.SevenEighths.HeckeFamily.K
                          (@CyclotomicField.instField.{0} (@OfNat.ofNat.{0} Nat (nat_lit 3) (instOfNatNat (nat_lit 3)))
                            Rat Rat.instField)))))
                  (@Ideal.instHasQuotient_1.{0} OAI.SevenEighths.HeckeFamily.O
                    (@NumberField.instCommRingRingOfIntegers.{0} OAI.SevenEighths.HeckeFamily.K
                      (@CyclotomicField.instField.{0} (@OfNat.ofNat.{0} Nat (nat_lit 3) (instOfNatNat (nat_lit 3))) Rat
                        Rat.instField)))
                  M)
                (@Ideal.Quotient.semiring.{0} OAI.SevenEighths.HeckeFamily.O
                  (@NumberField.instCommRingRingOfIntegers.{0} OAI.SevenEighths.HeckeFamily.K
                    (@CyclotomicField.instField.{0} (@OfNat.ofNat.{0} Nat (nat_lit 3) (instOfNatNat (nat_lit 3))) Rat
                      Rat.instField))
                  M))))))
      (@OAI.SevenEighths.RayOrthogonality.globalUnits.{0} OAI.SevenEighths.HeckeFamily.O
        (@NumberField.instCommRingRingOfIntegers.{0} OAI.SevenEighths.HeckeFamily.K
          (@CyclotomicField.instField.{0} (@OfNat.ofNat.{0} Nat (nat_lit 3) (instOfNatNat (nat_lit 3))) Rat
            Rat.instField))
        M)
      H)
  (W : Real → Complex) (aslot bslot a b radial Bmask L lo hi Mcap κ ε : Real)
  (haslot :
    @LT.lt.{0} Real Real.instLT (@OfNat.ofNat.{0} Real (nat_lit 0) (@Zero.toOfNat0.{0} Real Real.instZero)) aslot)
  (hWs :
    @LE.le.{0} (Set.{0} Real) (@Set.instLE.{0} Real) (@Function.support.{0, 0} Real Complex Complex.instZero W)
      (@Set.Icc.{0} Real Real.instPreorder aslot bslot))
  (hW :
    @ContDiff.{0, 0, 0} Real (@DenselyNormedField.toNontriviallyNormedField.{0} Real Real.denselyNormedField) Real
      Real.normedAddCommGroup
      (@InnerProductSpace.toNormedSpace.{0, 0} Real Real Real.instRCLike
        (@NormedAddCommGroup.toSeminormedAddCommGroup.{0} Real Real.normedAddCommGroup)
        (@RCLike.toInnerProductSpaceReal.{0} Real Real.instRCLike))
      Complex Complex.instNormedAddCommGroup
      (@InnerProductSpace.toNormedSpace.{0, 0} Real Complex Real.instRCLike
        (@NormedAddCommGroup.toSeminormedAddCommGroup.{0} Complex Complex.instNormedAddCommGroup)
        instInnerProductSpaceRealComplex)
      (@WithTop.some.{0} ENat (@Top.top.{0} ENat instTopENat)) W)
  (hbslot :
    @LE.le.{0} Real Real.instLE (@OfNat.ofNat.{0} Real (nat_lit 0) (@Zero.toOfNat0.{0} Real Real.instZero)) bslot)
  (ha : @LT.lt.{0} Real Real.instLT (@OfNat.ofNat.{0} Real (nat_lit 0) (@Zero.toOfNat0.{0} Real Real.instZero)) a)
  (haUpper :
    @LE.le.{0} Real Real.instLE a
      (@HDiv.hDiv.{0, 0, 0} Real Real Real (@instHDiv.{0} Real (@DivInvMonoid.toDiv.{0} Real Real.instDivInvMonoid))
        (@OfNat.ofNat.{0} Real (nat_lit 1) (@One.toOfNat1.{0} Real Real.instOne))
        (@OfNat.ofNat.{0} Real (nat_lit 4)
          (@instOfNatAtLeastTwo.{0} Real (nat_lit 4) Real.instNatCast
            (@Nat.instAtLeastTwoHAddOfNat (@OfNat.ofNat.{0} Nat (nat_lit 3) (instOfNatNat (nat_lit 3)))
              (@Nat.instNeZeroSucc (@OfNat.ofNat.{0} Nat (nat_lit 2) (instOfNatNat (nat_lit 2)))))))))
  (hb : @LE.le.{0} Real Real.instLE (@OfNat.ofNat.{0} Real (nat_lit 1) (@One.toOfNat1.{0} Real Real.instOne)) b)
  (hrad :
    @LT.lt.{0} Real Real.instLT (@OfNat.ofNat.{0} Real (nat_lit 0) (@Zero.toOfNat0.{0} Real Real.instZero)) radial)
  (hmask :
    @LE.le.{0} Real Real.instLE (@OfNat.ofNat.{0} Real (nat_lit 0) (@Zero.toOfNat0.{0} Real Real.instZero)) Bmask)
  (hMcap : @LT.lt.{0} Real Real.instLT (@OfNat.ofNat.{0} Real (nat_lit 0) (@Zero.toOfNat0.{0} Real Real.instZero)) Mcap)
  (hκ0 :
    @LE.le.{0} Real Real.instLE
      (@HDiv.hDiv.{0, 0, 0} Real Real Real (@instHDiv.{0} Real (@DivInvMonoid.toDiv.{0} Real Real.instDivInvMonoid))
        (@OfNat.ofNat.{0} Real (nat_lit 37)
          (@instOfNatAtLeastTwo.{0} Real (nat_lit 37) Real.instNatCast
            (@Nat.instAtLeastTwoHAddOfNat (@OfNat.ofNat.{0} Nat (nat_lit 36) (instOfNatNat (nat_lit 36)))
              (@Nat.instNeZeroSucc (@OfNat.ofNat.{0} Nat (nat_lit 35) (instOfNatNat (nat_lit 35)))))))
        (@OfNat.ofNat.{0} Real (nat_lit 50)
          (@instOfNatAtLeastTwo.{0} Real (nat_lit 50) Real.instNatCast
            (@Nat.instAtLeastTwoHAddOfNat (@OfNat.ofNat.{0} Nat (nat_lit 49) (instOfNatNat (nat_lit 49)))
              (@Nat.instNeZeroSucc (@OfNat.ofNat.{0} Nat (nat_lit 48) (instOfNatNat (nat_lit 48))))))))
      κ)
  (hε : @LT.lt.{0} Real Real.instLT (@OfNat.ofNat.{0} Real (nat_lit 0) (@Zero.toOfNat0.{0} Real Real.instZero)) ε)
  (hbeta :
    @LE.le.{0} Real Real.instLE
      (@HDiv.hDiv.{0, 0, 0} Real Real Real (@instHDiv.{0} Real (@DivInvMonoid.toDiv.{0} Real Real.instDivInvMonoid))
        (@OfNat.ofNat.{0} Real (nat_lit 51)
          (@instOfNatAtLeastTwo.{0} Real (nat_lit 51) Real.instNatCast
            (@Nat.instAtLeastTwoHAddOfNat (@OfNat.ofNat.{0} Nat (nat_lit 50) (instOfNatNat (nat_lit 50)))
              (@Nat.instNeZeroSucc (@OfNat.ofNat.{0} Nat (nat_lit 49) (instOfNatNat (nat_lit 49)))))))
        (@OfNat.ofNat.{0} Real (nat_lit 100)
          (@instOfNatAtLeastTwo.{0} Real (nat_lit 100) Real.instNatCast
            (@Nat.instAtLeastTwoHAddOfNat (@OfNat.ofNat.{0} Nat (nat_lit 99) (instOfNatNat (nat_lit 99)))
              (@Nat.instNeZeroSucc (@OfNat.ofNat.{0} Nat (nat_lit 98) (instOfNatNat (nat_lit 98))))))))
      OAI.SevenEighths.HeckeZeroSupremum.beta)
  (hκ :
    @LE.le.{0} Real Real.instLE
      (@HSub.hSub.{0, 0, 0} Real Real Real (@instHSub.{0} Real Real.instSub)
        (@HMul.hMul.{0, 0, 0} Real Real Real (@instHMul.{0} Real Real.instMul)
          (@OfNat.ofNat.{0} Real (nat_lit 2)
            (@instOfNatAtLeastTwo.{0} Real (nat_lit 2) Real.instNatCast
              (@Nat.instAtLeastTwoHAddOfNat (@OfNat.ofNat.{0} Nat (nat_lit 1) (instOfNatNat (nat_lit 1)))
                (@Nat.instNeZeroSucc (@OfNat.ofNat.{0} Nat (nat_lit 0) (instOfNatNat (nat_lit 0)))))))
          OAI.SevenEighths.HeckeZeroSupremum.beta)
        (@OfNat.ofNat.{0} Real (nat_lit 1) (@One.toOfNat1.{0} Real Real.instOne)))
      κ),
  @Exists.{1} Nat fun (degree : Nat) =>
    @Exists.{1} (Finset.{0} (Prod.{0, 0} Nat Nat)) fun (S : Finset.{0} (Prod.{0, 0} Nat Nat)) =>
      ∀ (η₀ : OAI.SevenEighths.HeckeFamily.Character)
        (Q :
          @Ideal.{0} OAI.SevenEighths.HeckeFamily.O
            (@CommSemiring.toSemiring.{0} OAI.SevenEighths.HeckeFamily.O
              (@CommRing.toCommSemiring.{0} OAI.SevenEighths.HeckeFamily.O
                (@NumberField.instCommRingRingOfIntegers.{0} OAI.SevenEighths.HeckeFamily.K
                  (@CyclotomicField.instField.{0} (@OfNat.ofNat.{0} Nat (nat_lit 3) (instOfNatNat (nat_lit 3))) Rat
                    Rat.instField))))),
        @LE.le.{0}
            (@Ideal.{0} OAI.SevenEighths.HeckeFamily.O
              (@CommSemiring.toSemiring.{0} OAI.SevenEighths.HeckeFamily.O
                (@CommRing.toCommSemiring.{0} OAI.SevenEighths.HeckeFamily.O
                  (@NumberField.instCommRingRingOfIntegers.{0} OAI.SevenEighths.HeckeFamily.K
                    (@CyclotomicField.instField.{0} (@OfNat.ofNat.{0} Nat (nat_lit 3) (instOfNatNat (nat_lit 3))) Rat
                      Rat.instField)))))
            (@Preorder.toLE.{0}
              (@Ideal.{0} OAI.SevenEighths.HeckeFamily.O
                (@CommSemiring.toSemiring.{0} OAI.SevenEighths.HeckeFamily.O
                  (@CommRing.toCommSemiring.{0} OAI.SevenEighths.HeckeFamily.O
                    (@NumberField.instCommRingRingOfIntegers.{0} OAI.SevenEighths.HeckeFamily.K
                      (@CyclotomicField.instField.{0} (@OfNat.ofNat.{0} Nat (nat_lit 3) (instOfNatNat (nat_lit 3))) Rat
                        Rat.instField)))))
              (@PartialOrder.toPreorder.{0}
                (@Ideal.{0} OAI.SevenEighths.HeckeFamily.O
                  (@CommSemiring.toSemiring.{0} OAI.SevenEighths.HeckeFamily.O
                    (@CommRing.toCommSemiring.{0} OAI.SevenEighths.HeckeFamily.O
                      (@NumberField.instCommRingRingOfIntegers.{0} OAI.SevenEighths.HeckeFamily.K
                        (@CyclotomicField.instField.{0} (@OfNat.ofNat.{0} Nat (nat_lit 3) (instOfNatNat (nat_lit 3)))
                          Rat Rat.instField)))))
                (@Submodule.instPartialOrder.{0, 0} OAI.SevenEighths.HeckeFamily.O OAI.SevenEighths.HeckeFamily.O
                  (@CommSemiring.toSemiring.{0} OAI.SevenEighths.HeckeFamily.O
                    (@CommRing.toCommSemiring.{0} OAI.SevenEighths.HeckeFamily.O
                      (@NumberField.instCommRingRingOfIntegers.{0} OAI.SevenEighths.HeckeFamily.K
                        (@CyclotomicField.instField.{0} (@OfNat.ofNat.{0} Nat (nat_lit 3) (instOfNatNat (nat_lit 3)))
                          Rat Rat.instField))))
                  (@Semiring.toAddCommMonoid.{0} OAI.SevenEighths.HeckeFamily.O
                    (@CommSemiring.toSemiring.{0} OAI.SevenEighths.HeckeFamily.O
                      (@CommRing.toCommSemiring.{0} OAI.SevenEighths.HeckeFamily.O
                        (@NumberField.instCommRingRingOfIntegers.{0} OAI.SevenEighths.HeckeFamily.K
                          (@CyclotomicField.instField.{0} (@OfNat.ofNat.{0} Nat (nat_lit 3) (instOfNatNat (nat_lit 3)))
                            Rat Rat.instField)))))
                  (@Semiring.toModule.{0} OAI.SevenEighths.HeckeFamily.O
                    (@CommSemiring.toSemiring.{0} OAI.SevenEighths.HeckeFamily.O
                      (@CommRing.toCommSemiring.{0} OAI.SevenEighths.HeckeFamily.O
                        (@NumberField.instCommRingRingOfIntegers.{0} OAI.SevenEighths.HeckeFamily.K
                          (@CyclotomicField.instField.{0} (@OfNat.ofNat.{0} Nat (nat_lit 3) (instOfNatNat (nat_lit 3)))
                            Rat Rat.instField))))))))
            Q M →
          @Ne.{1}
              (@Ideal.{0} OAI.SevenEighths.HeckeFamily.O
                (@CommSemiring.toSemiring.{0} OAI.SevenEighths.HeckeFamily.O
                  (@CommRing.toCommSemiring.{0} OAI.SevenEighths.HeckeFamily.O
                    (@NumberField.instCommRingRingOfIntegers.{0} OAI.SevenEighths.HeckeFamily.K
                      (@CyclotomicField.instField.{0} (@OfNat.ofNat.{0} Nat (nat_lit 3) (instOfNatNat (nat_lit 3))) Rat
                        Rat.instField)))))
              (OAI.SevenEighths.CenteredMomentNaturalFixedRaySource.internalQ Q η₀)
              (@OfNat.ofNat.{0}
                (@Ideal.{0} OAI.SevenEighths.HeckeFamily.O
                  (@CommSemiring.toSemiring.{0} OAI.SevenEighths.HeckeFamily.O
                    (@CommRing.toCommSemiring.{0} OAI.SevenEighths.HeckeFamily.O
                      (@NumberField.instCommRingRingOfIntegers.{0} OAI.SevenEighths.HeckeFamily.K
                        (@CyclotomicField.instField.{0} (@OfNat.ofNat.{0} Nat (nat_lit 3) (instOfNatNat (nat_lit 3)))
                          Rat Rat.instField)))))
                (nat_lit 0)
                (@Zero.toOfNat0.{0}
                  (@Ideal.{0} OAI.SevenEighths.HeckeFamily.O
                    (@CommSemiring.toSemiring.{0} OAI.SevenEighths.HeckeFamily.O
                      (@CommRing.toCommSemiring.{0} OAI.SevenEighths.HeckeFamily.O
                        (@NumberField.instCommRingRingOfIntegers.{0} OAI.SevenEighths.HeckeFamily.K
                          (@CyclotomicField.instField.{0} (@OfNat.ofNat.{0} Nat (nat_lit 3) (instOfNatNat (nat_lit 3)))
                            Rat Rat.instField)))))
                  (@Submodule.pointwiseZero.{0, 0} OAI.SevenEighths.HeckeFamily.O OAI.SevenEighths.HeckeFamily.O
                    (@CommSemiring.toSemiring.{0} OAI.SevenEighths.HeckeFamily.O
                      (@CommRing.toCommSemiring.{0} OAI.SevenEighths.HeckeFamily.O
                        (@NumberField.instCommRingRingOfIntegers.{0} OAI.SevenEighths.HeckeFamily.K
                          (@CyclotomicField.instField.{0} (@OfNat.ofNat.{0} Nat (nat_lit 3) (instOfNatNat (nat_lit 3)))
                            Rat Rat.instField))))
                    (@Semiring.toAddCommMonoid.{0} OAI.SevenEighths.HeckeFamily.O
                      (@CommSemiring.toSemiring.{0} OAI.SevenEighths.HeckeFamily.O
                        (@CommRing.toCommSemiring.{0} OAI.SevenEighths.HeckeFamily.O
                          (@NumberField.instCommRingRingOfIntegers.{0} OAI.SevenEighths.HeckeFamily.K
                            (@CyclotomicField.instField.{0}
                              (@OfNat.ofNat.{0} Nat (nat_lit 3) (instOfNatNat (nat_lit 3))) Rat Rat.instField)))))
                    (@Semiring.toModule.{0} OAI.SevenEighths.HeckeFamily.O
                      (@CommSemiring.toSemiring.{0} OAI.SevenEighths.HeckeFamily.O
                        (@CommRing.toCommSemiring.{0} OAI.SevenEighths.HeckeFamily.O
                          (@NumberField.instCommRingRingOfIntegers.{0} OAI.SevenEighths.HeckeFamily.K
                            (@CyclotomicField.instField.{0}
                              (@OfNat.ofNat.{0} Nat (nat_lit 3) (instOfNatNat (nat_lit 3))) Rat Rat.instField)))))))) →
            @Ne.{1}
                (@Ideal.{0} OAI.SevenEighths.HeckeFamily.O
                  (@CommSemiring.toSemiring.{0} OAI.SevenEighths.HeckeFamily.O
                    (@CommRing.toCommSemiring.{0} OAI.SevenEighths.HeckeFamily.O
                      (@NumberField.instCommRingRingOfIntegers.{0} OAI.SevenEighths.HeckeFamily.K
                        (@CyclotomicField.instField.{0} (@OfNat.ofNat.{0} Nat (nat_lit 3) (instOfNatNat (nat_lit 3)))
                          Rat Rat.instField)))))
                (OAI.SevenEighths.CenteredMomentNaturalFixedRaySource.internalQ Q η₀)
                (@Top.top.{0}
                  (@Ideal.{0} OAI.SevenEighths.HeckeFamily.O
                    (@CommSemiring.toSemiring.{0} OAI.SevenEighths.HeckeFamily.O
                      (@CommRing.toCommSemiring.{0} OAI.SevenEighths.HeckeFamily.O
                        (@NumberField.instCommRingRingOfIntegers.{0} OAI.SevenEighths.HeckeFamily.K
                          (@CyclotomicField.instField.{0} (@OfNat.ofNat.{0} Nat (nat_lit 3) (instOfNatNat (nat_lit 3)))
                            Rat Rat.instField)))))
                  (@Submodule.instTop.{0, 0} OAI.SevenEighths.HeckeFamily.O OAI.SevenEighths.HeckeFamily.O
                    (@CommSemiring.toSemiring.{0} OAI.SevenEighths.HeckeFamily.O
                      (@CommRing.toCommSemiring.{0} OAI.SevenEighths.HeckeFamily.O
                        (@NumberField.instCommRingRingOfIntegers.{0} OAI.SevenEighths.HeckeFamily.K
                          (@CyclotomicField.instField.{0} (@OfNat.ofNat.{0} Nat (nat_lit 3) (instOfNatNat (nat_lit 3)))
                            Rat Rat.instField))))
                    (@Semiring.toAddCommMonoid.{0} OAI.SevenEighths.HeckeFamily.O
                      (@CommSemiring.toSemiring.{0} OAI.SevenEighths.HeckeFamily.O
                        (@CommRing.toCommSemiring.{0} OAI.SevenEighths.HeckeFamily.O
                          (@NumberField.instCommRingRingOfIntegers.{0} OAI.SevenEighths.HeckeFamily.K
                            (@CyclotomicField.instField.{0}
                              (@OfNat.ofNat.{0} Nat (nat_lit 3) (instOfNatNat (nat_lit 3))) Rat Rat.instField)))))
                    (@Semiring.toModule.{0} OAI.SevenEighths.HeckeFamily.O
                      (@CommSemiring.toSemiring.{0} OAI.SevenEighths.HeckeFamily.O
                        (@CommRing.toCommSemiring.{0} OAI.SevenEighths.HeckeFamily.O
                          (@NumberField.instCommRingRingOfIntegers.{0} OAI.SevenEighths.HeckeFamily.K
                            (@CyclotomicField.instField.{0}
                              (@OfNat.ofNat.{0} Nat (nat_lit 3) (instOfNatNat (nat_lit 3))) Rat Rat.instField))))))) →
              @LE.le.{0}
                  (@Ideal.{0} OAI.SevenEighths.HeckeFamily.O
                    (@CommSemiring.toSemiring.{0} OAI.SevenEighths.HeckeFamily.O
                      (@CommRing.toCommSemiring.{0} OAI.SevenEighths.HeckeFamily.O
                        (@NumberField.instCommRingRingOfIntegers.{0} OAI.SevenEighths.HeckeFamily.K
                          (@CyclotomicField.instField.{0} (@OfNat.ofNat.{0} Nat (nat_lit 3) (instOfNatNat (nat_lit 3)))
                            Rat Rat.instField)))))
                  (@Preorder.toLE.{0}
                    (@Ideal.{0} OAI.SevenEighths.HeckeFamily.O
                      (@CommSemiring.toSemiring.{0} OAI.SevenEighths.HeckeFamily.O
                        (@CommRing.toCommSemiring.{0} OAI.SevenEighths.HeckeFamily.O
                          (@NumberField.instCommRingRingOfIntegers.{0} OAI.SevenEighths.HeckeFamily.K
                            (@CyclotomicField.instField.{0}
                              (@OfNat.ofNat.{0} Nat (nat_lit 3) (instOfNatNat (nat_lit 3))) Rat Rat.instField)))))
                    (@PartialOrder.toPreorder.{0}
                      (@Ideal.{0} OAI.SevenEighths.HeckeFamily.O
                        (@CommSemiring.toSemiring.{0} OAI.SevenEighths.HeckeFamily.O
                          (@CommRing.toCommSemiring.{0} OAI.SevenEighths.HeckeFamily.O
                            (@NumberField.instCommRingRingOfIntegers.{0} OAI.SevenEighths.HeckeFamily.K
                              (@CyclotomicField.instField.{0}
                                (@OfNat.ofNat.{0} Nat (nat_lit 3) (instOfNatNat (nat_lit 3))) Rat Rat.instField)))))
                      (@Submodule.instPartialOrder.{0, 0} OAI.SevenEighths.HeckeFamily.O OAI.SevenEighths.HeckeFamily.O
                        (@CommSemiring.toSemiring.{0} OAI.SevenEighths.HeckeFamily.O
                          (@CommRing.toCommSemiring.{0} OAI.SevenEighths.HeckeFamily.O
                            (@NumberField.instCommRingRingOfIntegers.{0} OAI.SevenEighths.HeckeFamily.K
                              (@CyclotomicField.instField.{0}
                                (@OfNat.ofNat.{0} Nat (nat_lit 3) (instOfNatNat (nat_lit 3))) Rat Rat.instField))))
                        (@Semiring.toAddCommMonoid.{0} OAI.SevenEighths.HeckeFamily.O
                          (@CommSemiring.toSemiring.{0} OAI.SevenEighths.HeckeFamily.O
                            (@CommRing.toCommSemiring.{0} OAI.SevenEighths.HeckeFamily.O
                              (@NumberField.instCommRingRingOfIntegers.{0} OAI.SevenEighths.HeckeFamily.K
                                (@CyclotomicField.instField.{0}
                                  (@OfNat.ofNat.{0} Nat (nat_lit 3) (instOfNatNat (nat_lit 3))) Rat Rat.instField)))))
                        (@Semiring.toModule.{0} OAI.SevenEighths.HeckeFamily.O
                          (@CommSemiring.toSemiring.{0} OAI.SevenEighths.HeckeFamily.O
                            (@CommRing.toCommSemiring.{0} OAI.SevenEighths.HeckeFamily.O
                              (@NumberField.instCommRingRingOfIntegers.{0} OAI.SevenEighths.HeckeFamily.K
                                (@CyclotomicField.instField.{0}
                                  (@OfNat.ofNat.{0} Nat (nat_lit 3) (instOfNatNat (nat_lit 3))) Rat
                                  Rat.instField))))))))
                  (OAI.SevenEighths.CenteredMomentNaturalFixedRaySource.internalQ Q η₀)
                  (@Ideal.span.{0} OAI.SevenEighths.HeckeFamily.O
                    (@CommSemiring.toSemiring.{0} OAI.SevenEighths.HeckeFamily.O
                      (@CommRing.toCommSemiring.{0} OAI.SevenEighths.HeckeFamily.O
                        (@NumberField.instCommRingRingOfIntegers.{0} OAI.SevenEighths.HeckeFamily.K
                          (@CyclotomicField.instField.{0} (@OfNat.ofNat.{0} Nat (nat_lit 3) (instOfNatNat (nat_lit 3)))
                            Rat Rat.instField))))
                    (@Singleton.singleton.{0, 0} OAI.SevenEighths.HeckeFamily.O (Set.{0} OAI.SevenEighths.HeckeFamily.O)
                      (@Set.instSingletonSet.{0} OAI.SevenEighths.HeckeFamily.O)
                      (@OfNat.ofNat.{0} OAI.SevenEighths.HeckeFamily.O (nat_lit 72)
                        (@instOfNatAtLeastTwo.{0} OAI.SevenEighths.HeckeFamily.O (nat_lit 72)
                          (@AddMonoidWithOne.toNatCast.{0} OAI.SevenEighths.HeckeFamily.O
                            (@AddGroupWithOne.toAddMonoidWithOne.{0} OAI.SevenEighths.HeckeFamily.O
                              (@Ring.toAddGroupWithOne.{0} OAI.SevenEighths.HeckeFamily.O
                                (@CommRing.toRing.{0} OAI.SevenEighths.HeckeFamily.O
                                  (@NumberField.instCommRingRingOfIntegers.{0} OAI.SevenEighths.HeckeFamily.K
                                    (@CyclotomicField.instField.{0}
                                      (@OfNat.ofNat.{0} Nat (nat_lit 3) (instOfNatNat (nat_lit 3))) Rat
                                      Rat.instField))))))
                          (@Nat.instAtLeastTwoHAddOfNat (@OfNat.ofNat.{0} Nat (nat_lit 71) (instOfNatNat (nat_lit 71)))
                            (@Nat.instNeZeroSucc (@OfNat.ofNat.{0} Nat (nat_lit 70) (instOfNatNat (nat_lit 70))))))))) →
                @Exists.{1} Real fun (C : Real) =>
                  And
                    (@LT.lt.{0} Real Real.instLT
                      (@OfNat.ofNat.{0} Real (nat_lit 0) (@Zero.toOfNat0.{0} Real Real.instZero)) C)
                    (@Filter.Eventually.{0} Real
                      (fun (Z : Real) =>
                        And
                          (@LT.lt.{0} Real Real.instLT
                            (@OfNat.ofNat.{0} Real (nat_lit 1) (@One.toOfNat1.{0} Real Real.instOne)) Z)
                          (@OAI.SevenEighths.CenteredMomentEnergyBands.PositiveAt.{u_1} Slot M inst H hH W bslot a b
                            radial Bmask L (OAI.SevenEighths.CenteredMomentEnergyWidthRanges.fineMesh Mcap Bmask L κ ε)
                            lo hi Mcap ε κ Z η₀ Q degree S C))
                      (@Filter.atTop.{0} Real Real.instPreorder))
'OAI.SevenEighths.UniformDegreePositiveAtLowKappa.exists_degree_before_character_positiveAt' depends on axioms: [propext,
 Classical.choice,
 Quot.sound]
OAI.SevenEighths.EventualFiniteSourcePlainMarkedLowKappa.eventually_finite_source_plain_marked.{u_1,
  u_2} : ∀
  (M :
    @Ideal.{0} OAI.SevenEighths.HeckeFamily.O
      (@CommSemiring.toSemiring.{0} OAI.SevenEighths.HeckeFamily.O
        (@CommRing.toCommSemiring.{0} OAI.SevenEighths.HeckeFamily.O
          (@NumberField.instCommRingRingOfIntegers.{0} OAI.SevenEighths.HeckeFamily.K
            (@CyclotomicField.instField.{0} (@OfNat.ofNat.{0} Nat (nat_lit 3) (instOfNatNat (nat_lit 3))) Rat
              Rat.instField)))))
  [@NeZero.{0}
      (@Ideal.{0} OAI.SevenEighths.HeckeFamily.O
        (@CommSemiring.toSemiring.{0} OAI.SevenEighths.HeckeFamily.O
          (@CommRing.toCommSemiring.{0} OAI.SevenEighths.HeckeFamily.O
            (@NumberField.instCommRingRingOfIntegers.{0} OAI.SevenEighths.HeckeFamily.K
              (@CyclotomicField.instField.{0} (@OfNat.ofNat.{0} Nat (nat_lit 3) (instOfNatNat (nat_lit 3))) Rat
                Rat.instField)))))
      (@Submodule.pointwiseZero.{0, 0} OAI.SevenEighths.HeckeFamily.O OAI.SevenEighths.HeckeFamily.O
        (@CommSemiring.toSemiring.{0} OAI.SevenEighths.HeckeFamily.O
          (@CommRing.toCommSemiring.{0} OAI.SevenEighths.HeckeFamily.O
            (@NumberField.instCommRingRingOfIntegers.{0} OAI.SevenEighths.HeckeFamily.K
              (@CyclotomicField.instField.{0} (@OfNat.ofNat.{0} Nat (nat_lit 3) (instOfNatNat (nat_lit 3))) Rat
                Rat.instField))))
        (@Semiring.toAddCommMonoid.{0} OAI.SevenEighths.HeckeFamily.O
          (@CommSemiring.toSemiring.{0} OAI.SevenEighths.HeckeFamily.O
            (@CommRing.toCommSemiring.{0} OAI.SevenEighths.HeckeFamily.O
              (@NumberField.instCommRingRingOfIntegers.{0} OAI.SevenEighths.HeckeFamily.K
                (@CyclotomicField.instField.{0} (@OfNat.ofNat.{0} Nat (nat_lit 3) (instOfNatNat (nat_lit 3))) Rat
                  Rat.instField)))))
        (@Semiring.toModule.{0} OAI.SevenEighths.HeckeFamily.O
          (@CommSemiring.toSemiring.{0} OAI.SevenEighths.HeckeFamily.O
            (@CommRing.toCommSemiring.{0} OAI.SevenEighths.HeckeFamily.O
              (@NumberField.instCommRingRingOfIntegers.{0} OAI.SevenEighths.HeckeFamily.K
                (@CyclotomicField.instField.{0} (@OfNat.ofNat.{0} Nat (nat_lit 3) (instOfNatNat (nat_lit 3))) Rat
                  Rat.instField))))))
      M]
  (H :
    @Subgroup.{0}
      (@Units.{0}
        (@HasQuotient.Quotient.{0, 0} OAI.SevenEighths.HeckeFamily.O
          (@Ideal.{0} OAI.SevenEighths.HeckeFamily.O
            (@CommSemiring.toSemiring.{0} OAI.SevenEighths.HeckeFamily.O
              (@CommRing.toCommSemiring.{0} OAI.SevenEighths.HeckeFamily.O
                (@NumberField.instCommRingRingOfIntegers.{0} OAI.SevenEighths.HeckeFamily.K
                  (@CyclotomicField.instField.{0} (@OfNat.ofNat.{0} Nat (nat_lit 3) (instOfNatNat (nat_lit 3))) Rat
                    Rat.instField)))))
          (@Ideal.instHasQuotient_1.{0} OAI.SevenEighths.HeckeFamily.O
            (@NumberField.instCommRingRingOfIntegers.{0} OAI.SevenEighths.HeckeFamily.K
              (@CyclotomicField.instField.{0} (@OfNat.ofNat.{0} Nat (nat_lit 3) (instOfNatNat (nat_lit 3))) Rat
                Rat.instField)))
          M)
        (@Semiring.toMonoid.{0}
          (@HasQuotient.Quotient.{0, 0} OAI.SevenEighths.HeckeFamily.O
            (@Ideal.{0} OAI.SevenEighths.HeckeFamily.O
              (@CommSemiring.toSemiring.{0} OAI.SevenEighths.HeckeFamily.O
                (@CommRing.toCommSemiring.{0} OAI.SevenEighths.HeckeFamily.O
                  (@NumberField.instCommRingRingOfIntegers.{0} OAI.SevenEighths.HeckeFamily.K
                    (@CyclotomicField.instField.{0} (@OfNat.ofNat.{0} Nat (nat_lit 3) (instOfNatNat (nat_lit 3))) Rat
                      Rat.instField)))))
            (@Ideal.instHasQuotient_1.{0} OAI.SevenEighths.HeckeFamily.O
              (@NumberField.instCommRingRingOfIntegers.{0} OAI.SevenEighths.HeckeFamily.K
                (@CyclotomicField.instField.{0} (@OfNat.ofNat.{0} Nat (nat_lit 3) (instOfNatNat (nat_lit 3))) Rat
                  Rat.instField)))
            M)
          (@Ideal.Quotient.semiring.{0} OAI.SevenEighths.HeckeFamily.O
            (@NumberField.instCommRingRingOfIntegers.{0} OAI.SevenEighths.HeckeFamily.K
              (@CyclotomicField.instField.{0} (@OfNat.ofNat.{0} Nat (nat_lit 3) (instOfNatNat (nat_lit 3))) Rat
                Rat.instField))
            M)))
      (@Units.instGroup.{0}
        (@HasQuotient.Quotient.{0, 0} OAI.SevenEighths.HeckeFamily.O
          (@Ideal.{0} OAI.SevenEighths.HeckeFamily.O
            (@CommSemiring.toSemiring.{0} OAI.SevenEighths.HeckeFamily.O
              (@CommRing.toCommSemiring.{0} OAI.SevenEighths.HeckeFamily.O
                (@NumberField.instCommRingRingOfIntegers.{0} OAI.SevenEighths.HeckeFamily.K
                  (@CyclotomicField.instField.{0} (@OfNat.ofNat.{0} Nat (nat_lit 3) (instOfNatNat (nat_lit 3))) Rat
                    Rat.instField)))))
          (@Ideal.instHasQuotient_1.{0} OAI.SevenEighths.HeckeFamily.O
            (@NumberField.instCommRingRingOfIntegers.{0} OAI.SevenEighths.HeckeFamily.K
              (@CyclotomicField.instField.{0} (@OfNat.ofNat.{0} Nat (nat_lit 3) (instOfNatNat (nat_lit 3))) Rat
                Rat.instField)))
          M)
        (@Semiring.toMonoid.{0}
          (@HasQuotient.Quotient.{0, 0} OAI.SevenEighths.HeckeFamily.O
            (@Ideal.{0} OAI.SevenEighths.HeckeFamily.O
              (@CommSemiring.toSemiring.{0} OAI.SevenEighths.HeckeFamily.O
                (@CommRing.toCommSemiring.{0} OAI.SevenEighths.HeckeFamily.O
                  (@NumberField.instCommRingRingOfIntegers.{0} OAI.SevenEighths.HeckeFamily.K
                    (@CyclotomicField.instField.{0} (@OfNat.ofNat.{0} Nat (nat_lit 3) (instOfNatNat (nat_lit 3))) Rat
                      Rat.instField)))))
            (@Ideal.instHasQuotient_1.{0} OAI.SevenEighths.HeckeFamily.O
              (@NumberField.instCommRingRingOfIntegers.{0} OAI.SevenEighths.HeckeFamily.K
                (@CyclotomicField.instField.{0} (@OfNat.ofNat.{0} Nat (nat_lit 3) (instOfNatNat (nat_lit 3))) Rat
                  Rat.instField)))
            M)
          (@Ideal.Quotient.semiring.{0} OAI.SevenEighths.HeckeFamily.O
            (@NumberField.instCommRingRingOfIntegers.{0} OAI.SevenEighths.HeckeFamily.K
              (@CyclotomicField.instField.{0} (@OfNat.ofNat.{0} Nat (nat_lit 3) (instOfNatNat (nat_lit 3))) Rat
                Rat.instField))
            M))))
  (hH :
    @LE.le.{0}
      (@Subgroup.{0}
        (@Units.{0}
          (@HasQuotient.Quotient.{0, 0} OAI.SevenEighths.HeckeFamily.O
            (@Ideal.{0} OAI.SevenEighths.HeckeFamily.O
              (@CommSemiring.toSemiring.{0} OAI.SevenEighths.HeckeFamily.O
                (@CommRing.toCommSemiring.{0} OAI.SevenEighths.HeckeFamily.O
                  (@NumberField.instCommRingRingOfIntegers.{0} OAI.SevenEighths.HeckeFamily.K
                    (@CyclotomicField.instField.{0} (@OfNat.ofNat.{0} Nat (nat_lit 3) (instOfNatNat (nat_lit 3))) Rat
                      Rat.instField)))))
            (@Ideal.instHasQuotient_1.{0} OAI.SevenEighths.HeckeFamily.O
              (@NumberField.instCommRingRingOfIntegers.{0} OAI.SevenEighths.HeckeFamily.K
                (@CyclotomicField.instField.{0} (@OfNat.ofNat.{0} Nat (nat_lit 3) (instOfNatNat (nat_lit 3))) Rat
                  Rat.instField)))
            M)
          (@Semiring.toMonoid.{0}
            (@HasQuotient.Quotient.{0, 0} OAI.SevenEighths.HeckeFamily.O
              (@Ideal.{0} OAI.SevenEighths.HeckeFamily.O
                (@CommSemiring.toSemiring.{0} OAI.SevenEighths.HeckeFamily.O
                  (@CommRing.toCommSemiring.{0} OAI.SevenEighths.HeckeFamily.O
                    (@NumberField.instCommRingRingOfIntegers.{0} OAI.SevenEighths.HeckeFamily.K
                      (@CyclotomicField.instField.{0} (@OfNat.ofNat.{0} Nat (nat_lit 3) (instOfNatNat (nat_lit 3))) Rat
                        Rat.instField)))))
              (@Ideal.instHasQuotient_1.{0} OAI.SevenEighths.HeckeFamily.O
                (@NumberField.instCommRingRingOfIntegers.{0} OAI.SevenEighths.HeckeFamily.K
                  (@CyclotomicField.instField.{0} (@OfNat.ofNat.{0} Nat (nat_lit 3) (instOfNatNat (nat_lit 3))) Rat
                    Rat.instField)))
              M)
            (@Ideal.Quotient.semiring.{0} OAI.SevenEighths.HeckeFamily.O
              (@NumberField.instCommRingRingOfIntegers.{0} OAI.SevenEighths.HeckeFamily.K
                (@CyclotomicField.instField.{0} (@OfNat.ofNat.{0} Nat (nat_lit 3) (instOfNatNat (nat_lit 3))) Rat
                  Rat.instField))
              M)))
        (@Units.instGroup.{0}
          (@HasQuotient.Quotient.{0, 0} OAI.SevenEighths.HeckeFamily.O
            (@Ideal.{0} OAI.SevenEighths.HeckeFamily.O
              (@CommSemiring.toSemiring.{0} OAI.SevenEighths.HeckeFamily.O
                (@CommRing.toCommSemiring.{0} OAI.SevenEighths.HeckeFamily.O
                  (@NumberField.instCommRingRingOfIntegers.{0} OAI.SevenEighths.HeckeFamily.K
                    (@CyclotomicField.instField.{0} (@OfNat.ofNat.{0} Nat (nat_lit 3) (instOfNatNat (nat_lit 3))) Rat
                      Rat.instField)))))
            (@Ideal.instHasQuotient_1.{0} OAI.SevenEighths.HeckeFamily.O
              (@NumberField.instCommRingRingOfIntegers.{0} OAI.SevenEighths.HeckeFamily.K
                (@CyclotomicField.instField.{0} (@OfNat.ofNat.{0} Nat (nat_lit 3) (instOfNatNat (nat_lit 3))) Rat
                  Rat.instField)))
            M)
          (@Semiring.toMonoid.{0}
            (@HasQuotient.Quotient.{0, 0} OAI.SevenEighths.HeckeFamily.O
              (@Ideal.{0} OAI.SevenEighths.HeckeFamily.O
                (@CommSemiring.toSemiring.{0} OAI.SevenEighths.HeckeFamily.O
                  (@CommRing.toCommSemiring.{0} OAI.SevenEighths.HeckeFamily.O
                    (@NumberField.instCommRingRingOfIntegers.{0} OAI.SevenEighths.HeckeFamily.K
                      (@CyclotomicField.instField.{0} (@OfNat.ofNat.{0} Nat (nat_lit 3) (instOfNatNat (nat_lit 3))) Rat
                        Rat.instField)))))
              (@Ideal.instHasQuotient_1.{0} OAI.SevenEighths.HeckeFamily.O
                (@NumberField.instCommRingRingOfIntegers.{0} OAI.SevenEighths.HeckeFamily.K
                  (@CyclotomicField.instField.{0} (@OfNat.ofNat.{0} Nat (nat_lit 3) (instOfNatNat (nat_lit 3))) Rat
                    Rat.instField)))
              M)
            (@Ideal.Quotient.semiring.{0} OAI.SevenEighths.HeckeFamily.O
              (@NumberField.instCommRingRingOfIntegers.{0} OAI.SevenEighths.HeckeFamily.K
                (@CyclotomicField.instField.{0} (@OfNat.ofNat.{0} Nat (nat_lit 3) (instOfNatNat (nat_lit 3))) Rat
                  Rat.instField))
              M))))
      (@Preorder.toLE.{0}
        (@Subgroup.{0}
          (@Units.{0}
            (@HasQuotient.Quotient.{0, 0} OAI.SevenEighths.HeckeFamily.O
              (@Ideal.{0} OAI.SevenEighths.HeckeFamily.O
                (@CommSemiring.toSemiring.{0} OAI.SevenEighths.HeckeFamily.O
                  (@CommRing.toCommSemiring.{0} OAI.SevenEighths.HeckeFamily.O
                    (@NumberField.instCommRingRingOfIntegers.{0} OAI.SevenEighths.HeckeFamily.K
                      (@CyclotomicField.instField.{0} (@OfNat.ofNat.{0} Nat (nat_lit 3) (instOfNatNat (nat_lit 3))) Rat
                        Rat.instField)))))
              (@Ideal.instHasQuotient_1.{0} OAI.SevenEighths.HeckeFamily.O
                (@NumberField.instCommRingRingOfIntegers.{0} OAI.SevenEighths.HeckeFamily.K
                  (@CyclotomicField.instField.{0} (@OfNat.ofNat.{0} Nat (nat_lit 3) (instOfNatNat (nat_lit 3))) Rat
                    Rat.instField)))
              M)
            (@Semiring.toMonoid.{0}
              (@HasQuotient.Quotient.{0, 0} OAI.SevenEighths.HeckeFamily.O
                (@Ideal.{0} OAI.SevenEighths.HeckeFamily.O
                  (@CommSemiring.toSemiring.{0} OAI.SevenEighths.HeckeFamily.O
                    (@CommRing.toCommSemiring.{0} OAI.SevenEighths.HeckeFamily.O
                      (@NumberField.instCommRingRingOfIntegers.{0} OAI.SevenEighths.HeckeFamily.K
                        (@CyclotomicField.instField.{0} (@OfNat.ofNat.{0} Nat (nat_lit 3) (instOfNatNat (nat_lit 3)))
                          Rat Rat.instField)))))
                (@Ideal.instHasQuotient_1.{0} OAI.SevenEighths.HeckeFamily.O
                  (@NumberField.instCommRingRingOfIntegers.{0} OAI.SevenEighths.HeckeFamily.K
                    (@CyclotomicField.instField.{0} (@OfNat.ofNat.{0} Nat (nat_lit 3) (instOfNatNat (nat_lit 3))) Rat
                      Rat.instField)))
                M)
              (@Ideal.Quotient.semiring.{0} OAI.SevenEighths.HeckeFamily.O
                (@NumberField.instCommRingRingOfIntegers.{0} OAI.SevenEighths.HeckeFamily.K
                  (@CyclotomicField.instField.{0} (@OfNat.ofNat.{0} Nat (nat_lit 3) (instOfNatNat (nat_lit 3))) Rat
                    Rat.instField))
                M)))
          (@Units.instGroup.{0}
            (@HasQuotient.Quotient.{0, 0} OAI.SevenEighths.HeckeFamily.O
              (@Ideal.{0} OAI.SevenEighths.HeckeFamily.O
                (@CommSemiring.toSemiring.{0} OAI.SevenEighths.HeckeFamily.O
                  (@CommRing.toCommSemiring.{0} OAI.SevenEighths.HeckeFamily.O
                    (@NumberField.instCommRingRingOfIntegers.{0} OAI.SevenEighths.HeckeFamily.K
                      (@CyclotomicField.instField.{0} (@OfNat.ofNat.{0} Nat (nat_lit 3) (instOfNatNat (nat_lit 3))) Rat
                        Rat.instField)))))
              (@Ideal.instHasQuotient_1.{0} OAI.SevenEighths.HeckeFamily.O
                (@NumberField.instCommRingRingOfIntegers.{0} OAI.SevenEighths.HeckeFamily.K
                  (@CyclotomicField.instField.{0} (@OfNat.ofNat.{0} Nat (nat_lit 3) (instOfNatNat (nat_lit 3))) Rat
                    Rat.instField)))
              M)
            (@Semiring.toMonoid.{0}
              (@HasQuotient.Quotient.{0, 0} OAI.SevenEighths.HeckeFamily.O
                (@Ideal.{0} OAI.SevenEighths.HeckeFamily.O
                  (@CommSemiring.toSemiring.{0} OAI.SevenEighths.HeckeFamily.O
                    (@CommRing.toCommSemiring.{0} OAI.SevenEighths.HeckeFamily.O
                      (@NumberField.instCommRingRingOfIntegers.{0} OAI.SevenEighths.HeckeFamily.K
                        (@CyclotomicField.instField.{0} (@OfNat.ofNat.{0} Nat (nat_lit 3) (instOfNatNat (nat_lit 3)))
                          Rat Rat.instField)))))
                (@Ideal.instHasQuotient_1.{0} OAI.SevenEighths.HeckeFamily.O
                  (@NumberField.instCommRingRingOfIntegers.{0} OAI.SevenEighths.HeckeFamily.K
                    (@CyclotomicField.instField.{0} (@OfNat.ofNat.{0} Nat (nat_lit 3) (instOfNatNat (nat_lit 3))) Rat
                      Rat.instField)))
                M)
              (@Ideal.Quotient.semiring.{0} OAI.SevenEighths.HeckeFamily.O
                (@NumberField.instCommRingRingOfIntegers.{0} OAI.SevenEighths.HeckeFamily.K
                  (@CyclotomicField.instField.{0} (@OfNat.ofNat.{0} Nat (nat_lit 3) (instOfNatNat (nat_lit 3))) Rat
                    Rat.instField))
                M))))
        (@PartialOrder.toPreorder.{0}
          (@Subgroup.{0}
            (@Units.{0}
              (@HasQuotient.Quotient.{0, 0} OAI.SevenEighths.HeckeFamily.O
                (@Ideal.{0} OAI.SevenEighths.HeckeFamily.O
                  (@CommSemiring.toSemiring.{0} OAI.SevenEighths.HeckeFamily.O
                    (@CommRing.toCommSemiring.{0} OAI.SevenEighths.HeckeFamily.O
                      (@NumberField.instCommRingRingOfIntegers.{0} OAI.SevenEighths.HeckeFamily.K
                        (@CyclotomicField.instField.{0} (@OfNat.ofNat.{0} Nat (nat_lit 3) (instOfNatNat (nat_lit 3)))
                          Rat Rat.instField)))))
                (@Ideal.instHasQuotient_1.{0} OAI.SevenEighths.HeckeFamily.O
                  (@NumberField.instCommRingRingOfIntegers.{0} OAI.SevenEighths.HeckeFamily.K
                    (@CyclotomicField.instField.{0} (@OfNat.ofNat.{0} Nat (nat_lit 3) (instOfNatNat (nat_lit 3))) Rat
                      Rat.instField)))
                M)
              (@Semiring.toMonoid.{0}
                (@HasQuotient.Quotient.{0, 0} OAI.SevenEighths.HeckeFamily.O
                  (@Ideal.{0} OAI.SevenEighths.HeckeFamily.O
                    (@CommSemiring.toSemiring.{0} OAI.SevenEighths.HeckeFamily.O
                      (@CommRing.toCommSemiring.{0} OAI.SevenEighths.HeckeFamily.O
                        (@NumberField.instCommRingRingOfIntegers.{0} OAI.SevenEighths.HeckeFamily.K
                          (@CyclotomicField.instField.{0} (@OfNat.ofNat.{0} Nat (nat_lit 3) (instOfNatNat (nat_lit 3)))
                            Rat Rat.instField)))))
                  (@Ideal.instHasQuotient_1.{0} OAI.SevenEighths.HeckeFamily.O
                    (@NumberField.instCommRingRingOfIntegers.{0} OAI.SevenEighths.HeckeFamily.K
                      (@CyclotomicField.instField.{0} (@OfNat.ofNat.{0} Nat (nat_lit 3) (instOfNatNat (nat_lit 3))) Rat
                        Rat.instField)))
                  M)
                (@Ideal.Quotient.semiring.{0} OAI.SevenEighths.HeckeFamily.O
                  (@NumberField.instCommRingRingOfIntegers.{0} OAI.SevenEighths.HeckeFamily.K
                    (@CyclotomicField.instField.{0} (@OfNat.ofNat.{0} Nat (nat_lit 3) (instOfNatNat (nat_lit 3))) Rat
                      Rat.instField))
                  M)))
            (@Units.instGroup.{0}
              (@HasQuotient.Quotient.{0, 0} OAI.SevenEighths.HeckeFamily.O
                (@Ideal.{0} OAI.SevenEighths.HeckeFamily.O
                  (@CommSemiring.toSemiring.{0} OAI.SevenEighths.HeckeFamily.O
                    (@CommRing.toCommSemiring.{0} OAI.SevenEighths.HeckeFamily.O
                      (@NumberField.instCommRingRingOfIntegers.{0} OAI.SevenEighths.HeckeFamily.K
                        (@CyclotomicField.instField.{0} (@OfNat.ofNat.{0} Nat (nat_lit 3) (instOfNatNat (nat_lit 3)))
                          Rat Rat.instField)))))
                (@Ideal.instHasQuotient_1.{0} OAI.SevenEighths.HeckeFamily.O
                  (@NumberField.instCommRingRingOfIntegers.{0} OAI.SevenEighths.HeckeFamily.K
                    (@CyclotomicField.instField.{0} (@OfNat.ofNat.{0} Nat (nat_lit 3) (instOfNatNat (nat_lit 3))) Rat
                      Rat.instField)))
                M)
              (@Semiring.toMonoid.{0}
                (@HasQuotient.Quotient.{0, 0} OAI.SevenEighths.HeckeFamily.O
                  (@Ideal.{0} OAI.SevenEighths.HeckeFamily.O
                    (@CommSemiring.toSemiring.{0} OAI.SevenEighths.HeckeFamily.O
                      (@CommRing.toCommSemiring.{0} OAI.SevenEighths.HeckeFamily.O
                        (@NumberField.instCommRingRingOfIntegers.{0} OAI.SevenEighths.HeckeFamily.K
                          (@CyclotomicField.instField.{0} (@OfNat.ofNat.{0} Nat (nat_lit 3) (instOfNatNat (nat_lit 3)))
                            Rat Rat.instField)))))
                  (@Ideal.instHasQuotient_1.{0} OAI.SevenEighths.HeckeFamily.O
                    (@NumberField.instCommRingRingOfIntegers.{0} OAI.SevenEighths.HeckeFamily.K
                      (@CyclotomicField.instField.{0} (@OfNat.ofNat.{0} Nat (nat_lit 3) (instOfNatNat (nat_lit 3))) Rat
                        Rat.instField)))
                  M)
                (@Ideal.Quotient.semiring.{0} OAI.SevenEighths.HeckeFamily.O
                  (@NumberField.instCommRingRingOfIntegers.{0} OAI.SevenEighths.HeckeFamily.K
                    (@CyclotomicField.instField.{0} (@OfNat.ofNat.{0} Nat (nat_lit 3) (instOfNatNat (nat_lit 3))) Rat
                      Rat.instField))
                  M))))
          (@Subgroup.instPartialOrder.{0}
            (@Units.{0}
              (@HasQuotient.Quotient.{0, 0} OAI.SevenEighths.HeckeFamily.O
                (@Ideal.{0} OAI.SevenEighths.HeckeFamily.O
                  (@CommSemiring.toSemiring.{0} OAI.SevenEighths.HeckeFamily.O
                    (@CommRing.toCommSemiring.{0} OAI.SevenEighths.HeckeFamily.O
                      (@NumberField.instCommRingRingOfIntegers.{0} OAI.SevenEighths.HeckeFamily.K
                        (@CyclotomicField.instField.{0} (@OfNat.ofNat.{0} Nat (nat_lit 3) (instOfNatNat (nat_lit 3)))
                          Rat Rat.instField)))))
                (@Ideal.instHasQuotient_1.{0} OAI.SevenEighths.HeckeFamily.O
                  (@NumberField.instCommRingRingOfIntegers.{0} OAI.SevenEighths.HeckeFamily.K
                    (@CyclotomicField.instField.{0} (@OfNat.ofNat.{0} Nat (nat_lit 3) (instOfNatNat (nat_lit 3))) Rat
                      Rat.instField)))
                M)
              (@Semiring.toMonoid.{0}
                (@HasQuotient.Quotient.{0, 0} OAI.SevenEighths.HeckeFamily.O
                  (@Ideal.{0} OAI.SevenEighths.HeckeFamily.O
                    (@CommSemiring.toSemiring.{0} OAI.SevenEighths.HeckeFamily.O
                      (@CommRing.toCommSemiring.{0} OAI.SevenEighths.HeckeFamily.O
                        (@NumberField.instCommRingRingOfIntegers.{0} OAI.SevenEighths.HeckeFamily.K
                          (@CyclotomicField.instField.{0} (@OfNat.ofNat.{0} Nat (nat_lit 3) (instOfNatNat (nat_lit 3)))
                            Rat Rat.instField)))))
                  (@Ideal.instHasQuotient_1.{0} OAI.SevenEighths.HeckeFamily.O
                    (@NumberField.instCommRingRingOfIntegers.{0} OAI.SevenEighths.HeckeFamily.K
                      (@CyclotomicField.instField.{0} (@OfNat.ofNat.{0} Nat (nat_lit 3) (instOfNatNat (nat_lit 3))) Rat
                        Rat.instField)))
                  M)
                (@Ideal.Quotient.semiring.{0} OAI.SevenEighths.HeckeFamily.O
                  (@NumberField.instCommRingRingOfIntegers.{0} OAI.SevenEighths.HeckeFamily.K
                    (@CyclotomicField.instField.{0} (@OfNat.ofNat.{0} Nat (nat_lit 3) (instOfNatNat (nat_lit 3))) Rat
                      Rat.instField))
                  M)))
            (@Units.instGroup.{0}
              (@HasQuotient.Quotient.{0, 0} OAI.SevenEighths.HeckeFamily.O
                (@Ideal.{0} OAI.SevenEighths.HeckeFamily.O
                  (@CommSemiring.toSemiring.{0} OAI.SevenEighths.HeckeFamily.O
                    (@CommRing.toCommSemiring.{0} OAI.SevenEighths.HeckeFamily.O
                      (@NumberField.instCommRingRingOfIntegers.{0} OAI.SevenEighths.HeckeFamily.K
                        (@CyclotomicField.instField.{0} (@OfNat.ofNat.{0} Nat (nat_lit 3) (instOfNatNat (nat_lit 3)))
                          Rat Rat.instField)))))
                (@Ideal.instHasQuotient_1.{0} OAI.SevenEighths.HeckeFamily.O
                  (@NumberField.instCommRingRingOfIntegers.{0} OAI.SevenEighths.HeckeFamily.K
                    (@CyclotomicField.instField.{0} (@OfNat.ofNat.{0} Nat (nat_lit 3) (instOfNatNat (nat_lit 3))) Rat
                      Rat.instField)))
                M)
              (@Semiring.toMonoid.{0}
                (@HasQuotient.Quotient.{0, 0} OAI.SevenEighths.HeckeFamily.O
                  (@Ideal.{0} OAI.SevenEighths.HeckeFamily.O
                    (@CommSemiring.toSemiring.{0} OAI.SevenEighths.HeckeFamily.O
                      (@CommRing.toCommSemiring.{0} OAI.SevenEighths.HeckeFamily.O
                        (@NumberField.instCommRingRingOfIntegers.{0} OAI.SevenEighths.HeckeFamily.K
                          (@CyclotomicField.instField.{0} (@OfNat.ofNat.{0} Nat (nat_lit 3) (instOfNatNat (nat_lit 3)))
                            Rat Rat.instField)))))
                  (@Ideal.instHasQuotient_1.{0} OAI.SevenEighths.HeckeFamily.O
                    (@NumberField.instCommRingRingOfIntegers.{0} OAI.SevenEighths.HeckeFamily.K
                      (@CyclotomicField.instField.{0} (@OfNat.ofNat.{0} Nat (nat_lit 3) (instOfNatNat (nat_lit 3))) Rat
                        Rat.instField)))
                  M)
                (@Ideal.Quotient.semiring.{0} OAI.SevenEighths.HeckeFamily.O
                  (@NumberField.instCommRingRingOfIntegers.{0} OAI.SevenEighths.HeckeFamily.K
                    (@CyclotomicField.instField.{0} (@OfNat.ofNat.{0} Nat (nat_lit 3) (instOfNatNat (nat_lit 3))) Rat
                      Rat.instField))
                  M))))))
      (@OAI.SevenEighths.RayOrthogonality.globalUnits.{0} OAI.SevenEighths.HeckeFamily.O
        (@NumberField.instCommRingRingOfIntegers.{0} OAI.SevenEighths.HeckeFamily.K
          (@CyclotomicField.instField.{0} (@OfNat.ofNat.{0} Nat (nat_lit 3) (instOfNatNat (nat_lit 3))) Rat
            Rat.instField))
        M)
      H)
  {Label : Type u_1} {Slot : Type u_2} [Fintype.{u_1} Label] [Fintype.{u_2} Slot] [DecidableEq.{u_2 + 1} Slot]
  (η : Label → OAI.SevenEighths.HeckeFamily.Character)
  (Q :
    Label →
      @Ideal.{0} OAI.SevenEighths.HeckeFamily.O
        (@CommSemiring.toSemiring.{0} OAI.SevenEighths.HeckeFamily.O
          (@CommRing.toCommSemiring.{0} OAI.SevenEighths.HeckeFamily.O
            (@NumberField.instCommRingRingOfIntegers.{0} OAI.SevenEighths.HeckeFamily.K
              (@CyclotomicField.instField.{0} (@OfNat.ofNat.{0} Nat (nat_lit 3) (instOfNatNat (nat_lit 3))) Rat
                Rat.instField)))))
  (hQM :
    ∀ (j : Label),
      @LE.le.{0}
        (@Ideal.{0} OAI.SevenEighths.HeckeFamily.O
          (@CommSemiring.toSemiring.{0} OAI.SevenEighths.HeckeFamily.O
            (@CommRing.toCommSemiring.{0} OAI.SevenEighths.HeckeFamily.O
              (@NumberField.instCommRingRingOfIntegers.{0} OAI.SevenEighths.HeckeFamily.K
                (@CyclotomicField.instField.{0} (@OfNat.ofNat.{0} Nat (nat_lit 3) (instOfNatNat (nat_lit 3))) Rat
                  Rat.instField)))))
        (@Preorder.toLE.{0}
          (@Ideal.{0} OAI.SevenEighths.HeckeFamily.O
            (@CommSemiring.toSemiring.{0} OAI.SevenEighths.HeckeFamily.O
              (@CommRing.toCommSemiring.{0} OAI.SevenEighths.HeckeFamily.O
                (@NumberField.instCommRingRingOfIntegers.{0} OAI.SevenEighths.HeckeFamily.K
                  (@CyclotomicField.instField.{0} (@OfNat.ofNat.{0} Nat (nat_lit 3) (instOfNatNat (nat_lit 3))) Rat
                    Rat.instField)))))
          (@PartialOrder.toPreorder.{0}
            (@Ideal.{0} OAI.SevenEighths.HeckeFamily.O
              (@CommSemiring.toSemiring.{0} OAI.SevenEighths.HeckeFamily.O
                (@CommRing.toCommSemiring.{0} OAI.SevenEighths.HeckeFamily.O
                  (@NumberField.instCommRingRingOfIntegers.{0} OAI.SevenEighths.HeckeFamily.K
                    (@CyclotomicField.instField.{0} (@OfNat.ofNat.{0} Nat (nat_lit 3) (instOfNatNat (nat_lit 3))) Rat
                      Rat.instField)))))
            (@Submodule.instPartialOrder.{0, 0} OAI.SevenEighths.HeckeFamily.O OAI.SevenEighths.HeckeFamily.O
              (@CommSemiring.toSemiring.{0} OAI.SevenEighths.HeckeFamily.O
                (@CommRing.toCommSemiring.{0} OAI.SevenEighths.HeckeFamily.O
                  (@NumberField.instCommRingRingOfIntegers.{0} OAI.SevenEighths.HeckeFamily.K
                    (@CyclotomicField.instField.{0} (@OfNat.ofNat.{0} Nat (nat_lit 3) (instOfNatNat (nat_lit 3))) Rat
                      Rat.instField))))
              (@Semiring.toAddCommMonoid.{0} OAI.SevenEighths.HeckeFamily.O
                (@CommSemiring.toSemiring.{0} OAI.SevenEighths.HeckeFamily.O
                  (@CommRing.toCommSemiring.{0} OAI.SevenEighths.HeckeFamily.O
                    (@NumberField.instCommRingRingOfIntegers.{0} OAI.SevenEighths.HeckeFamily.K
                      (@CyclotomicField.instField.{0} (@OfNat.ofNat.{0} Nat (nat_lit 3) (instOfNatNat (nat_lit 3))) Rat
                        Rat.instField)))))
              (@Semiring.toModule.{0} OAI.SevenEighths.HeckeFamily.O
                (@CommSemiring.toSemiring.{0} OAI.SevenEighths.HeckeFamily.O
                  (@CommRing.toCommSemiring.{0} OAI.SevenEighths.HeckeFamily.O
                    (@NumberField.instCommRingRingOfIntegers.{0} OAI.SevenEighths.HeckeFamily.K
                      (@CyclotomicField.instField.{0} (@OfNat.ofNat.{0} Nat (nat_lit 3) (instOfNatNat (nat_lit 3))) Rat
                        Rat.instField))))))))
        (Q j) M)
  (hQ0 :
    ∀ (j : Label),
      @Ne.{1}
        (@Ideal.{0} OAI.SevenEighths.HeckeFamily.O
          (@CommSemiring.toSemiring.{0} OAI.SevenEighths.HeckeFamily.O
            (@CommRing.toCommSemiring.{0} OAI.SevenEighths.HeckeFamily.O
              (@NumberField.instCommRingRingOfIntegers.{0} OAI.SevenEighths.HeckeFamily.K
                (@CyclotomicField.instField.{0} (@OfNat.ofNat.{0} Nat (nat_lit 3) (instOfNatNat (nat_lit 3))) Rat
                  Rat.instField)))))
        (OAI.SevenEighths.CenteredMomentNaturalFixedRaySource.internalQ (Q j) (η j))
        (@OfNat.ofNat.{0}
          (@Ideal.{0} OAI.SevenEighths.HeckeFamily.O
            (@CommSemiring.toSemiring.{0} OAI.SevenEighths.HeckeFamily.O
              (@CommRing.toCommSemiring.{0} OAI.SevenEighths.HeckeFamily.O
                (@NumberField.instCommRingRingOfIntegers.{0} OAI.SevenEighths.HeckeFamily.K
                  (@CyclotomicField.instField.{0} (@OfNat.ofNat.{0} Nat (nat_lit 3) (instOfNatNat (nat_lit 3))) Rat
                    Rat.instField)))))
          (nat_lit 0)
          (@Zero.toOfNat0.{0}
            (@Ideal.{0} OAI.SevenEighths.HeckeFamily.O
              (@CommSemiring.toSemiring.{0} OAI.SevenEighths.HeckeFamily.O
                (@CommRing.toCommSemiring.{0} OAI.SevenEighths.HeckeFamily.O
                  (@NumberField.instCommRingRingOfIntegers.{0} OAI.SevenEighths.HeckeFamily.K
                    (@CyclotomicField.instField.{0} (@OfNat.ofNat.{0} Nat (nat_lit 3) (instOfNatNat (nat_lit 3))) Rat
                      Rat.instField)))))
            (@Submodule.pointwiseZero.{0, 0} OAI.SevenEighths.HeckeFamily.O OAI.SevenEighths.HeckeFamily.O
              (@CommSemiring.toSemiring.{0} OAI.SevenEighths.HeckeFamily.O
                (@CommRing.toCommSemiring.{0} OAI.SevenEighths.HeckeFamily.O
                  (@NumberField.instCommRingRingOfIntegers.{0} OAI.SevenEighths.HeckeFamily.K
                    (@CyclotomicField.instField.{0} (@OfNat.ofNat.{0} Nat (nat_lit 3) (instOfNatNat (nat_lit 3))) Rat
                      Rat.instField))))
              (@Semiring.toAddCommMonoid.{0} OAI.SevenEighths.HeckeFamily.O
                (@CommSemiring.toSemiring.{0} OAI.SevenEighths.HeckeFamily.O
                  (@CommRing.toCommSemiring.{0} OAI.SevenEighths.HeckeFamily.O
                    (@NumberField.instCommRingRingOfIntegers.{0} OAI.SevenEighths.HeckeFamily.K
                      (@CyclotomicField.instField.{0} (@OfNat.ofNat.{0} Nat (nat_lit 3) (instOfNatNat (nat_lit 3))) Rat
                        Rat.instField)))))
              (@Semiring.toModule.{0} OAI.SevenEighths.HeckeFamily.O
                (@CommSemiring.toSemiring.{0} OAI.SevenEighths.HeckeFamily.O
                  (@CommRing.toCommSemiring.{0} OAI.SevenEighths.HeckeFamily.O
                    (@NumberField.instCommRingRingOfIntegers.{0} OAI.SevenEighths.HeckeFamily.K
                      (@CyclotomicField.instField.{0} (@OfNat.ofNat.{0} Nat (nat_lit 3) (instOfNatNat (nat_lit 3))) Rat
                        Rat.instField)))))))))
  (hQt :
    ∀ (j : Label),
      @Ne.{1}
        (@Ideal.{0} OAI.SevenEighths.HeckeFamily.O
          (@CommSemiring.toSemiring.{0} OAI.SevenEighths.HeckeFamily.O
            (@CommRing.toCommSemiring.{0} OAI.SevenEighths.HeckeFamily.O
              (@NumberField.instCommRingRingOfIntegers.{0} OAI.SevenEighths.HeckeFamily.K
                (@CyclotomicField.instField.{0} (@OfNat.ofNat.{0} Nat (nat_lit 3) (instOfNatNat (nat_lit 3))) Rat
                  Rat.instField)))))
        (OAI.SevenEighths.CenteredMomentNaturalFixedRaySource.internalQ (Q j) (η j))
        (@Top.top.{0}
          (@Ideal.{0} OAI.SevenEighths.HeckeFamily.O
            (@CommSemiring.toSemiring.{0} OAI.SevenEighths.HeckeFamily.O
              (@CommRing.toCommSemiring.{0} OAI.SevenEighths.HeckeFamily.O
                (@NumberField.instCommRingRingOfIntegers.{0} OAI.SevenEighths.HeckeFamily.K
                  (@CyclotomicField.instField.{0} (@OfNat.ofNat.{0} Nat (nat_lit 3) (instOfNatNat (nat_lit 3))) Rat
                    Rat.instField)))))
          (@Submodule.instTop.{0, 0} OAI.SevenEighths.HeckeFamily.O OAI.SevenEighths.HeckeFamily.O
            (@CommSemiring.toSemiring.{0} OAI.SevenEighths.HeckeFamily.O
              (@CommRing.toCommSemiring.{0} OAI.SevenEighths.HeckeFamily.O
                (@NumberField.instCommRingRingOfIntegers.{0} OAI.SevenEighths.HeckeFamily.K
                  (@CyclotomicField.instField.{0} (@OfNat.ofNat.{0} Nat (nat_lit 3) (instOfNatNat (nat_lit 3))) Rat
                    Rat.instField))))
            (@Semiring.toAddCommMonoid.{0} OAI.SevenEighths.HeckeFamily.O
              (@CommSemiring.toSemiring.{0} OAI.SevenEighths.HeckeFamily.O
                (@CommRing.toCommSemiring.{0} OAI.SevenEighths.HeckeFamily.O
                  (@NumberField.instCommRingRingOfIntegers.{0} OAI.SevenEighths.HeckeFamily.K
                    (@CyclotomicField.instField.{0} (@OfNat.ofNat.{0} Nat (nat_lit 3) (instOfNatNat (nat_lit 3))) Rat
                      Rat.instField)))))
            (@Semiring.toModule.{0} OAI.SevenEighths.HeckeFamily.O
              (@CommSemiring.toSemiring.{0} OAI.SevenEighths.HeckeFamily.O
                (@CommRing.toCommSemiring.{0} OAI.SevenEighths.HeckeFamily.O
                  (@NumberField.instCommRingRingOfIntegers.{0} OAI.SevenEighths.HeckeFamily.K
                    (@CyclotomicField.instField.{0} (@OfNat.ofNat.{0} Nat (nat_lit 3) (instOfNatNat (nat_lit 3))) Rat
                      Rat.instField))))))))
  (hQ72 :
    ∀ (j : Label),
      @LE.le.{0}
        (@Ideal.{0} OAI.SevenEighths.HeckeFamily.O
          (@CommSemiring.toSemiring.{0} OAI.SevenEighths.HeckeFamily.O
            (@CommRing.toCommSemiring.{0} OAI.SevenEighths.HeckeFamily.O
              (@NumberField.instCommRingRingOfIntegers.{0} OAI.SevenEighths.HeckeFamily.K
                (@CyclotomicField.instField.{0} (@OfNat.ofNat.{0} Nat (nat_lit 3) (instOfNatNat (nat_lit 3))) Rat
                  Rat.instField)))))
        (@Preorder.toLE.{0}
          (@Ideal.{0} OAI.SevenEighths.HeckeFamily.O
            (@CommSemiring.toSemiring.{0} OAI.SevenEighths.HeckeFamily.O
              (@CommRing.toCommSemiring.{0} OAI.SevenEighths.HeckeFamily.O
                (@NumberField.instCommRingRingOfIntegers.{0} OAI.SevenEighths.HeckeFamily.K
                  (@CyclotomicField.instField.{0} (@OfNat.ofNat.{0} Nat (nat_lit 3) (instOfNatNat (nat_lit 3))) Rat
                    Rat.instField)))))
          (@PartialOrder.toPreorder.{0}
            (@Ideal.{0} OAI.SevenEighths.HeckeFamily.O
              (@CommSemiring.toSemiring.{0} OAI.SevenEighths.HeckeFamily.O
                (@CommRing.toCommSemiring.{0} OAI.SevenEighths.HeckeFamily.O
                  (@NumberField.instCommRingRingOfIntegers.{0} OAI.SevenEighths.HeckeFamily.K
                    (@CyclotomicField.instField.{0} (@OfNat.ofNat.{0} Nat (nat_lit 3) (instOfNatNat (nat_lit 3))) Rat
                      Rat.instField)))))
            (@Submodule.instPartialOrder.{0, 0} OAI.SevenEighths.HeckeFamily.O OAI.SevenEighths.HeckeFamily.O
              (@CommSemiring.toSemiring.{0} OAI.SevenEighths.HeckeFamily.O
                (@CommRing.toCommSemiring.{0} OAI.SevenEighths.HeckeFamily.O
                  (@NumberField.instCommRingRingOfIntegers.{0} OAI.SevenEighths.HeckeFamily.K
                    (@CyclotomicField.instField.{0} (@OfNat.ofNat.{0} Nat (nat_lit 3) (instOfNatNat (nat_lit 3))) Rat
                      Rat.instField))))
              (@Semiring.toAddCommMonoid.{0} OAI.SevenEighths.HeckeFamily.O
                (@CommSemiring.toSemiring.{0} OAI.SevenEighths.HeckeFamily.O
                  (@CommRing.toCommSemiring.{0} OAI.SevenEighths.HeckeFamily.O
                    (@NumberField.instCommRingRingOfIntegers.{0} OAI.SevenEighths.HeckeFamily.K
                      (@CyclotomicField.instField.{0} (@OfNat.ofNat.{0} Nat (nat_lit 3) (instOfNatNat (nat_lit 3))) Rat
                        Rat.instField)))))
              (@Semiring.toModule.{0} OAI.SevenEighths.HeckeFamily.O
                (@CommSemiring.toSemiring.{0} OAI.SevenEighths.HeckeFamily.O
                  (@CommRing.toCommSemiring.{0} OAI.SevenEighths.HeckeFamily.O
                    (@NumberField.instCommRingRingOfIntegers.{0} OAI.SevenEighths.HeckeFamily.K
                      (@CyclotomicField.instField.{0} (@OfNat.ofNat.{0} Nat (nat_lit 3) (instOfNatNat (nat_lit 3))) Rat
                        Rat.instField))))))))
        (OAI.SevenEighths.CenteredMomentNaturalFixedRaySource.internalQ (Q j) (η j))
        (@Ideal.span.{0} OAI.SevenEighths.HeckeFamily.O
          (@CommSemiring.toSemiring.{0} OAI.SevenEighths.HeckeFamily.O
            (@CommRing.toCommSemiring.{0} OAI.SevenEighths.HeckeFamily.O
              (@NumberField.instCommRingRingOfIntegers.{0} OAI.SevenEighths.HeckeFamily.K
                (@CyclotomicField.instField.{0} (@OfNat.ofNat.{0} Nat (nat_lit 3) (instOfNatNat (nat_lit 3))) Rat
                  Rat.instField))))
          (@Singleton.singleton.{0, 0} OAI.SevenEighths.HeckeFamily.O (Set.{0} OAI.SevenEighths.HeckeFamily.O)
            (@Set.instSingletonSet.{0} OAI.SevenEighths.HeckeFamily.O)
            (@OfNat.ofNat.{0} OAI.SevenEighths.HeckeFamily.O (nat_lit 72)
              (@instOfNatAtLeastTwo.{0} OAI.SevenEighths.HeckeFamily.O (nat_lit 72)
                (@AddMonoidWithOne.toNatCast.{0} OAI.SevenEighths.HeckeFamily.O
                  (@AddGroupWithOne.toAddMonoidWithOne.{0} OAI.SevenEighths.HeckeFamily.O
                    (@Ring.toAddGroupWithOne.{0} OAI.SevenEighths.HeckeFamily.O
                      (@CommRing.toRing.{0} OAI.SevenEighths.HeckeFamily.O
                        (@NumberField.instCommRingRingOfIntegers.{0} OAI.SevenEighths.HeckeFamily.K
                          (@CyclotomicField.instField.{0} (@OfNat.ofNat.{0} Nat (nat_lit 3) (instOfNatNat (nat_lit 3)))
                            Rat Rat.instField))))))
                (@Nat.instAtLeastTwoHAddOfNat (@OfNat.ofNat.{0} Nat (nat_lit 71) (instOfNatNat (nat_lit 71)))
                  (@Nat.instNeZeroSucc (@OfNat.ofNat.{0} Nat (nat_lit 70) (instOfNatNat (nat_lit 70))))))))))
  (hMm :
    @LE.le.{0}
      (@Ideal.{0} OAI.SevenEighths.HeckeFamily.O
        (@CommSemiring.toSemiring.{0} OAI.SevenEighths.HeckeFamily.O
          (@CommRing.toCommSemiring.{0} OAI.SevenEighths.HeckeFamily.O
            (@NumberField.instCommRingRingOfIntegers.{0} OAI.SevenEighths.HeckeFamily.K
              (@CyclotomicField.instField.{0} (@OfNat.ofNat.{0} Nat (nat_lit 3) (instOfNatNat (nat_lit 3))) Rat
                Rat.instField)))))
      (@Preorder.toLE.{0}
        (@Ideal.{0} OAI.SevenEighths.HeckeFamily.O
          (@CommSemiring.toSemiring.{0} OAI.SevenEighths.HeckeFamily.O
            (@CommRing.toCommSemiring.{0} OAI.SevenEighths.HeckeFamily.O
              (@NumberField.instCommRingRingOfIntegers.{0} OAI.SevenEighths.HeckeFamily.K
                (@CyclotomicField.instField.{0} (@OfNat.ofNat.{0} Nat (nat_lit 3) (instOfNatNat (nat_lit 3))) Rat
                  Rat.instField)))))
        (@PartialOrder.toPreorder.{0}
          (@Ideal.{0} OAI.SevenEighths.HeckeFamily.O
            (@CommSemiring.toSemiring.{0} OAI.SevenEighths.HeckeFamily.O
              (@CommRing.toCommSemiring.{0} OAI.SevenEighths.HeckeFamily.O
                (@NumberField.instCommRingRingOfIntegers.{0} OAI.SevenEighths.HeckeFamily.K
                  (@CyclotomicField.instField.{0} (@OfNat.ofNat.{0} Nat (nat_lit 3) (instOfNatNat (nat_lit 3))) Rat
                    Rat.instField)))))
          (@Submodule.instPartialOrder.{0, 0} OAI.SevenEighths.HeckeFamily.O OAI.SevenEighths.HeckeFamily.O
            (@CommSemiring.toSemiring.{0} OAI.SevenEighths.HeckeFamily.O
              (@CommRing.toCommSemiring.{0} OAI.SevenEighths.HeckeFamily.O
                (@NumberField.instCommRingRingOfIntegers.{0} OAI.SevenEighths.HeckeFamily.K
                  (@CyclotomicField.instField.{0} (@OfNat.ofNat.{0} Nat (nat_lit 3) (instOfNatNat (nat_lit 3))) Rat
                    Rat.instField))))
            (@Semiring.toAddCommMonoid.{0} OAI.SevenEighths.HeckeFamily.O
              (@CommSemiring.toSemiring.{0} OAI.SevenEighths.HeckeFamily.O
                (@CommRing.toCommSemiring.{0} OAI.SevenEighths.HeckeFamily.O
                  (@NumberField.instCommRingRingOfIntegers.{0} OAI.SevenEighths.HeckeFamily.K
                    (@CyclotomicField.instField.{0} (@OfNat.ofNat.{0} Nat (nat_lit 3) (instOfNatNat (nat_lit 3))) Rat
                      Rat.instField)))))
            (@Semiring.toModule.{0} OAI.SevenEighths.HeckeFamily.O
              (@CommSemiring.toSemiring.{0} OAI.SevenEighths.HeckeFamily.O
                (@CommRing.toCommSemiring.{0} OAI.SevenEighths.HeckeFamily.O
                  (@NumberField.instCommRingRingOfIntegers.{0} OAI.SevenEighths.HeckeFamily.K
                    (@CyclotomicField.instField.{0} (@OfNat.ofNat.{0} Nat (nat_lit 3) (instOfNatNat (nat_lit 3))) Rat
                      Rat.instField))))))))
      M
      (@Ideal.span.{0} OAI.SevenEighths.HeckeFamily.O
        (@CommSemiring.toSemiring.{0} OAI.SevenEighths.HeckeFamily.O
          (@CommRing.toCommSemiring.{0} OAI.SevenEighths.HeckeFamily.O
            (@NumberField.instCommRingRingOfIntegers.{0} OAI.SevenEighths.HeckeFamily.K
              (@CyclotomicField.instField.{0} (@OfNat.ofNat.{0} Nat (nat_lit 3) (instOfNatNat (nat_lit 3))) Rat
                Rat.instField))))
        (@Singleton.singleton.{0, 0} OAI.SevenEighths.HeckeFamily.O (Set.{0} OAI.SevenEighths.HeckeFamily.O)
          (@Set.instSingletonSet.{0} OAI.SevenEighths.HeckeFamily.O)
          OAI.SevenEighths.ProbeHighRowFamily.rowMaskElement)))
  (W : Real → Complex) (aslot bslot dmin dmax Mcap L rmin εm τ₀ κEnergy κPlain : Real)
  (haslot :
    @LT.lt.{0} Real Real.instLT (@OfNat.ofNat.{0} Real (nat_lit 0) (@Zero.toOfNat0.{0} Real Real.instZero)) aslot)
  (hWs :
    @LE.le.{0} (Set.{0} Real) (@Set.instLE.{0} Real) (@Function.support.{0, 0} Real Complex Complex.instZero W)
      (@Set.Icc.{0} Real Real.instPreorder aslot bslot))
  (hW :
    @ContDiff.{0, 0, 0} Real (@DenselyNormedField.toNontriviallyNormedField.{0} Real Real.denselyNormedField) Real
      Real.normedAddCommGroup
      (@InnerProductSpace.toNormedSpace.{0, 0} Real Real Real.instRCLike
        (@NormedAddCommGroup.toSeminormedAddCommGroup.{0} Real Real.normedAddCommGroup)
        (@RCLike.toInnerProductSpaceReal.{0} Real Real.instRCLike))
      Complex Complex.instNormedAddCommGroup
      (@InnerProductSpace.toNormedSpace.{0, 0} Real Complex Real.instRCLike
        (@NormedAddCommGroup.toSeminormedAddCommGroup.{0} Complex Complex.instNormedAddCommGroup)
        instInnerProductSpaceRealComplex)
      (@WithTop.some.{0} ENat (@Top.top.{0} ENat instTopENat)) W)
  (hbslot :
    @LE.le.{0} Real Real.instLE (@OfNat.ofNat.{0} Real (nat_lit 0) (@Zero.toOfNat0.{0} Real Real.instZero)) bslot)
  (hdmin : @LT.lt.{0} Real Real.instLT (@OfNat.ofNat.{0} Real (nat_lit 0) (@Zero.toOfNat0.{0} Real Real.instZero)) dmin)
  (hdmax : @LE.le.{0} Real Real.instLE dmin dmax) (hcapMargin : @LT.lt.{0} Real Real.instLT dmax Mcap)
  (hL :
    @LE.le.{0} Real Real.instLE
      (@HDiv.hDiv.{0, 0, 0} Real Real Real (@instHDiv.{0} Real (@DivInvMonoid.toDiv.{0} Real Real.instDivInvMonoid))
        dmax
        (@OfNat.ofNat.{0} Real (nat_lit 2)
          (@instOfNatAtLeastTwo.{0} Real (nat_lit 2) Real.instNatCast
            (@Nat.instAtLeastTwoHAddOfNat (@OfNat.ofNat.{0} Nat (nat_lit 1) (instOfNatNat (nat_lit 1)))
              (@Nat.instNeZeroSucc (@OfNat.ofNat.{0} Nat (nat_lit 0) (instOfNatNat (nat_lit 0))))))))
      L)
  (hrmin : @LT.lt.{0} Real Real.instLT (@OfNat.ofNat.{0} Real (nat_lit 0) (@Zero.toOfNat0.{0} Real Real.instZero)) rmin)
  (hεm : @LT.lt.{0} Real Real.instLT (@OfNat.ofNat.{0} Real (nat_lit 0) (@Zero.toOfNat0.{0} Real Real.instZero)) εm)
  (hτ₀ : @LT.lt.{0} Real Real.instLT (@OfNat.ofNat.{0} Real (nat_lit 0) (@Zero.toOfNat0.{0} Real Real.instZero)) τ₀)
  (hκ0 :
    @LE.le.{0} Real Real.instLE
      (@HDiv.hDiv.{0, 0, 0} Real Real Real (@instHDiv.{0} Real (@DivInvMonoid.toDiv.{0} Real Real.instDivInvMonoid))
        (@OfNat.ofNat.{0} Real (nat_lit 37)
          (@instOfNatAtLeastTwo.{0} Real (nat_lit 37) Real.instNatCast
            (@Nat.instAtLeastTwoHAddOfNat (@OfNat.ofNat.{0} Nat (nat_lit 36) (instOfNatNat (nat_lit 36)))
              (@Nat.instNeZeroSucc (@OfNat.ofNat.{0} Nat (nat_lit 35) (instOfNatNat (nat_lit 35)))))))
        (@OfNat.ofNat.{0} Real (nat_lit 50)
          (@instOfNatAtLeastTwo.{0} Real (nat_lit 50) Real.instNatCast
            (@Nat.instAtLeastTwoHAddOfNat (@OfNat.ofNat.{0} Nat (nat_lit 49) (instOfNatNat (nat_lit 49)))
              (@Nat.instNeZeroSucc (@OfNat.ofNat.{0} Nat (nat_lit 48) (instOfNatNat (nat_lit 48))))))))
      κEnergy)
  (hκPlain : @LE.le.{0} Real Real.instLE κEnergy κPlain)
  (hbeta :
    @LE.le.{0} Real Real.instLE
      (@HDiv.hDiv.{0, 0, 0} Real Real Real (@instHDiv.{0} Real (@DivInvMonoid.toDiv.{0} Real Real.instDivInvMonoid))
        (@OfNat.ofNat.{0} Real (nat_lit 51)
          (@instOfNatAtLeastTwo.{0} Real (nat_lit 51) Real.instNatCast
            (@Nat.instAtLeastTwoHAddOfNat (@OfNat.ofNat.{0} Nat (nat_lit 50) (instOfNatNat (nat_lit 50)))
              (@Nat.instNeZeroSucc (@OfNat.ofNat.{0} Nat (nat_lit 49) (instOfNatNat (nat_lit 49)))))))
        (@OfNat.ofNat.{0} Real (nat_lit 100)
          (@instOfNatAtLeastTwo.{0} Real (nat_lit 100) Real.instNatCast
            (@Nat.instAtLeastTwoHAddOfNat (@OfNat.ofNat.{0} Nat (nat_lit 99) (instOfNatNat (nat_lit 99)))
              (@Nat.instNeZeroSucc (@OfNat.ofNat.{0} Nat (nat_lit 98) (instOfNatNat (nat_lit 98))))))))
      OAI.SevenEighths.HeckeZeroSupremum.beta)
  (hκ :
    @LE.le.{0} Real Real.instLE
      (@HSub.hSub.{0, 0, 0} Real Real Real (@instHSub.{0} Real Real.instSub)
        (@HMul.hMul.{0, 0, 0} Real Real Real (@instHMul.{0} Real Real.instMul)
          (@OfNat.ofNat.{0} Real (nat_lit 2)
            (@instOfNatAtLeastTwo.{0} Real (nat_lit 2) Real.instNatCast
              (@Nat.instAtLeastTwoHAddOfNat (@OfNat.ofNat.{0} Nat (nat_lit 1) (instOfNatNat (nat_lit 1)))
                (@Nat.instNeZeroSucc (@OfNat.ofNat.{0} Nat (nat_lit 0) (instOfNatNat (nat_lit 0)))))))
          OAI.SevenEighths.HeckeZeroSupremum.beta)
        (@OfNat.ofNat.{0} Real (nat_lit 1) (@One.toOfNat1.{0} Real Real.instOne)))
      κEnergy),
  @Exists.{1} Real fun (ρ : Real) =>
    @Exists.{1} Real fun (εE : Real) =>
      And (@LT.lt.{0} Real Real.instLT (@OfNat.ofNat.{0} Real (nat_lit 0) (@Zero.toOfNat0.{0} Real Real.instZero)) ρ)
        (And
          (@LT.lt.{0} Real Real.instLT (@OfNat.ofNat.{0} Real (nat_lit 0) (@Zero.toOfNat0.{0} Real Real.instZero)) εE)
          (And
            (@LE.le.{0} Real Real.instLE ρ
              (@HSub.hSub.{0, 0, 0} Real Real Real (@instHSub.{0} Real Real.instSub) Mcap dmax))
            (@Exists.{1}
              (@SchwartzMap.{0, 0} Real Complex Real.normedAddCommGroup
                (@InnerProductSpace.toNormedSpace.{0, 0} Real Real Real.instRCLike
                  (@NormedAddCommGroup.toSeminormedAddCommGroup.{0} Real Real.normedAddCommGroup)
                  (@RCLike.toInnerProductSpaceReal.{0} Real Real.instRCLike))
                Complex.instNormedAddCommGroup
                (@InnerProductSpace.toNormedSpace.{0, 0} Real Complex Real.instRCLike
                  (@NormedAddCommGroup.toSeminormedAddCommGroup.{0} Complex Complex.instNormedAddCommGroup)
                  instInnerProductSpaceRealComplex))
              fun
                (Φ :
                  @SchwartzMap.{0, 0} Real Complex Real.normedAddCommGroup
                    (@InnerProductSpace.toNormedSpace.{0, 0} Real Real Real.instRCLike
                      (@NormedAddCommGroup.toSeminormedAddCommGroup.{0} Real Real.normedAddCommGroup)
                      (@RCLike.toInnerProductSpaceReal.{0} Real Real.instRCLike))
                    Complex.instNormedAddCommGroup
                    (@InnerProductSpace.toNormedSpace.{0, 0} Real Complex Real.instRCLike
                      (@NormedAddCommGroup.toSeminormedAddCommGroup.{0} Complex Complex.instNormedAddCommGroup)
                      instInnerProductSpaceRealComplex)) =>
              And
                (∀ (x : Real),
                  @LE.le.{0} Real Real.instLE
                    (@OfNat.ofNat.{0} Real (nat_lit 0) (@Zero.toOfNat0.{0} Real Real.instZero))
                    (Complex.re
                      (@DFunLike.coe.{1, 1, 1}
                        (@SchwartzMap.{0, 0} Real Complex Real.normedAddCommGroup
                          (@InnerProductSpace.toNormedSpace.{0, 0} Real Real Real.instRCLike
                            (@NormedAddCommGroup.toSeminormedAddCommGroup.{0} Real Real.normedAddCommGroup)
                            (@RCLike.toInnerProductSpaceReal.{0} Real Real.instRCLike))
                          Complex.instNormedAddCommGroup
                          (@InnerProductSpace.toNormedSpace.{0, 0} Real Complex Real.instRCLike
                            (@NormedAddCommGroup.toSeminormedAddCommGroup.{0} Complex Complex.instNormedAddCommGroup)
                            instInnerProductSpaceRealComplex))
                        Real (fun (x : Real) => Complex)
                        (@SchwartzMap.instFunLike.{0, 0} Real Complex Real.normedAddCommGroup
                          (@InnerProductSpace.toNormedSpace.{0, 0} Real Real Real.instRCLike
                            (@NormedAddCommGroup.toSeminormedAddCommGroup.{0} Real Real.normedAddCommGroup)
                            (@RCLike.toInnerProductSpaceReal.{0} Real Real.instRCLike))
                          Complex.instNormedAddCommGroup
                          (@InnerProductSpace.toNormedSpace.{0, 0} Real Complex Real.instRCLike
                            (@NormedAddCommGroup.toSeminormedAddCommGroup.{0} Complex Complex.instNormedAddCommGroup)
                            instInnerProductSpaceRealComplex))
                        Φ x)))
                (And
                  (∀ (x : Real),
                    @Eq.{1} Real
                      (Complex.im
                        (@DFunLike.coe.{1, 1, 1}
                          (@SchwartzMap.{0, 0} Real Complex Real.normedAddCommGroup
                            (@InnerProductSpace.toNormedSpace.{0, 0} Real Real Real.instRCLike
                              (@NormedAddCommGroup.toSeminormedAddCommGroup.{0} Real Real.normedAddCommGroup)
                              (@RCLike.toInnerProductSpaceReal.{0} Real Real.instRCLike))
                            Complex.instNormedAddCommGroup
                            (@InnerProductSpace.toNormedSpace.{0, 0} Real Complex Real.instRCLike
                              (@NormedAddCommGroup.toSeminormedAddCommGroup.{0} Complex Complex.instNormedAddCommGroup)
                              instInnerProductSpaceRealComplex))
                          Real (fun (x : Real) => Complex)
                          (@SchwartzMap.instFunLike.{0, 0} Real Complex Real.normedAddCommGroup
                            (@InnerProductSpace.toNormedSpace.{0, 0} Real Real Real.instRCLike
                              (@NormedAddCommGroup.toSeminormedAddCommGroup.{0} Real Real.normedAddCommGroup)
                              (@RCLike.toInnerProductSpaceReal.{0} Real Real.instRCLike))
                            Complex.instNormedAddCommGroup
                            (@InnerProductSpace.toNormedSpace.{0, 0} Real Complex Real.instRCLike
                              (@NormedAddCommGroup.toSeminormedAddCommGroup.{0} Complex Complex.instNormedAddCommGroup)
                              instInnerProductSpaceRealComplex))
                          Φ x))
                      (@OfNat.ofNat.{0} Real (nat_lit 0) (@Zero.toOfNat0.{0} Real Real.instZero)))
                  (@Exists.{1} Nat fun (degree : Nat) =>
                    @Exists.{1} Nat fun (J : Nat) =>
                      @Exists.{1} Real fun (τ : Real) =>
                        @Exists.{1} Real fun (Ctotal : Real) =>
                          And
                            (@LT.lt.{0} Real Real.instLT
                              (@OfNat.ofNat.{0} Real (nat_lit 0) (@Zero.toOfNat0.{0} Real Real.instZero)) τ)
                            (And (@LE.le.{0} Real Real.instLE τ τ₀)
                              (And
                                (@LT.lt.{0} Real Real.instLT
                                  (@OfNat.ofNat.{0} Real (nat_lit 0) (@Zero.toOfNat0.{0} Real Real.instZero)) Ctotal)
                                (And
                                  (@LE.le.{0} Real Real.instLE
                                    (@HAdd.hAdd.{0, 0, 0} Real Real Real (@instHAdd.{0} Real Real.instAdd)
                                      (@HAdd.hAdd.{0, 0, 0} Real Real Real (@instHAdd.{0} Real Real.instAdd) ρ εE)
                                      (@HMul.hMul.{0, 0, 0} Real Real Real (@instHMul.{0} Real Real.instMul)
                                        (@HMul.hMul.{0, 0, 0} Real Real Real (@instHMul.{0} Real Real.instMul)
                                          (@OfNat.ofNat.{0} Real (nat_lit 2)
                                            (@instOfNatAtLeastTwo.{0} Real (nat_lit 2) Real.instNatCast
                                              (@Nat.instAtLeastTwoHAddOfNat
                                                (@OfNat.ofNat.{0} Nat (nat_lit 1) (instOfNatNat (nat_lit 1)))
                                                (@Nat.instNeZeroSucc
                                                  (@OfNat.ofNat.{0} Nat (nat_lit 0) (instOfNatNat (nat_lit 0)))))))
                                          τ)
                                        (@Nat.cast.{0} Real Real.instNatCast
                                          (@HAdd.hAdd.{0, 0, 0} Nat Nat Nat (@instHAdd.{0} Nat instAddNat) degree
                                            (@HMul.hMul.{0, 0, 0} Nat Nat Nat (@instHMul.{0} Nat instMulNat)
                                              (@OfNat.ofNat.{0} Nat (nat_lit 4) (instOfNatNat (nat_lit 4))) J)))))
                                    (@HMul.hMul.{0, 0, 0} Real Real Real (@instHMul.{0} Real Real.instMul) dmin εm))
                                  (@Filter.Eventually.{0} Real
                                    (fun (Z : Real) =>
                                      And
                                        (@LT.lt.{0} Real Real.instLT
                                          (@OfNat.ofNat.{0} Real (nat_lit 1) (@One.toOfNat1.{0} Real Real.instOne)) Z)
                                        (∀ (d : Real),
                                          @LE.le.{0} Real Real.instLE dmin d →
                                            @LE.le.{0} Real Real.instLE d dmax →
                                              ∀ (a ε tstar T allowance : Real) (i : Nat)
                                                (F :
                                                  OAI.SevenEighths.HeckeDetectorRawFiber.Fiber.{u_1, u_2} M H Label Slot
                                                    (@HPow.hPow.{0, 0, 0} Real Real Real
                                                      (@instHPow.{0, 0} Real Real Real.instPow) Z d)
                                                    a ε tstar T allowance i),
                                                @Eq.{1} OAI.SevenEighths.HeckeInverseAmplification.RowData
                                                    (@OAI.SevenEighths.HeckeDetectorRawFiber.Fiber.rowData.{u_1, u_2} M
                                                      H Label Slot
                                                      (@HPow.hPow.{0, 0, 0} Real Real Real
                                                        (@instHPow.{0, 0} Real Real Real.instPow) Z d)
                                                      a ε tstar T allowance i F)
                                                    (OAI.SevenEighths.ProbeHighRowFamily.momentData
                                                      (η
                                                        (@OAI.SevenEighths.HeckeDetectorRawFiber.Fiber.label.{u_1, u_2}
                                                          M H Label Slot
                                                          (@HPow.hPow.{0, 0, 0} Real Real Real
                                                            (@instHPow.{0, 0} Real Real Real.instPow) Z d)
                                                          a ε tstar T allowance i F))) →
                                                  (∀ (u : OAI.SevenEighths.HeckeInverseAmplification.FreeRow),
                                                      @Membership.mem.{0, 0}
                                                          OAI.SevenEighths.HeckeInverseAmplification.FreeRow
                                                          (Finset.{0}
                                                            OAI.SevenEighths.HeckeInverseAmplification.FreeRow)
                                                          (@SetLike.instMembership.{0, 0}
                                                            (Finset.{0}
                                                              OAI.SevenEighths.HeckeInverseAmplification.FreeRow)
                                                            OAI.SevenEighths.HeckeInverseAmplification.FreeRow
                                                            (@Finset.instSetLike.{0}
                                                              OAI.SevenEighths.HeckeInverseAmplification.FreeRow))
                                                          (@OAI.SevenEighths.HeckeDetectorRawFiber.Fiber.rows.{u_1, u_2}
                                                            M H Label Slot
                                                            (@HPow.hPow.{0, 0, 0} Real Real Real
                                                              (@instHPow.{0, 0} Real Real Real.instPow) Z d)
                                                            a ε tstar T allowance i F)
                                                          u →
                                                        @LE.le.{0} Real Real.instLE
                                                          (@HPow.hPow.{0, 0, 0} Real Real Real
                                                            (@instHPow.{0, 0} Real Real Real.instPow) Z rmin)
                                                          (@Nat.cast.{0} Real Real.instNatCast
                                                            (@DFunLike.coe.{1, 1, 1}
                                                              (@MonoidWithZeroHom.{0, 0}
                                                                (@Ideal.{0} OAI.SevenEighths.HeckeFamily.O
                                                                  (@CommSemiring.toSemiring.{0}
                                                                    OAI.SevenEighths.HeckeFamily.O
                                                                    (@CommRing.toCommSemiring.{0}
                                                                      OAI.SevenEighths.HeckeFamily.O
                                                                      (@NumberField.instCommRingRingOfIntegers.{0}
                                                                        OAI.SevenEighths.HeckeFamily.K
                                                                        (@CyclotomicField.instField.{0}
                                                                          (@OfNat.ofNat.{0} Nat (nat_lit 3)
                                                                            (instOfNatNat (nat_lit 3)))
                                                                          Rat Rat.instField)))))
                                                                Nat
                                                                (@instMulZeroOneClassOfSemiring.{0}
                                                                  (@Ideal.{0} OAI.SevenEighths.HeckeFamily.O
                                                                    (@CommSemiring.toSemiring.{0}
                                                                      OAI.SevenEighths.HeckeFamily.O
                                                                      (@CommRing.toCommSemiring.{0}
                                                                        OAI.SevenEighths.HeckeFamily.O
                                                                        (@NumberField.instCommRingRingOfIntegers.{0}
                                                                          OAI.SevenEighths.HeckeFamily.K
                                                                          (@CyclotomicField.instField.{0}
                                                                            (@OfNat.ofNat.{0} Nat (nat_lit 3)
                                                                              (instOfNatNat (nat_lit 3)))
                                                                            Rat Rat.instField)))))
                                                                  (@IdemSemiring.toSemiring.{0}
                                                                    (@Ideal.{0} OAI.SevenEighths.HeckeFamily.O
                                                                      (@CommSemiring.toSemiring.{0}
                                                                        OAI.SevenEighths.HeckeFamily.O
                                                                        (@CommRing.toCommSemiring.{0}
                                                                          OAI.SevenEighths.HeckeFamily.O
                                                                          (@NumberField.instCommRingRingOfIntegers.{0}
                                                                            OAI.SevenEighths.HeckeFamily.K
                                                                            (@CyclotomicField.instField.{0}
                                                                              (@OfNat.ofNat.{0} Nat (nat_lit 3)
                                                                                (instOfNatNat (nat_lit 3)))
                                                                              Rat Rat.instField)))))
                                                                    (@Submodule.idemSemiring.{0, 0}
                                                                      OAI.SevenEighths.HeckeFamily.O
                                                                      (@CommRing.toCommSemiring.{0}
                                                                        OAI.SevenEighths.HeckeFamily.O
                                                                        (@NumberField.instCommRingRingOfIntegers.{0}
                                                                          OAI.SevenEighths.HeckeFamily.K
                                                                          (@CyclotomicField.instField.{0}
                                                                            (@OfNat.ofNat.{0} Nat (nat_lit 3)
                                                                              (instOfNatNat (nat_lit 3)))
                                                                            Rat Rat.instField)))
                                                                      OAI.SevenEighths.HeckeFamily.O
                                                                      (@CommSemiring.toSemiring.{0}
                                                                        OAI.SevenEighths.HeckeFamily.O
                                                                        (@CommRing.toCommSemiring.{0}
                                                                          OAI.SevenEighths.HeckeFamily.O
                                                                          (@NumberField.instCommRingRingOfIntegers.{0}
                                                                            OAI.SevenEighths.HeckeFamily.K
                                                                            (@CyclotomicField.instField.{0}
                                                                              (@OfNat.ofNat.{0} Nat (nat_lit 3)
                                                                                (instOfNatNat (nat_lit 3)))
                                                                              Rat Rat.instField))))
                                                                      (@Algebra.id.{0} OAI.SevenEighths.HeckeFamily.O
                                                                        (@CommRing.toCommSemiring.{0}
                                                                          OAI.SevenEighths.HeckeFamily.O
                                                                          (@NumberField.instCommRingRingOfIntegers.{0}
                                                                            OAI.SevenEighths.HeckeFamily.K
                                                                            (@CyclotomicField.instField.{0}
                                                                              (@OfNat.ofNat.{0} Nat (nat_lit 3)
                                                                                (instOfNatNat (nat_lit 3)))
                                                                              Rat Rat.instField)))))))
                                                                Nat.instMulZeroOneClass)
                                                              (@Ideal.{0} OAI.SevenEighths.HeckeFamily.O
                                                                (@CommSemiring.toSemiring.{0}
                                                                  OAI.SevenEighths.HeckeFamily.O
                                                                  (@CommRing.toCommSemiring.{0}
                                                                    OAI.SevenEighths.HeckeFamily.O
                                                                    (@NumberField.instCommRingRingOfIntegers.{0}
                                                                      OAI.SevenEighths.HeckeFamily.K
                                                                      (@CyclotomicField.instField.{0}
                                                                        (@OfNat.ofNat.{0} Nat (nat_lit 3)
                                                                          (instOfNatNat (nat_lit 3)))
                                                                        Rat Rat.instField)))))
                                                              (fun
                                                                  (x :
                                                                    @Ideal.{0} OAI.SevenEighths.HeckeFamily.O
                                                                      (@CommSemiring.toSemiring.{0}
                                                                        OAI.SevenEighths.HeckeFamily.O
                                                                        (@CommRing.toCommSemiring.{0}
                                                                          OAI.SevenEighths.HeckeFamily.O
                                                                          (@NumberField.instCommRingRingOfIntegers.{0}
                                                                            OAI.SevenEighths.HeckeFamily.K
                                                                            (@CyclotomicField.instField.{0}
                                                                              (@OfNat.ofNat.{0} Nat (nat_lit 3)
                                                                                (instOfNatNat (nat_lit 3)))
                                                                              Rat Rat.instField))))) =>
                                                                Nat)
                                                              (@MonoidWithZeroHom.funLike.{0, 0}
                                                                (@Ideal.{0} OAI.SevenEighths.HeckeFamily.O
                                                                  (@CommSemiring.toSemiring.{0}
                                                                    OAI.SevenEighths.HeckeFamily.O
                                                                    (@CommRing.toCommSemiring.{0}
                                                                      OAI.SevenEighths.HeckeFamily.O
                                                                      (@NumberField.instCommRingRingOfIntegers.{0}
                                                                        OAI.SevenEighths.HeckeFamily.K
                                                                        (@CyclotomicField.instField.{0}
                                                                          (@OfNat.ofNat.{0} Nat (nat_lit 3)
                                                                            (instOfNatNat (nat_lit 3)))
                                                                          Rat Rat.instField)))))
                                                                Nat
                                                                (@instMulZeroOneClassOfSemiring.{0}
                                                                  (@Ideal.{0} OAI.SevenEighths.HeckeFamily.O
                                                                    (@CommSemiring.toSemiring.{0}
                                                                      OAI.SevenEighths.HeckeFamily.O
                                                                      (@CommRing.toCommSemiring.{0}
                                                                        OAI.SevenEighths.HeckeFamily.O
                                                                        (@NumberField.instCommRingRingOfIntegers.{0}
                                                                          OAI.SevenEighths.HeckeFamily.K
                                                                          (@CyclotomicField.instField.{0}
                                                                            (@OfNat.ofNat.{0} Nat (nat_lit 3)
                                                                              (instOfNatNat (nat_lit 3)))
                                                                            Rat Rat.instField)))))
                                                                  (@IdemSemiring.toSemiring.{0}
                                                                    (@Ideal.{0} OAI.SevenEighths.HeckeFamily.O
                                                                      (@CommSemiring.toSemiring.{0}
                                                                        OAI.SevenEighths.HeckeFamily.O
                                                                        (@CommRing.toCommSemiring.{0}
                                                                          OAI.SevenEighths.HeckeFamily.O
                                                                          (@NumberField.instCommRingRingOfIntegers.{0}
                                                                            OAI.SevenEighths.HeckeFamily.K
                                                                            (@CyclotomicField.instField.{0}
                                                                              (@OfNat.ofNat.{0} Nat (nat_lit 3)
                                                                                (instOfNatNat (nat_lit 3)))
                                                                              Rat Rat.instField)))))
                                                                    (@Submodule.idemSemiring.{0, 0}
                                                                      OAI.SevenEighths.HeckeFamily.O
                                                                      (@CommRing.toCommSemiring.{0}
                                                                        OAI.SevenEighths.HeckeFamily.O
                                                                        (@NumberField.instCommRingRingOfIntegers.{0}
                                                                          OAI.SevenEighths.HeckeFamily.K
                                                                          (@CyclotomicField.instField.{0}
                                                                            (@OfNat.ofNat.{0} Nat (nat_lit 3)
                                                                              (instOfNatNat (nat_lit 3)))
                                                                            Rat Rat.instField)))
                                                                      OAI.SevenEighths.HeckeFamily.O
                                                                      (@CommSemiring.toSemiring.{0}
                                                                        OAI.SevenEighths.HeckeFamily.O
                                                                        (@CommRing.toCommSemiring.{0}
                                                                          OAI.SevenEighths.HeckeFamily.O
                                                                          (@NumberField.instCommRingRingOfIntegers.{0}
                                                                            OAI.SevenEighths.HeckeFamily.K
                                                                            (@CyclotomicField.instField.{0}
                                                                              (@OfNat.ofNat.{0} Nat (nat_lit 3)
                                                                                (instOfNatNat (nat_lit 3)))
                                                                              Rat Rat.instField))))
                                                                      (@Algebra.id.{0} OAI.SevenEighths.HeckeFamily.O
                                                                        (@CommRing.toCommSemiring.{0}
                                                                          OAI.SevenEighths.HeckeFamily.O
                                                                          (@NumberField.instCommRingRingOfIntegers.{0}
                                                                            OAI.SevenEighths.HeckeFamily.K
                                                                            (@CyclotomicField.instField.{0}
                                                                              (@OfNat.ofNat.{0} Nat (nat_lit 3)
                                                                                (instOfNatNat (nat_lit 3)))
                                                                              Rat Rat.instField)))))))
                                                                Nat.instMulZeroOneClass)
                                                              (@Ideal.absNorm.{0} OAI.SevenEighths.HeckeFamily.O
                                                                (@NumberField.instCommRingRingOfIntegers.{0}
                                                                  OAI.SevenEighths.HeckeFamily.K
                                                                  (@CyclotomicField.instField.{0}
                                                                    (@OfNat.ofNat.{0} Nat (nat_lit 3)
                                                                      (instOfNatNat (nat_lit 3)))
                                                                    Rat Rat.instField))
                                                                (@NumberField.RingOfIntegers.instIsDedekindDomain.{0}
                                                                  OAI.SevenEighths.HeckeFamily.K
                                                                  (@CyclotomicField.instField.{0}
                                                                    (@OfNat.ofNat.{0} Nat (nat_lit 3)
                                                                      (instOfNatNat (nat_lit 3)))
                                                                    Rat Rat.instField)
                                                                  (@CyclotomicField.instNumberField.{0}
                                                                    (@OfNat.ofNat.{0} Nat (nat_lit 3)
                                                                      (instOfNatNat (nat_lit 3)))
                                                                    Rat Rat.instField Rat.numberField))
                                                                (@CharZero.infinite.{0} OAI.SevenEighths.HeckeFamily.O
                                                                  (@AddGroupWithOne.toAddMonoidWithOne.{0}
                                                                    OAI.SevenEighths.HeckeFamily.O
                                                                    (@Ring.toAddGroupWithOne.{0}
                                                                      OAI.SevenEighths.HeckeFamily.O
                                                                      (@CommRing.toRing.{0}
                                                                        OAI.SevenEighths.HeckeFamily.O
                                                                        (@NumberField.instCommRingRingOfIntegers.{0}
                                                                          OAI.SevenEighths.HeckeFamily.K
                                                                          (@CyclotomicField.instField.{0}
                                                                            (@OfNat.ofNat.{0} Nat (nat_lit 3)
                                                                              (instOfNatNat (nat_lit 3)))
                                                                            Rat Rat.instField)))))
                                                                  (@NumberField.RingOfIntegers.instCharZero_1.{0}
                                                                    OAI.SevenEighths.HeckeFamily.K
                                                                    (@CyclotomicField.instField.{0}
                                                                      (@OfNat.ofNat.{0} Nat (nat_lit 3)
                                                                        (instOfNatNat (nat_lit 3)))
                                                                      Rat Rat.instField)
                                                                    (@CyclotomicField.instCharZero.{0}
                                                                      (@OfNat.ofNat.{0} Nat (nat_lit 3)
                                                                        (instOfNatNat (nat_lit 3)))
                                                                      Rat Rat.instField Rat.instCharZero))))
                                                              (@Ideal.span.{0} OAI.SevenEighths.HeckeFamily.O
                                                                (@CommSemiring.toSemiring.{0}
                                                                  OAI.SevenEighths.HeckeFamily.O
                                                                  (@CommRing.toCommSemiring.{0}
                                                                    OAI.SevenEighths.HeckeFamily.O
                                                                    (@NumberField.instCommRingRingOfIntegers.{0}
                                                                      OAI.SevenEighths.HeckeFamily.K
                                                                      (@CyclotomicField.instField.{0}
                                                                        (@OfNat.ofNat.{0} Nat (nat_lit 3)
                                                                          (instOfNatNat (nat_lit 3)))
                                                                        Rat Rat.instField))))
                                                                (@Singleton.singleton.{0, 0}
                                                                  OAI.SevenEighths.HeckeFamily.O
                                                                  (Set.{0} OAI.SevenEighths.HeckeFamily.O)
                                                                  (@Set.instSingletonSet.{0}
                                                                    OAI.SevenEighths.HeckeFamily.O)
                                                                  (@Subtype.val.{1} OAI.SevenEighths.HeckeFamily.O
                                                                    (fun (u : OAI.SevenEighths.HeckeFamily.O) =>
                                                                      And
                                                                        (@Ne.{1} OAI.SevenEighths.HeckeFamily.O u
                                                                          (@OfNat.ofNat.{0}
                                                                            OAI.SevenEighths.HeckeFamily.O (nat_lit 0)
                                                                            (@Zero.toOfNat0.{0}
                                                                              OAI.SevenEighths.HeckeFamily.O
                                                                              (@MulZeroClass.toZero.{0}
                                                                                OAI.SevenEighths.HeckeFamily.O
                                                                                (@instMulZeroClassOfSemiring.{0}
                                                                                  OAI.SevenEighths.HeckeFamily.O
                                                                                  (@CommSemiring.toSemiring.{0}
                                                                                    OAI.SevenEighths.HeckeFamily.O
                                                                                    (@CommRing.toCommSemiring.{0}
                                                                                      OAI.SevenEighths.HeckeFamily.O
                                                                                      (@NumberField.instCommRingRingOfIntegers.{0}
                                                                                        OAI.SevenEighths.HeckeFamily.K
                                                                                        (@CyclotomicField.instField.{0}
                                                                                          (@OfNat.ofNat.{0} Nat
                                                                                            (nat_lit 3)
                                                                                            (instOfNatNat (nat_lit 3)))
                                                                                          Rat Rat.instField)))))))))
                                                                        (OAI.SevenEighths.HeckeInverseAmplification.SixthFree
                                                                          (@Ideal.span.{0}
                                                                            OAI.SevenEighths.HeckeFamily.O
                                                                            (@CommSemiring.toSemiring.{0}
                                                                              OAI.SevenEighths.HeckeFamily.O
                                                                              (@CommRing.toCommSemiring.{0}
                                                                                OAI.SevenEighths.HeckeFamily.O
                                                                                (@NumberField.instCommRingRingOfIntegers.{0}
                                                                                  OAI.SevenEighths.HeckeFamily.K
                                                                                  (@CyclotomicField.instField.{0}
                                                                                    (@OfNat.ofNat.{0} Nat (nat_lit 3)
                                                                                      (instOfNatNat (nat_lit 3)))
                                                                                    Rat Rat.instField))))
                                                                            (@Singleton.singleton.{0, 0}
                                                                              OAI.SevenEighths.HeckeFamily.O
                                                                              (Set.{0} OAI.SevenEighths.HeckeFamily.O)
                                                                              (@Set.instSingletonSet.{0}
                                                                                OAI.SevenEighths.HeckeFamily.O)
                                                                              u))))
                                                                    u)))))) →
                                                    (∀ (s : Slot),
                                                        @Membership.mem.{u_2, u_2} Slot (Finset.{u_2} Slot)
                                                            (@SetLike.instMembership.{u_2, u_2} (Finset.{u_2} Slot) Slot
                                                              (@Finset.instSetLike.{u_2} Slot))
                                                            (@OAI.SevenEighths.HeckeDetectorRawFiber.Fiber.slots.{u_1,
                                                                  u_2}
                                                              M H Label Slot
                                                              (@HPow.hPow.{0, 0, 0} Real Real Real
                                                                (@instHPow.{0, 0} Real Real Real.instPow) Z d)
                                                              a ε tstar T allowance i F)
                                                            s →
                                                          @Eq.{1} (Real → Complex)
                                                            (@OAI.SevenEighths.HeckeDetectorRawFiber.Fiber.profile.{u_1,
                                                                  u_2}
                                                              M H Label Slot
                                                              (@HPow.hPow.{0, 0, 0} Real Real Real
                                                                (@instHPow.{0, 0} Real Real Real.instPow) Z d)
                                                              a ε tstar T allowance i F s)
                                                            W) →
                                                      (∀ (s : Slot),
                                                          @Membership.mem.{u_2, u_2} Slot (Finset.{u_2} Slot)
                                                              (@SetLike.instMembership.{u_2, u_2} (Finset.{u_2} Slot)
                                                                Slot (@Finset.instSetLike.{u_2} Slot))
                                                              (@OAI.SevenEighths.HeckeDetectorRawFiber.Fiber.slots.{u_1,
                                                                    u_2}
                                                                M H Label Slot
                                                                (@HPow.hPow.{0, 0, 0} Real Real Real
                                                                  (@instHPow.{0, 0} Real Real Real.instPow) Z d)
                                                                a ε tstar T allowance i F)
                                                              s →
                                                            @Eq.{1} Real
                                                              (@OAI.SevenEighths.HeckeDetectorRawFiber.Fiber.upper.{u_1,
                                                                    u_2}
                                                                M H Label Slot
                                                                (@HPow.hPow.{0, 0, 0} Real Real Real
                                                                  (@instHPow.{0, 0} Real Real Real.instPow) Z d)
                                                                a ε tstar T allowance i F s)
                                                              bslot) →
                                                        (∀ (s : Slot),
                                                            @Membership.mem.{u_2, u_2} Slot (Finset.{u_2} Slot)
                                                                (@SetLike.instMembership.{u_2, u_2} (Finset.{u_2} Slot)
                                                                  Slot (@Finset.instSetLike.{u_2} Slot))
                                                                (@OAI.SevenEighths.HeckeDetectorRawFiber.Fiber.slots.{u_1,
                                                                      u_2}
                                                                  M H Label Slot
                                                                  (@HPow.hPow.{0, 0, 0} Real Real Real
                                                                    (@instHPow.{0, 0} Real Real Real.instPow) Z d)
                                                                  a ε tstar T allowance i F)
                                                                s →
                                                              ∀
                                                                (P :
                                                                  @Ideal.{0} OAI.SevenEighths.HeckeFamily.O
                                                                    (@CommSemiring.toSemiring.{0}
                                                                      OAI.SevenEighths.HeckeFamily.O
                                                                      (@CommRing.toCommSemiring.{0}
                                                                        OAI.SevenEighths.HeckeFamily.O
                                                                        (@NumberField.instCommRingRingOfIntegers.{0}
                                                                          OAI.SevenEighths.HeckeFamily.K
                                                                          (@CyclotomicField.instField.{0}
                                                                            (@OfNat.ofNat.{0} Nat (nat_lit 3)
                                                                              (instOfNatNat (nat_lit 3)))
                                                                            Rat Rat.instField))))),
                                                                @Membership.mem.{0, 0}
                                                                    (@Ideal.{0} OAI.SevenEighths.HeckeFamily.O
                                                                      (@CommSemiring.toSemiring.{0}
                                                                        OAI.SevenEighths.HeckeFamily.O
                                                                        (@CommRing.toCommSemiring.{0}
                                                                          OAI.SevenEighths.HeckeFamily.O
                                                                          (@NumberField.instCommRingRingOfIntegers.{0}
                                                                            OAI.SevenEighths.HeckeFamily.K
                                                                            (@CyclotomicField.instField.{0}
                                                                              (@OfNat.ofNat.{0} Nat (nat_lit 3)
                                                                                (instOfNatNat (nat_lit 3)))
                                                                              Rat Rat.instField)))))
                                                                    (Finset.{0}
                                                                      (@Ideal.{0} OAI.SevenEighths.HeckeFamily.O
                                                                        (@CommSemiring.toSemiring.{0}
                                                                          OAI.SevenEighths.HeckeFamily.O
                                                                          (@CommRing.toCommSemiring.{0}
                                                                            OAI.SevenEighths.HeckeFamily.O
                                                                            (@NumberField.instCommRingRingOfIntegers.{0}
                                                                              OAI.SevenEighths.HeckeFamily.K
                                                                              (@CyclotomicField.instField.{0}
                                                                                (@OfNat.ofNat.{0} Nat (nat_lit 3)
                                                                                  (instOfNatNat (nat_lit 3)))
                                                                                Rat Rat.instField))))))
                                                                    (@SetLike.instMembership.{0, 0}
                                                                      (Finset.{0}
                                                                        (@Ideal.{0} OAI.SevenEighths.HeckeFamily.O
                                                                          (@CommSemiring.toSemiring.{0}
                                                                            OAI.SevenEighths.HeckeFamily.O
                                                                            (@CommRing.toCommSemiring.{0}
                                                                              OAI.SevenEighths.HeckeFamily.O
                                                                              (@NumberField.instCommRingRingOfIntegers.{0}
                                                                                OAI.SevenEighths.HeckeFamily.K
                                                                                (@CyclotomicField.instField.{0}
                                                                                  (@OfNat.ofNat.{0} Nat (nat_lit 3)
                                                                                    (instOfNatNat (nat_lit 3)))
                                                                                  Rat Rat.instField))))))
                                                                      (@Ideal.{0} OAI.SevenEighths.HeckeFamily.O
                                                                        (@CommSemiring.toSemiring.{0}
                                                                          OAI.SevenEighths.HeckeFamily.O
                                                                          (@CommRing.toCommSemiring.{0}
                                                                            OAI.SevenEighths.HeckeFamily.O
                                                                            (@NumberField.instCommRingRingOfIntegers.{0}
                                                                              OAI.SevenEighths.HeckeFamily.K
                                                                              (@CyclotomicField.instField.{0}
                                                                                (@OfNat.ofNat.{0} Nat (nat_lit 3)
                                                                                  (instOfNatNat (nat_lit 3)))
                                                                                Rat Rat.instField)))))
                                                                      (@Finset.instSetLike.{0}
                                                                        (@Ideal.{0} OAI.SevenEighths.HeckeFamily.O
                                                                          (@CommSemiring.toSemiring.{0}
                                                                            OAI.SevenEighths.HeckeFamily.O
                                                                            (@CommRing.toCommSemiring.{0}
                                                                              OAI.SevenEighths.HeckeFamily.O
                                                                              (@NumberField.instCommRingRingOfIntegers.{0}
                                                                                OAI.SevenEighths.HeckeFamily.K
                                                                                (@CyclotomicField.instField.{0}
                                                                                  (@OfNat.ofNat.{0} Nat (nat_lit 3)
                                                                                    (instOfNatNat (nat_lit 3)))
                                                                                  Rat Rat.instField)))))))
                                                                    (OAI.SevenEighths.CenteredMomentPrimeSlot.primePool
                                                                      M H
                                                                      (@OAI.SevenEighths.HeckeDetectorRawFiber.Fiber.upper.{u_1,
                                                                            u_2}
                                                                        M H Label Slot
                                                                        (@HPow.hPow.{0, 0, 0} Real Real Real
                                                                          (@instHPow.{0, 0} Real Real Real.instPow) Z d)
                                                                        a ε tstar T allowance i F s)
                                                                      (@HPow.hPow.{0, 0, 0} Real Real Real
                                                                        (@instHPow.{0, 0} Real Real Real.instPow)
                                                                        (@HPow.hPow.{0, 0, 0} Real Real Real
                                                                          (@instHPow.{0, 0} Real Real Real.instPow) Z d)
                                                                        (@OAI.SevenEighths.HeckeDetectorRawFiber.Fiber.widths.{u_1,
                                                                              u_2}
                                                                          M H Label Slot
                                                                          (@HPow.hPow.{0, 0, 0} Real Real Real
                                                                            (@instHPow.{0, 0} Real Real Real.instPow) Z
                                                                            d)
                                                                          a ε tstar T allowance i F s)))
                                                                    P →
                                                                  @Ne.{1} Complex
                                                                      (@OAI.SevenEighths.HeckeDetectorRawFiber.Fiber.profile.{u_1,
                                                                            u_2}
                                                                        M H Label Slot
                                                                        (@HPow.hPow.{0, 0, 0} Real Real Real
                                                                          (@instHPow.{0, 0} Real Real Real.instPow) Z d)
                                                                        a ε tstar T allowance i F s
                                                                        (@HDiv.hDiv.{0, 0, 0} Real Real Real
                                                                          (@instHDiv.{0} Real
                                                                            (@DivInvMonoid.toDiv.{0} Real
                                                                              Real.instDivInvMonoid))
                                                                          (@Nat.cast.{0} Real Real.instNatCast
                                                                            (@DFunLike.coe.{1, 1, 1}
                                                                              (@MonoidWithZeroHom.{0, 0}
                                                                                (@Ideal.{0}
                                                                                  OAI.SevenEighths.HeckeFamily.O
                                                                                  (@CommSemiring.toSemiring.{0}
                                                                                    OAI.SevenEighths.HeckeFamily.O
                                                                                    (@CommRing.toCommSemiring.{0}
                                                                                      OAI.SevenEighths.HeckeFamily.O
                                                                                      (@NumberField.instCommRingRingOfIntegers.{0}
                                                                                        OAI.SevenEighths.HeckeFamily.K
                                                                                        (@CyclotomicField.instField.{0}
                                                                                          (@OfNat.ofNat.{0} Nat
                                                                                            (nat_lit 3)
                                                                                            (instOfNatNat (nat_lit 3)))
                                                                                          Rat Rat.instField)))))
                                                                                Nat
                                                                                (@instMulZeroOneClassOfSemiring.{0}
                                                                                  (@Ideal.{0}
                                                                                    OAI.SevenEighths.HeckeFamily.O
                                                                                    (@CommSemiring.toSemiring.{0}
                                                                                      OAI.SevenEighths.HeckeFamily.O
                                                                                      (@CommRing.toCommSemiring.{0}
                                                                                        OAI.SevenEighths.HeckeFamily.O
                                                                                        (@NumberField.instCommRingRingOfIntegers.{0}
                                                                                          OAI.SevenEighths.HeckeFamily.K
                                                                                          (@CyclotomicField.instField.{0}
                                                                                            (@OfNat.ofNat.{0} Nat
                                                                                              (nat_lit 3)
                                                                                              (instOfNatNat
                                                                                                (nat_lit 3)))
                                                                                            Rat Rat.instField)))))
                                                                                  (@IdemSemiring.toSemiring.{0}
                                                                                    (@Ideal.{0}
                                                                                      OAI.SevenEighths.HeckeFamily.O
                                                                                      (@CommSemiring.toSemiring.{0}
                                                                                        OAI.SevenEighths.HeckeFamily.O
                                                                                        (@CommRing.toCommSemiring.{0}
                                                                                          OAI.SevenEighths.HeckeFamily.O
                                                                                          (@NumberField.instCommRingRingOfIntegers.{0}
                                                                                            OAI.SevenEighths.HeckeFamily.K
                                                                                            (@CyclotomicField.instField.{0}
                                                                                              (@OfNat.ofNat.{0} Nat
                                                                                                (nat_lit 3)
                                                                                                (instOfNatNat
                                                                                                  (nat_lit 3)))
                                                                                              Rat Rat.instField)))))
                                                                                    (@Submodule.idemSemiring.{0, 0}
                                                                                      OAI.SevenEighths.HeckeFamily.O
                                                                                      (@CommRing.toCommSemiring.{0}
                                                                                        OAI.SevenEighths.HeckeFamily.O
                                                                                        (@NumberField.instCommRingRingOfIntegers.{0}
                                                                                          OAI.SevenEighths.HeckeFamily.K
                                                                                          (@CyclotomicField.instField.{0}
                                                                                            (@OfNat.ofNat.{0} Nat
                                                                                              (nat_lit 3)
                                                                                              (instOfNatNat
                                                                                                (nat_lit 3)))
                                                                                            Rat Rat.instField)))
                                                                                      OAI.SevenEighths.HeckeFamily.O
                                                                                      (@CommSemiring.toSemiring.{0}
                                                                                        OAI.SevenEighths.HeckeFamily.O
                                                                                        (@CommRing.toCommSemiring.{0}
                                                                                          OAI.SevenEighths.HeckeFamily.O
                                                                                          (@NumberField.instCommRingRingOfIntegers.{0}
                                                                                            OAI.SevenEighths.HeckeFamily.K
                                                                                            (@CyclotomicField.instField.{0}
                                                                                              (@OfNat.ofNat.{0} Nat
                                                                                                (nat_lit 3)
                                                                                                (instOfNatNat
                                                                                                  (nat_lit 3)))
                                                                                              Rat Rat.instField))))
                                                                                      (@Algebra.id.{0}
                                                                                        OAI.SevenEighths.HeckeFamily.O
                                                                                        (@CommRing.toCommSemiring.{0}
                                                                                          OAI.SevenEighths.HeckeFamily.O
                                                                                          (@NumberField.instCommRingRingOfIntegers.{0}
                                                                                            OAI.SevenEighths.HeckeFamily.K
                                                                                            (@CyclotomicField.instField.{0}
                                                                                              (@OfNat.ofNat.{0} Nat
                                                                                                (nat_lit 3)
                                                                                                (instOfNatNat
                                                                                                  (nat_lit 3)))
                                                                                              Rat Rat.instField)))))))
                                                                                Nat.instMulZeroOneClass)
                                                                              (@Ideal.{0} OAI.SevenEighths.HeckeFamily.O
                                                                                (@CommSemiring.toSemiring.{0}
                                                                                  OAI.SevenEighths.HeckeFamily.O
                                                                                  (@CommRing.toCommSemiring.{0}
                                                                                    OAI.SevenEighths.HeckeFamily.O
                                                                                    (@NumberField.instCommRingRingOfIntegers.{0}
                                                                                      OAI.SevenEighths.HeckeFamily.K
                                                                                      (@CyclotomicField.instField.{0}
                                                                                        (@OfNat.ofNat.{0} Nat
                                                                                          (nat_lit 3)
                                                                                          (instOfNatNat (nat_lit 3)))
                                                                                        Rat Rat.instField)))))
                                                                              (fun
                                                                                  (x :
                                                                                    @Ideal.{0}
                                                                                      OAI.SevenEighths.HeckeFamily.O
                                                                                      (@CommSemiring.toSemiring.{0}
                                                                                        OAI.SevenEighths.HeckeFamily.O
                                                                                        (@CommRing.toCommSemiring.{0}
                                                                                          OAI.SevenEighths.HeckeFamily.O
                                                                                          (@NumberField.instCommRingRingOfIntegers.{0}
                                                                                            OAI.SevenEighths.HeckeFamily.K
                                                                                            (@CyclotomicField.instField.{0}
                                                                                              (@OfNat.ofNat.{0} Nat
                                                                                                (nat_lit 3)
                                                                                                (instOfNatNat
                                                                                                  (nat_lit 3)))
                                                                                              Rat Rat.instField))))) =>
                                                                                Nat)
                                                                              (@MonoidWithZeroHom.funLike.{0, 0}
                                                                                (@Ideal.{0}
                                                                                  OAI.SevenEighths.HeckeFamily.O
                                                                                  (@CommSemiring.toSemiring.{0}
                                                                                    OAI.SevenEighths.HeckeFamily.O
                                                                                    (@CommRing.toCommSemiring.{0}
                                                                                      OAI.SevenEighths.HeckeFamily.O
                                                                                      (@NumberField.instCommRingRingOfIntegers.{0}
                                                                                        OAI.SevenEighths.HeckeFamily.K
                                                                                        (@CyclotomicField.instField.{0}
                                                                                          (@OfNat.ofNat.{0} Nat
                                                                                            (nat_lit 3)
                                                                                            (instOfNatNat (nat_lit 3)))
                                                                                          Rat Rat.instField)))))
                                                                                Nat
                                                                                (@instMulZeroOneClassOfSemiring.{0}
                                                                                  (@Ideal.{0}
                                                                                    OAI.SevenEighths.HeckeFamily.O
                                                                                    (@CommSemiring.toSemiring.{0}
                                                                                      OAI.SevenEighths.HeckeFamily.O
                                                                                      (@CommRing.toCommSemiring.{0}
                                                                                        OAI.SevenEighths.HeckeFamily.O
                                                                                        (@NumberField.instCommRingRingOfIntegers.{0}
                                                                                          OAI.SevenEighths.HeckeFamily.K
                                                                                          (@CyclotomicField.instField.{0}
                                                                                            (@OfNat.ofNat.{0} Nat
                                                                                              (nat_lit 3)
                                                                                              (instOfNatNat
                                                                                                (nat_lit 3)))
                                                                                            Rat Rat.instField)))))
                                                                                  (@IdemSemiring.toSemiring.{0}
                                                                                    (@Ideal.{0}
                                                                                      OAI.SevenEighths.HeckeFamily.O
                                                                                      (@CommSemiring.toSemiring.{0}
                                                                                        OAI.SevenEighths.HeckeFamily.O
                                                                                        (@CommRing.toCommSemiring.{0}
                                                                                          OAI.SevenEighths.HeckeFamily.O
                                                                                          (@NumberField.instCommRingRingOfIntegers.{0}
                                                                                            OAI.SevenEighths.HeckeFamily.K
                                                                                            (@CyclotomicField.instField.{0}
                                                                                              (@OfNat.ofNat.{0} Nat
                                                                                                (nat_lit 3)
                                                                                                (instOfNatNat
                                                                                                  (nat_lit 3)))
                                                                                              Rat Rat.instField)))))
                                                                                    (@Submodule.idemSemiring.{0, 0}
                                                                                      OAI.SevenEighths.HeckeFamily.O
                                                                                      (@CommRing.toCommSemiring.{0}
                                                                                        OAI.SevenEighths.HeckeFamily.O
                                                                                        (@NumberField.instCommRingRingOfIntegers.{0}
                                                                                          OAI.SevenEighths.HeckeFamily.K
                                                                                          (@CyclotomicField.instField.{0}
                                                                                            (@OfNat.ofNat.{0} Nat
                                                                                              (nat_lit 3)
                                                                                              (instOfNatNat
                                                                                                (nat_lit 3)))
                                                                                            Rat Rat.instField)))
                                                                                      OAI.SevenEighths.HeckeFamily.O
                                                                                      (@CommSemiring.toSemiring.{0}
                                                                                        OAI.SevenEighths.HeckeFamily.O
                                                                                        (@CommRing.toCommSemiring.{0}
                                                                                          OAI.SevenEighths.HeckeFamily.O
                                                                                          (@NumberField.instCommRingRingOfIntegers.{0}
                                                                                            OAI.SevenEighths.HeckeFamily.K
                                                                                            (@CyclotomicField.instField.{0}
                                                                                              (@OfNat.ofNat.{0} Nat
                                                                                                (nat_lit 3)
                                                                                                (instOfNatNat
                                                                                                  (nat_lit 3)))
                                                                                              Rat Rat.instField))))
                                                                                      (@Algebra.id.{0}
                                                                                        OAI.SevenEighths.HeckeFamily.O
                                                                                        (@CommRing.toCommSemiring.{0}
                                                                                          OAI.SevenEighths.HeckeFamily.O
                                                                                          (@NumberField.instCommRingRingOfIntegers.{0}
                                                                                            OAI.SevenEighths.HeckeFamily.K
                                                                                            (@CyclotomicField.instField.{0}
                                                                                              (@OfNat.ofNat.{0} Nat
                                                                                                (nat_lit 3)
                                                                                                (instOfNatNat
                                                                                                  (nat_lit 3)))
                                                                                              Rat Rat.instField)))))))
                                                                                Nat.instMulZeroOneClass)
                                                                              (@Ideal.absNorm.{0}
                                                                                OAI.SevenEighths.HeckeFamily.O
                                                                                (@NumberField.instCommRingRingOfIntegers.{0}
                                                                                  OAI.SevenEighths.HeckeFamily.K
                                                                                  (@CyclotomicField.instField.{0}
                                                                                    (@OfNat.ofNat.{0} Nat (nat_lit 3)
                                                                                      (instOfNatNat (nat_lit 3)))
                                                                                    Rat Rat.instField))
                                                                                (@NumberField.RingOfIntegers.instIsDedekindDomain.{0}
                                                                                  OAI.SevenEighths.HeckeFamily.K
                                                                                  (@CyclotomicField.instField.{0}
                                                                                    (@OfNat.ofNat.{0} Nat (nat_lit 3)
                                                                                      (instOfNatNat (nat_lit 3)))
                                                                                    Rat Rat.instField)
                                                                                  (@CyclotomicField.instNumberField.{0}
                                                                                    (@OfNat.ofNat.{0} Nat (nat_lit 3)
                                                                                      (instOfNatNat (nat_lit 3)))
                                                                                    Rat Rat.instField Rat.numberField))
                                                                                (@CharZero.infinite.{0}
                                                                                  OAI.SevenEighths.HeckeFamily.O
                                                                                  (@AddGroupWithOne.toAddMonoidWithOne.{0}
                                                                                    OAI.SevenEighths.HeckeFamily.O
                                                                                    (@Ring.toAddGroupWithOne.{0}
                                                                                      OAI.SevenEighths.HeckeFamily.O
                                                                                      (@CommRing.toRing.{0}
                                                                                        OAI.SevenEighths.HeckeFamily.O
                                                                                        (@NumberField.instCommRingRingOfIntegers.{0}
                                                                                          OAI.SevenEighths.HeckeFamily.K
                                                                                          (@CyclotomicField.instField.{0}
                                                                                            (@OfNat.ofNat.{0} Nat
                                                                                              (nat_lit 3)
                                                                                              (instOfNatNat
                                                                                                (nat_lit 3)))
                                                                                            Rat Rat.instField)))))
                                                                                  (@NumberField.RingOfIntegers.instCharZero_1.{0}
                                                                                    OAI.SevenEighths.HeckeFamily.K
                                                                                    (@CyclotomicField.instField.{0}
                                                                                      (@OfNat.ofNat.{0} Nat (nat_lit 3)
                                                                                        (instOfNatNat (nat_lit 3)))
                                                                                      Rat Rat.instField)
                                                                                    (@CyclotomicField.instCharZero.{0}
                                                                                      (@OfNat.ofNat.{0} Nat (nat_lit 3)
                                                                                        (instOfNatNat (nat_lit 3)))
                                                                                      Rat Rat.instField
                                                                                      Rat.instCharZero))))
                                                                              P))
                                                                          (@HPow.hPow.{0, 0, 0} Real Real Real
                                                                            (@instHPow.{0, 0} Real Real Real.instPow)
                                                                            (@HPow.hPow.{0, 0, 0} Real Real Real
                                                                              (@instHPow.{0, 0} Real Real Real.instPow)
                                                                              Z d)
                                                                            (@OAI.SevenEighths.HeckeDetectorRawFiber.Fiber.widths.{u_1,
                                                                                  u_2}
                                                                              M H Label Slot
                                                                              (@HPow.hPow.{0, 0, 0} Real Real Real
                                                                                (@instHPow.{0, 0} Real Real
                                                                                  Real.instPow)
                                                                                Z d)
                                                                              a ε tstar T allowance i F s))))
                                                                      (@OfNat.ofNat.{0} Complex (nat_lit 0)
                                                                        (@Zero.toOfNat0.{0} Complex Complex.instZero)) →
                                                                    @IsCoprime.{0}
                                                                      (@Ideal.{0} OAI.SevenEighths.HeckeFamily.O
                                                                        (@CommSemiring.toSemiring.{0}
                                                                          OAI.SevenEighths.HeckeFamily.O
                                                                          (@CommRing.toCommSemiring.{0}
                                                                            OAI.SevenEighths.HeckeFamily.O
                                                                            (@NumberField.instCommRingRingOfIntegers.{0}
                                                                              OAI.SevenEighths.HeckeFamily.K
                                                                              (@CyclotomicField.instField.{0}
                                                                                (@OfNat.ofNat.{0} Nat (nat_lit 3)
                                                                                  (instOfNatNat (nat_lit 3)))
                                                                                Rat Rat.instField)))))
                                                                      (@IdemCommSemiring.toCommSemiring.{0}
                                                                        (@Ideal.{0} OAI.SevenEighths.HeckeFamily.O
                                                                          (@CommSemiring.toSemiring.{0}
                                                                            OAI.SevenEighths.HeckeFamily.O
                                                                            (@CommRing.toCommSemiring.{0}
                                                                              OAI.SevenEighths.HeckeFamily.O
                                                                              (@NumberField.instCommRingRingOfIntegers.{0}
                                                                                OAI.SevenEighths.HeckeFamily.K
                                                                                (@CyclotomicField.instField.{0}
                                                                                  (@OfNat.ofNat.{0} Nat (nat_lit 3)
                                                                                    (instOfNatNat (nat_lit 3)))
                                                                                  Rat Rat.instField)))))
                                                                        (@Ideal.instIdemCommSemiring.{0}
                                                                          OAI.SevenEighths.HeckeFamily.O
                                                                          (@CommRing.toCommSemiring.{0}
                                                                            OAI.SevenEighths.HeckeFamily.O
                                                                            (@NumberField.instCommRingRingOfIntegers.{0}
                                                                              OAI.SevenEighths.HeckeFamily.K
                                                                              (@CyclotomicField.instField.{0}
                                                                                (@OfNat.ofNat.{0} Nat (nat_lit 3)
                                                                                  (instOfNatNat (nat_lit 3)))
                                                                                Rat Rat.instField)))))
                                                                      P
                                                                      (OAI.SevenEighths.HeckeFamily.Character.modulus
                                                                        (η
                                                                          (@OAI.SevenEighths.HeckeDetectorRawFiber.Fiber.label.{u_1,
                                                                                u_2}
                                                                            M H Label Slot
                                                                            (@HPow.hPow.{0, 0, 0} Real Real Real
                                                                              (@instHPow.{0, 0} Real Real Real.instPow)
                                                                              Z d)
                                                                            a ε tstar T allowance i F)))) →
                                                          (∀ (s : Slot),
                                                              @Membership.mem.{u_2, u_2} Slot (Finset.{u_2} Slot)
                                                                  (@SetLike.instMembership.{u_2, u_2}
                                                                    (Finset.{u_2} Slot) Slot
                                                                    (@Finset.instSetLike.{u_2} Slot))
                                                                  (@OAI.SevenEighths.HeckeDetectorRawFiber.Fiber.slots.{u_1,
                                                                        u_2}
                                                                    M H Label Slot
                                                                    (@HPow.hPow.{0, 0, 0} Real Real Real
                                                                      (@instHPow.{0, 0} Real Real Real.instPow) Z d)
                                                                    a ε tstar T allowance i F)
                                                                  s →
                                                                @LE.le.{0} Real Real.instLE
                                                                  (@HMul.hMul.{0, 0, 0} Real Real Real
                                                                    (@instHMul.{0} Real Real.instMul) d
                                                                    (@OAI.SevenEighths.HeckeDetectorRawFiber.Fiber.widths.{u_1,
                                                                          u_2}
                                                                      M H Label Slot
                                                                      (@HPow.hPow.{0, 0, 0} Real Real Real
                                                                        (@instHPow.{0, 0} Real Real Real.instPow) Z d)
                                                                      a ε tstar T allowance i F s))
                                                                  (OAI.SevenEighths.CenteredMomentEnergyWidthRanges.fineMesh
                                                                    Mcap
                                                                    (@OfNat.ofNat.{0} Real (nat_lit 0)
                                                                      (@Zero.toOfNat0.{0} Real Real.instZero))
                                                                    L κEnergy εE)) →
                                                            (∀ (s : Slot),
                                                                @Membership.mem.{u_2, u_2} Slot (Finset.{u_2} Slot)
                                                                    (@SetLike.instMembership.{u_2, u_2}
                                                                      (Finset.{u_2} Slot) Slot
                                                                      (@Finset.instSetLike.{u_2} Slot))
                                                                    (@OAI.SevenEighths.HeckeDetectorRawFiber.Fiber.slots.{u_1,
                                                                          u_2}
                                                                      M H Label Slot
                                                                      (@HPow.hPow.{0, 0, 0} Real Real Real
                                                                        (@instHPow.{0, 0} Real Real Real.instPow) Z d)
                                                                      a ε tstar T allowance i F)
                                                                    s →
                                                                  @Eq.{1} Real
                                                                    (Complex.re
                                                                      (@OAI.SevenEighths.HeckeDetectorRawFiber.Fiber.external.{u_1,
                                                                            u_2}
                                                                        M H Label Slot
                                                                        (@HPow.hPow.{0, 0, 0} Real Real Real
                                                                          (@instHPow.{0, 0} Real Real Real.instPow) Z d)
                                                                        a ε tstar T allowance i F s))
                                                                    (@HDiv.hDiv.{0, 0, 0} Real Real Real
                                                                      (@instHDiv.{0} Real
                                                                        (@DivInvMonoid.toDiv.{0} Real
                                                                          Real.instDivInvMonoid))
                                                                      (@OfNat.ofNat.{0} Real (nat_lit 17)
                                                                        (@instOfNatAtLeastTwo.{0} Real (nat_lit 17)
                                                                          Real.instNatCast
                                                                          (@Nat.instAtLeastTwoHAddOfNat
                                                                            (@OfNat.ofNat.{0} Nat (nat_lit 16)
                                                                              (instOfNatNat (nat_lit 16)))
                                                                            (@Nat.instNeZeroSucc
                                                                              (@OfNat.ofNat.{0} Nat (nat_lit 15)
                                                                                (instOfNatNat (nat_lit 15)))))))
                                                                      (@OfNat.ofNat.{0} Real (nat_lit 50)
                                                                        (@instOfNatAtLeastTwo.{0} Real (nat_lit 50)
                                                                          Real.instNatCast
                                                                          (@Nat.instAtLeastTwoHAddOfNat
                                                                            (@OfNat.ofNat.{0} Nat (nat_lit 49)
                                                                              (instOfNatNat (nat_lit 49)))
                                                                            (@Nat.instNeZeroSucc
                                                                              (@OfNat.ofNat.{0} Nat (nat_lit 48)
                                                                                (instOfNatNat (nat_lit 48))))))))) →
                                                              ∀ (height : Real),
                                                                @LE.le.{0} Real Real.instLE
                                                                    (@OfNat.ofNat.{0} Real (nat_lit 0)
                                                                      (@Zero.toOfNat0.{0} Real Real.instZero))
                                                                    height →
                                                                  @LE.le.{0} Real Real.instLE height
                                                                      (@HPow.hPow.{0, 0, 0} Real Real Real
                                                                        (@instHPow.{0, 0} Real Real Real.instPow) Z
                                                                        (@HMul.hMul.{0, 0, 0} Real Real Real
                                                                          (@instHMul.{0} Real Real.instMul)
                                                                          (@OfNat.ofNat.{0} Real (nat_lit 2)
                                                                            (@instOfNatAtLeastTwo.{0} Real (nat_lit 2)
                                                                              Real.instNatCast
                                                                              (@Nat.instAtLeastTwoHAddOfNat
                                                                                (@OfNat.ofNat.{0} Nat (nat_lit 1)
                                                                                  (instOfNatNat (nat_lit 1)))
                                                                                (@Nat.instNeZeroSucc
                                                                                  (@OfNat.ofNat.{0} Nat (nat_lit 0)
                                                                                    (instOfNatNat (nat_lit 0)))))))
                                                                          τ)) →
                                                                    (∀ (s : Slot),
                                                                        @Membership.mem.{u_2, u_2} Slot
                                                                            (Finset.{u_2} Slot)
                                                                            (@SetLike.instMembership.{u_2, u_2}
                                                                              (Finset.{u_2} Slot) Slot
                                                                              (@Finset.instSetLike.{u_2} Slot))
                                                                            (@OAI.SevenEighths.HeckeDetectorRawFiber.Fiber.slots.{u_1,
                                                                                  u_2}
                                                                              M H Label Slot
                                                                              (@HPow.hPow.{0, 0, 0} Real Real Real
                                                                                (@instHPow.{0, 0} Real Real
                                                                                  Real.instPow)
                                                                                Z d)
                                                                              a ε tstar T allowance i F)
                                                                            s →
                                                                          @LE.le.{0} Real Real.instLE
                                                                            (@abs.{0} Real Real.lattice
                                                                              Real.instAddGroup
                                                                              (Complex.im
                                                                                (@OAI.SevenEighths.HeckeDetectorRawFiber.Fiber.external.{u_1,
                                                                                      u_2}
                                                                                  M H Label Slot
                                                                                  (@HPow.hPow.{0, 0, 0} Real Real Real
                                                                                    (@instHPow.{0, 0} Real Real
                                                                                      Real.instPow)
                                                                                    Z d)
                                                                                  a ε tstar T allowance i F s)))
                                                                            height) →
                                                                      ∀ (selected : Finset.{u_2} Slot),
                                                                        @LE.le.{u_2} (Finset.{u_2} Slot)
                                                                            (@Preorder.toLE.{u_2} (Finset.{u_2} Slot)
                                                                              (@PartialOrder.toPreorder.{u_2}
                                                                                (Finset.{u_2} Slot)
                                                                                (@Finset.instPartialOrder.{u_2} Slot)))
                                                                            selected
                                                                            (@OAI.SevenEighths.HeckeDetectorRawFiber.Fiber.slots.{u_1,
                                                                                  u_2}
                                                                              M H Label Slot
                                                                              (@HPow.hPow.{0, 0, 0} Real Real Real
                                                                                (@instHPow.{0, 0} Real Real
                                                                                  Real.instPow)
                                                                                Z d)
                                                                              a ε tstar T allowance i F) →
                                                                          @LE.le.{0} Real Real.instLE
                                                                              (@HAdd.hAdd.{0, 0, 0} Real Real Real
                                                                                (@instHAdd.{0} Real Real.instAdd)
                                                                                (@HMul.hMul.{0, 0, 0} Real Real Real
                                                                                  (@instHMul.{0} Real Real.instMul)
                                                                                  (@OfNat.ofNat.{0} Real (nat_lit 2)
                                                                                    (@instOfNatAtLeastTwo.{0} Real
                                                                                      (nat_lit 2) Real.instNatCast
                                                                                      (@Nat.instAtLeastTwoHAddOfNat
                                                                                        (@OfNat.ofNat.{0} Nat
                                                                                          (nat_lit 1)
                                                                                          (instOfNatNat (nat_lit 1)))
                                                                                        (@Nat.instNeZeroSucc
                                                                                          (@OfNat.ofNat.{0} Nat
                                                                                            (nat_lit 0)
                                                                                            (instOfNatNat
                                                                                              (nat_lit 0)))))))
                                                                                  (@OAI.SevenEighths.HeckeDetectorRawFiber.Fiber.m.{u_1,
                                                                                        u_2}
                                                                                    M H Label Slot
                                                                                    (@HPow.hPow.{0, 0, 0} Real Real Real
                                                                                      (@instHPow.{0, 0} Real Real
                                                                                        Real.instPow)
                                                                                      Z d)
                                                                                    a ε tstar T allowance i F))
                                                                                (@HMul.hMul.{0, 0, 0} Real Real Real
                                                                                  (@instHMul.{0} Real Real.instMul)
                                                                                  (@HMul.hMul.{0, 0, 0} Real Real Real
                                                                                    (@instHMul.{0} Real Real.instMul)
                                                                                    (@OfNat.ofNat.{0} Real (nat_lit 6)
                                                                                      (@instOfNatAtLeastTwo.{0} Real
                                                                                        (nat_lit 6) Real.instNatCast
                                                                                        (@Nat.instAtLeastTwoHAddOfNat
                                                                                          (@OfNat.ofNat.{0} Nat
                                                                                            (nat_lit 5)
                                                                                            (instOfNatNat (nat_lit 5)))
                                                                                          (@Nat.instNeZeroSucc
                                                                                            (@OfNat.ofNat.{0} Nat
                                                                                              (nat_lit 4)
                                                                                              (instOfNatNat
                                                                                                (nat_lit 4)))))))
                                                                                    κPlain)
                                                                                  (@Finset.sum.{u_2, 0} Slot Real
                                                                                    Real.instAddCommMonoid selected
                                                                                    fun (s : Slot) =>
                                                                                    @OAI.SevenEighths.HeckeDetectorRawFiber.Fiber.widths.{u_1,
                                                                                          u_2}
                                                                                      M H Label Slot
                                                                                      (@HPow.hPow.{0, 0, 0} Real Real
                                                                                        Real
                                                                                        (@instHPow.{0, 0} Real Real
                                                                                          Real.instPow)
                                                                                        Z d)
                                                                                      a ε tstar T allowance i F s)))
                                                                              (@OfNat.ofNat.{0} Real (nat_lit 1)
                                                                                (@One.toOfNat1.{0} Real Real.instOne)) →
                                                                            ∀ (j k : Nat),
                                                                              @LE.le.{0} Nat instLENat
                                                                                  (@HAdd.hAdd.{0, 0, 0} Nat Nat Nat
                                                                                    (@instHAdd.{0} Nat instAddNat) j k)
                                                                                  (@OfNat.ofNat.{0} Nat (nat_lit 2)
                                                                                    (instOfNatNat (nat_lit 2))) →
                                                                                ∀ (σ : Real),
                                                                                  @Membership.mem.{0, 0} Real
                                                                                      (Set.{0} Real)
                                                                                      (@Set.instMembership.{0} Real)
                                                                                      (@Set.Icc.{0} Real
                                                                                        Real.instPreorder
                                                                                        (@OfNat.ofNat.{0} Real
                                                                                          (nat_lit 0)
                                                                                          (@Zero.toOfNat0.{0} Real
                                                                                            Real.instZero))
                                                                                        (@OfNat.ofNat.{0} Real
                                                                                          (nat_lit 1)
                                                                                          (@One.toOfNat1.{0} Real
                                                                                            Real.instOne)))
                                                                                      σ →
                                                                                    ∀ (t : Real),
                                                                                      @Membership.mem.{0, 0} Real
                                                                                          (Set.{0} Real)
                                                                                          (@Set.instMembership.{0} Real)
                                                                                          (@Set.Icc.{0} Real
                                                                                            Real.instPreorder
                                                                                            (@Neg.neg.{0} Real
                                                                                              Real.instNeg height)
                                                                                            height)
                                                                                          t →
                                                                                        @LE.le.{0} Real Real.instLE
                                                                                          (@Finset.sum.{0, 0}
                                                                                            OAI.SevenEighths.HeckeInverseAmplification.FreeRow
                                                                                            Real Real.instAddCommMonoid
                                                                                            (@OAI.SevenEighths.HeckeDetectorRawFiber.Fiber.rows.{u_1,
                                                                                                  u_2}
                                                                                              M H Label Slot
                                                                                              (@HPow.hPow.{0, 0, 0} Real
                                                                                                Real Real
                                                                                                (@instHPow.{0, 0} Real
                                                                                                  Real Real.instPow)
                                                                                                Z d)
                                                                                              a ε tstar T allowance i F)
                                                                                            fun
                                                                                              (u :
                                                                                                OAI.SevenEighths.HeckeInverseAmplification.FreeRow) =>
                                                                                            @HPow.hPow.{0, 0, 0} Real
                                                                                              Nat Real
                                                                                              (@instHPow.{0, 0} Real Nat
                                                                                                (@NPow.toPow.{0} Real
                                                                                                  (@Monoid.toNPow.{0}
                                                                                                    Real
                                                                                                    Real.instMonoid)))
                                                                                              (@Norm.norm.{0} Complex
                                                                                                Complex.instNorm
                                                                                                (@HMul.hMul.{0, 0, 0}
                                                                                                  Complex Complex
                                                                                                  Complex
                                                                                                  (@instHMul.{0} Complex
                                                                                                    Complex.instMul)
                                                                                                  (@HMul.hMul.{0, 0, 0}
                                                                                                    Complex Complex
                                                                                                    Complex
                                                                                                    (@instHMul.{0}
                                                                                                      Complex
                                                                                                      Complex.instMul)
                                                                                                    (OAI.SevenEighths.HeckeDyadic.polynomial
                                                                                                      (@OAI.SevenEighths.HeckeDetectorRawFiber.Fiber.family.{u_1,
                                                                                                            u_2}
                                                                                                        M H Label Slot
                                                                                                        (@HPow.hPow.{0,
                                                                                                              0, 0}
                                                                                                          Real Real Real
                                                                                                          (@instHPow.{0,
                                                                                                                0}
                                                                                                            Real Real
                                                                                                            Real.instPow)
                                                                                                          Z d)
                                                                                                        a ε tstar T
                                                                                                        allowance i F u
                                                                                                        (@OAI.SevenEighths.HeckeDetectorRawFiber.Fiber.label.{u_1,
                                                                                                              u_2}
                                                                                                          M H Label Slot
                                                                                                          (@HPow.hPow.{0,
                                                                                                                0, 0}
                                                                                                            Real Real
                                                                                                            Real
                                                                                                            (@instHPow.{0,
                                                                                                                  0}
                                                                                                              Real Real
                                                                                                              Real.instPow)
                                                                                                            Z d)
                                                                                                          a ε tstar T
                                                                                                          allowance i
                                                                                                          F))
                                                                                                      Bool.false
                                                                                                      (@Nat.iterate.{1}
                                                                                                        (Real → Complex)
                                                                                                        OAI.SevenEighths.HeckeDetectorRowwisePolynomial.logProfile
                                                                                                        j
                                                                                                        OAI.SevenEighths.HeckeDetectorDyadicProfiles.positiveAnnular)
                                                                                                      (@HPow.hPow.{0, 0,
                                                                                                            0}
                                                                                                        Real Real Real
                                                                                                        (@instHPow.{0,
                                                                                                              0}
                                                                                                          Real Real
                                                                                                          Real.instPow)
                                                                                                        (@HPow.hPow.{0,
                                                                                                              0, 0}
                                                                                                          Real Real Real
                                                                                                          (@instHPow.{0,
                                                                                                                0}
                                                                                                            Real Real
                                                                                                            Real.instPow)
                                                                                                          Z d)
                                                                                                        (@OAI.SevenEighths.HeckeDetectorRawFiber.Fiber.m.{u_1,
                                                                                                              u_2}
                                                                                                          M H Label Slot
                                                                                                          (@HPow.hPow.{0,
                                                                                                                0, 0}
                                                                                                            Real Real
                                                                                                            Real
                                                                                                            (@instHPow.{0,
                                                                                                                  0}
                                                                                                              Real Real
                                                                                                              Real.instPow)
                                                                                                            Z d)
                                                                                                          a ε tstar T
                                                                                                          allowance i
                                                                                                          F))
                                                                                                      σ t)
                                                                                                    (OAI.SevenEighths.HeckeDyadic.polynomial
                                                                                                      (@OAI.SevenEighths.HeckeDetectorRawFiber.Fiber.family.{u_1,
                                                                                                            u_2}
                                                                                                        M H Label Slot
                                                                                                        (@HPow.hPow.{0,
                                                                                                              0, 0}
                                                                                                          Real Real Real
                                                                                                          (@instHPow.{0,
                                                                                                                0}
                                                                                                            Real Real
                                                                                                            Real.instPow)
                                                                                                          Z d)
                                                                                                        a ε tstar T
                                                                                                        allowance i F u
                                                                                                        (@OAI.SevenEighths.HeckeDetectorRawFiber.Fiber.label.{u_1,
                                                                                                              u_2}
                                                                                                          M H Label Slot
                                                                                                          (@HPow.hPow.{0,
                                                                                                                0, 0}
                                                                                                            Real Real
                                                                                                            Real
                                                                                                            (@instHPow.{0,
                                                                                                                  0}
                                                                                                              Real Real
                                                                                                              Real.instPow)
                                                                                                            Z d)
                                                                                                          a ε tstar T
                                                                                                          allowance i
                                                                                                          F))
                                                                                                      Bool.false
                                                                                                      (@Nat.iterate.{1}
                                                                                                        (Real → Complex)
                                                                                                        OAI.SevenEighths.HeckeDetectorRowwisePolynomial.logProfile
                                                                                                        k
                                                                                                        OAI.SevenEighths.HeckeDetectorDyadicProfiles.positiveAnnular)
                                                                                                      (@HPow.hPow.{0, 0,
                                                                                                            0}
                                                                                                        Real Real Real
                                                                                                        (@instHPow.{0,
                                                                                                              0}
                                                                                                          Real Real
                                                                                                          Real.instPow)
                                                                                                        (@HPow.hPow.{0,
                                                                                                              0, 0}
                                                                                                          Real Real Real
                                                                                                          (@instHPow.{0,
                                                                                                                0}
                                                                                                            Real Real
                                                                                                            Real.instPow)
                                                                                                          Z d)
                                                                                                        (@OAI.SevenEighths.HeckeDetectorRawFiber.Fiber.m.{u_1,
                                                                                                              u_2}
                                                                                                          M H Label Slot
                                                                                                          (@HPow.hPow.{0,
                                                                                                                0, 0}
                                                                                                            Real Real
                                                                                                            Real
                                                                                                            (@instHPow.{0,
                                                                                                                  0}
                                                                                                              Real Real
                                                                                                              Real.instPow)
                                                                                                            Z d)
                                                                                                          a ε tstar T
                                                                                                          allowance i
                                                                                                          F))
                                                                                                      σ t))
                                                                                                  (@OAI.SevenEighths.HeckeDetectorRawFiber.Fiber.physicalProduct.{u_1,
                                                                                                        u_2}
                                                                                                    M H Label Slot
                                                                                                    (@HPow.hPow.{0, 0,
                                                                                                          0}
                                                                                                      Real Real Real
                                                                                                      (@instHPow.{0, 0}
                                                                                                        Real Real
                                                                                                        Real.instPow)
                                                                                                      Z d)
                                                                                                    a ε tstar T
                                                                                                    allowance i F
                                                                                                    selected u)))
                                                                                              (@OfNat.ofNat.{0} Nat
                                                                                                (nat_lit 2)
                                                                                                (instOfNatNat
                                                                                                  (nat_lit 2))))
                                                                                          (@HMul.hMul.{0, 0, 0} Real
                                                                                            Real Real
                                                                                            (@instHMul.{0} Real
                                                                                              Real.instMul)
                                                                                            Ctotal
                                                                                            (@HPow.hPow.{0, 0, 0} Real
                                                                                              Real Real
                                                                                              (@instHPow.{0, 0} Real
                                                                                                Real Real.instPow)
                                                                                              (@HPow.hPow.{0, 0, 0} Real
                                                                                                Real Real
                                                                                                (@instHPow.{0, 0} Real
                                                                                                  Real Real.instPow)
                                                                                                Z d)
                                                                                              (@HAdd.hAdd.{0, 0, 0} Real
                                                                                                Real Real
                                                                                                (@instHAdd.{0} Real
                                                                                                  Real.instAdd)
                                                                                                (@OfNat.ofNat.{0} Real
                                                                                                  (nat_lit 1)
                                                                                                  (@One.toOfNat1.{0}
                                                                                                    Real Real.instOne))
                                                                                                εm)))))
                                    (@Filter.atTop.{0} Real Real.instPreorder))))))))))
'OAI.SevenEighths.EventualFiniteSourcePlainMarkedLowKappa.eventually_finite_source_plain_marked' depends on axioms: [propext,
 Classical.choice,
 Quot.sound]
