warning: rellich-kondrachov: repository 'E:\codex-build\RH-Zero-Free-Formalization\tmp\upstream-plain\.lake/packages\rellich-kondrachov' has local changes
OAI.SevenEighths.GenericSourceIdealAndMesh.source_fixed_ideal_gates : ∀
  (M :
    @Ideal.{0} OAI.SevenEighths.HeckeFamily.O
      (@CommSemiring.toSemiring.{0} OAI.SevenEighths.HeckeFamily.O
        (@CommRing.toCommSemiring.{0} OAI.SevenEighths.HeckeFamily.O
          (@NumberField.instCommRingRingOfIntegers.{0} OAI.SevenEighths.HeckeFamily.K
            (@CyclotomicField.instField.{0} (@OfNat.ofNat.{0} Nat (nat_lit 3) (instOfNatNat (nat_lit 3))) Rat
              Rat.instField)))))
  [@NeZero.{0}
      (@Ideal.{0} OAI.SevenEighths.HeckeFamily.O
        (@CommSemiring.toSemiring.{0} OAI.SevenEighths.HeckeFamily.O
          (@CommRing.toCommSemiring.{0} OAI.SevenEighths.HeckeFamily.O
            (@NumberField.instCommRingRingOfIntegers.{0} OAI.SevenEighths.HeckeFamily.K
              (@CyclotomicField.instField.{0} (@OfNat.ofNat.{0} Nat (nat_lit 3) (instOfNatNat (nat_lit 3))) Rat
                Rat.instField)))))
      (@Submodule.pointwiseZero.{0, 0} OAI.SevenEighths.HeckeFamily.O OAI.SevenEighths.HeckeFamily.O
        (@CommSemiring.toSemiring.{0} OAI.SevenEighths.HeckeFamily.O
          (@CommRing.toCommSemiring.{0} OAI.SevenEighths.HeckeFamily.O
            (@NumberField.instCommRingRingOfIntegers.{0} OAI.SevenEighths.HeckeFamily.K
              (@CyclotomicField.instField.{0} (@OfNat.ofNat.{0} Nat (nat_lit 3) (instOfNatNat (nat_lit 3))) Rat
                Rat.instField))))
        (@Semiring.toAddCommMonoid.{0} OAI.SevenEighths.HeckeFamily.O
          (@CommSemiring.toSemiring.{0} OAI.SevenEighths.HeckeFamily.O
            (@CommRing.toCommSemiring.{0} OAI.SevenEighths.HeckeFamily.O
              (@NumberField.instCommRingRingOfIntegers.{0} OAI.SevenEighths.HeckeFamily.K
                (@CyclotomicField.instField.{0} (@OfNat.ofNat.{0} Nat (nat_lit 3) (instOfNatNat (nat_lit 3))) Rat
                  Rat.instField)))))
        (@Semiring.toModule.{0} OAI.SevenEighths.HeckeFamily.O
          (@CommSemiring.toSemiring.{0} OAI.SevenEighths.HeckeFamily.O
            (@CommRing.toCommSemiring.{0} OAI.SevenEighths.HeckeFamily.O
              (@NumberField.instCommRingRingOfIntegers.{0} OAI.SevenEighths.HeckeFamily.K
                (@CyclotomicField.instField.{0} (@OfNat.ofNat.{0} Nat (nat_lit 3) (instOfNatNat (nat_lit 3))) Rat
                  Rat.instField))))))
      M]
  (S :
    Finset.{0}
      (@Ideal.{0} OAI.SevenEighths.HeckeFamily.O
        (@CommSemiring.toSemiring.{0} OAI.SevenEighths.HeckeFamily.O
          (@CommRing.toCommSemiring.{0} OAI.SevenEighths.HeckeFamily.O
            (@NumberField.instCommRingRingOfIntegers.{0} OAI.SevenEighths.HeckeFamily.K
              (@CyclotomicField.instField.{0} (@OfNat.ofNat.{0} Nat (nat_lit 3) (instOfNatNat (nat_lit 3))) Rat
                Rat.instField))))))
  (hS :
    ∀
      (P :
        @Ideal.{0} OAI.SevenEighths.HeckeFamily.O
          (@CommSemiring.toSemiring.{0} OAI.SevenEighths.HeckeFamily.O
            (@CommRing.toCommSemiring.{0} OAI.SevenEighths.HeckeFamily.O
              (@NumberField.instCommRingRingOfIntegers.{0} OAI.SevenEighths.HeckeFamily.K
                (@CyclotomicField.instField.{0} (@OfNat.ofNat.{0} Nat (nat_lit 3) (instOfNatNat (nat_lit 3))) Rat
                  Rat.instField))))),
      @Membership.mem.{0, 0}
          (@Ideal.{0} OAI.SevenEighths.HeckeFamily.O
            (@CommSemiring.toSemiring.{0} OAI.SevenEighths.HeckeFamily.O
              (@CommRing.toCommSemiring.{0} OAI.SevenEighths.HeckeFamily.O
                (@NumberField.instCommRingRingOfIntegers.{0} OAI.SevenEighths.HeckeFamily.K
                  (@CyclotomicField.instField.{0} (@OfNat.ofNat.{0} Nat (nat_lit 3) (instOfNatNat (nat_lit 3))) Rat
                    Rat.instField)))))
          (Finset.{0}
            (@Ideal.{0} OAI.SevenEighths.HeckeFamily.O
              (@CommSemiring.toSemiring.{0} OAI.SevenEighths.HeckeFamily.O
                (@CommRing.toCommSemiring.{0} OAI.SevenEighths.HeckeFamily.O
                  (@NumberField.instCommRingRingOfIntegers.{0} OAI.SevenEighths.HeckeFamily.K
                    (@CyclotomicField.instField.{0} (@OfNat.ofNat.{0} Nat (nat_lit 3) (instOfNatNat (nat_lit 3))) Rat
                      Rat.instField))))))
          (@SetLike.instMembership.{0, 0}
            (Finset.{0}
              (@Ideal.{0} OAI.SevenEighths.HeckeFamily.O
                (@CommSemiring.toSemiring.{0} OAI.SevenEighths.HeckeFamily.O
                  (@CommRing.toCommSemiring.{0} OAI.SevenEighths.HeckeFamily.O
                    (@NumberField.instCommRingRingOfIntegers.{0} OAI.SevenEighths.HeckeFamily.K
                      (@CyclotomicField.instField.{0} (@OfNat.ofNat.{0} Nat (nat_lit 3) (instOfNatNat (nat_lit 3))) Rat
                        Rat.instField))))))
            (@Ideal.{0} OAI.SevenEighths.HeckeFamily.O
              (@CommSemiring.toSemiring.{0} OAI.SevenEighths.HeckeFamily.O
                (@CommRing.toCommSemiring.{0} OAI.SevenEighths.HeckeFamily.O
                  (@NumberField.instCommRingRingOfIntegers.{0} OAI.SevenEighths.HeckeFamily.K
                    (@CyclotomicField.instField.{0} (@OfNat.ofNat.{0} Nat (nat_lit 3) (instOfNatNat (nat_lit 3))) Rat
                      Rat.instField)))))
            (@Finset.instSetLike.{0}
              (@Ideal.{0} OAI.SevenEighths.HeckeFamily.O
                (@CommSemiring.toSemiring.{0} OAI.SevenEighths.HeckeFamily.O
                  (@CommRing.toCommSemiring.{0} OAI.SevenEighths.HeckeFamily.O
                    (@NumberField.instCommRingRingOfIntegers.{0} OAI.SevenEighths.HeckeFamily.K
                      (@CyclotomicField.instField.{0} (@OfNat.ofNat.{0} Nat (nat_lit 3) (instOfNatNat (nat_lit 3))) Rat
                        Rat.instField)))))))
          S P →
        @Prime.{0}
          (@Ideal.{0} OAI.SevenEighths.HeckeFamily.O
            (@CommSemiring.toSemiring.{0} OAI.SevenEighths.HeckeFamily.O
              (@CommRing.toCommSemiring.{0} OAI.SevenEighths.HeckeFamily.O
                (@NumberField.instCommRingRingOfIntegers.{0} OAI.SevenEighths.HeckeFamily.K
                  (@CyclotomicField.instField.{0} (@OfNat.ofNat.{0} Nat (nat_lit 3) (instOfNatNat (nat_lit 3))) Rat
                    Rat.instField)))))
          (@CommSemiring.toCommMonoidWithZero.{0}
            (@Ideal.{0} OAI.SevenEighths.HeckeFamily.O
              (@CommSemiring.toSemiring.{0} OAI.SevenEighths.HeckeFamily.O
                (@CommRing.toCommSemiring.{0} OAI.SevenEighths.HeckeFamily.O
                  (@NumberField.instCommRingRingOfIntegers.{0} OAI.SevenEighths.HeckeFamily.K
                    (@CyclotomicField.instField.{0} (@OfNat.ofNat.{0} Nat (nat_lit 3) (instOfNatNat (nat_lit 3))) Rat
                      Rat.instField)))))
            (@IdemCommSemiring.toCommSemiring.{0}
              (@Ideal.{0} OAI.SevenEighths.HeckeFamily.O
                (@CommSemiring.toSemiring.{0} OAI.SevenEighths.HeckeFamily.O
                  (@CommRing.toCommSemiring.{0} OAI.SevenEighths.HeckeFamily.O
                    (@NumberField.instCommRingRingOfIntegers.{0} OAI.SevenEighths.HeckeFamily.K
                      (@CyclotomicField.instField.{0} (@OfNat.ofNat.{0} Nat (nat_lit 3) (instOfNatNat (nat_lit 3))) Rat
                        Rat.instField)))))
              (@Ideal.instIdemCommSemiring.{0} OAI.SevenEighths.HeckeFamily.O
                (@CommRing.toCommSemiring.{0} OAI.SevenEighths.HeckeFamily.O
                  (@NumberField.instCommRingRingOfIntegers.{0} OAI.SevenEighths.HeckeFamily.K
                    (@CyclotomicField.instField.{0} (@OfNat.ofNat.{0} Nat (nat_lit 3) (instOfNatNat (nat_lit 3))) Rat
                      Rat.instField))))))
          P)
  (hbad :
    @LE.le.{0}
      (Finset.{0}
        (@Ideal.{0} OAI.CanonicalQuadraticSieve.O
          (@CommSemiring.toSemiring.{0} OAI.CanonicalQuadraticSieve.O
            (@CommRing.toCommSemiring.{0} OAI.CanonicalQuadraticSieve.O
              (@NumberField.instCommRingRingOfIntegers.{0} OAI.ActualEisensteinCubic.K
                (@CyclotomicField.instField.{0} (@OfNat.ofNat.{0} Nat (nat_lit 3) (instOfNatNat (nat_lit 3))) Rat
                  Rat.instField))))))
      (@Preorder.toLE.{0}
        (Finset.{0}
          (@Ideal.{0} OAI.CanonicalQuadraticSieve.O
            (@CommSemiring.toSemiring.{0} OAI.CanonicalQuadraticSieve.O
              (@CommRing.toCommSemiring.{0} OAI.CanonicalQuadraticSieve.O
                (@NumberField.instCommRingRingOfIntegers.{0} OAI.ActualEisensteinCubic.K
                  (@CyclotomicField.instField.{0} (@OfNat.ofNat.{0} Nat (nat_lit 3) (instOfNatNat (nat_lit 3))) Rat
                    Rat.instField))))))
        (@PartialOrder.toPreorder.{0}
          (Finset.{0}
            (@Ideal.{0} OAI.CanonicalQuadraticSieve.O
              (@CommSemiring.toSemiring.{0} OAI.CanonicalQuadraticSieve.O
                (@CommRing.toCommSemiring.{0} OAI.CanonicalQuadraticSieve.O
                  (@NumberField.instCommRingRingOfIntegers.{0} OAI.ActualEisensteinCubic.K
                    (@CyclotomicField.instField.{0} (@OfNat.ofNat.{0} Nat (nat_lit 3) (instOfNatNat (nat_lit 3))) Rat
                      Rat.instField))))))
          (@Finset.instPartialOrder.{0}
            (@Ideal.{0} OAI.CanonicalQuadraticSieve.O
              (@CommSemiring.toSemiring.{0} OAI.CanonicalQuadraticSieve.O
                (@CommRing.toCommSemiring.{0} OAI.CanonicalQuadraticSieve.O
                  (@NumberField.instCommRingRingOfIntegers.{0} OAI.ActualEisensteinCubic.K
                    (@CyclotomicField.instField.{0} (@OfNat.ofNat.{0} Nat (nat_lit 3) (instOfNatNat (nat_lit 3))) Rat
                      Rat.instField))))))))
      OAI.CanonicalQuadraticSieve.fixedBadPrimes S)
  (hM :
    @Eq.{1}
      (@Ideal.{0} OAI.SevenEighths.HeckeFamily.O
        (@CommSemiring.toSemiring.{0} OAI.SevenEighths.HeckeFamily.O
          (@CommRing.toCommSemiring.{0} OAI.SevenEighths.HeckeFamily.O
            (@NumberField.instCommRingRingOfIntegers.{0} OAI.SevenEighths.HeckeFamily.K
              (@CyclotomicField.instField.{0} (@OfNat.ofNat.{0} Nat (nat_lit 3) (instOfNatNat (nat_lit 3))) Rat
                Rat.instField)))))
      M
      (@Finset.prod.{0, 0}
        (@Ideal.{0} OAI.SevenEighths.HeckeFamily.O
          (@CommSemiring.toSemiring.{0} OAI.SevenEighths.HeckeFamily.O
            (@CommRing.toCommSemiring.{0} OAI.SevenEighths.HeckeFamily.O
              (@NumberField.instCommRingRingOfIntegers.{0} OAI.SevenEighths.HeckeFamily.K
                (@CyclotomicField.instField.{0} (@OfNat.ofNat.{0} Nat (nat_lit 3) (instOfNatNat (nat_lit 3))) Rat
                  Rat.instField)))))
        (@Ideal.{0} OAI.SevenEighths.HeckeFamily.O
          (@CommSemiring.toSemiring.{0} OAI.SevenEighths.HeckeFamily.O
            (@CommRing.toCommSemiring.{0} OAI.SevenEighths.HeckeFamily.O
              (@NumberField.instCommRingRingOfIntegers.{0} OAI.SevenEighths.HeckeFamily.K
                (@CyclotomicField.instField.{0} (@OfNat.ofNat.{0} Nat (nat_lit 3) (instOfNatNat (nat_lit 3))) Rat
                  Rat.instField)))))
        (@CommSemiring.toCommMonoid.{0}
          (@Ideal.{0} OAI.SevenEighths.HeckeFamily.O
            (@CommSemiring.toSemiring.{0} OAI.SevenEighths.HeckeFamily.O
              (@CommRing.toCommSemiring.{0} OAI.SevenEighths.HeckeFamily.O
                (@NumberField.instCommRingRingOfIntegers.{0} OAI.SevenEighths.HeckeFamily.K
                  (@CyclotomicField.instField.{0} (@OfNat.ofNat.{0} Nat (nat_lit 3) (instOfNatNat (nat_lit 3))) Rat
                    Rat.instField)))))
          (@IdemCommSemiring.toCommSemiring.{0}
            (@Ideal.{0} OAI.SevenEighths.HeckeFamily.O
              (@CommSemiring.toSemiring.{0} OAI.SevenEighths.HeckeFamily.O
                (@CommRing.toCommSemiring.{0} OAI.SevenEighths.HeckeFamily.O
                  (@NumberField.instCommRingRingOfIntegers.{0} OAI.SevenEighths.HeckeFamily.K
                    (@CyclotomicField.instField.{0} (@OfNat.ofNat.{0} Nat (nat_lit 3) (instOfNatNat (nat_lit 3))) Rat
                      Rat.instField)))))
            (@Ideal.instIdemCommSemiring.{0} OAI.SevenEighths.HeckeFamily.O
              (@CommRing.toCommSemiring.{0} OAI.SevenEighths.HeckeFamily.O
                (@NumberField.instCommRingRingOfIntegers.{0} OAI.SevenEighths.HeckeFamily.K
                  (@CyclotomicField.instField.{0} (@OfNat.ofNat.{0} Nat (nat_lit 3) (instOfNatNat (nat_lit 3))) Rat
                    Rat.instField))))))
        S
        fun
          (P :
            @Ideal.{0} OAI.SevenEighths.HeckeFamily.O
              (@CommSemiring.toSemiring.{0} OAI.SevenEighths.HeckeFamily.O
                (@CommRing.toCommSemiring.{0} OAI.SevenEighths.HeckeFamily.O
                  (@NumberField.instCommRingRingOfIntegers.{0} OAI.SevenEighths.HeckeFamily.K
                    (@CyclotomicField.instField.{0} (@OfNat.ofNat.{0} Nat (nat_lit 3) (instOfNatNat (nat_lit 3))) Rat
                      Rat.instField))))) =>
        P)),
  have Q0 :
    @Ideal.{0} OAI.SevenEighths.HeckeFamily.O
      (@CommSemiring.toSemiring.{0} OAI.SevenEighths.HeckeFamily.O
        (@CommRing.toCommSemiring.{0} OAI.SevenEighths.HeckeFamily.O
          (@NumberField.instCommRingRingOfIntegers.{0} OAI.SevenEighths.HeckeFamily.K
            (@CyclotomicField.instField.{0} (@OfNat.ofNat.{0} Nat (nat_lit 3) (instOfNatNat (nat_lit 3))) Rat
              Rat.instField)))) :=
    @Min.min.{0}
      (@Ideal.{0} OAI.SevenEighths.HeckeFamily.O
        (@CommSemiring.toSemiring.{0} OAI.SevenEighths.HeckeFamily.O
          (@CommRing.toCommSemiring.{0} OAI.SevenEighths.HeckeFamily.O
            (@NumberField.instCommRingRingOfIntegers.{0} OAI.SevenEighths.HeckeFamily.K
              (@CyclotomicField.instField.{0} (@OfNat.ofNat.{0} Nat (nat_lit 3) (instOfNatNat (nat_lit 3))) Rat
                Rat.instField)))))
      (@Submodule.instMin.{0, 0} OAI.SevenEighths.HeckeFamily.O OAI.SevenEighths.HeckeFamily.O
        (@CommSemiring.toSemiring.{0} OAI.SevenEighths.HeckeFamily.O
          (@CommRing.toCommSemiring.{0} OAI.SevenEighths.HeckeFamily.O
            (@NumberField.instCommRingRingOfIntegers.{0} OAI.SevenEighths.HeckeFamily.K
              (@CyclotomicField.instField.{0} (@OfNat.ofNat.{0} Nat (nat_lit 3) (instOfNatNat (nat_lit 3))) Rat
                Rat.instField))))
        (@Semiring.toAddCommMonoid.{0} OAI.SevenEighths.HeckeFamily.O
          (@CommSemiring.toSemiring.{0} OAI.SevenEighths.HeckeFamily.O
            (@CommRing.toCommSemiring.{0} OAI.SevenEighths.HeckeFamily.O
              (@NumberField.instCommRingRingOfIntegers.{0} OAI.SevenEighths.HeckeFamily.K
                (@CyclotomicField.instField.{0} (@OfNat.ofNat.{0} Nat (nat_lit 3) (instOfNatNat (nat_lit 3))) Rat
                  Rat.instField)))))
        (@Semiring.toModule.{0} OAI.SevenEighths.HeckeFamily.O
          (@CommSemiring.toSemiring.{0} OAI.SevenEighths.HeckeFamily.O
            (@CommRing.toCommSemiring.{0} OAI.SevenEighths.HeckeFamily.O
              (@NumberField.instCommRingRingOfIntegers.{0} OAI.SevenEighths.HeckeFamily.K
                (@CyclotomicField.instField.{0} (@OfNat.ofNat.{0} Nat (nat_lit 3) (instOfNatNat (nat_lit 3))) Rat
                  Rat.instField))))))
      M
      (@Ideal.span.{0} OAI.SevenEighths.HeckeFamily.O
        (@CommSemiring.toSemiring.{0} OAI.SevenEighths.HeckeFamily.O
          (@CommRing.toCommSemiring.{0} OAI.SevenEighths.HeckeFamily.O
            (@NumberField.instCommRingRingOfIntegers.{0} OAI.SevenEighths.HeckeFamily.K
              (@CyclotomicField.instField.{0} (@OfNat.ofNat.{0} Nat (nat_lit 3) (instOfNatNat (nat_lit 3))) Rat
                Rat.instField))))
        (@Singleton.singleton.{0, 0} OAI.SevenEighths.HeckeFamily.O (Set.{0} OAI.SevenEighths.HeckeFamily.O)
          (@Set.instSingletonSet.{0} OAI.SevenEighths.HeckeFamily.O)
          (@OfNat.ofNat.{0} OAI.SevenEighths.HeckeFamily.O (nat_lit 72)
            (@instOfNatAtLeastTwo.{0} OAI.SevenEighths.HeckeFamily.O (nat_lit 72)
              (@AddMonoidWithOne.toNatCast.{0} OAI.SevenEighths.HeckeFamily.O
                (@AddGroupWithOne.toAddMonoidWithOne.{0} OAI.SevenEighths.HeckeFamily.O
                  (@Ring.toAddGroupWithOne.{0} OAI.SevenEighths.HeckeFamily.O
                    (@CommRing.toRing.{0} OAI.SevenEighths.HeckeFamily.O
                      (@NumberField.instCommRingRingOfIntegers.{0} OAI.SevenEighths.HeckeFamily.K
                        (@CyclotomicField.instField.{0} (@OfNat.ofNat.{0} Nat (nat_lit 3) (instOfNatNat (nat_lit 3)))
                          Rat Rat.instField))))))
              (@Nat.instAtLeastTwoHAddOfNat (@OfNat.ofNat.{0} Nat (nat_lit 71) (instOfNatNat (nat_lit 71)))
                (@Nat.instNeZeroSucc (@OfNat.ofNat.{0} Nat (nat_lit 70) (instOfNatNat (nat_lit 70)))))))));
  And
    (@LE.le.{0}
      (@Ideal.{0} OAI.SevenEighths.HeckeFamily.O
        (@CommSemiring.toSemiring.{0} OAI.SevenEighths.HeckeFamily.O
          (@CommRing.toCommSemiring.{0} OAI.SevenEighths.HeckeFamily.O
            (@NumberField.instCommRingRingOfIntegers.{0} OAI.SevenEighths.HeckeFamily.K
              (@CyclotomicField.instField.{0} (@OfNat.ofNat.{0} Nat (nat_lit 3) (instOfNatNat (nat_lit 3))) Rat
                Rat.instField)))))
      (@Preorder.toLE.{0}
        (@Ideal.{0} OAI.SevenEighths.HeckeFamily.O
          (@CommSemiring.toSemiring.{0} OAI.SevenEighths.HeckeFamily.O
            (@CommRing.toCommSemiring.{0} OAI.SevenEighths.HeckeFamily.O
              (@NumberField.instCommRingRingOfIntegers.{0} OAI.SevenEighths.HeckeFamily.K
                (@CyclotomicField.instField.{0} (@OfNat.ofNat.{0} Nat (nat_lit 3) (instOfNatNat (nat_lit 3))) Rat
                  Rat.instField)))))
        (@PartialOrder.toPreorder.{0}
          (@Ideal.{0} OAI.SevenEighths.HeckeFamily.O
            (@CommSemiring.toSemiring.{0} OAI.SevenEighths.HeckeFamily.O
              (@CommRing.toCommSemiring.{0} OAI.SevenEighths.HeckeFamily.O
                (@NumberField.instCommRingRingOfIntegers.{0} OAI.SevenEighths.HeckeFamily.K
                  (@CyclotomicField.instField.{0} (@OfNat.ofNat.{0} Nat (nat_lit 3) (instOfNatNat (nat_lit 3))) Rat
                    Rat.instField)))))
          (@Submodule.instPartialOrder.{0, 0} OAI.SevenEighths.HeckeFamily.O OAI.SevenEighths.HeckeFamily.O
            (@CommSemiring.toSemiring.{0} OAI.SevenEighths.HeckeFamily.O
              (@CommRing.toCommSemiring.{0} OAI.SevenEighths.HeckeFamily.O
                (@NumberField.instCommRingRingOfIntegers.{0} OAI.SevenEighths.HeckeFamily.K
                  (@CyclotomicField.instField.{0} (@OfNat.ofNat.{0} Nat (nat_lit 3) (instOfNatNat (nat_lit 3))) Rat
                    Rat.instField))))
            (@Semiring.toAddCommMonoid.{0} OAI.SevenEighths.HeckeFamily.O
              (@CommSemiring.toSemiring.{0} OAI.SevenEighths.HeckeFamily.O
                (@CommRing.toCommSemiring.{0} OAI.SevenEighths.HeckeFamily.O
                  (@NumberField.instCommRingRingOfIntegers.{0} OAI.SevenEighths.HeckeFamily.K
                    (@CyclotomicField.instField.{0} (@OfNat.ofNat.{0} Nat (nat_lit 3) (instOfNatNat (nat_lit 3))) Rat
                      Rat.instField)))))
            (@Semiring.toModule.{0} OAI.SevenEighths.HeckeFamily.O
              (@CommSemiring.toSemiring.{0} OAI.SevenEighths.HeckeFamily.O
                (@CommRing.toCommSemiring.{0} OAI.SevenEighths.HeckeFamily.O
                  (@NumberField.instCommRingRingOfIntegers.{0} OAI.SevenEighths.HeckeFamily.K
                    (@CyclotomicField.instField.{0} (@OfNat.ofNat.{0} Nat (nat_lit 3) (instOfNatNat (nat_lit 3))) Rat
                      Rat.instField))))))))
      Q0 M)
    (And
      (@Ne.{1}
        (@Ideal.{0} OAI.SevenEighths.HeckeFamily.O
          (@CommSemiring.toSemiring.{0} OAI.SevenEighths.HeckeFamily.O
            (@CommRing.toCommSemiring.{0} OAI.SevenEighths.HeckeFamily.O
              (@NumberField.instCommRingRingOfIntegers.{0} OAI.SevenEighths.HeckeFamily.K
                (@CyclotomicField.instField.{0} (@OfNat.ofNat.{0} Nat (nat_lit 3) (instOfNatNat (nat_lit 3))) Rat
                  Rat.instField)))))
        Q0
        (@OfNat.ofNat.{0}
          (@Ideal.{0} OAI.SevenEighths.HeckeFamily.O
            (@CommSemiring.toSemiring.{0} OAI.SevenEighths.HeckeFamily.O
              (@CommRing.toCommSemiring.{0} OAI.SevenEighths.HeckeFamily.O
                (@NumberField.instCommRingRingOfIntegers.{0} OAI.SevenEighths.HeckeFamily.K
                  (@CyclotomicField.instField.{0} (@OfNat.ofNat.{0} Nat (nat_lit 3) (instOfNatNat (nat_lit 3))) Rat
                    Rat.instField)))))
          (nat_lit 0)
          (@Zero.toOfNat0.{0}
            (@Ideal.{0} OAI.SevenEighths.HeckeFamily.O
              (@CommSemiring.toSemiring.{0} OAI.SevenEighths.HeckeFamily.O
                (@CommRing.toCommSemiring.{0} OAI.SevenEighths.HeckeFamily.O
                  (@NumberField.instCommRingRingOfIntegers.{0} OAI.SevenEighths.HeckeFamily.K
                    (@CyclotomicField.instField.{0} (@OfNat.ofNat.{0} Nat (nat_lit 3) (instOfNatNat (nat_lit 3))) Rat
                      Rat.instField)))))
            (@Submodule.pointwiseZero.{0, 0} OAI.SevenEighths.HeckeFamily.O OAI.SevenEighths.HeckeFamily.O
              (@CommSemiring.toSemiring.{0} OAI.SevenEighths.HeckeFamily.O
                (@CommRing.toCommSemiring.{0} OAI.SevenEighths.HeckeFamily.O
                  (@NumberField.instCommRingRingOfIntegers.{0} OAI.SevenEighths.HeckeFamily.K
                    (@CyclotomicField.instField.{0} (@OfNat.ofNat.{0} Nat (nat_lit 3) (instOfNatNat (nat_lit 3))) Rat
                      Rat.instField))))
              (@Semiring.toAddCommMonoid.{0} OAI.SevenEighths.HeckeFamily.O
                (@CommSemiring.toSemiring.{0} OAI.SevenEighths.HeckeFamily.O
                  (@CommRing.toCommSemiring.{0} OAI.SevenEighths.HeckeFamily.O
                    (@NumberField.instCommRingRingOfIntegers.{0} OAI.SevenEighths.HeckeFamily.K
                      (@CyclotomicField.instField.{0} (@OfNat.ofNat.{0} Nat (nat_lit 3) (instOfNatNat (nat_lit 3))) Rat
                        Rat.instField)))))
              (@Semiring.toModule.{0} OAI.SevenEighths.HeckeFamily.O
                (@CommSemiring.toSemiring.{0} OAI.SevenEighths.HeckeFamily.O
                  (@CommRing.toCommSemiring.{0} OAI.SevenEighths.HeckeFamily.O
                    (@NumberField.instCommRingRingOfIntegers.{0} OAI.SevenEighths.HeckeFamily.K
                      (@CyclotomicField.instField.{0} (@OfNat.ofNat.{0} Nat (nat_lit 3) (instOfNatNat (nat_lit 3))) Rat
                        Rat.instField)))))))))
      (And
        (@Ne.{1}
          (@Ideal.{0} OAI.SevenEighths.HeckeFamily.O
            (@CommSemiring.toSemiring.{0} OAI.SevenEighths.HeckeFamily.O
              (@CommRing.toCommSemiring.{0} OAI.SevenEighths.HeckeFamily.O
                (@NumberField.instCommRingRingOfIntegers.{0} OAI.SevenEighths.HeckeFamily.K
                  (@CyclotomicField.instField.{0} (@OfNat.ofNat.{0} Nat (nat_lit 3) (instOfNatNat (nat_lit 3))) Rat
                    Rat.instField)))))
          Q0
          (@Top.top.{0}
            (@Ideal.{0} OAI.SevenEighths.HeckeFamily.O
              (@CommSemiring.toSemiring.{0} OAI.SevenEighths.HeckeFamily.O
                (@CommRing.toCommSemiring.{0} OAI.SevenEighths.HeckeFamily.O
                  (@NumberField.instCommRingRingOfIntegers.{0} OAI.SevenEighths.HeckeFamily.K
                    (@CyclotomicField.instField.{0} (@OfNat.ofNat.{0} Nat (nat_lit 3) (instOfNatNat (nat_lit 3))) Rat
                      Rat.instField)))))
            (@Submodule.instTop.{0, 0} OAI.SevenEighths.HeckeFamily.O OAI.SevenEighths.HeckeFamily.O
              (@CommSemiring.toSemiring.{0} OAI.SevenEighths.HeckeFamily.O
                (@CommRing.toCommSemiring.{0} OAI.SevenEighths.HeckeFamily.O
                  (@NumberField.instCommRingRingOfIntegers.{0} OAI.SevenEighths.HeckeFamily.K
                    (@CyclotomicField.instField.{0} (@OfNat.ofNat.{0} Nat (nat_lit 3) (instOfNatNat (nat_lit 3))) Rat
                      Rat.instField))))
              (@Semiring.toAddCommMonoid.{0} OAI.SevenEighths.HeckeFamily.O
                (@CommSemiring.toSemiring.{0} OAI.SevenEighths.HeckeFamily.O
                  (@CommRing.toCommSemiring.{0} OAI.SevenEighths.HeckeFamily.O
                    (@NumberField.instCommRingRingOfIntegers.{0} OAI.SevenEighths.HeckeFamily.K
                      (@CyclotomicField.instField.{0} (@OfNat.ofNat.{0} Nat (nat_lit 3) (instOfNatNat (nat_lit 3))) Rat
                        Rat.instField)))))
              (@Semiring.toModule.{0} OAI.SevenEighths.HeckeFamily.O
                (@CommSemiring.toSemiring.{0} OAI.SevenEighths.HeckeFamily.O
                  (@CommRing.toCommSemiring.{0} OAI.SevenEighths.HeckeFamily.O
                    (@NumberField.instCommRingRingOfIntegers.{0} OAI.SevenEighths.HeckeFamily.K
                      (@CyclotomicField.instField.{0} (@OfNat.ofNat.{0} Nat (nat_lit 3) (instOfNatNat (nat_lit 3))) Rat
                        Rat.instField))))))))
        (∀ (η : OAI.SevenEighths.HeckeFamily.Character),
          And
            (@Ne.{1}
              (@Ideal.{0} OAI.SevenEighths.HeckeFamily.O
                (@CommSemiring.toSemiring.{0} OAI.SevenEighths.HeckeFamily.O
                  (@CommRing.toCommSemiring.{0} OAI.SevenEighths.HeckeFamily.O
                    (@NumberField.instCommRingRingOfIntegers.{0} OAI.SevenEighths.HeckeFamily.K
                      (@CyclotomicField.instField.{0} (@OfNat.ofNat.{0} Nat (nat_lit 3) (instOfNatNat (nat_lit 3))) Rat
                        Rat.instField)))))
              (OAI.SevenEighths.CenteredMomentNaturalFixedRaySource.internalQ Q0 η)
              (@OfNat.ofNat.{0}
                (@Ideal.{0} OAI.SevenEighths.HeckeFamily.O
                  (@CommSemiring.toSemiring.{0} OAI.SevenEighths.HeckeFamily.O
                    (@CommRing.toCommSemiring.{0} OAI.SevenEighths.HeckeFamily.O
                      (@NumberField.instCommRingRingOfIntegers.{0} OAI.SevenEighths.HeckeFamily.K
                        (@CyclotomicField.instField.{0} (@OfNat.ofNat.{0} Nat (nat_lit 3) (instOfNatNat (nat_lit 3)))
                          Rat Rat.instField)))))
                (nat_lit 0)
                (@Zero.toOfNat0.{0}
                  (@Ideal.{0} OAI.SevenEighths.HeckeFamily.O
                    (@CommSemiring.toSemiring.{0} OAI.SevenEighths.HeckeFamily.O
                      (@CommRing.toCommSemiring.{0} OAI.SevenEighths.HeckeFamily.O
                        (@NumberField.instCommRingRingOfIntegers.{0} OAI.SevenEighths.HeckeFamily.K
                          (@CyclotomicField.instField.{0} (@OfNat.ofNat.{0} Nat (nat_lit 3) (instOfNatNat (nat_lit 3)))
                            Rat Rat.instField)))))
                  (@Submodule.pointwiseZero.{0, 0} OAI.SevenEighths.HeckeFamily.O OAI.SevenEighths.HeckeFamily.O
                    (@CommSemiring.toSemiring.{0} OAI.SevenEighths.HeckeFamily.O
                      (@CommRing.toCommSemiring.{0} OAI.SevenEighths.HeckeFamily.O
                        (@NumberField.instCommRingRingOfIntegers.{0} OAI.SevenEighths.HeckeFamily.K
                          (@CyclotomicField.instField.{0} (@OfNat.ofNat.{0} Nat (nat_lit 3) (instOfNatNat (nat_lit 3)))
                            Rat Rat.instField))))
                    (@Semiring.toAddCommMonoid.{0} OAI.SevenEighths.HeckeFamily.O
                      (@CommSemiring.toSemiring.{0} OAI.SevenEighths.HeckeFamily.O
                        (@CommRing.toCommSemiring.{0} OAI.SevenEighths.HeckeFamily.O
                          (@NumberField.instCommRingRingOfIntegers.{0} OAI.SevenEighths.HeckeFamily.K
                            (@CyclotomicField.instField.{0}
                              (@OfNat.ofNat.{0} Nat (nat_lit 3) (instOfNatNat (nat_lit 3))) Rat Rat.instField)))))
                    (@Semiring.toModule.{0} OAI.SevenEighths.HeckeFamily.O
                      (@CommSemiring.toSemiring.{0} OAI.SevenEighths.HeckeFamily.O
                        (@CommRing.toCommSemiring.{0} OAI.SevenEighths.HeckeFamily.O
                          (@NumberField.instCommRingRingOfIntegers.{0} OAI.SevenEighths.HeckeFamily.K
                            (@CyclotomicField.instField.{0}
                              (@OfNat.ofNat.{0} Nat (nat_lit 3) (instOfNatNat (nat_lit 3))) Rat Rat.instField)))))))))
            (And
              (@Ne.{1}
                (@Ideal.{0} OAI.SevenEighths.HeckeFamily.O
                  (@CommSemiring.toSemiring.{0} OAI.SevenEighths.HeckeFamily.O
                    (@CommRing.toCommSemiring.{0} OAI.SevenEighths.HeckeFamily.O
                      (@NumberField.instCommRingRingOfIntegers.{0} OAI.SevenEighths.HeckeFamily.K
                        (@CyclotomicField.instField.{0} (@OfNat.ofNat.{0} Nat (nat_lit 3) (instOfNatNat (nat_lit 3)))
                          Rat Rat.instField)))))
                (OAI.SevenEighths.CenteredMomentNaturalFixedRaySource.internalQ Q0 η)
                (@Top.top.{0}
                  (@Ideal.{0} OAI.SevenEighths.HeckeFamily.O
                    (@CommSemiring.toSemiring.{0} OAI.SevenEighths.HeckeFamily.O
                      (@CommRing.toCommSemiring.{0} OAI.SevenEighths.HeckeFamily.O
                        (@NumberField.instCommRingRingOfIntegers.{0} OAI.SevenEighths.HeckeFamily.K
                          (@CyclotomicField.instField.{0} (@OfNat.ofNat.{0} Nat (nat_lit 3) (instOfNatNat (nat_lit 3)))
                            Rat Rat.instField)))))
                  (@Submodule.instTop.{0, 0} OAI.SevenEighths.HeckeFamily.O OAI.SevenEighths.HeckeFamily.O
                    (@CommSemiring.toSemiring.{0} OAI.SevenEighths.HeckeFamily.O
                      (@CommRing.toCommSemiring.{0} OAI.SevenEighths.HeckeFamily.O
                        (@NumberField.instCommRingRingOfIntegers.{0} OAI.SevenEighths.HeckeFamily.K
                          (@CyclotomicField.instField.{0} (@OfNat.ofNat.{0} Nat (nat_lit 3) (instOfNatNat (nat_lit 3)))
                            Rat Rat.instField))))
                    (@Semiring.toAddCommMonoid.{0} OAI.SevenEighths.HeckeFamily.O
                      (@CommSemiring.toSemiring.{0} OAI.SevenEighths.HeckeFamily.O
                        (@CommRing.toCommSemiring.{0} OAI.SevenEighths.HeckeFamily.O
                          (@NumberField.instCommRingRingOfIntegers.{0} OAI.SevenEighths.HeckeFamily.K
                            (@CyclotomicField.instField.{0}
                              (@OfNat.ofNat.{0} Nat (nat_lit 3) (instOfNatNat (nat_lit 3))) Rat Rat.instField)))))
                    (@Semiring.toModule.{0} OAI.SevenEighths.HeckeFamily.O
                      (@CommSemiring.toSemiring.{0} OAI.SevenEighths.HeckeFamily.O
                        (@CommRing.toCommSemiring.{0} OAI.SevenEighths.HeckeFamily.O
                          (@NumberField.instCommRingRingOfIntegers.{0} OAI.SevenEighths.HeckeFamily.K
                            (@CyclotomicField.instField.{0}
                              (@OfNat.ofNat.{0} Nat (nat_lit 3) (instOfNatNat (nat_lit 3))) Rat Rat.instField))))))))
              (And
                (@LE.le.{0}
                  (@Ideal.{0} OAI.SevenEighths.HeckeFamily.O
                    (@CommSemiring.toSemiring.{0} OAI.SevenEighths.HeckeFamily.O
                      (@CommRing.toCommSemiring.{0} OAI.SevenEighths.HeckeFamily.O
                        (@NumberField.instCommRingRingOfIntegers.{0} OAI.SevenEighths.HeckeFamily.K
                          (@CyclotomicField.instField.{0} (@OfNat.ofNat.{0} Nat (nat_lit 3) (instOfNatNat (nat_lit 3)))
                            Rat Rat.instField)))))
                  (@Preorder.toLE.{0}
                    (@Ideal.{0} OAI.SevenEighths.HeckeFamily.O
                      (@CommSemiring.toSemiring.{0} OAI.SevenEighths.HeckeFamily.O
                        (@CommRing.toCommSemiring.{0} OAI.SevenEighths.HeckeFamily.O
                          (@NumberField.instCommRingRingOfIntegers.{0} OAI.SevenEighths.HeckeFamily.K
                            (@CyclotomicField.instField.{0}
                              (@OfNat.ofNat.{0} Nat (nat_lit 3) (instOfNatNat (nat_lit 3))) Rat Rat.instField)))))
                    (@PartialOrder.toPreorder.{0}
                      (@Ideal.{0} OAI.SevenEighths.HeckeFamily.O
                        (@CommSemiring.toSemiring.{0} OAI.SevenEighths.HeckeFamily.O
                          (@CommRing.toCommSemiring.{0} OAI.SevenEighths.HeckeFamily.O
                            (@NumberField.instCommRingRingOfIntegers.{0} OAI.SevenEighths.HeckeFamily.K
                              (@CyclotomicField.instField.{0}
                                (@OfNat.ofNat.{0} Nat (nat_lit 3) (instOfNatNat (nat_lit 3))) Rat Rat.instField)))))
                      (@Submodule.instPartialOrder.{0, 0} OAI.SevenEighths.HeckeFamily.O OAI.SevenEighths.HeckeFamily.O
                        (@CommSemiring.toSemiring.{0} OAI.SevenEighths.HeckeFamily.O
                          (@CommRing.toCommSemiring.{0} OAI.SevenEighths.HeckeFamily.O
                            (@NumberField.instCommRingRingOfIntegers.{0} OAI.SevenEighths.HeckeFamily.K
                              (@CyclotomicField.instField.{0}
                                (@OfNat.ofNat.{0} Nat (nat_lit 3) (instOfNatNat (nat_lit 3))) Rat Rat.instField))))
                        (@Semiring.toAddCommMonoid.{0} OAI.SevenEighths.HeckeFamily.O
                          (@CommSemiring.toSemiring.{0} OAI.SevenEighths.HeckeFamily.O
                            (@CommRing.toCommSemiring.{0} OAI.SevenEighths.HeckeFamily.O
                              (@NumberField.instCommRingRingOfIntegers.{0} OAI.SevenEighths.HeckeFamily.K
                                (@CyclotomicField.instField.{0}
                                  (@OfNat.ofNat.{0} Nat (nat_lit 3) (instOfNatNat (nat_lit 3))) Rat Rat.instField)))))
                        (@Semiring.toModule.{0} OAI.SevenEighths.HeckeFamily.O
                          (@CommSemiring.toSemiring.{0} OAI.SevenEighths.HeckeFamily.O
                            (@CommRing.toCommSemiring.{0} OAI.SevenEighths.HeckeFamily.O
                              (@NumberField.instCommRingRingOfIntegers.{0} OAI.SevenEighths.HeckeFamily.K
                                (@CyclotomicField.instField.{0}
                                  (@OfNat.ofNat.{0} Nat (nat_lit 3) (instOfNatNat (nat_lit 3))) Rat
                                  Rat.instField))))))))
                  (OAI.SevenEighths.CenteredMomentNaturalFixedRaySource.internalQ Q0 η)
                  (@Ideal.span.{0} OAI.SevenEighths.HeckeFamily.O
                    (@CommSemiring.toSemiring.{0} OAI.SevenEighths.HeckeFamily.O
                      (@CommRing.toCommSemiring.{0} OAI.SevenEighths.HeckeFamily.O
                        (@NumberField.instCommRingRingOfIntegers.{0} OAI.SevenEighths.HeckeFamily.K
                          (@CyclotomicField.instField.{0} (@OfNat.ofNat.{0} Nat (nat_lit 3) (instOfNatNat (nat_lit 3)))
                            Rat Rat.instField))))
                    (@Singleton.singleton.{0, 0} OAI.SevenEighths.HeckeFamily.O (Set.{0} OAI.SevenEighths.HeckeFamily.O)
                      (@Set.instSingletonSet.{0} OAI.SevenEighths.HeckeFamily.O)
                      (@OfNat.ofNat.{0} OAI.SevenEighths.HeckeFamily.O (nat_lit 72)
                        (@instOfNatAtLeastTwo.{0} OAI.SevenEighths.HeckeFamily.O (nat_lit 72)
                          (@AddMonoidWithOne.toNatCast.{0} OAI.SevenEighths.HeckeFamily.O
                            (@AddGroupWithOne.toAddMonoidWithOne.{0} OAI.SevenEighths.HeckeFamily.O
                              (@Ring.toAddGroupWithOne.{0} OAI.SevenEighths.HeckeFamily.O
                                (@CommRing.toRing.{0} OAI.SevenEighths.HeckeFamily.O
                                  (@NumberField.instCommRingRingOfIntegers.{0} OAI.SevenEighths.HeckeFamily.K
                                    (@CyclotomicField.instField.{0}
                                      (@OfNat.ofNat.{0} Nat (nat_lit 3) (instOfNatNat (nat_lit 3))) Rat
                                      Rat.instField))))))
                          (@Nat.instAtLeastTwoHAddOfNat (@OfNat.ofNat.{0} Nat (nat_lit 71) (instOfNatNat (nat_lit 71)))
                            (@Nat.instNeZeroSucc (@OfNat.ofNat.{0} Nat (nat_lit 70) (instOfNatNat (nat_lit 70))))))))))
                (@LE.le.{0}
                  (@Ideal.{0} OAI.SevenEighths.HeckeFamily.O
                    (@CommSemiring.toSemiring.{0} OAI.SevenEighths.HeckeFamily.O
                      (@CommRing.toCommSemiring.{0} OAI.SevenEighths.HeckeFamily.O
                        (@NumberField.instCommRingRingOfIntegers.{0} OAI.SevenEighths.HeckeFamily.K
                          (@CyclotomicField.instField.{0} (@OfNat.ofNat.{0} Nat (nat_lit 3) (instOfNatNat (nat_lit 3)))
                            Rat Rat.instField)))))
                  (@Preorder.toLE.{0}
                    (@Ideal.{0} OAI.SevenEighths.HeckeFamily.O
                      (@CommSemiring.toSemiring.{0} OAI.SevenEighths.HeckeFamily.O
                        (@CommRing.toCommSemiring.{0} OAI.SevenEighths.HeckeFamily.O
                          (@NumberField.instCommRingRingOfIntegers.{0} OAI.SevenEighths.HeckeFamily.K
                            (@CyclotomicField.instField.{0}
                              (@OfNat.ofNat.{0} Nat (nat_lit 3) (instOfNatNat (nat_lit 3))) Rat Rat.instField)))))
                    (@PartialOrder.toPreorder.{0}
                      (@Ideal.{0} OAI.SevenEighths.HeckeFamily.O
                        (@CommSemiring.toSemiring.{0} OAI.SevenEighths.HeckeFamily.O
                          (@CommRing.toCommSemiring.{0} OAI.SevenEighths.HeckeFamily.O
                            (@NumberField.instCommRingRingOfIntegers.{0} OAI.SevenEighths.HeckeFamily.K
                              (@CyclotomicField.instField.{0}
                                (@OfNat.ofNat.{0} Nat (nat_lit 3) (instOfNatNat (nat_lit 3))) Rat Rat.instField)))))
                      (@Submodule.instPartialOrder.{0, 0} OAI.SevenEighths.HeckeFamily.O OAI.SevenEighths.HeckeFamily.O
                        (@CommSemiring.toSemiring.{0} OAI.SevenEighths.HeckeFamily.O
                          (@CommRing.toCommSemiring.{0} OAI.SevenEighths.HeckeFamily.O
                            (@NumberField.instCommRingRingOfIntegers.{0} OAI.SevenEighths.HeckeFamily.K
                              (@CyclotomicField.instField.{0}
                                (@OfNat.ofNat.{0} Nat (nat_lit 3) (instOfNatNat (nat_lit 3))) Rat Rat.instField))))
                        (@Semiring.toAddCommMonoid.{0} OAI.SevenEighths.HeckeFamily.O
                          (@CommSemiring.toSemiring.{0} OAI.SevenEighths.HeckeFamily.O
                            (@CommRing.toCommSemiring.{0} OAI.SevenEighths.HeckeFamily.O
                              (@NumberField.instCommRingRingOfIntegers.{0} OAI.SevenEighths.HeckeFamily.K
                                (@CyclotomicField.instField.{0}
                                  (@OfNat.ofNat.{0} Nat (nat_lit 3) (instOfNatNat (nat_lit 3))) Rat Rat.instField)))))
                        (@Semiring.toModule.{0} OAI.SevenEighths.HeckeFamily.O
                          (@CommSemiring.toSemiring.{0} OAI.SevenEighths.HeckeFamily.O
                            (@CommRing.toCommSemiring.{0} OAI.SevenEighths.HeckeFamily.O
                              (@NumberField.instCommRingRingOfIntegers.{0} OAI.SevenEighths.HeckeFamily.K
                                (@CyclotomicField.instField.{0}
                                  (@OfNat.ofNat.{0} Nat (nat_lit 3) (instOfNatNat (nat_lit 3))) Rat
                                  Rat.instField))))))))
                  (OAI.SevenEighths.CenteredMomentNaturalFixedRaySource.internalQ Q0 η)
                  (OAI.SevenEighths.HeckeFamily.Character.modulus η)))))))
'OAI.SevenEighths.GenericSourceIdealAndMesh.source_fixed_ideal_gates' depends on axioms: [propext,
 Classical.choice,
 Quot.sound]
OAI.SevenEighths.GenericSourceIdealAndMesh.exists_source_slots_for_both_meshes : ∀
  (total dmin dmax batchMesh physicalRange energyMesh : Real)
  (htotal :
    @LT.lt.{0} Real Real.instLT (@OfNat.ofNat.{0} Real (nat_lit 0) (@Zero.toOfNat0.{0} Real Real.instZero)) total)
  (hdmin : @LT.lt.{0} Real Real.instLT (@OfNat.ofNat.{0} Real (nat_lit 0) (@Zero.toOfNat0.{0} Real Real.instZero)) dmin)
  (hd : @LE.le.{0} Real Real.instLE dmin dmax)
  (hbatchMesh :
    @LT.lt.{0} Real Real.instLT (@OfNat.ofNat.{0} Real (nat_lit 0) (@Zero.toOfNat0.{0} Real Real.instZero)) batchMesh)
  (hphysicalRange :
    @LT.lt.{0} Real Real.instLT (@OfNat.ofNat.{0} Real (nat_lit 0) (@Zero.toOfNat0.{0} Real Real.instZero))
      physicalRange)
  (henergyMesh :
    @LT.lt.{0} Real Real.instLT (@OfNat.ofNat.{0} Real (nat_lit 0) (@Zero.toOfNat0.{0} Real Real.instZero)) energyMesh),
  @Exists.{1} Nat fun (N : Nat) =>
    And (@LT.lt.{0} Nat instLTNat (@OfNat.ofNat.{0} Nat (nat_lit 0) (instOfNatNat (nat_lit 0))) N)
      (@Exists.{1} (Fin N → Real) fun (ell : Fin N → Real) =>
        @Exists.{1} Real fun (rmin : Real) =>
          And
            (@LT.lt.{0} Real Real.instLT (@OfNat.ofNat.{0} Real (nat_lit 0) (@Zero.toOfNat0.{0} Real Real.instZero))
              rmin)
            (And (@Function.Injective.{1, 1} (Fin N) Real ell)
              (And
                (@Eq.{1} Real
                  (@Finset.sum.{0, 0} (Fin N) Real Real.instAddCommMonoid (@Finset.univ.{0} (Fin N) (Fin.fintype N))
                    fun (j : Fin N) => ell j)
                  total)
                (And
                  (∀ (j : Fin N),
                    And
                      (@LT.lt.{0} Real Real.instLT
                        (@OfNat.ofNat.{0} Real (nat_lit 0) (@Zero.toOfNat0.{0} Real Real.instZero)) (ell j))
                      (And
                        (@LE.le.{0} Real Real.instLE
                          (@HMul.hMul.{0, 0, 0} Real Real Real (@instHMul.{0} Real Real.instMul) dmax rmin) (ell j))
                        (And
                          (@LE.le.{0} Real Real.instLE (ell j)
                            (@HMul.hMul.{0, 0, 0} Real Real Real (@instHMul.{0} Real Real.instMul) dmin batchMesh))
                          (And
                            (@LE.le.{0} Real Real.instLE (ell j)
                              (@HMul.hMul.{0, 0, 0} Real Real Real (@instHMul.{0} Real Real.instMul) dmin
                                physicalRange))
                            (@LE.le.{0} Real Real.instLE (ell j) energyMesh)))))
                  (∀ (d : Real),
                    @LE.le.{0} Real Real.instLE dmin d →
                      @LE.le.{0} Real Real.instLE d dmax →
                        ∀ (j : Fin N),
                          And
                            (@LE.le.{0} Real Real.instLE rmin
                              (@HDiv.hDiv.{0, 0, 0} Real Real Real
                                (@instHDiv.{0} Real (@DivInvMonoid.toDiv.{0} Real Real.instDivInvMonoid)) (ell j) d))
                            (And
                              (@LE.le.{0} Real Real.instLE
                                (@HDiv.hDiv.{0, 0, 0} Real Real Real
                                  (@instHDiv.{0} Real (@DivInvMonoid.toDiv.{0} Real Real.instDivInvMonoid)) (ell j) d)
                                batchMesh)
                              (@LE.le.{0} Real Real.instLE
                                (@HDiv.hDiv.{0, 0, 0} Real Real Real
                                  (@instHDiv.{0} Real (@DivInvMonoid.toDiv.{0} Real Real.instDivInvMonoid)) (ell j) d)
                                physicalRange)))))))
'OAI.SevenEighths.GenericSourceIdealAndMesh.exists_source_slots_for_both_meshes' depends on axioms: [propext,
 Classical.choice,
 Quot.sound]
@OAI.SevenEighths.GenericSourceIdealAndMesh.batch_fiber_absolute_slot_width.{u_1} : ∀
  {M :
    @Ideal.{0} OAI.SevenEighths.HeckeFamily.O
      (@CommSemiring.toSemiring.{0} OAI.SevenEighths.HeckeFamily.O
        (@CommRing.toCommSemiring.{0} OAI.SevenEighths.HeckeFamily.O
          (@NumberField.instCommRingRingOfIntegers.{0} OAI.SevenEighths.HeckeFamily.K
            (@CyclotomicField.instField.{0} (@OfNat.ofNat.{0} Nat (nat_lit 3) (instOfNatNat (nat_lit 3))) Rat
              Rat.instField))))}
  {H :
    @Subgroup.{0}
      (@Units.{0}
        (@HasQuotient.Quotient.{0, 0} OAI.SevenEighths.HeckeFamily.O
          (@Ideal.{0} OAI.SevenEighths.HeckeFamily.O
            (@CommSemiring.toSemiring.{0} OAI.SevenEighths.HeckeFamily.O
              (@CommRing.toCommSemiring.{0} OAI.SevenEighths.HeckeFamily.O
                (@NumberField.instCommRingRingOfIntegers.{0} OAI.SevenEighths.HeckeFamily.K
                  (@CyclotomicField.instField.{0} (@OfNat.ofNat.{0} Nat (nat_lit 3) (instOfNatNat (nat_lit 3))) Rat
                    Rat.instField)))))
          (@Ideal.instHasQuotient_1.{0} OAI.SevenEighths.HeckeFamily.O
            (@NumberField.instCommRingRingOfIntegers.{0} OAI.SevenEighths.HeckeFamily.K
              (@CyclotomicField.instField.{0} (@OfNat.ofNat.{0} Nat (nat_lit 3) (instOfNatNat (nat_lit 3))) Rat
                Rat.instField)))
          M)
        (@Semiring.toMonoid.{0}
          (@HasQuotient.Quotient.{0, 0} OAI.SevenEighths.HeckeFamily.O
            (@Ideal.{0} OAI.SevenEighths.HeckeFamily.O
              (@CommSemiring.toSemiring.{0} OAI.SevenEighths.HeckeFamily.O
                (@CommRing.toCommSemiring.{0} OAI.SevenEighths.HeckeFamily.O
                  (@NumberField.instCommRingRingOfIntegers.{0} OAI.SevenEighths.HeckeFamily.K
                    (@CyclotomicField.instField.{0} (@OfNat.ofNat.{0} Nat (nat_lit 3) (instOfNatNat (nat_lit 3))) Rat
                      Rat.instField)))))
            (@Ideal.instHasQuotient_1.{0} OAI.SevenEighths.HeckeFamily.O
              (@NumberField.instCommRingRingOfIntegers.{0} OAI.SevenEighths.HeckeFamily.K
                (@CyclotomicField.instField.{0} (@OfNat.ofNat.{0} Nat (nat_lit 3) (instOfNatNat (nat_lit 3))) Rat
                  Rat.instField)))
            M)
          (@Ideal.Quotient.semiring.{0} OAI.SevenEighths.HeckeFamily.O
            (@NumberField.instCommRingRingOfIntegers.{0} OAI.SevenEighths.HeckeFamily.K
              (@CyclotomicField.instField.{0} (@OfNat.ofNat.{0} Nat (nat_lit 3) (instOfNatNat (nat_lit 3))) Rat
                Rat.instField))
            M)))
      (@Units.instGroup.{0}
        (@HasQuotient.Quotient.{0, 0} OAI.SevenEighths.HeckeFamily.O
          (@Ideal.{0} OAI.SevenEighths.HeckeFamily.O
            (@CommSemiring.toSemiring.{0} OAI.SevenEighths.HeckeFamily.O
              (@CommRing.toCommSemiring.{0} OAI.SevenEighths.HeckeFamily.O
                (@NumberField.instCommRingRingOfIntegers.{0} OAI.SevenEighths.HeckeFamily.K
                  (@CyclotomicField.instField.{0} (@OfNat.ofNat.{0} Nat (nat_lit 3) (instOfNatNat (nat_lit 3))) Rat
                    Rat.instField)))))
          (@Ideal.instHasQuotient_1.{0} OAI.SevenEighths.HeckeFamily.O
            (@NumberField.instCommRingRingOfIntegers.{0} OAI.SevenEighths.HeckeFamily.K
              (@CyclotomicField.instField.{0} (@OfNat.ofNat.{0} Nat (nat_lit 3) (instOfNatNat (nat_lit 3))) Rat
                Rat.instField)))
          M)
        (@Semiring.toMonoid.{0}
          (@HasQuotient.Quotient.{0, 0} OAI.SevenEighths.HeckeFamily.O
            (@Ideal.{0} OAI.SevenEighths.HeckeFamily.O
              (@CommSemiring.toSemiring.{0} OAI.SevenEighths.HeckeFamily.O
                (@CommRing.toCommSemiring.{0} OAI.SevenEighths.HeckeFamily.O
                  (@NumberField.instCommRingRingOfIntegers.{0} OAI.SevenEighths.HeckeFamily.K
                    (@CyclotomicField.instField.{0} (@OfNat.ofNat.{0} Nat (nat_lit 3) (instOfNatNat (nat_lit 3))) Rat
                      Rat.instField)))))
            (@Ideal.instHasQuotient_1.{0} OAI.SevenEighths.HeckeFamily.O
              (@NumberField.instCommRingRingOfIntegers.{0} OAI.SevenEighths.HeckeFamily.K
                (@CyclotomicField.instField.{0} (@OfNat.ofNat.{0} Nat (nat_lit 3) (instOfNatNat (nat_lit 3))) Rat
                  Rat.instField)))
            M)
          (@Ideal.Quotient.semiring.{0} OAI.SevenEighths.HeckeFamily.O
            (@NumberField.instCommRingRingOfIntegers.{0} OAI.SevenEighths.HeckeFamily.K
              (@CyclotomicField.instField.{0} (@OfNat.ofNat.{0} Nat (nat_lit 3) (instOfNatNat (nat_lit 3))) Rat
                Rat.instField))
            M)))}
  {Label : Type u_1} {N : Nat} {U a ε tstar T allowance : Real} {i : Nat}
  (B : OAI.SevenEighths.HeckeDetectorBatch.Batch.{u_1, 0} M H Label (Fin N) U a ε tstar T allowance i)
  (ell : Fin N → Real) (d : Real)
  (hd : @Ne.{1} Real d (@OfNat.ofNat.{0} Real (nat_lit 0) (@Zero.toOfNat0.{0} Real Real.instZero)))
  (hwidths :
    @Eq.{1} (Fin N → Real)
      (@OAI.SevenEighths.HeckeDetectorBatch.Batch.widths.{u_1, 0} M H Label (Fin N) U a ε tstar T allowance i B)
      fun (s : Fin N) =>
      @HDiv.hDiv.{0, 0, 0} Real Real Real (@instHDiv.{0} Real (@DivInvMonoid.toDiv.{0} Real Real.instDivInvMonoid))
        (ell s) d)
  (bin : @OAI.SevenEighths.HeckeDetectorBatch.Batch.Bin.{u_1, 0} M H Label (Fin N) U a ε tstar T allowance i B)
  (label : Label) (J K : Fin (OAI.SevenEighths.HeckeDetectorWitnessRows.dyadicLength U))
  (hne :
    @Finset.Nonempty.{0} OAI.SevenEighths.HeckeInverseAmplification.FreeRow
      (@OAI.SevenEighths.HeckeDetectorBatch.Batch.fiberRows.{u_1, 0} M H Label (Fin N) U a ε tstar T allowance i B bin
        label J K))
  (s : Fin N),
  @Eq.{1} Real
    (@HMul.hMul.{0, 0, 0} Real Real Real (@instHMul.{0} Real Real.instMul) d
      (@OAI.SevenEighths.HeckeDetectorRawFiber.Fiber.widths.{u_1, 0} M H Label (Fin N) U a ε tstar T allowance i
        (@OAI.SevenEighths.HeckeDetectorBatch.Batch.fiber.{u_1, 0} M H Label (Fin N) U a ε tstar T allowance i B bin
          label J K hne)
        s))
    (ell s)
'OAI.SevenEighths.GenericSourceIdealAndMesh.batch_fiber_absolute_slot_width' depends on axioms: [propext,
 Classical.choice,
 Quot.sound]
OAI.SevenEighths.LossesBeforeSlotSourcePlainMarkedLowKappa.exists_losses_before_slots_degrees_height_and_finite_family.{u_1,
  u_2} : ∀
  (M :
    @Ideal.{0} OAI.SevenEighths.HeckeFamily.O
      (@CommSemiring.toSemiring.{0} OAI.SevenEighths.HeckeFamily.O
        (@CommRing.toCommSemiring.{0} OAI.SevenEighths.HeckeFamily.O
          (@NumberField.instCommRingRingOfIntegers.{0} OAI.SevenEighths.HeckeFamily.K
            (@CyclotomicField.instField.{0} (@OfNat.ofNat.{0} Nat (nat_lit 3) (instOfNatNat (nat_lit 3))) Rat
              Rat.instField)))))
  [@NeZero.{0}
      (@Ideal.{0} OAI.SevenEighths.HeckeFamily.O
        (@CommSemiring.toSemiring.{0} OAI.SevenEighths.HeckeFamily.O
          (@CommRing.toCommSemiring.{0} OAI.SevenEighths.HeckeFamily.O
            (@NumberField.instCommRingRingOfIntegers.{0} OAI.SevenEighths.HeckeFamily.K
              (@CyclotomicField.instField.{0} (@OfNat.ofNat.{0} Nat (nat_lit 3) (instOfNatNat (nat_lit 3))) Rat
                Rat.instField)))))
      (@Submodule.pointwiseZero.{0, 0} OAI.SevenEighths.HeckeFamily.O OAI.SevenEighths.HeckeFamily.O
        (@CommSemiring.toSemiring.{0} OAI.SevenEighths.HeckeFamily.O
          (@CommRing.toCommSemiring.{0} OAI.SevenEighths.HeckeFamily.O
            (@NumberField.instCommRingRingOfIntegers.{0} OAI.SevenEighths.HeckeFamily.K
              (@CyclotomicField.instField.{0} (@OfNat.ofNat.{0} Nat (nat_lit 3) (instOfNatNat (nat_lit 3))) Rat
                Rat.instField))))
        (@Semiring.toAddCommMonoid.{0} OAI.SevenEighths.HeckeFamily.O
          (@CommSemiring.toSemiring.{0} OAI.SevenEighths.HeckeFamily.O
            (@CommRing.toCommSemiring.{0} OAI.SevenEighths.HeckeFamily.O
              (@NumberField.instCommRingRingOfIntegers.{0} OAI.SevenEighths.HeckeFamily.K
                (@CyclotomicField.instField.{0} (@OfNat.ofNat.{0} Nat (nat_lit 3) (instOfNatNat (nat_lit 3))) Rat
                  Rat.instField)))))
        (@Semiring.toModule.{0} OAI.SevenEighths.HeckeFamily.O
          (@CommSemiring.toSemiring.{0} OAI.SevenEighths.HeckeFamily.O
            (@CommRing.toCommSemiring.{0} OAI.SevenEighths.HeckeFamily.O
              (@NumberField.instCommRingRingOfIntegers.{0} OAI.SevenEighths.HeckeFamily.K
                (@CyclotomicField.instField.{0} (@OfNat.ofNat.{0} Nat (nat_lit 3) (instOfNatNat (nat_lit 3))) Rat
                  Rat.instField))))))
      M]
  (H :
    @Subgroup.{0}
      (@Units.{0}
        (@HasQuotient.Quotient.{0, 0} OAI.SevenEighths.HeckeFamily.O
          (@Ideal.{0} OAI.SevenEighths.HeckeFamily.O
            (@CommSemiring.toSemiring.{0} OAI.SevenEighths.HeckeFamily.O
              (@CommRing.toCommSemiring.{0} OAI.SevenEighths.HeckeFamily.O
                (@NumberField.instCommRingRingOfIntegers.{0} OAI.SevenEighths.HeckeFamily.K
                  (@CyclotomicField.instField.{0} (@OfNat.ofNat.{0} Nat (nat_lit 3) (instOfNatNat (nat_lit 3))) Rat
                    Rat.instField)))))
          (@Ideal.instHasQuotient_1.{0} OAI.SevenEighths.HeckeFamily.O
            (@NumberField.instCommRingRingOfIntegers.{0} OAI.SevenEighths.HeckeFamily.K
              (@CyclotomicField.instField.{0} (@OfNat.ofNat.{0} Nat (nat_lit 3) (instOfNatNat (nat_lit 3))) Rat
                Rat.instField)))
          M)
        (@Semiring.toMonoid.{0}
          (@HasQuotient.Quotient.{0, 0} OAI.SevenEighths.HeckeFamily.O
            (@Ideal.{0} OAI.SevenEighths.HeckeFamily.O
              (@CommSemiring.toSemiring.{0} OAI.SevenEighths.HeckeFamily.O
                (@CommRing.toCommSemiring.{0} OAI.SevenEighths.HeckeFamily.O
                  (@NumberField.instCommRingRingOfIntegers.{0} OAI.SevenEighths.HeckeFamily.K
                    (@CyclotomicField.instField.{0} (@OfNat.ofNat.{0} Nat (nat_lit 3) (instOfNatNat (nat_lit 3))) Rat
                      Rat.instField)))))
            (@Ideal.instHasQuotient_1.{0} OAI.SevenEighths.HeckeFamily.O
              (@NumberField.instCommRingRingOfIntegers.{0} OAI.SevenEighths.HeckeFamily.K
                (@CyclotomicField.instField.{0} (@OfNat.ofNat.{0} Nat (nat_lit 3) (instOfNatNat (nat_lit 3))) Rat
                  Rat.instField)))
            M)
          (@Ideal.Quotient.semiring.{0} OAI.SevenEighths.HeckeFamily.O
            (@NumberField.instCommRingRingOfIntegers.{0} OAI.SevenEighths.HeckeFamily.K
              (@CyclotomicField.instField.{0} (@OfNat.ofNat.{0} Nat (nat_lit 3) (instOfNatNat (nat_lit 3))) Rat
                Rat.instField))
            M)))
      (@Units.instGroup.{0}
        (@HasQuotient.Quotient.{0, 0} OAI.SevenEighths.HeckeFamily.O
          (@Ideal.{0} OAI.SevenEighths.HeckeFamily.O
            (@CommSemiring.toSemiring.{0} OAI.SevenEighths.HeckeFamily.O
              (@CommRing.toCommSemiring.{0} OAI.SevenEighths.HeckeFamily.O
                (@NumberField.instCommRingRingOfIntegers.{0} OAI.SevenEighths.HeckeFamily.K
                  (@CyclotomicField.instField.{0} (@OfNat.ofNat.{0} Nat (nat_lit 3) (instOfNatNat (nat_lit 3))) Rat
                    Rat.instField)))))
          (@Ideal.instHasQuotient_1.{0} OAI.SevenEighths.HeckeFamily.O
            (@NumberField.instCommRingRingOfIntegers.{0} OAI.SevenEighths.HeckeFamily.K
              (@CyclotomicField.instField.{0} (@OfNat.ofNat.{0} Nat (nat_lit 3) (instOfNatNat (nat_lit 3))) Rat
                Rat.instField)))
          M)
        (@Semiring.toMonoid.{0}
          (@HasQuotient.Quotient.{0, 0} OAI.SevenEighths.HeckeFamily.O
            (@Ideal.{0} OAI.SevenEighths.HeckeFamily.O
              (@CommSemiring.toSemiring.{0} OAI.SevenEighths.HeckeFamily.O
                (@CommRing.toCommSemiring.{0} OAI.SevenEighths.HeckeFamily.O
                  (@NumberField.instCommRingRingOfIntegers.{0} OAI.SevenEighths.HeckeFamily.K
                    (@CyclotomicField.instField.{0} (@OfNat.ofNat.{0} Nat (nat_lit 3) (instOfNatNat (nat_lit 3))) Rat
                      Rat.instField)))))
            (@Ideal.instHasQuotient_1.{0} OAI.SevenEighths.HeckeFamily.O
              (@NumberField.instCommRingRingOfIntegers.{0} OAI.SevenEighths.HeckeFamily.K
                (@CyclotomicField.instField.{0} (@OfNat.ofNat.{0} Nat (nat_lit 3) (instOfNatNat (nat_lit 3))) Rat
                  Rat.instField)))
            M)
          (@Ideal.Quotient.semiring.{0} OAI.SevenEighths.HeckeFamily.O
            (@NumberField.instCommRingRingOfIntegers.{0} OAI.SevenEighths.HeckeFamily.K
              (@CyclotomicField.instField.{0} (@OfNat.ofNat.{0} Nat (nat_lit 3) (instOfNatNat (nat_lit 3))) Rat
                Rat.instField))
            M))))
  (hH :
    @LE.le.{0}
      (@Subgroup.{0}
        (@Units.{0}
          (@HasQuotient.Quotient.{0, 0} OAI.SevenEighths.HeckeFamily.O
            (@Ideal.{0} OAI.SevenEighths.HeckeFamily.O
              (@CommSemiring.toSemiring.{0} OAI.SevenEighths.HeckeFamily.O
                (@CommRing.toCommSemiring.{0} OAI.SevenEighths.HeckeFamily.O
                  (@NumberField.instCommRingRingOfIntegers.{0} OAI.SevenEighths.HeckeFamily.K
                    (@CyclotomicField.instField.{0} (@OfNat.ofNat.{0} Nat (nat_lit 3) (instOfNatNat (nat_lit 3))) Rat
                      Rat.instField)))))
            (@Ideal.instHasQuotient_1.{0} OAI.SevenEighths.HeckeFamily.O
              (@NumberField.instCommRingRingOfIntegers.{0} OAI.SevenEighths.HeckeFamily.K
                (@CyclotomicField.instField.{0} (@OfNat.ofNat.{0} Nat (nat_lit 3) (instOfNatNat (nat_lit 3))) Rat
                  Rat.instField)))
            M)
          (@Semiring.toMonoid.{0}
            (@HasQuotient.Quotient.{0, 0} OAI.SevenEighths.HeckeFamily.O
              (@Ideal.{0} OAI.SevenEighths.HeckeFamily.O
                (@CommSemiring.toSemiring.{0} OAI.SevenEighths.HeckeFamily.O
                  (@CommRing.toCommSemiring.{0} OAI.SevenEighths.HeckeFamily.O
                    (@NumberField.instCommRingRingOfIntegers.{0} OAI.SevenEighths.HeckeFamily.K
                      (@CyclotomicField.instField.{0} (@OfNat.ofNat.{0} Nat (nat_lit 3) (instOfNatNat (nat_lit 3))) Rat
                        Rat.instField)))))
              (@Ideal.instHasQuotient_1.{0} OAI.SevenEighths.HeckeFamily.O
                (@NumberField.instCommRingRingOfIntegers.{0} OAI.SevenEighths.HeckeFamily.K
                  (@CyclotomicField.instField.{0} (@OfNat.ofNat.{0} Nat (nat_lit 3) (instOfNatNat (nat_lit 3))) Rat
                    Rat.instField)))
              M)
            (@Ideal.Quotient.semiring.{0} OAI.SevenEighths.HeckeFamily.O
              (@NumberField.instCommRingRingOfIntegers.{0} OAI.SevenEighths.HeckeFamily.K
                (@CyclotomicField.instField.{0} (@OfNat.ofNat.{0} Nat (nat_lit 3) (instOfNatNat (nat_lit 3))) Rat
                  Rat.instField))
              M)))
        (@Units.instGroup.{0}
          (@HasQuotient.Quotient.{0, 0} OAI.SevenEighths.HeckeFamily.O
            (@Ideal.{0} OAI.SevenEighths.HeckeFamily.O
              (@CommSemiring.toSemiring.{0} OAI.SevenEighths.HeckeFamily.O
                (@CommRing.toCommSemiring.{0} OAI.SevenEighths.HeckeFamily.O
                  (@NumberField.instCommRingRingOfIntegers.{0} OAI.SevenEighths.HeckeFamily.K
                    (@CyclotomicField.instField.{0} (@OfNat.ofNat.{0} Nat (nat_lit 3) (instOfNatNat (nat_lit 3))) Rat
                      Rat.instField)))))
            (@Ideal.instHasQuotient_1.{0} OAI.SevenEighths.HeckeFamily.O
              (@NumberField.instCommRingRingOfIntegers.{0} OAI.SevenEighths.HeckeFamily.K
                (@CyclotomicField.instField.{0} (@OfNat.ofNat.{0} Nat (nat_lit 3) (instOfNatNat (nat_lit 3))) Rat
                  Rat.instField)))
            M)
          (@Semiring.toMonoid.{0}
            (@HasQuotient.Quotient.{0, 0} OAI.SevenEighths.HeckeFamily.O
              (@Ideal.{0} OAI.SevenEighths.HeckeFamily.O
                (@CommSemiring.toSemiring.{0} OAI.SevenEighths.HeckeFamily.O
                  (@CommRing.toCommSemiring.{0} OAI.SevenEighths.HeckeFamily.O
                    (@NumberField.instCommRingRingOfIntegers.{0} OAI.SevenEighths.HeckeFamily.K
                      (@CyclotomicField.instField.{0} (@OfNat.ofNat.{0} Nat (nat_lit 3) (instOfNatNat (nat_lit 3))) Rat
                        Rat.instField)))))
              (@Ideal.instHasQuotient_1.{0} OAI.SevenEighths.HeckeFamily.O
                (@NumberField.instCommRingRingOfIntegers.{0} OAI.SevenEighths.HeckeFamily.K
                  (@CyclotomicField.instField.{0} (@OfNat.ofNat.{0} Nat (nat_lit 3) (instOfNatNat (nat_lit 3))) Rat
                    Rat.instField)))
              M)
            (@Ideal.Quotient.semiring.{0} OAI.SevenEighths.HeckeFamily.O
              (@NumberField.instCommRingRingOfIntegers.{0} OAI.SevenEighths.HeckeFamily.K
                (@CyclotomicField.instField.{0} (@OfNat.ofNat.{0} Nat (nat_lit 3) (instOfNatNat (nat_lit 3))) Rat
                  Rat.instField))
              M))))
      (@Preorder.toLE.{0}
        (@Subgroup.{0}
          (@Units.{0}
            (@HasQuotient.Quotient.{0, 0} OAI.SevenEighths.HeckeFamily.O
              (@Ideal.{0} OAI.SevenEighths.HeckeFamily.O
                (@CommSemiring.toSemiring.{0} OAI.SevenEighths.HeckeFamily.O
                  (@CommRing.toCommSemiring.{0} OAI.SevenEighths.HeckeFamily.O
                    (@NumberField.instCommRingRingOfIntegers.{0} OAI.SevenEighths.HeckeFamily.K
                      (@CyclotomicField.instField.{0} (@OfNat.ofNat.{0} Nat (nat_lit 3) (instOfNatNat (nat_lit 3))) Rat
                        Rat.instField)))))
              (@Ideal.instHasQuotient_1.{0} OAI.SevenEighths.HeckeFamily.O
                (@NumberField.instCommRingRingOfIntegers.{0} OAI.SevenEighths.HeckeFamily.K
                  (@CyclotomicField.instField.{0} (@OfNat.ofNat.{0} Nat (nat_lit 3) (instOfNatNat (nat_lit 3))) Rat
                    Rat.instField)))
              M)
            (@Semiring.toMonoid.{0}
              (@HasQuotient.Quotient.{0, 0} OAI.SevenEighths.HeckeFamily.O
                (@Ideal.{0} OAI.SevenEighths.HeckeFamily.O
                  (@CommSemiring.toSemiring.{0} OAI.SevenEighths.HeckeFamily.O
                    (@CommRing.toCommSemiring.{0} OAI.SevenEighths.HeckeFamily.O
                      (@NumberField.instCommRingRingOfIntegers.{0} OAI.SevenEighths.HeckeFamily.K
                        (@CyclotomicField.instField.{0} (@OfNat.ofNat.{0} Nat (nat_lit 3) (instOfNatNat (nat_lit 3)))
                          Rat Rat.instField)))))
                (@Ideal.instHasQuotient_1.{0} OAI.SevenEighths.HeckeFamily.O
                  (@NumberField.instCommRingRingOfIntegers.{0} OAI.SevenEighths.HeckeFamily.K
                    (@CyclotomicField.instField.{0} (@OfNat.ofNat.{0} Nat (nat_lit 3) (instOfNatNat (nat_lit 3))) Rat
                      Rat.instField)))
                M)
              (@Ideal.Quotient.semiring.{0} OAI.SevenEighths.HeckeFamily.O
                (@NumberField.instCommRingRingOfIntegers.{0} OAI.SevenEighths.HeckeFamily.K
                  (@CyclotomicField.instField.{0} (@OfNat.ofNat.{0} Nat (nat_lit 3) (instOfNatNat (nat_lit 3))) Rat
                    Rat.instField))
                M)))
          (@Units.instGroup.{0}
            (@HasQuotient.Quotient.{0, 0} OAI.SevenEighths.HeckeFamily.O
              (@Ideal.{0} OAI.SevenEighths.HeckeFamily.O
                (@CommSemiring.toSemiring.{0} OAI.SevenEighths.HeckeFamily.O
                  (@CommRing.toCommSemiring.{0} OAI.SevenEighths.HeckeFamily.O
                    (@NumberField.instCommRingRingOfIntegers.{0} OAI.SevenEighths.HeckeFamily.K
                      (@CyclotomicField.instField.{0} (@OfNat.ofNat.{0} Nat (nat_lit 3) (instOfNatNat (nat_lit 3))) Rat
                        Rat.instField)))))
              (@Ideal.instHasQuotient_1.{0} OAI.SevenEighths.HeckeFamily.O
                (@NumberField.instCommRingRingOfIntegers.{0} OAI.SevenEighths.HeckeFamily.K
                  (@CyclotomicField.instField.{0} (@OfNat.ofNat.{0} Nat (nat_lit 3) (instOfNatNat (nat_lit 3))) Rat
                    Rat.instField)))
              M)
            (@Semiring.toMonoid.{0}
              (@HasQuotient.Quotient.{0, 0} OAI.SevenEighths.HeckeFamily.O
                (@Ideal.{0} OAI.SevenEighths.HeckeFamily.O
                  (@CommSemiring.toSemiring.{0} OAI.SevenEighths.HeckeFamily.O
                    (@CommRing.toCommSemiring.{0} OAI.SevenEighths.HeckeFamily.O
                      (@NumberField.instCommRingRingOfIntegers.{0} OAI.SevenEighths.HeckeFamily.K
                        (@CyclotomicField.instField.{0} (@OfNat.ofNat.{0} Nat (nat_lit 3) (instOfNatNat (nat_lit 3)))
                          Rat Rat.instField)))))
                (@Ideal.instHasQuotient_1.{0} OAI.SevenEighths.HeckeFamily.O
                  (@NumberField.instCommRingRingOfIntegers.{0} OAI.SevenEighths.HeckeFamily.K
                    (@CyclotomicField.instField.{0} (@OfNat.ofNat.{0} Nat (nat_lit 3) (instOfNatNat (nat_lit 3))) Rat
                      Rat.instField)))
                M)
              (@Ideal.Quotient.semiring.{0} OAI.SevenEighths.HeckeFamily.O
                (@NumberField.instCommRingRingOfIntegers.{0} OAI.SevenEighths.HeckeFamily.K
                  (@CyclotomicField.instField.{0} (@OfNat.ofNat.{0} Nat (nat_lit 3) (instOfNatNat (nat_lit 3))) Rat
                    Rat.instField))
                M))))
        (@PartialOrder.toPreorder.{0}
          (@Subgroup.{0}
            (@Units.{0}
              (@HasQuotient.Quotient.{0, 0} OAI.SevenEighths.HeckeFamily.O
                (@Ideal.{0} OAI.SevenEighths.HeckeFamily.O
                  (@CommSemiring.toSemiring.{0} OAI.SevenEighths.HeckeFamily.O
                    (@CommRing.toCommSemiring.{0} OAI.SevenEighths.HeckeFamily.O
                      (@NumberField.instCommRingRingOfIntegers.{0} OAI.SevenEighths.HeckeFamily.K
                        (@CyclotomicField.instField.{0} (@OfNat.ofNat.{0} Nat (nat_lit 3) (instOfNatNat (nat_lit 3)))
                          Rat Rat.instField)))))
                (@Ideal.instHasQuotient_1.{0} OAI.SevenEighths.HeckeFamily.O
                  (@NumberField.instCommRingRingOfIntegers.{0} OAI.SevenEighths.HeckeFamily.K
                    (@CyclotomicField.instField.{0} (@OfNat.ofNat.{0} Nat (nat_lit 3) (instOfNatNat (nat_lit 3))) Rat
                      Rat.instField)))
                M)
              (@Semiring.toMonoid.{0}
                (@HasQuotient.Quotient.{0, 0} OAI.SevenEighths.HeckeFamily.O
                  (@Ideal.{0} OAI.SevenEighths.HeckeFamily.O
                    (@CommSemiring.toSemiring.{0} OAI.SevenEighths.HeckeFamily.O
                      (@CommRing.toCommSemiring.{0} OAI.SevenEighths.HeckeFamily.O
                        (@NumberField.instCommRingRingOfIntegers.{0} OAI.SevenEighths.HeckeFamily.K
                          (@CyclotomicField.instField.{0} (@OfNat.ofNat.{0} Nat (nat_lit 3) (instOfNatNat (nat_lit 3)))
                            Rat Rat.instField)))))
                  (@Ideal.instHasQuotient_1.{0} OAI.SevenEighths.HeckeFamily.O
                    (@NumberField.instCommRingRingOfIntegers.{0} OAI.SevenEighths.HeckeFamily.K
                      (@CyclotomicField.instField.{0} (@OfNat.ofNat.{0} Nat (nat_lit 3) (instOfNatNat (nat_lit 3))) Rat
                        Rat.instField)))
                  M)
                (@Ideal.Quotient.semiring.{0} OAI.SevenEighths.HeckeFamily.O
                  (@NumberField.instCommRingRingOfIntegers.{0} OAI.SevenEighths.HeckeFamily.K
                    (@CyclotomicField.instField.{0} (@OfNat.ofNat.{0} Nat (nat_lit 3) (instOfNatNat (nat_lit 3))) Rat
                      Rat.instField))
                  M)))
            (@Units.instGroup.{0}
              (@HasQuotient.Quotient.{0, 0} OAI.SevenEighths.HeckeFamily.O
                (@Ideal.{0} OAI.SevenEighths.HeckeFamily.O
                  (@CommSemiring.toSemiring.{0} OAI.SevenEighths.HeckeFamily.O
                    (@CommRing.toCommSemiring.{0} OAI.SevenEighths.HeckeFamily.O
                      (@NumberField.instCommRingRingOfIntegers.{0} OAI.SevenEighths.HeckeFamily.K
                        (@CyclotomicField.instField.{0} (@OfNat.ofNat.{0} Nat (nat_lit 3) (instOfNatNat (nat_lit 3)))
                          Rat Rat.instField)))))
                (@Ideal.instHasQuotient_1.{0} OAI.SevenEighths.HeckeFamily.O
                  (@NumberField.instCommRingRingOfIntegers.{0} OAI.SevenEighths.HeckeFamily.K
                    (@CyclotomicField.instField.{0} (@OfNat.ofNat.{0} Nat (nat_lit 3) (instOfNatNat (nat_lit 3))) Rat
                      Rat.instField)))
                M)
              (@Semiring.toMonoid.{0}
                (@HasQuotient.Quotient.{0, 0} OAI.SevenEighths.HeckeFamily.O
                  (@Ideal.{0} OAI.SevenEighths.HeckeFamily.O
                    (@CommSemiring.toSemiring.{0} OAI.SevenEighths.HeckeFamily.O
                      (@CommRing.toCommSemiring.{0} OAI.SevenEighths.HeckeFamily.O
                        (@NumberField.instCommRingRingOfIntegers.{0} OAI.SevenEighths.HeckeFamily.K
                          (@CyclotomicField.instField.{0} (@OfNat.ofNat.{0} Nat (nat_lit 3) (instOfNatNat (nat_lit 3)))
                            Rat Rat.instField)))))
                  (@Ideal.instHasQuotient_1.{0} OAI.SevenEighths.HeckeFamily.O
                    (@NumberField.instCommRingRingOfIntegers.{0} OAI.SevenEighths.HeckeFamily.K
                      (@CyclotomicField.instField.{0} (@OfNat.ofNat.{0} Nat (nat_lit 3) (instOfNatNat (nat_lit 3))) Rat
                        Rat.instField)))
                  M)
                (@Ideal.Quotient.semiring.{0} OAI.SevenEighths.HeckeFamily.O
                  (@NumberField.instCommRingRingOfIntegers.{0} OAI.SevenEighths.HeckeFamily.K
                    (@CyclotomicField.instField.{0} (@OfNat.ofNat.{0} Nat (nat_lit 3) (instOfNatNat (nat_lit 3))) Rat
                      Rat.instField))
                  M))))
          (@Subgroup.instPartialOrder.{0}
            (@Units.{0}
              (@HasQuotient.Quotient.{0, 0} OAI.SevenEighths.HeckeFamily.O
                (@Ideal.{0} OAI.SevenEighths.HeckeFamily.O
                  (@CommSemiring.toSemiring.{0} OAI.SevenEighths.HeckeFamily.O
                    (@CommRing.toCommSemiring.{0} OAI.SevenEighths.HeckeFamily.O
                      (@NumberField.instCommRingRingOfIntegers.{0} OAI.SevenEighths.HeckeFamily.K
                        (@CyclotomicField.instField.{0} (@OfNat.ofNat.{0} Nat (nat_lit 3) (instOfNatNat (nat_lit 3)))
                          Rat Rat.instField)))))
                (@Ideal.instHasQuotient_1.{0} OAI.SevenEighths.HeckeFamily.O
                  (@NumberField.instCommRingRingOfIntegers.{0} OAI.SevenEighths.HeckeFamily.K
                    (@CyclotomicField.instField.{0} (@OfNat.ofNat.{0} Nat (nat_lit 3) (instOfNatNat (nat_lit 3))) Rat
                      Rat.instField)))
                M)
              (@Semiring.toMonoid.{0}
                (@HasQuotient.Quotient.{0, 0} OAI.SevenEighths.HeckeFamily.O
                  (@Ideal.{0} OAI.SevenEighths.HeckeFamily.O
                    (@CommSemiring.toSemiring.{0} OAI.SevenEighths.HeckeFamily.O
                      (@CommRing.toCommSemiring.{0} OAI.SevenEighths.HeckeFamily.O
                        (@NumberField.instCommRingRingOfIntegers.{0} OAI.SevenEighths.HeckeFamily.K
                          (@CyclotomicField.instField.{0} (@OfNat.ofNat.{0} Nat (nat_lit 3) (instOfNatNat (nat_lit 3)))
                            Rat Rat.instField)))))
                  (@Ideal.instHasQuotient_1.{0} OAI.SevenEighths.HeckeFamily.O
                    (@NumberField.instCommRingRingOfIntegers.{0} OAI.SevenEighths.HeckeFamily.K
                      (@CyclotomicField.instField.{0} (@OfNat.ofNat.{0} Nat (nat_lit 3) (instOfNatNat (nat_lit 3))) Rat
                        Rat.instField)))
                  M)
                (@Ideal.Quotient.semiring.{0} OAI.SevenEighths.HeckeFamily.O
                  (@NumberField.instCommRingRingOfIntegers.{0} OAI.SevenEighths.HeckeFamily.K
                    (@CyclotomicField.instField.{0} (@OfNat.ofNat.{0} Nat (nat_lit 3) (instOfNatNat (nat_lit 3))) Rat
                      Rat.instField))
                  M)))
            (@Units.instGroup.{0}
              (@HasQuotient.Quotient.{0, 0} OAI.SevenEighths.HeckeFamily.O
                (@Ideal.{0} OAI.SevenEighths.HeckeFamily.O
                  (@CommSemiring.toSemiring.{0} OAI.SevenEighths.HeckeFamily.O
                    (@CommRing.toCommSemiring.{0} OAI.SevenEighths.HeckeFamily.O
                      (@NumberField.instCommRingRingOfIntegers.{0} OAI.SevenEighths.HeckeFamily.K
                        (@CyclotomicField.instField.{0} (@OfNat.ofNat.{0} Nat (nat_lit 3) (instOfNatNat (nat_lit 3)))
                          Rat Rat.instField)))))
                (@Ideal.instHasQuotient_1.{0} OAI.SevenEighths.HeckeFamily.O
                  (@NumberField.instCommRingRingOfIntegers.{0} OAI.SevenEighths.HeckeFamily.K
                    (@CyclotomicField.instField.{0} (@OfNat.ofNat.{0} Nat (nat_lit 3) (instOfNatNat (nat_lit 3))) Rat
                      Rat.instField)))
                M)
              (@Semiring.toMonoid.{0}
                (@HasQuotient.Quotient.{0, 0} OAI.SevenEighths.HeckeFamily.O
                  (@Ideal.{0} OAI.SevenEighths.HeckeFamily.O
                    (@CommSemiring.toSemiring.{0} OAI.SevenEighths.HeckeFamily.O
                      (@CommRing.toCommSemiring.{0} OAI.SevenEighths.HeckeFamily.O
                        (@NumberField.instCommRingRingOfIntegers.{0} OAI.SevenEighths.HeckeFamily.K
                          (@CyclotomicField.instField.{0} (@OfNat.ofNat.{0} Nat (nat_lit 3) (instOfNatNat (nat_lit 3)))
                            Rat Rat.instField)))))
                  (@Ideal.instHasQuotient_1.{0} OAI.SevenEighths.HeckeFamily.O
                    (@NumberField.instCommRingRingOfIntegers.{0} OAI.SevenEighths.HeckeFamily.K
                      (@CyclotomicField.instField.{0} (@OfNat.ofNat.{0} Nat (nat_lit 3) (instOfNatNat (nat_lit 3))) Rat
                        Rat.instField)))
                  M)
                (@Ideal.Quotient.semiring.{0} OAI.SevenEighths.HeckeFamily.O
                  (@NumberField.instCommRingRingOfIntegers.{0} OAI.SevenEighths.HeckeFamily.K
                    (@CyclotomicField.instField.{0} (@OfNat.ofNat.{0} Nat (nat_lit 3) (instOfNatNat (nat_lit 3))) Rat
                      Rat.instField))
                  M))))))
      (@OAI.SevenEighths.RayOrthogonality.globalUnits.{0} OAI.SevenEighths.HeckeFamily.O
        (@NumberField.instCommRingRingOfIntegers.{0} OAI.SevenEighths.HeckeFamily.K
          (@CyclotomicField.instField.{0} (@OfNat.ofNat.{0} Nat (nat_lit 3) (instOfNatNat (nat_lit 3))) Rat
            Rat.instField))
        M)
      H)
  (hMm :
    @LE.le.{0}
      (@Ideal.{0} OAI.SevenEighths.HeckeFamily.O
        (@CommSemiring.toSemiring.{0} OAI.SevenEighths.HeckeFamily.O
          (@CommRing.toCommSemiring.{0} OAI.SevenEighths.HeckeFamily.O
            (@NumberField.instCommRingRingOfIntegers.{0} OAI.SevenEighths.HeckeFamily.K
              (@CyclotomicField.instField.{0} (@OfNat.ofNat.{0} Nat (nat_lit 3) (instOfNatNat (nat_lit 3))) Rat
                Rat.instField)))))
      (@Preorder.toLE.{0}
        (@Ideal.{0} OAI.SevenEighths.HeckeFamily.O
          (@CommSemiring.toSemiring.{0} OAI.SevenEighths.HeckeFamily.O
            (@CommRing.toCommSemiring.{0} OAI.SevenEighths.HeckeFamily.O
              (@NumberField.instCommRingRingOfIntegers.{0} OAI.SevenEighths.HeckeFamily.K
                (@CyclotomicField.instField.{0} (@OfNat.ofNat.{0} Nat (nat_lit 3) (instOfNatNat (nat_lit 3))) Rat
                  Rat.instField)))))
        (@PartialOrder.toPreorder.{0}
          (@Ideal.{0} OAI.SevenEighths.HeckeFamily.O
            (@CommSemiring.toSemiring.{0} OAI.SevenEighths.HeckeFamily.O
              (@CommRing.toCommSemiring.{0} OAI.SevenEighths.HeckeFamily.O
                (@NumberField.instCommRingRingOfIntegers.{0} OAI.SevenEighths.HeckeFamily.K
                  (@CyclotomicField.instField.{0} (@OfNat.ofNat.{0} Nat (nat_lit 3) (instOfNatNat (nat_lit 3))) Rat
                    Rat.instField)))))
          (@Submodule.instPartialOrder.{0, 0} OAI.SevenEighths.HeckeFamily.O OAI.SevenEighths.HeckeFamily.O
            (@CommSemiring.toSemiring.{0} OAI.SevenEighths.HeckeFamily.O
              (@CommRing.toCommSemiring.{0} OAI.SevenEighths.HeckeFamily.O
                (@NumberField.instCommRingRingOfIntegers.{0} OAI.SevenEighths.HeckeFamily.K
                  (@CyclotomicField.instField.{0} (@OfNat.ofNat.{0} Nat (nat_lit 3) (instOfNatNat (nat_lit 3))) Rat
                    Rat.instField))))
            (@Semiring.toAddCommMonoid.{0} OAI.SevenEighths.HeckeFamily.O
              (@CommSemiring.toSemiring.{0} OAI.SevenEighths.HeckeFamily.O
                (@CommRing.toCommSemiring.{0} OAI.SevenEighths.HeckeFamily.O
                  (@NumberField.instCommRingRingOfIntegers.{0} OAI.SevenEighths.HeckeFamily.K
                    (@CyclotomicField.instField.{0} (@OfNat.ofNat.{0} Nat (nat_lit 3) (instOfNatNat (nat_lit 3))) Rat
                      Rat.instField)))))
            (@Semiring.toModule.{0} OAI.SevenEighths.HeckeFamily.O
              (@CommSemiring.toSemiring.{0} OAI.SevenEighths.HeckeFamily.O
                (@CommRing.toCommSemiring.{0} OAI.SevenEighths.HeckeFamily.O
                  (@NumberField.instCommRingRingOfIntegers.{0} OAI.SevenEighths.HeckeFamily.K
                    (@CyclotomicField.instField.{0} (@OfNat.ofNat.{0} Nat (nat_lit 3) (instOfNatNat (nat_lit 3))) Rat
                      Rat.instField))))))))
      M
      (@Ideal.span.{0} OAI.SevenEighths.HeckeFamily.O
        (@CommSemiring.toSemiring.{0} OAI.SevenEighths.HeckeFamily.O
          (@CommRing.toCommSemiring.{0} OAI.SevenEighths.HeckeFamily.O
            (@NumberField.instCommRingRingOfIntegers.{0} OAI.SevenEighths.HeckeFamily.K
              (@CyclotomicField.instField.{0} (@OfNat.ofNat.{0} Nat (nat_lit 3) (instOfNatNat (nat_lit 3))) Rat
                Rat.instField))))
        (@Singleton.singleton.{0, 0} OAI.SevenEighths.HeckeFamily.O (Set.{0} OAI.SevenEighths.HeckeFamily.O)
          (@Set.instSingletonSet.{0} OAI.SevenEighths.HeckeFamily.O)
          OAI.SevenEighths.ProbeHighRowFamily.rowMaskElement)))
  (W : Real → Complex) (aslot bslot dmin dmax Mcap L rmin εm τ₀ κEnergy κPlain : Real)
  (haslot :
    @LT.lt.{0} Real Real.instLT (@OfNat.ofNat.{0} Real (nat_lit 0) (@Zero.toOfNat0.{0} Real Real.instZero)) aslot)
  (hWs :
    @LE.le.{0} (Set.{0} Real) (@Set.instLE.{0} Real) (@Function.support.{0, 0} Real Complex Complex.instZero W)
      (@Set.Icc.{0} Real Real.instPreorder aslot bslot))
  (hW :
    @ContDiff.{0, 0, 0} Real (@DenselyNormedField.toNontriviallyNormedField.{0} Real Real.denselyNormedField) Real
      Real.normedAddCommGroup
      (@InnerProductSpace.toNormedSpace.{0, 0} Real Real Real.instRCLike
        (@NormedAddCommGroup.toSeminormedAddCommGroup.{0} Real Real.normedAddCommGroup)
        (@RCLike.toInnerProductSpaceReal.{0} Real Real.instRCLike))
      Complex Complex.instNormedAddCommGroup
      (@InnerProductSpace.toNormedSpace.{0, 0} Real Complex Real.instRCLike
        (@NormedAddCommGroup.toSeminormedAddCommGroup.{0} Complex Complex.instNormedAddCommGroup)
        instInnerProductSpaceRealComplex)
      (@WithTop.some.{0} ENat (@Top.top.{0} ENat instTopENat)) W)
  (hbslot :
    @LE.le.{0} Real Real.instLE (@OfNat.ofNat.{0} Real (nat_lit 0) (@Zero.toOfNat0.{0} Real Real.instZero)) bslot)
  (hdmin : @LT.lt.{0} Real Real.instLT (@OfNat.ofNat.{0} Real (nat_lit 0) (@Zero.toOfNat0.{0} Real Real.instZero)) dmin)
  (hdmax : @LE.le.{0} Real Real.instLE dmin dmax) (hcapMargin : @LT.lt.{0} Real Real.instLT dmax Mcap)
  (hL :
    @LE.le.{0} Real Real.instLE
      (@HDiv.hDiv.{0, 0, 0} Real Real Real (@instHDiv.{0} Real (@DivInvMonoid.toDiv.{0} Real Real.instDivInvMonoid))
        dmax
        (@OfNat.ofNat.{0} Real (nat_lit 2)
          (@instOfNatAtLeastTwo.{0} Real (nat_lit 2) Real.instNatCast
            (@Nat.instAtLeastTwoHAddOfNat (@OfNat.ofNat.{0} Nat (nat_lit 1) (instOfNatNat (nat_lit 1)))
              (@Nat.instNeZeroSucc (@OfNat.ofNat.{0} Nat (nat_lit 0) (instOfNatNat (nat_lit 0))))))))
      L)
  (hrmin : @LT.lt.{0} Real Real.instLT (@OfNat.ofNat.{0} Real (nat_lit 0) (@Zero.toOfNat0.{0} Real Real.instZero)) rmin)
  (hεm : @LT.lt.{0} Real Real.instLT (@OfNat.ofNat.{0} Real (nat_lit 0) (@Zero.toOfNat0.{0} Real Real.instZero)) εm)
  (hτ₀ : @LT.lt.{0} Real Real.instLT (@OfNat.ofNat.{0} Real (nat_lit 0) (@Zero.toOfNat0.{0} Real Real.instZero)) τ₀)
  (hκ0 :
    @LE.le.{0} Real Real.instLE
      (@HDiv.hDiv.{0, 0, 0} Real Real Real (@instHDiv.{0} Real (@DivInvMonoid.toDiv.{0} Real Real.instDivInvMonoid))
        (@OfNat.ofNat.{0} Real (nat_lit 37)
          (@instOfNatAtLeastTwo.{0} Real (nat_lit 37) Real.instNatCast
            (@Nat.instAtLeastTwoHAddOfNat (@OfNat.ofNat.{0} Nat (nat_lit 36) (instOfNatNat (nat_lit 36)))
              (@Nat.instNeZeroSucc (@OfNat.ofNat.{0} Nat (nat_lit 35) (instOfNatNat (nat_lit 35)))))))
        (@OfNat.ofNat.{0} Real (nat_lit 50)
          (@instOfNatAtLeastTwo.{0} Real (nat_lit 50) Real.instNatCast
            (@Nat.instAtLeastTwoHAddOfNat (@OfNat.ofNat.{0} Nat (nat_lit 49) (instOfNatNat (nat_lit 49)))
              (@Nat.instNeZeroSucc (@OfNat.ofNat.{0} Nat (nat_lit 48) (instOfNatNat (nat_lit 48))))))))
      κEnergy)
  (hκPlain : @LE.le.{0} Real Real.instLE κEnergy κPlain)
  (hbeta :
    @LE.le.{0} Real Real.instLE
      (@HDiv.hDiv.{0, 0, 0} Real Real Real (@instHDiv.{0} Real (@DivInvMonoid.toDiv.{0} Real Real.instDivInvMonoid))
        (@OfNat.ofNat.{0} Real (nat_lit 51)
          (@instOfNatAtLeastTwo.{0} Real (nat_lit 51) Real.instNatCast
            (@Nat.instAtLeastTwoHAddOfNat (@OfNat.ofNat.{0} Nat (nat_lit 50) (instOfNatNat (nat_lit 50)))
              (@Nat.instNeZeroSucc (@OfNat.ofNat.{0} Nat (nat_lit 49) (instOfNatNat (nat_lit 49)))))))
        (@OfNat.ofNat.{0} Real (nat_lit 100)
          (@instOfNatAtLeastTwo.{0} Real (nat_lit 100) Real.instNatCast
            (@Nat.instAtLeastTwoHAddOfNat (@OfNat.ofNat.{0} Nat (nat_lit 99) (instOfNatNat (nat_lit 99)))
              (@Nat.instNeZeroSucc (@OfNat.ofNat.{0} Nat (nat_lit 98) (instOfNatNat (nat_lit 98))))))))
      OAI.SevenEighths.HeckeZeroSupremum.beta)
  (hκ :
    @LE.le.{0} Real Real.instLE
      (@HSub.hSub.{0, 0, 0} Real Real Real (@instHSub.{0} Real Real.instSub)
        (@HMul.hMul.{0, 0, 0} Real Real Real (@instHMul.{0} Real Real.instMul)
          (@OfNat.ofNat.{0} Real (nat_lit 2)
            (@instOfNatAtLeastTwo.{0} Real (nat_lit 2) Real.instNatCast
              (@Nat.instAtLeastTwoHAddOfNat (@OfNat.ofNat.{0} Nat (nat_lit 1) (instOfNatNat (nat_lit 1)))
                (@Nat.instNeZeroSucc (@OfNat.ofNat.{0} Nat (nat_lit 0) (instOfNatNat (nat_lit 0)))))))
          OAI.SevenEighths.HeckeZeroSupremum.beta)
        (@OfNat.ofNat.{0} Real (nat_lit 1) (@One.toOfNat1.{0} Real Real.instOne)))
      κEnergy),
  @Exists.{1} Real fun (ρ : Real) =>
    @Exists.{1} Real fun (εE : Real) =>
      And (@LT.lt.{0} Real Real.instLT (@OfNat.ofNat.{0} Real (nat_lit 0) (@Zero.toOfNat0.{0} Real Real.instZero)) ρ)
        (And
          (@LT.lt.{0} Real Real.instLT (@OfNat.ofNat.{0} Real (nat_lit 0) (@Zero.toOfNat0.{0} Real Real.instZero)) εE)
          (And
            (@LE.le.{0} Real Real.instLE ρ
              (@HSub.hSub.{0, 0, 0} Real Real Real (@instHSub.{0} Real Real.instSub) Mcap dmax))
            (∀ {Slot : Type u_1} [Fintype.{u_1} Slot] [DecidableEq.{u_1 + 1} Slot],
              @Exists.{1} Nat fun (degree : Nat) =>
                @Exists.{1} Nat fun (J : Nat) =>
                  @Exists.{1} Real fun (τ : Real) =>
                    And
                      (@LT.lt.{0} Real Real.instLT
                        (@OfNat.ofNat.{0} Real (nat_lit 0) (@Zero.toOfNat0.{0} Real Real.instZero)) τ)
                      (And (@LE.le.{0} Real Real.instLE τ τ₀)
                        (And
                          (@LE.le.{0} Real Real.instLE
                            (@HAdd.hAdd.{0, 0, 0} Real Real Real (@instHAdd.{0} Real Real.instAdd)
                              (@HAdd.hAdd.{0, 0, 0} Real Real Real (@instHAdd.{0} Real Real.instAdd) ρ εE)
                              (@HMul.hMul.{0, 0, 0} Real Real Real (@instHMul.{0} Real Real.instMul)
                                (@HMul.hMul.{0, 0, 0} Real Real Real (@instHMul.{0} Real Real.instMul)
                                  (@OfNat.ofNat.{0} Real (nat_lit 2)
                                    (@instOfNatAtLeastTwo.{0} Real (nat_lit 2) Real.instNatCast
                                      (@Nat.instAtLeastTwoHAddOfNat
                                        (@OfNat.ofNat.{0} Nat (nat_lit 1) (instOfNatNat (nat_lit 1)))
                                        (@Nat.instNeZeroSucc
                                          (@OfNat.ofNat.{0} Nat (nat_lit 0) (instOfNatNat (nat_lit 0)))))))
                                  τ)
                                (@Nat.cast.{0} Real Real.instNatCast
                                  (@HAdd.hAdd.{0, 0, 0} Nat Nat Nat (@instHAdd.{0} Nat instAddNat) degree
                                    (@HMul.hMul.{0, 0, 0} Nat Nat Nat (@instHMul.{0} Nat instMulNat)
                                      (@OfNat.ofNat.{0} Nat (nat_lit 4) (instOfNatNat (nat_lit 4))) J)))))
                            (@HMul.hMul.{0, 0, 0} Real Real Real (@instHMul.{0} Real Real.instMul) dmin εm))
                          (∀ {Label : Type u_2} [Fintype.{u_2} Label]
                            (η : Label → OAI.SevenEighths.HeckeFamily.Character)
                            (Q :
                              Label →
                                @Ideal.{0} OAI.SevenEighths.HeckeFamily.O
                                  (@CommSemiring.toSemiring.{0} OAI.SevenEighths.HeckeFamily.O
                                    (@CommRing.toCommSemiring.{0} OAI.SevenEighths.HeckeFamily.O
                                      (@NumberField.instCommRingRingOfIntegers.{0} OAI.SevenEighths.HeckeFamily.K
                                        (@CyclotomicField.instField.{0}
                                          (@OfNat.ofNat.{0} Nat (nat_lit 3) (instOfNatNat (nat_lit 3))) Rat
                                          Rat.instField))))),
                            (∀ (j : Label),
                                @LE.le.{0}
                                  (@Ideal.{0} OAI.SevenEighths.HeckeFamily.O
                                    (@CommSemiring.toSemiring.{0} OAI.SevenEighths.HeckeFamily.O
                                      (@CommRing.toCommSemiring.{0} OAI.SevenEighths.HeckeFamily.O
                                        (@NumberField.instCommRingRingOfIntegers.{0} OAI.SevenEighths.HeckeFamily.K
                                          (@CyclotomicField.instField.{0}
                                            (@OfNat.ofNat.{0} Nat (nat_lit 3) (instOfNatNat (nat_lit 3))) Rat
                                            Rat.instField)))))
                                  (@Preorder.toLE.{0}
                                    (@Ideal.{0} OAI.SevenEighths.HeckeFamily.O
                                      (@CommSemiring.toSemiring.{0} OAI.SevenEighths.HeckeFamily.O
                                        (@CommRing.toCommSemiring.{0} OAI.SevenEighths.HeckeFamily.O
                                          (@NumberField.instCommRingRingOfIntegers.{0} OAI.SevenEighths.HeckeFamily.K
                                            (@CyclotomicField.instField.{0}
                                              (@OfNat.ofNat.{0} Nat (nat_lit 3) (instOfNatNat (nat_lit 3))) Rat
                                              Rat.instField)))))
                                    (@PartialOrder.toPreorder.{0}
                                      (@Ideal.{0} OAI.SevenEighths.HeckeFamily.O
                                        (@CommSemiring.toSemiring.{0} OAI.SevenEighths.HeckeFamily.O
                                          (@CommRing.toCommSemiring.{0} OAI.SevenEighths.HeckeFamily.O
                                            (@NumberField.instCommRingRingOfIntegers.{0} OAI.SevenEighths.HeckeFamily.K
                                              (@CyclotomicField.instField.{0}
                                                (@OfNat.ofNat.{0} Nat (nat_lit 3) (instOfNatNat (nat_lit 3))) Rat
                                                Rat.instField)))))
                                      (@Submodule.instPartialOrder.{0, 0} OAI.SevenEighths.HeckeFamily.O
                                        OAI.SevenEighths.HeckeFamily.O
                                        (@CommSemiring.toSemiring.{0} OAI.SevenEighths.HeckeFamily.O
                                          (@CommRing.toCommSemiring.{0} OAI.SevenEighths.HeckeFamily.O
                                            (@NumberField.instCommRingRingOfIntegers.{0} OAI.SevenEighths.HeckeFamily.K
                                              (@CyclotomicField.instField.{0}
                                                (@OfNat.ofNat.{0} Nat (nat_lit 3) (instOfNatNat (nat_lit 3))) Rat
                                                Rat.instField))))
                                        (@Semiring.toAddCommMonoid.{0} OAI.SevenEighths.HeckeFamily.O
                                          (@CommSemiring.toSemiring.{0} OAI.SevenEighths.HeckeFamily.O
                                            (@CommRing.toCommSemiring.{0} OAI.SevenEighths.HeckeFamily.O
                                              (@NumberField.instCommRingRingOfIntegers.{0}
                                                OAI.SevenEighths.HeckeFamily.K
                                                (@CyclotomicField.instField.{0}
                                                  (@OfNat.ofNat.{0} Nat (nat_lit 3) (instOfNatNat (nat_lit 3))) Rat
                                                  Rat.instField)))))
                                        (@Semiring.toModule.{0} OAI.SevenEighths.HeckeFamily.O
                                          (@CommSemiring.toSemiring.{0} OAI.SevenEighths.HeckeFamily.O
                                            (@CommRing.toCommSemiring.{0} OAI.SevenEighths.HeckeFamily.O
                                              (@NumberField.instCommRingRingOfIntegers.{0}
                                                OAI.SevenEighths.HeckeFamily.K
                                                (@CyclotomicField.instField.{0}
                                                  (@OfNat.ofNat.{0} Nat (nat_lit 3) (instOfNatNat (nat_lit 3))) Rat
                                                  Rat.instField))))))))
                                  (Q j) M) →
                              (∀ (j : Label),
                                  @Ne.{1}
                                    (@Ideal.{0} OAI.SevenEighths.HeckeFamily.O
                                      (@CommSemiring.toSemiring.{0} OAI.SevenEighths.HeckeFamily.O
                                        (@CommRing.toCommSemiring.{0} OAI.SevenEighths.HeckeFamily.O
                                          (@NumberField.instCommRingRingOfIntegers.{0} OAI.SevenEighths.HeckeFamily.K
                                            (@CyclotomicField.instField.{0}
                                              (@OfNat.ofNat.{0} Nat (nat_lit 3) (instOfNatNat (nat_lit 3))) Rat
                                              Rat.instField)))))
                                    (OAI.SevenEighths.CenteredMomentNaturalFixedRaySource.internalQ (Q j) (η j))
                                    (@OfNat.ofNat.{0}
                                      (@Ideal.{0} OAI.SevenEighths.HeckeFamily.O
                                        (@CommSemiring.toSemiring.{0} OAI.SevenEighths.HeckeFamily.O
                                          (@CommRing.toCommSemiring.{0} OAI.SevenEighths.HeckeFamily.O
                                            (@NumberField.instCommRingRingOfIntegers.{0} OAI.SevenEighths.HeckeFamily.K
                                              (@CyclotomicField.instField.{0}
                                                (@OfNat.ofNat.{0} Nat (nat_lit 3) (instOfNatNat (nat_lit 3))) Rat
                                                Rat.instField)))))
                                      (nat_lit 0)
                                      (@Zero.toOfNat0.{0}
                                        (@Ideal.{0} OAI.SevenEighths.HeckeFamily.O
                                          (@CommSemiring.toSemiring.{0} OAI.SevenEighths.HeckeFamily.O
                                            (@CommRing.toCommSemiring.{0} OAI.SevenEighths.HeckeFamily.O
                                              (@NumberField.instCommRingRingOfIntegers.{0}
                                                OAI.SevenEighths.HeckeFamily.K
                                                (@CyclotomicField.instField.{0}
                                                  (@OfNat.ofNat.{0} Nat (nat_lit 3) (instOfNatNat (nat_lit 3))) Rat
                                                  Rat.instField)))))
                                        (@Submodule.pointwiseZero.{0, 0} OAI.SevenEighths.HeckeFamily.O
                                          OAI.SevenEighths.HeckeFamily.O
                                          (@CommSemiring.toSemiring.{0} OAI.SevenEighths.HeckeFamily.O
                                            (@CommRing.toCommSemiring.{0} OAI.SevenEighths.HeckeFamily.O
                                              (@NumberField.instCommRingRingOfIntegers.{0}
                                                OAI.SevenEighths.HeckeFamily.K
                                                (@CyclotomicField.instField.{0}
                                                  (@OfNat.ofNat.{0} Nat (nat_lit 3) (instOfNatNat (nat_lit 3))) Rat
                                                  Rat.instField))))
                                          (@Semiring.toAddCommMonoid.{0} OAI.SevenEighths.HeckeFamily.O
                                            (@CommSemiring.toSemiring.{0} OAI.SevenEighths.HeckeFamily.O
                                              (@CommRing.toCommSemiring.{0} OAI.SevenEighths.HeckeFamily.O
                                                (@NumberField.instCommRingRingOfIntegers.{0}
                                                  OAI.SevenEighths.HeckeFamily.K
                                                  (@CyclotomicField.instField.{0}
                                                    (@OfNat.ofNat.{0} Nat (nat_lit 3) (instOfNatNat (nat_lit 3))) Rat
                                                    Rat.instField)))))
                                          (@Semiring.toModule.{0} OAI.SevenEighths.HeckeFamily.O
                                            (@CommSemiring.toSemiring.{0} OAI.SevenEighths.HeckeFamily.O
                                              (@CommRing.toCommSemiring.{0} OAI.SevenEighths.HeckeFamily.O
                                                (@NumberField.instCommRingRingOfIntegers.{0}
                                                  OAI.SevenEighths.HeckeFamily.K
                                                  (@CyclotomicField.instField.{0}
                                                    (@OfNat.ofNat.{0} Nat (nat_lit 3) (instOfNatNat (nat_lit 3))) Rat
                                                    Rat.instField))))))))) →
                                (∀ (j : Label),
                                    @Ne.{1}
                                      (@Ideal.{0} OAI.SevenEighths.HeckeFamily.O
                                        (@CommSemiring.toSemiring.{0} OAI.SevenEighths.HeckeFamily.O
                                          (@CommRing.toCommSemiring.{0} OAI.SevenEighths.HeckeFamily.O
                                            (@NumberField.instCommRingRingOfIntegers.{0} OAI.SevenEighths.HeckeFamily.K
                                              (@CyclotomicField.instField.{0}
                                                (@OfNat.ofNat.{0} Nat (nat_lit 3) (instOfNatNat (nat_lit 3))) Rat
                                                Rat.instField)))))
                                      (OAI.SevenEighths.CenteredMomentNaturalFixedRaySource.internalQ (Q j) (η j))
                                      (@Top.top.{0}
                                        (@Ideal.{0} OAI.SevenEighths.HeckeFamily.O
                                          (@CommSemiring.toSemiring.{0} OAI.SevenEighths.HeckeFamily.O
                                            (@CommRing.toCommSemiring.{0} OAI.SevenEighths.HeckeFamily.O
                                              (@NumberField.instCommRingRingOfIntegers.{0}
                                                OAI.SevenEighths.HeckeFamily.K
                                                (@CyclotomicField.instField.{0}
                                                  (@OfNat.ofNat.{0} Nat (nat_lit 3) (instOfNatNat (nat_lit 3))) Rat
                                                  Rat.instField)))))
                                        (@Submodule.instTop.{0, 0} OAI.SevenEighths.HeckeFamily.O
                                          OAI.SevenEighths.HeckeFamily.O
                                          (@CommSemiring.toSemiring.{0} OAI.SevenEighths.HeckeFamily.O
                                            (@CommRing.toCommSemiring.{0} OAI.SevenEighths.HeckeFamily.O
                                              (@NumberField.instCommRingRingOfIntegers.{0}
                                                OAI.SevenEighths.HeckeFamily.K
                                                (@CyclotomicField.instField.{0}
                                                  (@OfNat.ofNat.{0} Nat (nat_lit 3) (instOfNatNat (nat_lit 3))) Rat
                                                  Rat.instField))))
                                          (@Semiring.toAddCommMonoid.{0} OAI.SevenEighths.HeckeFamily.O
                                            (@CommSemiring.toSemiring.{0} OAI.SevenEighths.HeckeFamily.O
                                              (@CommRing.toCommSemiring.{0} OAI.SevenEighths.HeckeFamily.O
                                                (@NumberField.instCommRingRingOfIntegers.{0}
                                                  OAI.SevenEighths.HeckeFamily.K
                                                  (@CyclotomicField.instField.{0}
                                                    (@OfNat.ofNat.{0} Nat (nat_lit 3) (instOfNatNat (nat_lit 3))) Rat
                                                    Rat.instField)))))
                                          (@Semiring.toModule.{0} OAI.SevenEighths.HeckeFamily.O
                                            (@CommSemiring.toSemiring.{0} OAI.SevenEighths.HeckeFamily.O
                                              (@CommRing.toCommSemiring.{0} OAI.SevenEighths.HeckeFamily.O
                                                (@NumberField.instCommRingRingOfIntegers.{0}
                                                  OAI.SevenEighths.HeckeFamily.K
                                                  (@CyclotomicField.instField.{0}
                                                    (@OfNat.ofNat.{0} Nat (nat_lit 3) (instOfNatNat (nat_lit 3))) Rat
                                                    Rat.instField)))))))) →
                                  (∀ (j : Label),
                                      @LE.le.{0}
                                        (@Ideal.{0} OAI.SevenEighths.HeckeFamily.O
                                          (@CommSemiring.toSemiring.{0} OAI.SevenEighths.HeckeFamily.O
                                            (@CommRing.toCommSemiring.{0} OAI.SevenEighths.HeckeFamily.O
                                              (@NumberField.instCommRingRingOfIntegers.{0}
                                                OAI.SevenEighths.HeckeFamily.K
                                                (@CyclotomicField.instField.{0}
                                                  (@OfNat.ofNat.{0} Nat (nat_lit 3) (instOfNatNat (nat_lit 3))) Rat
                                                  Rat.instField)))))
                                        (@Preorder.toLE.{0}
                                          (@Ideal.{0} OAI.SevenEighths.HeckeFamily.O
                                            (@CommSemiring.toSemiring.{0} OAI.SevenEighths.HeckeFamily.O
                                              (@CommRing.toCommSemiring.{0} OAI.SevenEighths.HeckeFamily.O
                                                (@NumberField.instCommRingRingOfIntegers.{0}
                                                  OAI.SevenEighths.HeckeFamily.K
                                                  (@CyclotomicField.instField.{0}
                                                    (@OfNat.ofNat.{0} Nat (nat_lit 3) (instOfNatNat (nat_lit 3))) Rat
                                                    Rat.instField)))))
                                          (@PartialOrder.toPreorder.{0}
                                            (@Ideal.{0} OAI.SevenEighths.HeckeFamily.O
                                              (@CommSemiring.toSemiring.{0} OAI.SevenEighths.HeckeFamily.O
                                                (@CommRing.toCommSemiring.{0} OAI.SevenEighths.HeckeFamily.O
                                                  (@NumberField.instCommRingRingOfIntegers.{0}
                                                    OAI.SevenEighths.HeckeFamily.K
                                                    (@CyclotomicField.instField.{0}
                                                      (@OfNat.ofNat.{0} Nat (nat_lit 3) (instOfNatNat (nat_lit 3))) Rat
                                                      Rat.instField)))))
                                            (@Submodule.instPartialOrder.{0, 0} OAI.SevenEighths.HeckeFamily.O
                                              OAI.SevenEighths.HeckeFamily.O
                                              (@CommSemiring.toSemiring.{0} OAI.SevenEighths.HeckeFamily.O
                                                (@CommRing.toCommSemiring.{0} OAI.SevenEighths.HeckeFamily.O
                                                  (@NumberField.instCommRingRingOfIntegers.{0}
                                                    OAI.SevenEighths.HeckeFamily.K
                                                    (@CyclotomicField.instField.{0}
                                                      (@OfNat.ofNat.{0} Nat (nat_lit 3) (instOfNatNat (nat_lit 3))) Rat
                                                      Rat.instField))))
                                              (@Semiring.toAddCommMonoid.{0} OAI.SevenEighths.HeckeFamily.O
                                                (@CommSemiring.toSemiring.{0} OAI.SevenEighths.HeckeFamily.O
                                                  (@CommRing.toCommSemiring.{0} OAI.SevenEighths.HeckeFamily.O
                                                    (@NumberField.instCommRingRingOfIntegers.{0}
                                                      OAI.SevenEighths.HeckeFamily.K
                                                      (@CyclotomicField.instField.{0}
                                                        (@OfNat.ofNat.{0} Nat (nat_lit 3) (instOfNatNat (nat_lit 3)))
                                                        Rat Rat.instField)))))
                                              (@Semiring.toModule.{0} OAI.SevenEighths.HeckeFamily.O
                                                (@CommSemiring.toSemiring.{0} OAI.SevenEighths.HeckeFamily.O
                                                  (@CommRing.toCommSemiring.{0} OAI.SevenEighths.HeckeFamily.O
                                                    (@NumberField.instCommRingRingOfIntegers.{0}
                                                      OAI.SevenEighths.HeckeFamily.K
                                                      (@CyclotomicField.instField.{0}
                                                        (@OfNat.ofNat.{0} Nat (nat_lit 3) (instOfNatNat (nat_lit 3)))
                                                        Rat Rat.instField))))))))
                                        (OAI.SevenEighths.CenteredMomentNaturalFixedRaySource.internalQ (Q j) (η j))
                                        (@Ideal.span.{0} OAI.SevenEighths.HeckeFamily.O
                                          (@CommSemiring.toSemiring.{0} OAI.SevenEighths.HeckeFamily.O
                                            (@CommRing.toCommSemiring.{0} OAI.SevenEighths.HeckeFamily.O
                                              (@NumberField.instCommRingRingOfIntegers.{0}
                                                OAI.SevenEighths.HeckeFamily.K
                                                (@CyclotomicField.instField.{0}
                                                  (@OfNat.ofNat.{0} Nat (nat_lit 3) (instOfNatNat (nat_lit 3))) Rat
                                                  Rat.instField))))
                                          (@Singleton.singleton.{0, 0} OAI.SevenEighths.HeckeFamily.O
                                            (Set.{0} OAI.SevenEighths.HeckeFamily.O)
                                            (@Set.instSingletonSet.{0} OAI.SevenEighths.HeckeFamily.O)
                                            (@OfNat.ofNat.{0} OAI.SevenEighths.HeckeFamily.O (nat_lit 72)
                                              (@instOfNatAtLeastTwo.{0} OAI.SevenEighths.HeckeFamily.O (nat_lit 72)
                                                (@AddMonoidWithOne.toNatCast.{0} OAI.SevenEighths.HeckeFamily.O
                                                  (@AddGroupWithOne.toAddMonoidWithOne.{0}
                                                    OAI.SevenEighths.HeckeFamily.O
                                                    (@Ring.toAddGroupWithOne.{0} OAI.SevenEighths.HeckeFamily.O
                                                      (@CommRing.toRing.{0} OAI.SevenEighths.HeckeFamily.O
                                                        (@NumberField.instCommRingRingOfIntegers.{0}
                                                          OAI.SevenEighths.HeckeFamily.K
                                                          (@CyclotomicField.instField.{0}
                                                            (@OfNat.ofNat.{0} Nat (nat_lit 3)
                                                              (instOfNatNat (nat_lit 3)))
                                                            Rat Rat.instField))))))
                                                (@Nat.instAtLeastTwoHAddOfNat
                                                  (@OfNat.ofNat.{0} Nat (nat_lit 71) (instOfNatNat (nat_lit 71)))
                                                  (@Nat.instNeZeroSucc
                                                    (@OfNat.ofNat.{0} Nat (nat_lit 70)
                                                      (instOfNatNat (nat_lit 70)))))))))) →
                                    @Exists.{1}
                                      (@SchwartzMap.{0, 0} Real Complex Real.normedAddCommGroup
                                        (@InnerProductSpace.toNormedSpace.{0, 0} Real Real Real.instRCLike
                                          (@NormedAddCommGroup.toSeminormedAddCommGroup.{0} Real
                                            Real.normedAddCommGroup)
                                          (@RCLike.toInnerProductSpaceReal.{0} Real Real.instRCLike))
                                        Complex.instNormedAddCommGroup
                                        (@InnerProductSpace.toNormedSpace.{0, 0} Real Complex Real.instRCLike
                                          (@NormedAddCommGroup.toSeminormedAddCommGroup.{0} Complex
                                            Complex.instNormedAddCommGroup)
                                          instInnerProductSpaceRealComplex))
                                      fun
                                        (Φ :
                                          @SchwartzMap.{0, 0} Real Complex Real.normedAddCommGroup
                                            (@InnerProductSpace.toNormedSpace.{0, 0} Real Real Real.instRCLike
                                              (@NormedAddCommGroup.toSeminormedAddCommGroup.{0} Real
                                                Real.normedAddCommGroup)
                                              (@RCLike.toInnerProductSpaceReal.{0} Real Real.instRCLike))
                                            Complex.instNormedAddCommGroup
                                            (@InnerProductSpace.toNormedSpace.{0, 0} Real Complex Real.instRCLike
                                              (@NormedAddCommGroup.toSeminormedAddCommGroup.{0} Complex
                                                Complex.instNormedAddCommGroup)
                                              instInnerProductSpaceRealComplex)) =>
                                      And
                                        (∀ (x : Real),
                                          @LE.le.{0} Real Real.instLE
                                            (@OfNat.ofNat.{0} Real (nat_lit 0) (@Zero.toOfNat0.{0} Real Real.instZero))
                                            (Complex.re
                                              (@DFunLike.coe.{1, 1, 1}
                                                (@SchwartzMap.{0, 0} Real Complex Real.normedAddCommGroup
                                                  (@InnerProductSpace.toNormedSpace.{0, 0} Real Real Real.instRCLike
                                                    (@NormedAddCommGroup.toSeminormedAddCommGroup.{0} Real
                                                      Real.normedAddCommGroup)
                                                    (@RCLike.toInnerProductSpaceReal.{0} Real Real.instRCLike))
                                                  Complex.instNormedAddCommGroup
                                                  (@InnerProductSpace.toNormedSpace.{0, 0} Real Complex Real.instRCLike
                                                    (@NormedAddCommGroup.toSeminormedAddCommGroup.{0} Complex
                                                      Complex.instNormedAddCommGroup)
                                                    instInnerProductSpaceRealComplex))
                                                Real (fun (x : Real) => Complex)
                                                (@SchwartzMap.instFunLike.{0, 0} Real Complex Real.normedAddCommGroup
                                                  (@InnerProductSpace.toNormedSpace.{0, 0} Real Real Real.instRCLike
                                                    (@NormedAddCommGroup.toSeminormedAddCommGroup.{0} Real
                                                      Real.normedAddCommGroup)
                                                    (@RCLike.toInnerProductSpaceReal.{0} Real Real.instRCLike))
                                                  Complex.instNormedAddCommGroup
                                                  (@InnerProductSpace.toNormedSpace.{0, 0} Real Complex Real.instRCLike
                                                    (@NormedAddCommGroup.toSeminormedAddCommGroup.{0} Complex
                                                      Complex.instNormedAddCommGroup)
                                                    instInnerProductSpaceRealComplex))
                                                Φ x)))
                                        (And
                                          (∀ (x : Real),
                                            @Eq.{1} Real
                                              (Complex.im
                                                (@DFunLike.coe.{1, 1, 1}
                                                  (@SchwartzMap.{0, 0} Real Complex Real.normedAddCommGroup
                                                    (@InnerProductSpace.toNormedSpace.{0, 0} Real Real Real.instRCLike
                                                      (@NormedAddCommGroup.toSeminormedAddCommGroup.{0} Real
                                                        Real.normedAddCommGroup)
                                                      (@RCLike.toInnerProductSpaceReal.{0} Real Real.instRCLike))
                                                    Complex.instNormedAddCommGroup
                                                    (@InnerProductSpace.toNormedSpace.{0, 0} Real Complex
                                                      Real.instRCLike
                                                      (@NormedAddCommGroup.toSeminormedAddCommGroup.{0} Complex
                                                        Complex.instNormedAddCommGroup)
                                                      instInnerProductSpaceRealComplex))
                                                  Real (fun (x : Real) => Complex)
                                                  (@SchwartzMap.instFunLike.{0, 0} Real Complex Real.normedAddCommGroup
                                                    (@InnerProductSpace.toNormedSpace.{0, 0} Real Real Real.instRCLike
                                                      (@NormedAddCommGroup.toSeminormedAddCommGroup.{0} Real
                                                        Real.normedAddCommGroup)
                                                      (@RCLike.toInnerProductSpaceReal.{0} Real Real.instRCLike))
                                                    Complex.instNormedAddCommGroup
                                                    (@InnerProductSpace.toNormedSpace.{0, 0} Real Complex
                                                      Real.instRCLike
                                                      (@NormedAddCommGroup.toSeminormedAddCommGroup.{0} Complex
                                                        Complex.instNormedAddCommGroup)
                                                      instInnerProductSpaceRealComplex))
                                                  Φ x))
                                              (@OfNat.ofNat.{0} Real (nat_lit 0)
                                                (@Zero.toOfNat0.{0} Real Real.instZero)))
                                          (@Exists.{1} Real fun (Ctotal : Real) =>
                                            And
                                              (@LT.lt.{0} Real Real.instLT
                                                (@OfNat.ofNat.{0} Real (nat_lit 0)
                                                  (@Zero.toOfNat0.{0} Real Real.instZero))
                                                Ctotal)
                                              (@Filter.Eventually.{0} Real
                                                (fun (Z : Real) =>
                                                  And
                                                    (@LT.lt.{0} Real Real.instLT
                                                      (@OfNat.ofNat.{0} Real (nat_lit 1)
                                                        (@One.toOfNat1.{0} Real Real.instOne))
                                                      Z)
                                                    (∀ (τ' : Real),
                                                      @LT.lt.{0} Real Real.instLT
                                                          (@OfNat.ofNat.{0} Real (nat_lit 0)
                                                            (@Zero.toOfNat0.{0} Real Real.instZero))
                                                          τ' →
                                                        @LE.le.{0} Real Real.instLE τ' τ →
                                                          ∀ (d : Real),
                                                            @LE.le.{0} Real Real.instLE dmin d →
                                                              @LE.le.{0} Real Real.instLE d dmax →
                                                                ∀ (a ε tstar T allowance : Real) (i : Nat)
                                                                  (F :
                                                                    OAI.SevenEighths.HeckeDetectorRawFiber.Fiber.{u_2,
                                                                        u_1}
                                                                      M H Label Slot
                                                                      (@HPow.hPow.{0, 0, 0} Real Real Real
                                                                        (@instHPow.{0, 0} Real Real Real.instPow) Z d)
                                                                      a ε tstar T allowance i),
                                                                  @Eq.{1}
                                                                      OAI.SevenEighths.HeckeInverseAmplification.RowData
                                                                      (@OAI.SevenEighths.HeckeDetectorRawFiber.Fiber.rowData.{u_2,
                                                                            u_1}
                                                                        M H Label Slot
                                                                        (@HPow.hPow.{0, 0, 0} Real Real Real
                                                                          (@instHPow.{0, 0} Real Real Real.instPow) Z d)
                                                                        a ε tstar T allowance i F)
                                                                      (OAI.SevenEighths.ProbeHighRowFamily.momentData
                                                                        (η
                                                                          (@OAI.SevenEighths.HeckeDetectorRawFiber.Fiber.label.{u_2,
                                                                                u_1}
                                                                            M H Label Slot
                                                                            (@HPow.hPow.{0, 0, 0} Real Real Real
                                                                              (@instHPow.{0, 0} Real Real Real.instPow)
                                                                              Z d)
                                                                            a ε tstar T allowance i F))) →
                                                                    (∀
                                                                        (u :
                                                                          OAI.SevenEighths.HeckeInverseAmplification.FreeRow),
                                                                        @Membership.mem.{0, 0}
                                                                            OAI.SevenEighths.HeckeInverseAmplification.FreeRow
                                                                            (Finset.{0}
                                                                              OAI.SevenEighths.HeckeInverseAmplification.FreeRow)
                                                                            (@SetLike.instMembership.{0, 0}
                                                                              (Finset.{0}
                                                                                OAI.SevenEighths.HeckeInverseAmplification.FreeRow)
                                                                              OAI.SevenEighths.HeckeInverseAmplification.FreeRow
                                                                              (@Finset.instSetLike.{0}
                                                                                OAI.SevenEighths.HeckeInverseAmplification.FreeRow))
                                                                            (@OAI.SevenEighths.HeckeDetectorRawFiber.Fiber.rows.{u_2,
                                                                                  u_1}
                                                                              M H Label Slot
                                                                              (@HPow.hPow.{0, 0, 0} Real Real Real
                                                                                (@instHPow.{0, 0} Real Real
                                                                                  Real.instPow)
                                                                                Z d)
                                                                              a ε tstar T allowance i F)
                                                                            u →
                                                                          @LE.le.{0} Real Real.instLE
                                                                            (@HPow.hPow.{0, 0, 0} Real Real Real
                                                                              (@instHPow.{0, 0} Real Real Real.instPow)
                                                                              Z rmin)
                                                                            (@Nat.cast.{0} Real Real.instNatCast
                                                                              (@DFunLike.coe.{1, 1, 1}
                                                                                (@MonoidWithZeroHom.{0, 0}
                                                                                  (@Ideal.{0}
                                                                                    OAI.SevenEighths.HeckeFamily.O
                                                                                    (@CommSemiring.toSemiring.{0}
                                                                                      OAI.SevenEighths.HeckeFamily.O
                                                                                      (@CommRing.toCommSemiring.{0}
                                                                                        OAI.SevenEighths.HeckeFamily.O
                                                                                        (@NumberField.instCommRingRingOfIntegers.{0}
                                                                                          OAI.SevenEighths.HeckeFamily.K
                                                                                          (@CyclotomicField.instField.{0}
                                                                                            (@OfNat.ofNat.{0} Nat
                                                                                              (nat_lit 3)
                                                                                              (instOfNatNat
                                                                                                (nat_lit 3)))
                                                                                            Rat Rat.instField)))))
                                                                                  Nat
                                                                                  (@instMulZeroOneClassOfSemiring.{0}
                                                                                    (@Ideal.{0}
                                                                                      OAI.SevenEighths.HeckeFamily.O
                                                                                      (@CommSemiring.toSemiring.{0}
                                                                                        OAI.SevenEighths.HeckeFamily.O
                                                                                        (@CommRing.toCommSemiring.{0}
                                                                                          OAI.SevenEighths.HeckeFamily.O
                                                                                          (@NumberField.instCommRingRingOfIntegers.{0}
                                                                                            OAI.SevenEighths.HeckeFamily.K
                                                                                            (@CyclotomicField.instField.{0}
                                                                                              (@OfNat.ofNat.{0} Nat
                                                                                                (nat_lit 3)
                                                                                                (instOfNatNat
                                                                                                  (nat_lit 3)))
                                                                                              Rat Rat.instField)))))
                                                                                    (@IdemSemiring.toSemiring.{0}
                                                                                      (@Ideal.{0}
                                                                                        OAI.SevenEighths.HeckeFamily.O
                                                                                        (@CommSemiring.toSemiring.{0}
                                                                                          OAI.SevenEighths.HeckeFamily.O
                                                                                          (@CommRing.toCommSemiring.{0}
                                                                                            OAI.SevenEighths.HeckeFamily.O
                                                                                            (@NumberField.instCommRingRingOfIntegers.{0}
                                                                                              OAI.SevenEighths.HeckeFamily.K
                                                                                              (@CyclotomicField.instField.{0}
                                                                                                (@OfNat.ofNat.{0} Nat
                                                                                                  (nat_lit 3)
                                                                                                  (instOfNatNat
                                                                                                    (nat_lit 3)))
                                                                                                Rat Rat.instField)))))
                                                                                      (@Submodule.idemSemiring.{0, 0}
                                                                                        OAI.SevenEighths.HeckeFamily.O
                                                                                        (@CommRing.toCommSemiring.{0}
                                                                                          OAI.SevenEighths.HeckeFamily.O
                                                                                          (@NumberField.instCommRingRingOfIntegers.{0}
                                                                                            OAI.SevenEighths.HeckeFamily.K
                                                                                            (@CyclotomicField.instField.{0}
                                                                                              (@OfNat.ofNat.{0} Nat
                                                                                                (nat_lit 3)
                                                                                                (instOfNatNat
                                                                                                  (nat_lit 3)))
                                                                                              Rat Rat.instField)))
                                                                                        OAI.SevenEighths.HeckeFamily.O
                                                                                        (@CommSemiring.toSemiring.{0}
                                                                                          OAI.SevenEighths.HeckeFamily.O
                                                                                          (@CommRing.toCommSemiring.{0}
                                                                                            OAI.SevenEighths.HeckeFamily.O
                                                                                            (@NumberField.instCommRingRingOfIntegers.{0}
                                                                                              OAI.SevenEighths.HeckeFamily.K
                                                                                              (@CyclotomicField.instField.{0}
                                                                                                (@OfNat.ofNat.{0} Nat
                                                                                                  (nat_lit 3)
                                                                                                  (instOfNatNat
                                                                                                    (nat_lit 3)))
                                                                                                Rat Rat.instField))))
                                                                                        (@Algebra.id.{0}
                                                                                          OAI.SevenEighths.HeckeFamily.O
                                                                                          (@CommRing.toCommSemiring.{0}
                                                                                            OAI.SevenEighths.HeckeFamily.O
                                                                                            (@NumberField.instCommRingRingOfIntegers.{0}
                                                                                              OAI.SevenEighths.HeckeFamily.K
                                                                                              (@CyclotomicField.instField.{0}
                                                                                                (@OfNat.ofNat.{0} Nat
                                                                                                  (nat_lit 3)
                                                                                                  (instOfNatNat
                                                                                                    (nat_lit 3)))
                                                                                                Rat Rat.instField)))))))
                                                                                  Nat.instMulZeroOneClass)
                                                                                (@Ideal.{0}
                                                                                  OAI.SevenEighths.HeckeFamily.O
                                                                                  (@CommSemiring.toSemiring.{0}
                                                                                    OAI.SevenEighths.HeckeFamily.O
                                                                                    (@CommRing.toCommSemiring.{0}
                                                                                      OAI.SevenEighths.HeckeFamily.O
                                                                                      (@NumberField.instCommRingRingOfIntegers.{0}
                                                                                        OAI.SevenEighths.HeckeFamily.K
                                                                                        (@CyclotomicField.instField.{0}
                                                                                          (@OfNat.ofNat.{0} Nat
                                                                                            (nat_lit 3)
                                                                                            (instOfNatNat (nat_lit 3)))
                                                                                          Rat Rat.instField)))))
                                                                                (fun
                                                                                    (x :
                                                                                      @Ideal.{0}
                                                                                        OAI.SevenEighths.HeckeFamily.O
                                                                                        (@CommSemiring.toSemiring.{0}
                                                                                          OAI.SevenEighths.HeckeFamily.O
                                                                                          (@CommRing.toCommSemiring.{0}
                                                                                            OAI.SevenEighths.HeckeFamily.O
                                                                                            (@NumberField.instCommRingRingOfIntegers.{0}
                                                                                              OAI.SevenEighths.HeckeFamily.K
                                                                                              (@CyclotomicField.instField.{0}
                                                                                                (@OfNat.ofNat.{0} Nat
                                                                                                  (nat_lit 3)
                                                                                                  (instOfNatNat
                                                                                                    (nat_lit 3)))
                                                                                                Rat
                                                                                                Rat.instField))))) =>
                                                                                  Nat)
                                                                                (@MonoidWithZeroHom.funLike.{0, 0}
                                                                                  (@Ideal.{0}
                                                                                    OAI.SevenEighths.HeckeFamily.O
                                                                                    (@CommSemiring.toSemiring.{0}
                                                                                      OAI.SevenEighths.HeckeFamily.O
                                                                                      (@CommRing.toCommSemiring.{0}
                                                                                        OAI.SevenEighths.HeckeFamily.O
                                                                                        (@NumberField.instCommRingRingOfIntegers.{0}
                                                                                          OAI.SevenEighths.HeckeFamily.K
                                                                                          (@CyclotomicField.instField.{0}
                                                                                            (@OfNat.ofNat.{0} Nat
                                                                                              (nat_lit 3)
                                                                                              (instOfNatNat
                                                                                                (nat_lit 3)))
                                                                                            Rat Rat.instField)))))
                                                                                  Nat
                                                                                  (@instMulZeroOneClassOfSemiring.{0}
                                                                                    (@Ideal.{0}
                                                                                      OAI.SevenEighths.HeckeFamily.O
                                                                                      (@CommSemiring.toSemiring.{0}
                                                                                        OAI.SevenEighths.HeckeFamily.O
                                                                                        (@CommRing.toCommSemiring.{0}
                                                                                          OAI.SevenEighths.HeckeFamily.O
                                                                                          (@NumberField.instCommRingRingOfIntegers.{0}
                                                                                            OAI.SevenEighths.HeckeFamily.K
                                                                                            (@CyclotomicField.instField.{0}
                                                                                              (@OfNat.ofNat.{0} Nat
                                                                                                (nat_lit 3)
                                                                                                (instOfNatNat
                                                                                                  (nat_lit 3)))
                                                                                              Rat Rat.instField)))))
                                                                                    (@IdemSemiring.toSemiring.{0}
                                                                                      (@Ideal.{0}
                                                                                        OAI.SevenEighths.HeckeFamily.O
                                                                                        (@CommSemiring.toSemiring.{0}
                                                                                          OAI.SevenEighths.HeckeFamily.O
                                                                                          (@CommRing.toCommSemiring.{0}
                                                                                            OAI.SevenEighths.HeckeFamily.O
                                                                                            (@NumberField.instCommRingRingOfIntegers.{0}
                                                                                              OAI.SevenEighths.HeckeFamily.K
                                                                                              (@CyclotomicField.instField.{0}
                                                                                                (@OfNat.ofNat.{0} Nat
                                                                                                  (nat_lit 3)
                                                                                                  (instOfNatNat
                                                                                                    (nat_lit 3)))
                                                                                                Rat Rat.instField)))))
                                                                                      (@Submodule.idemSemiring.{0, 0}
                                                                                        OAI.SevenEighths.HeckeFamily.O
                                                                                        (@CommRing.toCommSemiring.{0}
                                                                                          OAI.SevenEighths.HeckeFamily.O
                                                                                          (@NumberField.instCommRingRingOfIntegers.{0}
                                                                                            OAI.SevenEighths.HeckeFamily.K
                                                                                            (@CyclotomicField.instField.{0}
                                                                                              (@OfNat.ofNat.{0} Nat
                                                                                                (nat_lit 3)
                                                                                                (instOfNatNat
                                                                                                  (nat_lit 3)))
                                                                                              Rat Rat.instField)))
                                                                                        OAI.SevenEighths.HeckeFamily.O
                                                                                        (@CommSemiring.toSemiring.{0}
                                                                                          OAI.SevenEighths.HeckeFamily.O
                                                                                          (@CommRing.toCommSemiring.{0}
                                                                                            OAI.SevenEighths.HeckeFamily.O
                                                                                            (@NumberField.instCommRingRingOfIntegers.{0}
                                                                                              OAI.SevenEighths.HeckeFamily.K
                                                                                              (@CyclotomicField.instField.{0}
                                                                                                (@OfNat.ofNat.{0} Nat
                                                                                                  (nat_lit 3)
                                                                                                  (instOfNatNat
                                                                                                    (nat_lit 3)))
                                                                                                Rat Rat.instField))))
                                                                                        (@Algebra.id.{0}
                                                                                          OAI.SevenEighths.HeckeFamily.O
                                                                                          (@CommRing.toCommSemiring.{0}
                                                                                            OAI.SevenEighths.HeckeFamily.O
                                                                                            (@NumberField.instCommRingRingOfIntegers.{0}
                                                                                              OAI.SevenEighths.HeckeFamily.K
                                                                                              (@CyclotomicField.instField.{0}
                                                                                                (@OfNat.ofNat.{0} Nat
                                                                                                  (nat_lit 3)
                                                                                                  (instOfNatNat
                                                                                                    (nat_lit 3)))
                                                                                                Rat Rat.instField)))))))
                                                                                  Nat.instMulZeroOneClass)
                                                                                (@Ideal.absNorm.{0}
                                                                                  OAI.SevenEighths.HeckeFamily.O
                                                                                  (@NumberField.instCommRingRingOfIntegers.{0}
                                                                                    OAI.SevenEighths.HeckeFamily.K
                                                                                    (@CyclotomicField.instField.{0}
                                                                                      (@OfNat.ofNat.{0} Nat (nat_lit 3)
                                                                                        (instOfNatNat (nat_lit 3)))
                                                                                      Rat Rat.instField))
                                                                                  (@NumberField.RingOfIntegers.instIsDedekindDomain.{0}
                                                                                    OAI.SevenEighths.HeckeFamily.K
                                                                                    (@CyclotomicField.instField.{0}
                                                                                      (@OfNat.ofNat.{0} Nat (nat_lit 3)
                                                                                        (instOfNatNat (nat_lit 3)))
                                                                                      Rat Rat.instField)
                                                                                    (@CyclotomicField.instNumberField.{0}
                                                                                      (@OfNat.ofNat.{0} Nat (nat_lit 3)
                                                                                        (instOfNatNat (nat_lit 3)))
                                                                                      Rat Rat.instField
                                                                                      Rat.numberField))
                                                                                  (@CharZero.infinite.{0}
                                                                                    OAI.SevenEighths.HeckeFamily.O
                                                                                    (@AddGroupWithOne.toAddMonoidWithOne.{0}
                                                                                      OAI.SevenEighths.HeckeFamily.O
                                                                                      (@Ring.toAddGroupWithOne.{0}
                                                                                        OAI.SevenEighths.HeckeFamily.O
                                                                                        (@CommRing.toRing.{0}
                                                                                          OAI.SevenEighths.HeckeFamily.O
                                                                                          (@NumberField.instCommRingRingOfIntegers.{0}
                                                                                            OAI.SevenEighths.HeckeFamily.K
                                                                                            (@CyclotomicField.instField.{0}
                                                                                              (@OfNat.ofNat.{0} Nat
                                                                                                (nat_lit 3)
                                                                                                (instOfNatNat
                                                                                                  (nat_lit 3)))
                                                                                              Rat Rat.instField)))))
                                                                                    (@NumberField.RingOfIntegers.instCharZero_1.{0}
                                                                                      OAI.SevenEighths.HeckeFamily.K
                                                                                      (@CyclotomicField.instField.{0}
                                                                                        (@OfNat.ofNat.{0} Nat
                                                                                          (nat_lit 3)
                                                                                          (instOfNatNat (nat_lit 3)))
                                                                                        Rat Rat.instField)
                                                                                      (@CyclotomicField.instCharZero.{0}
                                                                                        (@OfNat.ofNat.{0} Nat
                                                                                          (nat_lit 3)
                                                                                          (instOfNatNat (nat_lit 3)))
                                                                                        Rat Rat.instField
                                                                                        Rat.instCharZero))))
                                                                                (@Ideal.span.{0}
                                                                                  OAI.SevenEighths.HeckeFamily.O
                                                                                  (@CommSemiring.toSemiring.{0}
                                                                                    OAI.SevenEighths.HeckeFamily.O
                                                                                    (@CommRing.toCommSemiring.{0}
                                                                                      OAI.SevenEighths.HeckeFamily.O
                                                                                      (@NumberField.instCommRingRingOfIntegers.{0}
                                                                                        OAI.SevenEighths.HeckeFamily.K
                                                                                        (@CyclotomicField.instField.{0}
                                                                                          (@OfNat.ofNat.{0} Nat
                                                                                            (nat_lit 3)
                                                                                            (instOfNatNat (nat_lit 3)))
                                                                                          Rat Rat.instField))))
                                                                                  (@Singleton.singleton.{0, 0}
                                                                                    OAI.SevenEighths.HeckeFamily.O
                                                                                    (Set.{0}
                                                                                      OAI.SevenEighths.HeckeFamily.O)
                                                                                    (@Set.instSingletonSet.{0}
                                                                                      OAI.SevenEighths.HeckeFamily.O)
                                                                                    (@Subtype.val.{1}
                                                                                      OAI.SevenEighths.HeckeFamily.O
                                                                                      (fun
                                                                                          (u :
                                                                                            OAI.SevenEighths.HeckeFamily.O) =>
                                                                                        And
                                                                                          (@Ne.{1}
                                                                                            OAI.SevenEighths.HeckeFamily.O
                                                                                            u
                                                                                            (@OfNat.ofNat.{0}
                                                                                              OAI.SevenEighths.HeckeFamily.O
                                                                                              (nat_lit 0)
                                                                                              (@Zero.toOfNat0.{0}
                                                                                                OAI.SevenEighths.HeckeFamily.O
                                                                                                (@MulZeroClass.toZero.{0}
                                                                                                  OAI.SevenEighths.HeckeFamily.O
                                                                                                  (@instMulZeroClassOfSemiring.{0}
                                                                                                    OAI.SevenEighths.HeckeFamily.O
                                                                                                    (@CommSemiring.toSemiring.{0}
                                                                                                      OAI.SevenEighths.HeckeFamily.O
                                                                                                      (@CommRing.toCommSemiring.{0}
                                                                                                        OAI.SevenEighths.HeckeFamily.O
                                                                                                        (@NumberField.instCommRingRingOfIntegers.{0}
                                                                                                          OAI.SevenEighths.HeckeFamily.K
                                                                                                          (@CyclotomicField.instField.{0}
                                                                                                            (@OfNat.ofNat.{0}
                                                                                                              Nat
                                                                                                              (nat_lit
                                                                                                                3)
                                                                                                              (instOfNatNat
                                                                                                                (nat_lit
                                                                                                                  3)))
                                                                                                            Rat
                                                                                                            Rat.instField)))))))))
                                                                                          (OAI.SevenEighths.HeckeInverseAmplification.SixthFree
                                                                                            (@Ideal.span.{0}
                                                                                              OAI.SevenEighths.HeckeFamily.O
                                                                                              (@CommSemiring.toSemiring.{0}
                                                                                                OAI.SevenEighths.HeckeFamily.O
                                                                                                (@CommRing.toCommSemiring.{0}
                                                                                                  OAI.SevenEighths.HeckeFamily.O
                                                                                                  (@NumberField.instCommRingRingOfIntegers.{0}
                                                                                                    OAI.SevenEighths.HeckeFamily.K
                                                                                                    (@CyclotomicField.instField.{0}
                                                                                                      (@OfNat.ofNat.{0}
                                                                                                        Nat (nat_lit 3)
                                                                                                        (instOfNatNat
                                                                                                          (nat_lit 3)))
                                                                                                      Rat
                                                                                                      Rat.instField))))
                                                                                              (@Singleton.singleton.{0,
                                                                                                    0}
                                                                                                OAI.SevenEighths.HeckeFamily.O
                                                                                                (Set.{0}
                                                                                                  OAI.SevenEighths.HeckeFamily.O)
                                                                                                (@Set.instSingletonSet.{0}
                                                                                                  OAI.SevenEighths.HeckeFamily.O)
                                                                                                u))))
                                                                                      u)))))) →
                                                                      (∀ (s : Slot),
                                                                          @Membership.mem.{u_1, u_1} Slot
                                                                              (Finset.{u_1} Slot)
                                                                              (@SetLike.instMembership.{u_1, u_1}
                                                                                (Finset.{u_1} Slot) Slot
                                                                                (@Finset.instSetLike.{u_1} Slot))
                                                                              (@OAI.SevenEighths.HeckeDetectorRawFiber.Fiber.slots.{u_2,
                                                                                    u_1}
                                                                                M H Label Slot
                                                                                (@HPow.hPow.{0, 0, 0} Real Real Real
                                                                                  (@instHPow.{0, 0} Real Real
                                                                                    Real.instPow)
                                                                                  Z d)
                                                                                a ε tstar T allowance i F)
                                                                              s →
                                                                            @Eq.{1} (Real → Complex)
                                                                              (@OAI.SevenEighths.HeckeDetectorRawFiber.Fiber.profile.{u_2,
                                                                                    u_1}
                                                                                M H Label Slot
                                                                                (@HPow.hPow.{0, 0, 0} Real Real Real
                                                                                  (@instHPow.{0, 0} Real Real
                                                                                    Real.instPow)
                                                                                  Z d)
                                                                                a ε tstar T allowance i F s)
                                                                              W) →
                                                                        (∀ (s : Slot),
                                                                            @Membership.mem.{u_1, u_1} Slot
                                                                                (Finset.{u_1} Slot)
                                                                                (@SetLike.instMembership.{u_1, u_1}
                                                                                  (Finset.{u_1} Slot) Slot
                                                                                  (@Finset.instSetLike.{u_1} Slot))
                                                                                (@OAI.SevenEighths.HeckeDetectorRawFiber.Fiber.slots.{u_2,
                                                                                      u_1}
                                                                                  M H Label Slot
                                                                                  (@HPow.hPow.{0, 0, 0} Real Real Real
                                                                                    (@instHPow.{0, 0} Real Real
                                                                                      Real.instPow)
                                                                                    Z d)
                                                                                  a ε tstar T allowance i F)
                                                                                s →
                                                                              @Eq.{1} Real
                                                                                (@OAI.SevenEighths.HeckeDetectorRawFiber.Fiber.upper.{u_2,
                                                                                      u_1}
                                                                                  M H Label Slot
                                                                                  (@HPow.hPow.{0, 0, 0} Real Real Real
                                                                                    (@instHPow.{0, 0} Real Real
                                                                                      Real.instPow)
                                                                                    Z d)
                                                                                  a ε tstar T allowance i F s)
                                                                                bslot) →
                                                                          (∀ (s : Slot),
                                                                              @Membership.mem.{u_1, u_1} Slot
                                                                                  (Finset.{u_1} Slot)
                                                                                  (@SetLike.instMembership.{u_1, u_1}
                                                                                    (Finset.{u_1} Slot) Slot
                                                                                    (@Finset.instSetLike.{u_1} Slot))
                                                                                  (@OAI.SevenEighths.HeckeDetectorRawFiber.Fiber.slots.{u_2,
                                                                                        u_1}
                                                                                    M H Label Slot
                                                                                    (@HPow.hPow.{0, 0, 0} Real Real Real
                                                                                      (@instHPow.{0, 0} Real Real
                                                                                        Real.instPow)
                                                                                      Z d)
                                                                                    a ε tstar T allowance i F)
                                                                                  s →
                                                                                ∀
                                                                                  (P :
                                                                                    @Ideal.{0}
                                                                                      OAI.SevenEighths.HeckeFamily.O
                                                                                      (@CommSemiring.toSemiring.{0}
                                                                                        OAI.SevenEighths.HeckeFamily.O
                                                                                        (@CommRing.toCommSemiring.{0}
                                                                                          OAI.SevenEighths.HeckeFamily.O
                                                                                          (@NumberField.instCommRingRingOfIntegers.{0}
                                                                                            OAI.SevenEighths.HeckeFamily.K
                                                                                            (@CyclotomicField.instField.{0}
                                                                                              (@OfNat.ofNat.{0} Nat
                                                                                                (nat_lit 3)
                                                                                                (instOfNatNat
                                                                                                  (nat_lit 3)))
                                                                                              Rat Rat.instField))))),
                                                                                  @Membership.mem.{0, 0}
                                                                                      (@Ideal.{0}
                                                                                        OAI.SevenEighths.HeckeFamily.O
                                                                                        (@CommSemiring.toSemiring.{0}
                                                                                          OAI.SevenEighths.HeckeFamily.O
                                                                                          (@CommRing.toCommSemiring.{0}
                                                                                            OAI.SevenEighths.HeckeFamily.O
                                                                                            (@NumberField.instCommRingRingOfIntegers.{0}
                                                                                              OAI.SevenEighths.HeckeFamily.K
                                                                                              (@CyclotomicField.instField.{0}
                                                                                                (@OfNat.ofNat.{0} Nat
                                                                                                  (nat_lit 3)
                                                                                                  (instOfNatNat
                                                                                                    (nat_lit 3)))
                                                                                                Rat Rat.instField)))))
                                                                                      (Finset.{0}
                                                                                        (@Ideal.{0}
                                                                                          OAI.SevenEighths.HeckeFamily.O
                                                                                          (@CommSemiring.toSemiring.{0}
                                                                                            OAI.SevenEighths.HeckeFamily.O
                                                                                            (@CommRing.toCommSemiring.{0}
                                                                                              OAI.SevenEighths.HeckeFamily.O
                                                                                              (@NumberField.instCommRingRingOfIntegers.{0}
                                                                                                OAI.SevenEighths.HeckeFamily.K
                                                                                                (@CyclotomicField.instField.{0}
                                                                                                  (@OfNat.ofNat.{0} Nat
                                                                                                    (nat_lit 3)
                                                                                                    (instOfNatNat
                                                                                                      (nat_lit 3)))
                                                                                                  Rat
                                                                                                  Rat.instField))))))
                                                                                      (@SetLike.instMembership.{0, 0}
                                                                                        (Finset.{0}
                                                                                          (@Ideal.{0}
                                                                                            OAI.SevenEighths.HeckeFamily.O
                                                                                            (@CommSemiring.toSemiring.{0}
                                                                                              OAI.SevenEighths.HeckeFamily.O
                                                                                              (@CommRing.toCommSemiring.{0}
                                                                                                OAI.SevenEighths.HeckeFamily.O
                                                                                                (@NumberField.instCommRingRingOfIntegers.{0}
                                                                                                  OAI.SevenEighths.HeckeFamily.K
                                                                                                  (@CyclotomicField.instField.{0}
                                                                                                    (@OfNat.ofNat.{0}
                                                                                                      Nat (nat_lit 3)
                                                                                                      (instOfNatNat
                                                                                                        (nat_lit 3)))
                                                                                                    Rat
                                                                                                    Rat.instField))))))
                                                                                        (@Ideal.{0}
                                                                                          OAI.SevenEighths.HeckeFamily.O
                                                                                          (@CommSemiring.toSemiring.{0}
                                                                                            OAI.SevenEighths.HeckeFamily.O
                                                                                            (@CommRing.toCommSemiring.{0}
                                                                                              OAI.SevenEighths.HeckeFamily.O
                                                                                              (@NumberField.instCommRingRingOfIntegers.{0}
                                                                                                OAI.SevenEighths.HeckeFamily.K
                                                                                                (@CyclotomicField.instField.{0}
                                                                                                  (@OfNat.ofNat.{0} Nat
                                                                                                    (nat_lit 3)
                                                                                                    (instOfNatNat
                                                                                                      (nat_lit 3)))
                                                                                                  Rat Rat.instField)))))
                                                                                        (@Finset.instSetLike.{0}
                                                                                          (@Ideal.{0}
                                                                                            OAI.SevenEighths.HeckeFamily.O
                                                                                            (@CommSemiring.toSemiring.{0}
                                                                                              OAI.SevenEighths.HeckeFamily.O
                                                                                              (@CommRing.toCommSemiring.{0}
                                                                                                OAI.SevenEighths.HeckeFamily.O
                                                                                                (@NumberField.instCommRingRingOfIntegers.{0}
                                                                                                  OAI.SevenEighths.HeckeFamily.K
                                                                                                  (@CyclotomicField.instField.{0}
                                                                                                    (@OfNat.ofNat.{0}
                                                                                                      Nat (nat_lit 3)
                                                                                                      (instOfNatNat
                                                                                                        (nat_lit 3)))
                                                                                                    Rat
                                                                                                    Rat.instField)))))))
                                                                                      (OAI.SevenEighths.CenteredMomentPrimeSlot.primePool
                                                                                        M H
                                                                                        (@OAI.SevenEighths.HeckeDetectorRawFiber.Fiber.upper.{u_2,
                                                                                              u_1}
                                                                                          M H Label Slot
                                                                                          (@HPow.hPow.{0, 0, 0} Real
                                                                                            Real Real
                                                                                            (@instHPow.{0, 0} Real Real
                                                                                              Real.instPow)
                                                                                            Z d)
                                                                                          a ε tstar T allowance i F s)
                                                                                        (@HPow.hPow.{0, 0, 0} Real Real
                                                                                          Real
                                                                                          (@instHPow.{0, 0} Real Real
                                                                                            Real.instPow)
                                                                                          (@HPow.hPow.{0, 0, 0} Real
                                                                                            Real Real
                                                                                            (@instHPow.{0, 0} Real Real
                                                                                              Real.instPow)
                                                                                            Z d)
                                                                                          (@OAI.SevenEighths.HeckeDetectorRawFiber.Fiber.widths.{u_2,
                                                                                                u_1}
                                                                                            M H Label Slot
                                                                                            (@HPow.hPow.{0, 0, 0} Real
                                                                                              Real Real
                                                                                              (@instHPow.{0, 0} Real
                                                                                                Real Real.instPow)
                                                                                              Z d)
                                                                                            a ε tstar T allowance i F
                                                                                            s)))
                                                                                      P →
                                                                                    @Ne.{1} Complex
                                                                                        (@OAI.SevenEighths.HeckeDetectorRawFiber.Fiber.profile.{u_2,
                                                                                              u_1}
                                                                                          M H Label Slot
                                                                                          (@HPow.hPow.{0, 0, 0} Real
                                                                                            Real Real
                                                                                            (@instHPow.{0, 0} Real Real
                                                                                              Real.instPow)
                                                                                            Z d)
                                                                                          a ε tstar T allowance i F s
                                                                                          (@HDiv.hDiv.{0, 0, 0} Real
                                                                                            Real Real
                                                                                            (@instHDiv.{0} Real
                                                                                              (@DivInvMonoid.toDiv.{0}
                                                                                                Real
                                                                                                Real.instDivInvMonoid))
                                                                                            (@Nat.cast.{0} Real
                                                                                              Real.instNatCast
                                                                                              (@DFunLike.coe.{1, 1, 1}
                                                                                                (@MonoidWithZeroHom.{0,
                                                                                                      0}
                                                                                                  (@Ideal.{0}
                                                                                                    OAI.SevenEighths.HeckeFamily.O
                                                                                                    (@CommSemiring.toSemiring.{0}
                                                                                                      OAI.SevenEighths.HeckeFamily.O
                                                                                                      (@CommRing.toCommSemiring.{0}
                                                                                                        OAI.SevenEighths.HeckeFamily.O
                                                                                                        (@NumberField.instCommRingRingOfIntegers.{0}
                                                                                                          OAI.SevenEighths.HeckeFamily.K
                                                                                                          (@CyclotomicField.instField.{0}
                                                                                                            (@OfNat.ofNat.{0}
                                                                                                              Nat
                                                                                                              (nat_lit
                                                                                                                3)
                                                                                                              (instOfNatNat
                                                                                                                (nat_lit
                                                                                                                  3)))
                                                                                                            Rat
                                                                                                            Rat.instField)))))
                                                                                                  Nat
                                                                                                  (@instMulZeroOneClassOfSemiring.{0}
                                                                                                    (@Ideal.{0}
                                                                                                      OAI.SevenEighths.HeckeFamily.O
                                                                                                      (@CommSemiring.toSemiring.{0}
                                                                                                        OAI.SevenEighths.HeckeFamily.O
                                                                                                        (@CommRing.toCommSemiring.{0}
                                                                                                          OAI.SevenEighths.HeckeFamily.O
                                                                                                          (@NumberField.instCommRingRingOfIntegers.{0}
                                                                                                            OAI.SevenEighths.HeckeFamily.K
                                                                                                            (@CyclotomicField.instField.{0}
                                                                                                              (@OfNat.ofNat.{0}
                                                                                                                Nat
                                                                                                                (nat_lit
                                                                                                                  3)
                                                                                                                (instOfNatNat
                                                                                                                  (nat_lit
                                                                                                                    3)))
                                                                                                              Rat
                                                                                                              Rat.instField)))))
                                                                                                    (@IdemSemiring.toSemiring.{0}
                                                                                                      (@Ideal.{0}
                                                                                                        OAI.SevenEighths.HeckeFamily.O
                                                                                                        (@CommSemiring.toSemiring.{0}
                                                                                                          OAI.SevenEighths.HeckeFamily.O
                                                                                                          (@CommRing.toCommSemiring.{0}
                                                                                                            OAI.SevenEighths.HeckeFamily.O
                                                                                                            (@NumberField.instCommRingRingOfIntegers.{0}
                                                                                                              OAI.SevenEighths.HeckeFamily.K
                                                                                                              (@CyclotomicField.instField.{0}
                                                                                                                (@OfNat.ofNat.{0}
                                                                                                                  Nat
                                                                                                                  (nat_lit
                                                                                                                    3)
                                                                                                                  (instOfNatNat
                                                                                                                    (nat_lit
                                                                                                                      3)))
                                                                                                                Rat
                                                                                                                Rat.instField)))))
                                                                                                      (@Submodule.idemSemiring.{0,
                                                                                                            0}
                                                                                                        OAI.SevenEighths.HeckeFamily.O
                                                                                                        (@CommRing.toCommSemiring.{0}
                                                                                                          OAI.SevenEighths.HeckeFamily.O
                                                                                                          (@NumberField.instCommRingRingOfIntegers.{0}
                                                                                                            OAI.SevenEighths.HeckeFamily.K
                                                                                                            (@CyclotomicField.instField.{0}
                                                                                                              (@OfNat.ofNat.{0}
                                                                                                                Nat
                                                                                                                (nat_lit
                                                                                                                  3)
                                                                                                                (instOfNatNat
                                                                                                                  (nat_lit
                                                                                                                    3)))
                                                                                                              Rat
                                                                                                              Rat.instField)))
                                                                                                        OAI.SevenEighths.HeckeFamily.O
                                                                                                        (@CommSemiring.toSemiring.{0}
                                                                                                          OAI.SevenEighths.HeckeFamily.O
                                                                                                          (@CommRing.toCommSemiring.{0}
                                                                                                            OAI.SevenEighths.HeckeFamily.O
                                                                                                            (@NumberField.instCommRingRingOfIntegers.{0}
                                                                                                              OAI.SevenEighths.HeckeFamily.K
                                                                                                              (@CyclotomicField.instField.{0}
                                                                                                                (@OfNat.ofNat.{0}
                                                                                                                  Nat
                                                                                                                  (nat_lit
                                                                                                                    3)
                                                                                                                  (instOfNatNat
                                                                                                                    (nat_lit
                                                                                                                      3)))
                                                                                                                Rat
                                                                                                                Rat.instField))))
                                                                                                        (@Algebra.id.{0}
                                                                                                          OAI.SevenEighths.HeckeFamily.O
                                                                                                          (@CommRing.toCommSemiring.{0}
                                                                                                            OAI.SevenEighths.HeckeFamily.O
                                                                                                            (@NumberField.instCommRingRingOfIntegers.{0}
                                                                                                              OAI.SevenEighths.HeckeFamily.K
                                                                                                              (@CyclotomicField.instField.{0}
                                                                                                                (@OfNat.ofNat.{0}
                                                                                                                  Nat
                                                                                                                  (nat_lit
                                                                                                                    3)
                                                                                                                  (instOfNatNat
                                                                                                                    (nat_lit
                                                                                                                      3)))
                                                                                                                Rat
                                                                                                                Rat.instField)))))))
                                                                                                  Nat.instMulZeroOneClass)
                                                                                                (@Ideal.{0}
                                                                                                  OAI.SevenEighths.HeckeFamily.O
                                                                                                  (@CommSemiring.toSemiring.{0}
                                                                                                    OAI.SevenEighths.HeckeFamily.O
                                                                                                    (@CommRing.toCommSemiring.{0}
                                                                                                      OAI.SevenEighths.HeckeFamily.O
                                                                                                      (@NumberField.instCommRingRingOfIntegers.{0}
                                                                                                        OAI.SevenEighths.HeckeFamily.K
                                                                                                        (@CyclotomicField.instField.{0}
                                                                                                          (@OfNat.ofNat.{0}
                                                                                                            Nat
                                                                                                            (nat_lit 3)
                                                                                                            (instOfNatNat
                                                                                                              (nat_lit
                                                                                                                3)))
                                                                                                          Rat
                                                                                                          Rat.instField)))))
                                                                                                (fun
                                                                                                    (x :
                                                                                                      @Ideal.{0}
                                                                                                        OAI.SevenEighths.HeckeFamily.O
                                                                                                        (@CommSemiring.toSemiring.{0}
                                                                                                          OAI.SevenEighths.HeckeFamily.O
                                                                                                          (@CommRing.toCommSemiring.{0}
                                                                                                            OAI.SevenEighths.HeckeFamily.O
                                                                                                            (@NumberField.instCommRingRingOfIntegers.{0}
                                                                                                              OAI.SevenEighths.HeckeFamily.K
                                                                                                              (@CyclotomicField.instField.{0}
                                                                                                                (@OfNat.ofNat.{0}
                                                                                                                  Nat
                                                                                                                  (nat_lit
                                                                                                                    3)
                                                                                                                  (instOfNatNat
                                                                                                                    (nat_lit
                                                                                                                      3)))
                                                                                                                Rat
                                                                                                                Rat.instField))))) =>
                                                                                                  Nat)
                                                                                                (@MonoidWithZeroHom.funLike.{0,
                                                                                                      0}
                                                                                                  (@Ideal.{0}
                                                                                                    OAI.SevenEighths.HeckeFamily.O
                                                                                                    (@CommSemiring.toSemiring.{0}
                                                                                                      OAI.SevenEighths.HeckeFamily.O
                                                                                                      (@CommRing.toCommSemiring.{0}
                                                                                                        OAI.SevenEighths.HeckeFamily.O
                                                                                                        (@NumberField.instCommRingRingOfIntegers.{0}
                                                                                                          OAI.SevenEighths.HeckeFamily.K
                                                                                                          (@CyclotomicField.instField.{0}
                                                                                                            (@OfNat.ofNat.{0}
                                                                                                              Nat
                                                                                                              (nat_lit
                                                                                                                3)
                                                                                                              (instOfNatNat
                                                                                                                (nat_lit
                                                                                                                  3)))
                                                                                                            Rat
                                                                                                            Rat.instField)))))
                                                                                                  Nat
                                                                                                  (@instMulZeroOneClassOfSemiring.{0}
                                                                                                    (@Ideal.{0}
                                                                                                      OAI.SevenEighths.HeckeFamily.O
                                                                                                      (@CommSemiring.toSemiring.{0}
                                                                                                        OAI.SevenEighths.HeckeFamily.O
                                                                                                        (@CommRing.toCommSemiring.{0}
                                                                                                          OAI.SevenEighths.HeckeFamily.O
                                                                                                          (@NumberField.instCommRingRingOfIntegers.{0}
                                                                                                            OAI.SevenEighths.HeckeFamily.K
                                                                                                            (@CyclotomicField.instField.{0}
                                                                                                              (@OfNat.ofNat.{0}
                                                                                                                Nat
                                                                                                                (nat_lit
                                                                                                                  3)
                                                                                                                (instOfNatNat
                                                                                                                  (nat_lit
                                                                                                                    3)))
                                                                                                              Rat
                                                                                                              Rat.instField)))))
                                                                                                    (@IdemSemiring.toSemiring.{0}
                                                                                                      (@Ideal.{0}
                                                                                                        OAI.SevenEighths.HeckeFamily.O
                                                                                                        (@CommSemiring.toSemiring.{0}
                                                                                                          OAI.SevenEighths.HeckeFamily.O
                                                                                                          (@CommRing.toCommSemiring.{0}
                                                                                                            OAI.SevenEighths.HeckeFamily.O
                                                                                                            (@NumberField.instCommRingRingOfIntegers.{0}
                                                                                                              OAI.SevenEighths.HeckeFamily.K
                                                                                                              (@CyclotomicField.instField.{0}
                                                                                                                (@OfNat.ofNat.{0}
                                                                                                                  Nat
                                                                                                                  (nat_lit
                                                                                                                    3)
                                                                                                                  (instOfNatNat
                                                                                                                    (nat_lit
                                                                                                                      3)))
                                                                                                                Rat
                                                                                                                Rat.instField)))))
                                                                                                      (@Submodule.idemSemiring.{0,
                                                                                                            0}
                                                                                                        OAI.SevenEighths.HeckeFamily.O
                                                                                                        (@CommRing.toCommSemiring.{0}
                                                                                                          OAI.SevenEighths.HeckeFamily.O
                                                                                                          (@NumberField.instCommRingRingOfIntegers.{0}
                                                                                                            OAI.SevenEighths.HeckeFamily.K
                                                                                                            (@CyclotomicField.instField.{0}
                                                                                                              (@OfNat.ofNat.{0}
                                                                                                                Nat
                                                                                                                (nat_lit
                                                                                                                  3)
                                                                                                                (instOfNatNat
                                                                                                                  (nat_lit
                                                                                                                    3)))
                                                                                                              Rat
                                                                                                              Rat.instField)))
                                                                                                        OAI.SevenEighths.HeckeFamily.O
                                                                                                        (@CommSemiring.toSemiring.{0}
                                                                                                          OAI.SevenEighths.HeckeFamily.O
                                                                                                          (@CommRing.toCommSemiring.{0}
                                                                                                            OAI.SevenEighths.HeckeFamily.O
                                                                                                            (@NumberField.instCommRingRingOfIntegers.{0}
                                                                                                              OAI.SevenEighths.HeckeFamily.K
                                                                                                              (@CyclotomicField.instField.{0}
                                                                                                                (@OfNat.ofNat.{0}
                                                                                                                  Nat
                                                                                                                  (nat_lit
                                                                                                                    3)
                                                                                                                  (instOfNatNat
                                                                                                                    (nat_lit
                                                                                                                      3)))
                                                                                                                Rat
                                                                                                                Rat.instField))))
                                                                                                        (@Algebra.id.{0}
                                                                                                          OAI.SevenEighths.HeckeFamily.O
                                                                                                          (@CommRing.toCommSemiring.{0}
                                                                                                            OAI.SevenEighths.HeckeFamily.O
                                                                                                            (@NumberField.instCommRingRingOfIntegers.{0}
                                                                                                              OAI.SevenEighths.HeckeFamily.K
                                                                                                              (@CyclotomicField.instField.{0}
                                                                                                                (@OfNat.ofNat.{0}
                                                                                                                  Nat
                                                                                                                  (nat_lit
                                                                                                                    3)
                                                                                                                  (instOfNatNat
                                                                                                                    (nat_lit
                                                                                                                      3)))
                                                                                                                Rat
                                                                                                                Rat.instField)))))))
                                                                                                  Nat.instMulZeroOneClass)
                                                                                                (@Ideal.absNorm.{0}
                                                                                                  OAI.SevenEighths.HeckeFamily.O
                                                                                                  (@NumberField.instCommRingRingOfIntegers.{0}
                                                                                                    OAI.SevenEighths.HeckeFamily.K
                                                                                                    (@CyclotomicField.instField.{0}
                                                                                                      (@OfNat.ofNat.{0}
                                                                                                        Nat (nat_lit 3)
                                                                                                        (instOfNatNat
                                                                                                          (nat_lit 3)))
                                                                                                      Rat
                                                                                                      Rat.instField))
                                                                                                  (@NumberField.RingOfIntegers.instIsDedekindDomain.{0}
                                                                                                    OAI.SevenEighths.HeckeFamily.K
                                                                                                    (@CyclotomicField.instField.{0}
                                                                                                      (@OfNat.ofNat.{0}
                                                                                                        Nat (nat_lit 3)
                                                                                                        (instOfNatNat
                                                                                                          (nat_lit 3)))
                                                                                                      Rat Rat.instField)
                                                                                                    (@CyclotomicField.instNumberField.{0}
                                                                                                      (@OfNat.ofNat.{0}
                                                                                                        Nat (nat_lit 3)
                                                                                                        (instOfNatNat
                                                                                                          (nat_lit 3)))
                                                                                                      Rat Rat.instField
                                                                                                      Rat.numberField))
                                                                                                  (@CharZero.infinite.{0}
                                                                                                    OAI.SevenEighths.HeckeFamily.O
                                                                                                    (@AddGroupWithOne.toAddMonoidWithOne.{0}
                                                                                                      OAI.SevenEighths.HeckeFamily.O
                                                                                                      (@Ring.toAddGroupWithOne.{0}
                                                                                                        OAI.SevenEighths.HeckeFamily.O
                                                                                                        (@CommRing.toRing.{0}
                                                                                                          OAI.SevenEighths.HeckeFamily.O
                                                                                                          (@NumberField.instCommRingRingOfIntegers.{0}
                                                                                                            OAI.SevenEighths.HeckeFamily.K
                                                                                                            (@CyclotomicField.instField.{0}
                                                                                                              (@OfNat.ofNat.{0}
                                                                                                                Nat
                                                                                                                (nat_lit
                                                                                                                  3)
                                                                                                                (instOfNatNat
                                                                                                                  (nat_lit
                                                                                                                    3)))
                                                                                                              Rat
                                                                                                              Rat.instField)))))
                                                                                                    (@NumberField.RingOfIntegers.instCharZero_1.{0}
                                                                                                      OAI.SevenEighths.HeckeFamily.K
                                                                                                      (@CyclotomicField.instField.{0}
                                                                                                        (@OfNat.ofNat.{0}
                                                                                                          Nat
                                                                                                          (nat_lit 3)
                                                                                                          (instOfNatNat
                                                                                                            (nat_lit
                                                                                                              3)))
                                                                                                        Rat
                                                                                                        Rat.instField)
                                                                                                      (@CyclotomicField.instCharZero.{0}
                                                                                                        (@OfNat.ofNat.{0}
                                                                                                          Nat
                                                                                                          (nat_lit 3)
                                                                                                          (instOfNatNat
                                                                                                            (nat_lit
                                                                                                              3)))
                                                                                                        Rat
                                                                                                        Rat.instField
                                                                                                        Rat.instCharZero))))
                                                                                                P))
                                                                                            (@HPow.hPow.{0, 0, 0} Real
                                                                                              Real Real
                                                                                              (@instHPow.{0, 0} Real
                                                                                                Real Real.instPow)
                                                                                              (@HPow.hPow.{0, 0, 0} Real
                                                                                                Real Real
                                                                                                (@instHPow.{0, 0} Real
                                                                                                  Real Real.instPow)
                                                                                                Z d)
                                                                                              (@OAI.SevenEighths.HeckeDetectorRawFiber.Fiber.widths.{u_2,
                                                                                                    u_1}
                                                                                                M H Label Slot
                                                                                                (@HPow.hPow.{0, 0, 0}
                                                                                                  Real Real Real
                                                                                                  (@instHPow.{0, 0} Real
                                                                                                    Real Real.instPow)
                                                                                                  Z d)
                                                                                                a ε tstar T allowance i
                                                                                                F s))))
                                                                                        (@OfNat.ofNat.{0} Complex
                                                                                          (nat_lit 0)
                                                                                          (@Zero.toOfNat0.{0} Complex
                                                                                            Complex.instZero)) →
                                                                                      @IsCoprime.{0}
                                                                                        (@Ideal.{0}
                                                                                          OAI.SevenEighths.HeckeFamily.O
                                                                                          (@CommSemiring.toSemiring.{0}
                                                                                            OAI.SevenEighths.HeckeFamily.O
                                                                                            (@CommRing.toCommSemiring.{0}
                                                                                              OAI.SevenEighths.HeckeFamily.O
                                                                                              (@NumberField.instCommRingRingOfIntegers.{0}
                                                                                                OAI.SevenEighths.HeckeFamily.K
                                                                                                (@CyclotomicField.instField.{0}
                                                                                                  (@OfNat.ofNat.{0} Nat
                                                                                                    (nat_lit 3)
                                                                                                    (instOfNatNat
                                                                                                      (nat_lit 3)))
                                                                                                  Rat Rat.instField)))))
                                                                                        (@IdemCommSemiring.toCommSemiring.{0}
                                                                                          (@Ideal.{0}
                                                                                            OAI.SevenEighths.HeckeFamily.O
                                                                                            (@CommSemiring.toSemiring.{0}
                                                                                              OAI.SevenEighths.HeckeFamily.O
                                                                                              (@CommRing.toCommSemiring.{0}
                                                                                                OAI.SevenEighths.HeckeFamily.O
                                                                                                (@NumberField.instCommRingRingOfIntegers.{0}
                                                                                                  OAI.SevenEighths.HeckeFamily.K
                                                                                                  (@CyclotomicField.instField.{0}
                                                                                                    (@OfNat.ofNat.{0}
                                                                                                      Nat (nat_lit 3)
                                                                                                      (instOfNatNat
                                                                                                        (nat_lit 3)))
                                                                                                    Rat
                                                                                                    Rat.instField)))))
                                                                                          (@Ideal.instIdemCommSemiring.{0}
                                                                                            OAI.SevenEighths.HeckeFamily.O
                                                                                            (@CommRing.toCommSemiring.{0}
                                                                                              OAI.SevenEighths.HeckeFamily.O
                                                                                              (@NumberField.instCommRingRingOfIntegers.{0}
                                                                                                OAI.SevenEighths.HeckeFamily.K
                                                                                                (@CyclotomicField.instField.{0}
                                                                                                  (@OfNat.ofNat.{0} Nat
                                                                                                    (nat_lit 3)
                                                                                                    (instOfNatNat
                                                                                                      (nat_lit 3)))
                                                                                                  Rat Rat.instField)))))
                                                                                        P
                                                                                        (OAI.SevenEighths.HeckeFamily.Character.modulus
                                                                                          (η
                                                                                            (@OAI.SevenEighths.HeckeDetectorRawFiber.Fiber.label.{u_2,
                                                                                                  u_1}
                                                                                              M H Label Slot
                                                                                              (@HPow.hPow.{0, 0, 0} Real
                                                                                                Real Real
                                                                                                (@instHPow.{0, 0} Real
                                                                                                  Real Real.instPow)
                                                                                                Z d)
                                                                                              a ε tstar T allowance i
                                                                                              F)))) →
                                                                            (∀ (s : Slot),
                                                                                @Membership.mem.{u_1, u_1} Slot
                                                                                    (Finset.{u_1} Slot)
                                                                                    (@SetLike.instMembership.{u_1, u_1}
                                                                                      (Finset.{u_1} Slot) Slot
                                                                                      (@Finset.instSetLike.{u_1} Slot))
                                                                                    (@OAI.SevenEighths.HeckeDetectorRawFiber.Fiber.slots.{u_2,
                                                                                          u_1}
                                                                                      M H Label Slot
                                                                                      (@HPow.hPow.{0, 0, 0} Real Real
                                                                                        Real
                                                                                        (@instHPow.{0, 0} Real Real
                                                                                          Real.instPow)
                                                                                        Z d)
                                                                                      a ε tstar T allowance i F)
                                                                                    s →
                                                                                  @LE.le.{0} Real Real.instLE
                                                                                    (@HMul.hMul.{0, 0, 0} Real Real Real
                                                                                      (@instHMul.{0} Real Real.instMul)
                                                                                      d
                                                                                      (@OAI.SevenEighths.HeckeDetectorRawFiber.Fiber.widths.{u_2,
                                                                                            u_1}
                                                                                        M H Label Slot
                                                                                        (@HPow.hPow.{0, 0, 0} Real Real
                                                                                          Real
                                                                                          (@instHPow.{0, 0} Real Real
                                                                                            Real.instPow)
                                                                                          Z d)
                                                                                        a ε tstar T allowance i F s))
                                                                                    (OAI.SevenEighths.CenteredMomentEnergyWidthRanges.fineMesh
                                                                                      Mcap
                                                                                      (@OfNat.ofNat.{0} Real (nat_lit 0)
                                                                                        (@Zero.toOfNat0.{0} Real
                                                                                          Real.instZero))
                                                                                      L κEnergy εE)) →
                                                                              (∀ (s : Slot),
                                                                                  @Membership.mem.{u_1, u_1} Slot
                                                                                      (Finset.{u_1} Slot)
                                                                                      (@SetLike.instMembership.{u_1,
                                                                                            u_1}
                                                                                        (Finset.{u_1} Slot) Slot
                                                                                        (@Finset.instSetLike.{u_1}
                                                                                          Slot))
                                                                                      (@OAI.SevenEighths.HeckeDetectorRawFiber.Fiber.slots.{u_2,
                                                                                            u_1}
                                                                                        M H Label Slot
                                                                                        (@HPow.hPow.{0, 0, 0} Real Real
                                                                                          Real
                                                                                          (@instHPow.{0, 0} Real Real
                                                                                            Real.instPow)
                                                                                          Z d)
                                                                                        a ε tstar T allowance i F)
                                                                                      s →
                                                                                    @Eq.{1} Real
                                                                                      (Complex.re
                                                                                        (@OAI.SevenEighths.HeckeDetectorRawFiber.Fiber.external.{u_2,
                                                                                              u_1}
                                                                                          M H Label Slot
                                                                                          (@HPow.hPow.{0, 0, 0} Real
                                                                                            Real Real
                                                                                            (@instHPow.{0, 0} Real Real
                                                                                              Real.instPow)
                                                                                            Z d)
                                                                                          a ε tstar T allowance i F s))
                                                                                      (@HDiv.hDiv.{0, 0, 0} Real Real
                                                                                        Real
                                                                                        (@instHDiv.{0} Real
                                                                                          (@DivInvMonoid.toDiv.{0} Real
                                                                                            Real.instDivInvMonoid))
                                                                                        (@OfNat.ofNat.{0} Real
                                                                                          (nat_lit 17)
                                                                                          (@instOfNatAtLeastTwo.{0} Real
                                                                                            (nat_lit 17)
                                                                                            Real.instNatCast
                                                                                            (@Nat.instAtLeastTwoHAddOfNat
                                                                                              (@OfNat.ofNat.{0} Nat
                                                                                                (nat_lit 16)
                                                                                                (instOfNatNat
                                                                                                  (nat_lit 16)))
                                                                                              (@Nat.instNeZeroSucc
                                                                                                (@OfNat.ofNat.{0} Nat
                                                                                                  (nat_lit 15)
                                                                                                  (instOfNatNat
                                                                                                    (nat_lit 15)))))))
                                                                                        (@OfNat.ofNat.{0} Real
                                                                                          (nat_lit 50)
                                                                                          (@instOfNatAtLeastTwo.{0} Real
                                                                                            (nat_lit 50)
                                                                                            Real.instNatCast
                                                                                            (@Nat.instAtLeastTwoHAddOfNat
                                                                                              (@OfNat.ofNat.{0} Nat
                                                                                                (nat_lit 49)
                                                                                                (instOfNatNat
                                                                                                  (nat_lit 49)))
                                                                                              (@Nat.instNeZeroSucc
                                                                                                (@OfNat.ofNat.{0} Nat
                                                                                                  (nat_lit 48)
                                                                                                  (instOfNatNat
                                                                                                    (nat_lit
                                                                                                      48))))))))) →
                                                                                ∀ (height : Real),
                                                                                  @LE.le.{0} Real Real.instLE
                                                                                      (@OfNat.ofNat.{0} Real (nat_lit 0)
                                                                                        (@Zero.toOfNat0.{0} Real
                                                                                          Real.instZero))
                                                                                      height →
                                                                                    @LE.le.{0} Real Real.instLE height
                                                                                        (@HPow.hPow.{0, 0, 0} Real Real
                                                                                          Real
                                                                                          (@instHPow.{0, 0} Real Real
                                                                                            Real.instPow)
                                                                                          Z
                                                                                          (@HMul.hMul.{0, 0, 0} Real
                                                                                            Real Real
                                                                                            (@instHMul.{0} Real
                                                                                              Real.instMul)
                                                                                            (@OfNat.ofNat.{0} Real
                                                                                              (nat_lit 2)
                                                                                              (@instOfNatAtLeastTwo.{0}
                                                                                                Real (nat_lit 2)
                                                                                                Real.instNatCast
                                                                                                (@Nat.instAtLeastTwoHAddOfNat
                                                                                                  (@OfNat.ofNat.{0} Nat
                                                                                                    (nat_lit 1)
                                                                                                    (instOfNatNat
                                                                                                      (nat_lit 1)))
                                                                                                  (@Nat.instNeZeroSucc
                                                                                                    (@OfNat.ofNat.{0}
                                                                                                      Nat (nat_lit 0)
                                                                                                      (instOfNatNat
                                                                                                        (nat_lit
                                                                                                          0)))))))
                                                                                            τ')) →
                                                                                      (∀ (s : Slot),
                                                                                          @Membership.mem.{u_1, u_1}
                                                                                              Slot (Finset.{u_1} Slot)
                                                                                              (@SetLike.instMembership.{u_1,
                                                                                                    u_1}
                                                                                                (Finset.{u_1} Slot) Slot
                                                                                                (@Finset.instSetLike.{u_1}
                                                                                                  Slot))
                                                                                              (@OAI.SevenEighths.HeckeDetectorRawFiber.Fiber.slots.{u_2,
                                                                                                    u_1}
                                                                                                M H Label Slot
                                                                                                (@HPow.hPow.{0, 0, 0}
                                                                                                  Real Real Real
                                                                                                  (@instHPow.{0, 0} Real
                                                                                                    Real Real.instPow)
                                                                                                  Z d)
                                                                                                a ε tstar T allowance i
                                                                                                F)
                                                                                              s →
                                                                                            @LE.le.{0} Real Real.instLE
                                                                                              (@abs.{0} Real
                                                                                                Real.lattice
                                                                                                Real.instAddGroup
                                                                                                (Complex.im
                                                                                                  (@OAI.SevenEighths.HeckeDetectorRawFiber.Fiber.external.{u_2,
                                                                                                        u_1}
                                                                                                    M H Label Slot
                                                                                                    (@HPow.hPow.{0, 0,
                                                                                                          0}
                                                                                                      Real Real Real
                                                                                                      (@instHPow.{0, 0}
                                                                                                        Real Real
                                                                                                        Real.instPow)
                                                                                                      Z d)
                                                                                                    a ε tstar T
                                                                                                    allowance i F s)))
                                                                                              height) →
                                                                                        ∀
                                                                                          (selected :
                                                                                            Finset.{u_1} Slot),
                                                                                          @LE.le.{u_1}
                                                                                              (Finset.{u_1} Slot)
                                                                                              (@Preorder.toLE.{u_1}
                                                                                                (Finset.{u_1} Slot)
                                                                                                (@PartialOrder.toPreorder.{u_1}
                                                                                                  (Finset.{u_1} Slot)
                                                                                                  (@Finset.instPartialOrder.{u_1}
                                                                                                    Slot)))
                                                                                              selected
                                                                                              (@OAI.SevenEighths.HeckeDetectorRawFiber.Fiber.slots.{u_2,
                                                                                                    u_1}
                                                                                                M H Label Slot
                                                                                                (@HPow.hPow.{0, 0, 0}
                                                                                                  Real Real Real
                                                                                                  (@instHPow.{0, 0} Real
                                                                                                    Real Real.instPow)
                                                                                                  Z d)
                                                                                                a ε tstar T allowance i
                                                                                                F) →
                                                                                            @LE.le.{0} Real Real.instLE
                                                                                                (@HAdd.hAdd.{0, 0, 0}
                                                                                                  Real Real Real
                                                                                                  (@instHAdd.{0} Real
                                                                                                    Real.instAdd)
                                                                                                  (@HMul.hMul.{0, 0, 0}
                                                                                                    Real Real Real
                                                                                                    (@instHMul.{0} Real
                                                                                                      Real.instMul)
                                                                                                    (@OfNat.ofNat.{0}
                                                                                                      Real (nat_lit 2)
                                                                                                      (@instOfNatAtLeastTwo.{0}
                                                                                                        Real (nat_lit 2)
                                                                                                        Real.instNatCast
                                                                                                        (@Nat.instAtLeastTwoHAddOfNat
                                                                                                          (@OfNat.ofNat.{0}
                                                                                                            Nat
                                                                                                            (nat_lit 1)
                                                                                                            (instOfNatNat
                                                                                                              (nat_lit
                                                                                                                1)))
                                                                                                          (@Nat.instNeZeroSucc
                                                                                                            (@OfNat.ofNat.{0}
                                                                                                              Nat
                                                                                                              (nat_lit
                                                                                                                0)
                                                                                                              (instOfNatNat
                                                                                                                (nat_lit
                                                                                                                  0)))))))
                                                                                                    (@OAI.SevenEighths.HeckeDetectorRawFiber.Fiber.m.{u_2,
                                                                                                          u_1}
                                                                                                      M H Label Slot
                                                                                                      (@HPow.hPow.{0, 0,
                                                                                                            0}
                                                                                                        Real Real Real
                                                                                                        (@instHPow.{0,
                                                                                                              0}
                                                                                                          Real Real
                                                                                                          Real.instPow)
                                                                                                        Z d)
                                                                                                      a ε tstar T
                                                                                                      allowance i F))
                                                                                                  (@HMul.hMul.{0, 0, 0}
                                                                                                    Real Real Real
                                                                                                    (@instHMul.{0} Real
                                                                                                      Real.instMul)
                                                                                                    (@HMul.hMul.{0, 0,
                                                                                                          0}
                                                                                                      Real Real Real
                                                                                                      (@instHMul.{0}
                                                                                                        Real
                                                                                                        Real.instMul)
                                                                                                      (@OfNat.ofNat.{0}
                                                                                                        Real (nat_lit 6)
                                                                                                        (@instOfNatAtLeastTwo.{0}
                                                                                                          Real
                                                                                                          (nat_lit 6)
                                                                                                          Real.instNatCast
                                                                                                          (@Nat.instAtLeastTwoHAddOfNat
                                                                                                            (@OfNat.ofNat.{0}
                                                                                                              Nat
                                                                                                              (nat_lit
                                                                                                                5)
                                                                                                              (instOfNatNat
                                                                                                                (nat_lit
                                                                                                                  5)))
                                                                                                            (@Nat.instNeZeroSucc
                                                                                                              (@OfNat.ofNat.{0}
                                                                                                                Nat
                                                                                                                (nat_lit
                                                                                                                  4)
                                                                                                                (instOfNatNat
                                                                                                                  (nat_lit
                                                                                                                    4)))))))
                                                                                                      κPlain)
                                                                                                    (@Finset.sum.{u_1,
                                                                                                          0}
                                                                                                      Slot Real
                                                                                                      Real.instAddCommMonoid
                                                                                                      selected
                                                                                                      fun (s : Slot) =>
                                                                                                      @OAI.SevenEighths.HeckeDetectorRawFiber.Fiber.widths.{u_2,
                                                                                                            u_1}
                                                                                                        M H Label Slot
                                                                                                        (@HPow.hPow.{0,
                                                                                                              0, 0}
                                                                                                          Real Real Real
                                                                                                          (@instHPow.{0,
                                                                                                                0}
                                                                                                            Real Real
                                                                                                            Real.instPow)
                                                                                                          Z d)
                                                                                                        a ε tstar T
                                                                                                        allowance i F
                                                                                                        s)))
                                                                                                (@OfNat.ofNat.{0} Real
                                                                                                  (nat_lit 1)
                                                                                                  (@One.toOfNat1.{0}
                                                                                                    Real
                                                                                                    Real.instOne)) →
                                                                                              ∀ (j k : Nat),
                                                                                                @LE.le.{0} Nat instLENat
                                                                                                    (@HAdd.hAdd.{0, 0,
                                                                                                          0}
                                                                                                      Nat Nat Nat
                                                                                                      (@instHAdd.{0} Nat
                                                                                                        instAddNat)
                                                                                                      j k)
                                                                                                    (@OfNat.ofNat.{0}
                                                                                                      Nat (nat_lit 2)
                                                                                                      (instOfNatNat
                                                                                                        (nat_lit 2))) →
                                                                                                  ∀ (σ : Real),
                                                                                                    @Membership.mem.{0,
                                                                                                            0}
                                                                                                        Real
                                                                                                        (Set.{0} Real)
                                                                                                        (@Set.instMembership.{0}
                                                                                                          Real)
                                                                                                        (@Set.Icc.{0}
                                                                                                          Real
                                                                                                          Real.instPreorder
                                                                                                          (@OfNat.ofNat.{0}
                                                                                                            Real
                                                                                                            (nat_lit 0)
                                                                                                            (@Zero.toOfNat0.{0}
                                                                                                              Real
                                                                                                              Real.instZero))
                                                                                                          (@OfNat.ofNat.{0}
                                                                                                            Real
                                                                                                            (nat_lit 1)
                                                                                                            (@One.toOfNat1.{0}
                                                                                                              Real
                                                                                                              Real.instOne)))
                                                                                                        σ →
                                                                                                      ∀ (t : Real),
                                                                                                        @Membership.mem.{0,
                                                                                                                0}
                                                                                                            Real
                                                                                                            (Set.{0}
                                                                                                              Real)
                                                                                                            (@Set.instMembership.{0}
                                                                                                              Real)
                                                                                                            (@Set.Icc.{0}
                                                                                                              Real
                                                                                                              Real.instPreorder
                                                                                                              (@Neg.neg.{0}
                                                                                                                Real
                                                                                                                Real.instNeg
                                                                                                                height)
                                                                                                              height)
                                                                                                            t →
                                                                                                          @LE.le.{0}
                                                                                                            Real
                                                                                                            Real.instLE
                                                                                                            (@Finset.sum.{0,
                                                                                                                  0}
                                                                                                              OAI.SevenEighths.HeckeInverseAmplification.FreeRow
                                                                                                              Real
                                                                                                              Real.instAddCommMonoid
                                                                                                              (@OAI.SevenEighths.HeckeDetectorRawFiber.Fiber.rows.{u_2,
                                                                                                                    u_1}
                                                                                                                M H
                                                                                                                Label
                                                                                                                Slot
                                                                                                                (@HPow.hPow.{0,
                                                                                                                      0,
                                                                                                                      0}
                                                                                                                  Real
                                                                                                                  Real
                                                                                                                  Real
                                                                                                                  (@instHPow.{0,
                                                                                                                        0}
                                                                                                                    Real
                                                                                                                    Real
                                                                                                                    Real.instPow)
                                                                                                                  Z d)
                                                                                                                a ε
                                                                                                                tstar T
                                                                                                                allowance
                                                                                                                i F)
                                                                                                              fun
                                                                                                                (u :
                                                                                                                  OAI.SevenEighths.HeckeInverseAmplification.FreeRow) =>
                                                                                                              @HPow.hPow.{0,
                                                                                                                    0,
                                                                                                                    0}
                                                                                                                Real Nat
                                                                                                                Real
                                                                                                                (@instHPow.{0,
                                                                                                                      0}
                                                                                                                  Real
                                                                                                                  Nat
                                                                                                                  (@NPow.toPow.{0}
                                                                                                                    Real
                                                                                                                    (@Monoid.toNPow.{0}
                                                                                                                      Real
                                                                                                                      Real.instMonoid)))
                                                                                                                (@Norm.norm.{0}
                                                                                                                  Complex
                                                                                                                  Complex.instNorm
                                                                                                                  (@HMul.hMul.{0,
                                                                                                                        0,
                                                                                                                        0}
                                                                                                                    Complex
                                                                                                                    Complex
                                                                                                                    Complex
                                                                                                                    (@instHMul.{0}
                                                                                                                      Complex
                                                                                                                      Complex.instMul)
                                                                                                                    (@HMul.hMul.{0,
                                                                                                                          0,
                                                                                                                          0}
                                                                                                                      Complex
                                                                                                                      Complex
                                                                                                                      Complex
                                                                                                                      (@instHMul.{0}
                                                                                                                        Complex
                                                                                                                        Complex.instMul)
                                                                                                                      (OAI.SevenEighths.HeckeDyadic.polynomial
                                                                                                                        (@OAI.SevenEighths.HeckeDetectorRawFiber.Fiber.family.{u_2,
                                                                                                                              u_1}
                                                                                                                          M
                                                                                                                          H
                                                                                                                          Label
                                                                                                                          Slot
                                                                                                                          (@HPow.hPow.{0,
                                                                                                                                0,
                                                                                                                                0}
                                                                                                                            Real
                                                                                                                            Real
                                                                                                                            Real
                                                                                                                            (@instHPow.{0,
                                                                                                                                  0}
                                                                                                                              Real
                                                                                                                              Real
                                                                                                                              Real.instPow)
                                                                                                                            Z
                                                                                                                            d)
                                                                                                                          a
                                                                                                                          ε
                                                                                                                          tstar
                                                                                                                          T
                                                                                                                          allowance
                                                                                                                          i
                                                                                                                          F
                                                                                                                          u
                                                                                                                          (@OAI.SevenEighths.HeckeDetectorRawFiber.Fiber.label.{u_2,
                                                                                                                                u_1}
                                                                                                                            M
                                                                                                                            H
                                                                                                                            Label
                                                                                                                            Slot
                                                                                                                            (@HPow.hPow.{0,
                                                                                                                                  0,
                                                                                                                                  0}
                                                                                                                              Real
                                                                                                                              Real
                                                                                                                              Real
                                                                                                                              (@instHPow.{0,
                                                                                                                                    0}
                                                                                                                                Real
                                                                                                                                Real
                                                                                                                                Real.instPow)
                                                                                                                              Z
                                                                                                                              d)
                                                                                                                            a
                                                                                                                            ε
                                                                                                                            tstar
                                                                                                                            T
                                                                                                                            allowance
                                                                                                                            i
                                                                                                                            F))
                                                                                                                        Bool.false
                                                                                                                        (@Nat.iterate.{1}
                                                                                                                          (Real →
                                                                                                                            Complex)
                                                                                                                          OAI.SevenEighths.HeckeDetectorRowwisePolynomial.logProfile
                                                                                                                          j
                                                                                                                          OAI.SevenEighths.HeckeDetectorDyadicProfiles.positiveAnnular)
                                                                                                                        (@HPow.hPow.{0,
                                                                                                                              0,
                                                                                                                              0}
                                                                                                                          Real
                                                                                                                          Real
                                                                                                                          Real
                                                                                                                          (@instHPow.{0,
                                                                                                                                0}
                                                                                                                            Real
                                                                                                                            Real
                                                                                                                            Real.instPow)
                                                                                                                          (@HPow.hPow.{0,
                                                                                                                                0,
                                                                                                                                0}
                                                                                                                            Real
                                                                                                                            Real
                                                                                                                            Real
                                                                                                                            (@instHPow.{0,
                                                                                                                                  0}
                                                                                                                              Real
                                                                                                                              Real
                                                                                                                              Real.instPow)
                                                                                                                            Z
                                                                                                                            d)
                                                                                                                          (@OAI.SevenEighths.HeckeDetectorRawFiber.Fiber.m.{u_2,
                                                                                                                                u_1}
                                                                                                                            M
                                                                                                                            H
                                                                                                                            Label
                                                                                                                            Slot
                                                                                                                            (@HPow.hPow.{0,
                                                                                                                                  0,
                                                                                                                                  0}
                                                                                                                              Real
                                                                                                                              Real
                                                                                                                              Real
                                                                                                                              (@instHPow.{0,
                                                                                                                                    0}
                                                                                                                                Real
                                                                                                                                Real
                                                                                                                                Real.instPow)
                                                                                                                              Z
                                                                                                                              d)
                                                                                                                            a
                                                                                                                            ε
                                                                                                                            tstar
                                                                                                                            T
                                                                                                                            allowance
                                                                                                                            i
                                                                                                                            F))
                                                                                                                        σ
                                                                                                                        t)
                                                                                                                      (OAI.SevenEighths.HeckeDyadic.polynomial
                                                                                                                        (@OAI.SevenEighths.HeckeDetectorRawFiber.Fiber.family.{u_2,
                                                                                                                              u_1}
                                                                                                                          M
                                                                                                                          H
                                                                                                                          Label
                                                                                                                          Slot
                                                                                                                          (@HPow.hPow.{0,
                                                                                                                                0,
                                                                                                                                0}
                                                                                                                            Real
                                                                                                                            Real
                                                                                                                            Real
                                                                                                                            (@instHPow.{0,
                                                                                                                                  0}
                                                                                                                              Real
                                                                                                                              Real
                                                                                                                              Real.instPow)
                                                                                                                            Z
                                                                                                                            d)
                                                                                                                          a
                                                                                                                          ε
                                                                                                                          tstar
                                                                                                                          T
                                                                                                                          allowance
                                                                                                                          i
                                                                                                                          F
                                                                                                                          u
                                                                                                                          (@OAI.SevenEighths.HeckeDetectorRawFiber.Fiber.label.{u_2,
                                                                                                                                u_1}
                                                                                                                            M
                                                                                                                            H
                                                                                                                            Label
                                                                                                                            Slot
                                                                                                                            (@HPow.hPow.{0,
                                                                                                                                  0,
                                                                                                                                  0}
                                                                                                                              Real
                                                                                                                              Real
                                                                                                                              Real
                                                                                                                              (@instHPow.{0,
                                                                                                                                    0}
                                                                                                                                Real
                                                                                                                                Real
                                                                                                                                Real.instPow)
                                                                                                                              Z
                                                                                                                              d)
                                                                                                                            a
                                                                                                                            ε
                                                                                                                            tstar
                                                                                                                            T
                                                                                                                            allowance
                                                                                                                            i
                                                                                                                            F))
                                                                                                                        Bool.false
                                                                                                                        (@Nat.iterate.{1}
                                                                                                                          (Real →
                                                                                                                            Complex)
                                                                                                                          OAI.SevenEighths.HeckeDetectorRowwisePolynomial.logProfile
                                                                                                                          k
                                                                                                                          OAI.SevenEighths.HeckeDetectorDyadicProfiles.positiveAnnular)
                                                                                                                        (@HPow.hPow.{0,
                                                                                                                              0,
                                                                                                                              0}
                                                                                                                          Real
                                                                                                                          Real
                                                                                                                          Real
                                                                                                                          (@instHPow.{0,
                                                                                                                                0}
                                                                                                                            Real
                                                                                                                            Real
                                                                                                                            Real.instPow)
                                                                                                                          (@HPow.hPow.{0,
                                                                                                                                0,
                                                                                                                                0}
                                                                                                                            Real
                                                                                                                            Real
                                                                                                                            Real
                                                                                                                            (@instHPow.{0,
                                                                                                                                  0}
                                                                                                                              Real
                                                                                                                              Real
                                                                                                                              Real.instPow)
                                                                                                                            Z
                                                                                                                            d)
                                                                                                                          (@OAI.SevenEighths.HeckeDetectorRawFiber.Fiber.m.{u_2,
                                                                                                                                u_1}
                                                                                                                            M
                                                                                                                            H
                                                                                                                            Label
                                                                                                                            Slot
                                                                                                                            (@HPow.hPow.{0,
                                                                                                                                  0,
                                                                                                                                  0}
                                                                                                                              Real
                                                                                                                              Real
                                                                                                                              Real
                                                                                                                              (@instHPow.{0,
                                                                                                                                    0}
                                                                                                                                Real
                                                                                                                                Real
                                                                                                                                Real.instPow)
                                                                                                                              Z
                                                                                                                              d)
                                                                                                                            a
                                                                                                                            ε
                                                                                                                            tstar
                                                                                                                            T
                                                                                                                            allowance
                                                                                                                            i
                                                                                                                            F))
                                                                                                                        σ
                                                                                                                        t))
                                                                                                                    (@OAI.SevenEighths.HeckeDetectorRawFiber.Fiber.physicalProduct.{u_2,
                                                                                                                          u_1}
                                                                                                                      M
                                                                                                                      H
                                                                                                                      Label
                                                                                                                      Slot
                                                                                                                      (@HPow.hPow.{0,
                                                                                                                            0,
                                                                                                                            0}
                                                                                                                        Real
                                                                                                                        Real
                                                                                                                        Real
                                                                                                                        (@instHPow.{0,
                                                                                                                              0}
                                                                                                                          Real
                                                                                                                          Real
                                                                                                                          Real.instPow)
                                                                                                                        Z
                                                                                                                        d)
                                                                                                                      a
                                                                                                                      ε
                                                                                                                      tstar
                                                                                                                      T
                                                                                                                      allowance
                                                                                                                      i
                                                                                                                      F
                                                                                                                      selected
                                                                                                                      u)))
                                                                                                                (@OfNat.ofNat.{0}
                                                                                                                  Nat
                                                                                                                  (nat_lit
                                                                                                                    2)
                                                                                                                  (instOfNatNat
                                                                                                                    (nat_lit
                                                                                                                      2))))
                                                                                                            (@HMul.hMul.{0,
                                                                                                                  0, 0}
                                                                                                              Real Real
                                                                                                              Real
                                                                                                              (@instHMul.{0}
                                                                                                                Real
                                                                                                                Real.instMul)
                                                                                                              Ctotal
                                                                                                              (@HPow.hPow.{0,
                                                                                                                    0,
                                                                                                                    0}
                                                                                                                Real
                                                                                                                Real
                                                                                                                Real
                                                                                                                (@instHPow.{0,
                                                                                                                      0}
                                                                                                                  Real
                                                                                                                  Real
                                                                                                                  Real.instPow)
                                                                                                                (@HPow.hPow.{0,
                                                                                                                      0,
                                                                                                                      0}
                                                                                                                  Real
                                                                                                                  Real
                                                                                                                  Real
                                                                                                                  (@instHPow.{0,
                                                                                                                        0}
                                                                                                                    Real
                                                                                                                    Real
                                                                                                                    Real.instPow)
                                                                                                                  Z d)
                                                                                                                (@HAdd.hAdd.{0,
                                                                                                                      0,
                                                                                                                      0}
                                                                                                                  Real
                                                                                                                  Real
                                                                                                                  Real
                                                                                                                  (@instHAdd.{0}
                                                                                                                    Real
                                                                                                                    Real.instAdd)
                                                                                                                  (@OfNat.ofNat.{0}
                                                                                                                    Real
                                                                                                                    (nat_lit
                                                                                                                      1)
                                                                                                                    (@One.toOfNat1.{0}
                                                                                                                      Real
                                                                                                                      Real.instOne))
                                                                                                                  εm)))))
                                                (@Filter.atTop.{0} Real Real.instPreorder))))))))))
'OAI.SevenEighths.LossesBeforeSlotSourcePlainMarkedLowKappa.exists_losses_before_slots_degrees_height_and_finite_family' depends on axioms: [propext,
 Classical.choice,
 Quot.sound]
