warning: rellich-kondrachov: repository 'E:\codex-build\RH-Zero-Free-Formalization\tmp\upstream-plain\.lake/packages\rellich-kondrachov' has local changes
@OAI.SevenEighths.CenteredMomentEnergyCappedAnalyticSuccessor.actual_successor.{u_1} : ∀ {α : Type u_1}
  [Fintype.{u_1} α] [DecidableEq.{u_1 + 1} α]
  (M :
    @Ideal.{0} OAI.SevenEighths.HeckeFamily.O
      (@CommSemiring.toSemiring.{0} OAI.SevenEighths.HeckeFamily.O
        (@CommRing.toCommSemiring.{0} OAI.SevenEighths.HeckeFamily.O
          (@NumberField.instCommRingRingOfIntegers.{0} OAI.SevenEighths.HeckeFamily.K
            (@CyclotomicField.instField.{0} (@OfNat.ofNat.{0} Nat (nat_lit 3) (instOfNatNat (nat_lit 3))) Rat
              Rat.instField)))))
  [inst :
    @NeZero.{0}
      (@Ideal.{0} OAI.SevenEighths.HeckeFamily.O
        (@CommSemiring.toSemiring.{0} OAI.SevenEighths.HeckeFamily.O
          (@CommRing.toCommSemiring.{0} OAI.SevenEighths.HeckeFamily.O
            (@NumberField.instCommRingRingOfIntegers.{0} OAI.SevenEighths.HeckeFamily.K
              (@CyclotomicField.instField.{0} (@OfNat.ofNat.{0} Nat (nat_lit 3) (instOfNatNat (nat_lit 3))) Rat
                Rat.instField)))))
      (@Submodule.pointwiseZero.{0, 0} OAI.SevenEighths.HeckeFamily.O OAI.SevenEighths.HeckeFamily.O
        (@CommSemiring.toSemiring.{0} OAI.SevenEighths.HeckeFamily.O
          (@CommRing.toCommSemiring.{0} OAI.SevenEighths.HeckeFamily.O
            (@NumberField.instCommRingRingOfIntegers.{0} OAI.SevenEighths.HeckeFamily.K
              (@CyclotomicField.instField.{0} (@OfNat.ofNat.{0} Nat (nat_lit 3) (instOfNatNat (nat_lit 3))) Rat
                Rat.instField))))
        (@Semiring.toAddCommMonoid.{0} OAI.SevenEighths.HeckeFamily.O
          (@CommSemiring.toSemiring.{0} OAI.SevenEighths.HeckeFamily.O
            (@CommRing.toCommSemiring.{0} OAI.SevenEighths.HeckeFamily.O
              (@NumberField.instCommRingRingOfIntegers.{0} OAI.SevenEighths.HeckeFamily.K
                (@CyclotomicField.instField.{0} (@OfNat.ofNat.{0} Nat (nat_lit 3) (instOfNatNat (nat_lit 3))) Rat
                  Rat.instField)))))
        (@Semiring.toModule.{0} OAI.SevenEighths.HeckeFamily.O
          (@CommSemiring.toSemiring.{0} OAI.SevenEighths.HeckeFamily.O
            (@CommRing.toCommSemiring.{0} OAI.SevenEighths.HeckeFamily.O
              (@NumberField.instCommRingRingOfIntegers.{0} OAI.SevenEighths.HeckeFamily.K
                (@CyclotomicField.instField.{0} (@OfNat.ofNat.{0} Nat (nat_lit 3) (instOfNatNat (nat_lit 3))) Rat
                  Rat.instField))))))
      M]
  (H :
    @Subgroup.{0}
      (@Units.{0}
        (@HasQuotient.Quotient.{0, 0} OAI.SevenEighths.HeckeFamily.O
          (@Ideal.{0} OAI.SevenEighths.HeckeFamily.O
            (@CommSemiring.toSemiring.{0} OAI.SevenEighths.HeckeFamily.O
              (@CommRing.toCommSemiring.{0} OAI.SevenEighths.HeckeFamily.O
                (@NumberField.instCommRingRingOfIntegers.{0} OAI.SevenEighths.HeckeFamily.K
                  (@CyclotomicField.instField.{0} (@OfNat.ofNat.{0} Nat (nat_lit 3) (instOfNatNat (nat_lit 3))) Rat
                    Rat.instField)))))
          (@Ideal.instHasQuotient_1.{0} OAI.SevenEighths.HeckeFamily.O
            (@NumberField.instCommRingRingOfIntegers.{0} OAI.SevenEighths.HeckeFamily.K
              (@CyclotomicField.instField.{0} (@OfNat.ofNat.{0} Nat (nat_lit 3) (instOfNatNat (nat_lit 3))) Rat
                Rat.instField)))
          M)
        (@Semiring.toMonoid.{0}
          (@HasQuotient.Quotient.{0, 0} OAI.SevenEighths.HeckeFamily.O
            (@Ideal.{0} OAI.SevenEighths.HeckeFamily.O
              (@CommSemiring.toSemiring.{0} OAI.SevenEighths.HeckeFamily.O
                (@CommRing.toCommSemiring.{0} OAI.SevenEighths.HeckeFamily.O
                  (@NumberField.instCommRingRingOfIntegers.{0} OAI.SevenEighths.HeckeFamily.K
                    (@CyclotomicField.instField.{0} (@OfNat.ofNat.{0} Nat (nat_lit 3) (instOfNatNat (nat_lit 3))) Rat
                      Rat.instField)))))
            (@Ideal.instHasQuotient_1.{0} OAI.SevenEighths.HeckeFamily.O
              (@NumberField.instCommRingRingOfIntegers.{0} OAI.SevenEighths.HeckeFamily.K
                (@CyclotomicField.instField.{0} (@OfNat.ofNat.{0} Nat (nat_lit 3) (instOfNatNat (nat_lit 3))) Rat
                  Rat.instField)))
            M)
          (@Ideal.Quotient.semiring.{0} OAI.SevenEighths.HeckeFamily.O
            (@NumberField.instCommRingRingOfIntegers.{0} OAI.SevenEighths.HeckeFamily.K
              (@CyclotomicField.instField.{0} (@OfNat.ofNat.{0} Nat (nat_lit 3) (instOfNatNat (nat_lit 3))) Rat
                Rat.instField))
            M)))
      (@Units.instGroup.{0}
        (@HasQuotient.Quotient.{0, 0} OAI.SevenEighths.HeckeFamily.O
          (@Ideal.{0} OAI.SevenEighths.HeckeFamily.O
            (@CommSemiring.toSemiring.{0} OAI.SevenEighths.HeckeFamily.O
              (@CommRing.toCommSemiring.{0} OAI.SevenEighths.HeckeFamily.O
                (@NumberField.instCommRingRingOfIntegers.{0} OAI.SevenEighths.HeckeFamily.K
                  (@CyclotomicField.instField.{0} (@OfNat.ofNat.{0} Nat (nat_lit 3) (instOfNatNat (nat_lit 3))) Rat
                    Rat.instField)))))
          (@Ideal.instHasQuotient_1.{0} OAI.SevenEighths.HeckeFamily.O
            (@NumberField.instCommRingRingOfIntegers.{0} OAI.SevenEighths.HeckeFamily.K
              (@CyclotomicField.instField.{0} (@OfNat.ofNat.{0} Nat (nat_lit 3) (instOfNatNat (nat_lit 3))) Rat
                Rat.instField)))
          M)
        (@Semiring.toMonoid.{0}
          (@HasQuotient.Quotient.{0, 0} OAI.SevenEighths.HeckeFamily.O
            (@Ideal.{0} OAI.SevenEighths.HeckeFamily.O
              (@CommSemiring.toSemiring.{0} OAI.SevenEighths.HeckeFamily.O
                (@CommRing.toCommSemiring.{0} OAI.SevenEighths.HeckeFamily.O
                  (@NumberField.instCommRingRingOfIntegers.{0} OAI.SevenEighths.HeckeFamily.K
                    (@CyclotomicField.instField.{0} (@OfNat.ofNat.{0} Nat (nat_lit 3) (instOfNatNat (nat_lit 3))) Rat
                      Rat.instField)))))
            (@Ideal.instHasQuotient_1.{0} OAI.SevenEighths.HeckeFamily.O
              (@NumberField.instCommRingRingOfIntegers.{0} OAI.SevenEighths.HeckeFamily.K
                (@CyclotomicField.instField.{0} (@OfNat.ofNat.{0} Nat (nat_lit 3) (instOfNatNat (nat_lit 3))) Rat
                  Rat.instField)))
            M)
          (@Ideal.Quotient.semiring.{0} OAI.SevenEighths.HeckeFamily.O
            (@NumberField.instCommRingRingOfIntegers.{0} OAI.SevenEighths.HeckeFamily.K
              (@CyclotomicField.instField.{0} (@OfNat.ofNat.{0} Nat (nat_lit 3) (instOfNatNat (nat_lit 3))) Rat
                Rat.instField))
            M))))
  (hH :
    @LE.le.{0}
      (@Subgroup.{0}
        (@Units.{0}
          (@HasQuotient.Quotient.{0, 0} OAI.SevenEighths.HeckeFamily.O
            (@Ideal.{0} OAI.SevenEighths.HeckeFamily.O
              (@CommSemiring.toSemiring.{0} OAI.SevenEighths.HeckeFamily.O
                (@CommRing.toCommSemiring.{0} OAI.SevenEighths.HeckeFamily.O
                  (@NumberField.instCommRingRingOfIntegers.{0} OAI.SevenEighths.HeckeFamily.K
                    (@CyclotomicField.instField.{0} (@OfNat.ofNat.{0} Nat (nat_lit 3) (instOfNatNat (nat_lit 3))) Rat
                      Rat.instField)))))
            (@Ideal.instHasQuotient_1.{0} OAI.SevenEighths.HeckeFamily.O
              (@NumberField.instCommRingRingOfIntegers.{0} OAI.SevenEighths.HeckeFamily.K
                (@CyclotomicField.instField.{0} (@OfNat.ofNat.{0} Nat (nat_lit 3) (instOfNatNat (nat_lit 3))) Rat
                  Rat.instField)))
            M)
          (@Semiring.toMonoid.{0}
            (@HasQuotient.Quotient.{0, 0} OAI.SevenEighths.HeckeFamily.O
              (@Ideal.{0} OAI.SevenEighths.HeckeFamily.O
                (@CommSemiring.toSemiring.{0} OAI.SevenEighths.HeckeFamily.O
                  (@CommRing.toCommSemiring.{0} OAI.SevenEighths.HeckeFamily.O
                    (@NumberField.instCommRingRingOfIntegers.{0} OAI.SevenEighths.HeckeFamily.K
                      (@CyclotomicField.instField.{0} (@OfNat.ofNat.{0} Nat (nat_lit 3) (instOfNatNat (nat_lit 3))) Rat
                        Rat.instField)))))
              (@Ideal.instHasQuotient_1.{0} OAI.SevenEighths.HeckeFamily.O
                (@NumberField.instCommRingRingOfIntegers.{0} OAI.SevenEighths.HeckeFamily.K
                  (@CyclotomicField.instField.{0} (@OfNat.ofNat.{0} Nat (nat_lit 3) (instOfNatNat (nat_lit 3))) Rat
                    Rat.instField)))
              M)
            (@Ideal.Quotient.semiring.{0} OAI.SevenEighths.HeckeFamily.O
              (@NumberField.instCommRingRingOfIntegers.{0} OAI.SevenEighths.HeckeFamily.K
                (@CyclotomicField.instField.{0} (@OfNat.ofNat.{0} Nat (nat_lit 3) (instOfNatNat (nat_lit 3))) Rat
                  Rat.instField))
              M)))
        (@Units.instGroup.{0}
          (@HasQuotient.Quotient.{0, 0} OAI.SevenEighths.HeckeFamily.O
            (@Ideal.{0} OAI.SevenEighths.HeckeFamily.O
              (@CommSemiring.toSemiring.{0} OAI.SevenEighths.HeckeFamily.O
                (@CommRing.toCommSemiring.{0} OAI.SevenEighths.HeckeFamily.O
                  (@NumberField.instCommRingRingOfIntegers.{0} OAI.SevenEighths.HeckeFamily.K
                    (@CyclotomicField.instField.{0} (@OfNat.ofNat.{0} Nat (nat_lit 3) (instOfNatNat (nat_lit 3))) Rat
                      Rat.instField)))))
            (@Ideal.instHasQuotient_1.{0} OAI.SevenEighths.HeckeFamily.O
              (@NumberField.instCommRingRingOfIntegers.{0} OAI.SevenEighths.HeckeFamily.K
                (@CyclotomicField.instField.{0} (@OfNat.ofNat.{0} Nat (nat_lit 3) (instOfNatNat (nat_lit 3))) Rat
                  Rat.instField)))
            M)
          (@Semiring.toMonoid.{0}
            (@HasQuotient.Quotient.{0, 0} OAI.SevenEighths.HeckeFamily.O
              (@Ideal.{0} OAI.SevenEighths.HeckeFamily.O
                (@CommSemiring.toSemiring.{0} OAI.SevenEighths.HeckeFamily.O
                  (@CommRing.toCommSemiring.{0} OAI.SevenEighths.HeckeFamily.O
                    (@NumberField.instCommRingRingOfIntegers.{0} OAI.SevenEighths.HeckeFamily.K
                      (@CyclotomicField.instField.{0} (@OfNat.ofNat.{0} Nat (nat_lit 3) (instOfNatNat (nat_lit 3))) Rat
                        Rat.instField)))))
              (@Ideal.instHasQuotient_1.{0} OAI.SevenEighths.HeckeFamily.O
                (@NumberField.instCommRingRingOfIntegers.{0} OAI.SevenEighths.HeckeFamily.K
                  (@CyclotomicField.instField.{0} (@OfNat.ofNat.{0} Nat (nat_lit 3) (instOfNatNat (nat_lit 3))) Rat
                    Rat.instField)))
              M)
            (@Ideal.Quotient.semiring.{0} OAI.SevenEighths.HeckeFamily.O
              (@NumberField.instCommRingRingOfIntegers.{0} OAI.SevenEighths.HeckeFamily.K
                (@CyclotomicField.instField.{0} (@OfNat.ofNat.{0} Nat (nat_lit 3) (instOfNatNat (nat_lit 3))) Rat
                  Rat.instField))
              M))))
      (@Preorder.toLE.{0}
        (@Subgroup.{0}
          (@Units.{0}
            (@HasQuotient.Quotient.{0, 0} OAI.SevenEighths.HeckeFamily.O
              (@Ideal.{0} OAI.SevenEighths.HeckeFamily.O
                (@CommSemiring.toSemiring.{0} OAI.SevenEighths.HeckeFamily.O
                  (@CommRing.toCommSemiring.{0} OAI.SevenEighths.HeckeFamily.O
                    (@NumberField.instCommRingRingOfIntegers.{0} OAI.SevenEighths.HeckeFamily.K
                      (@CyclotomicField.instField.{0} (@OfNat.ofNat.{0} Nat (nat_lit 3) (instOfNatNat (nat_lit 3))) Rat
                        Rat.instField)))))
              (@Ideal.instHasQuotient_1.{0} OAI.SevenEighths.HeckeFamily.O
                (@NumberField.instCommRingRingOfIntegers.{0} OAI.SevenEighths.HeckeFamily.K
                  (@CyclotomicField.instField.{0} (@OfNat.ofNat.{0} Nat (nat_lit 3) (instOfNatNat (nat_lit 3))) Rat
                    Rat.instField)))
              M)
            (@Semiring.toMonoid.{0}
              (@HasQuotient.Quotient.{0, 0} OAI.SevenEighths.HeckeFamily.O
                (@Ideal.{0} OAI.SevenEighths.HeckeFamily.O
                  (@CommSemiring.toSemiring.{0} OAI.SevenEighths.HeckeFamily.O
                    (@CommRing.toCommSemiring.{0} OAI.SevenEighths.HeckeFamily.O
                      (@NumberField.instCommRingRingOfIntegers.{0} OAI.SevenEighths.HeckeFamily.K
                        (@CyclotomicField.instField.{0} (@OfNat.ofNat.{0} Nat (nat_lit 3) (instOfNatNat (nat_lit 3)))
                          Rat Rat.instField)))))
                (@Ideal.instHasQuotient_1.{0} OAI.SevenEighths.HeckeFamily.O
                  (@NumberField.instCommRingRingOfIntegers.{0} OAI.SevenEighths.HeckeFamily.K
                    (@CyclotomicField.instField.{0} (@OfNat.ofNat.{0} Nat (nat_lit 3) (instOfNatNat (nat_lit 3))) Rat
                      Rat.instField)))
                M)
              (@Ideal.Quotient.semiring.{0} OAI.SevenEighths.HeckeFamily.O
                (@NumberField.instCommRingRingOfIntegers.{0} OAI.SevenEighths.HeckeFamily.K
                  (@CyclotomicField.instField.{0} (@OfNat.ofNat.{0} Nat (nat_lit 3) (instOfNatNat (nat_lit 3))) Rat
                    Rat.instField))
                M)))
          (@Units.instGroup.{0}
            (@HasQuotient.Quotient.{0, 0} OAI.SevenEighths.HeckeFamily.O
              (@Ideal.{0} OAI.SevenEighths.HeckeFamily.O
                (@CommSemiring.toSemiring.{0} OAI.SevenEighths.HeckeFamily.O
                  (@CommRing.toCommSemiring.{0} OAI.SevenEighths.HeckeFamily.O
                    (@NumberField.instCommRingRingOfIntegers.{0} OAI.SevenEighths.HeckeFamily.K
                      (@CyclotomicField.instField.{0} (@OfNat.ofNat.{0} Nat (nat_lit 3) (instOfNatNat (nat_lit 3))) Rat
                        Rat.instField)))))
              (@Ideal.instHasQuotient_1.{0} OAI.SevenEighths.HeckeFamily.O
                (@NumberField.instCommRingRingOfIntegers.{0} OAI.SevenEighths.HeckeFamily.K
                  (@CyclotomicField.instField.{0} (@OfNat.ofNat.{0} Nat (nat_lit 3) (instOfNatNat (nat_lit 3))) Rat
                    Rat.instField)))
              M)
            (@Semiring.toMonoid.{0}
              (@HasQuotient.Quotient.{0, 0} OAI.SevenEighths.HeckeFamily.O
                (@Ideal.{0} OAI.SevenEighths.HeckeFamily.O
                  (@CommSemiring.toSemiring.{0} OAI.SevenEighths.HeckeFamily.O
                    (@CommRing.toCommSemiring.{0} OAI.SevenEighths.HeckeFamily.O
                      (@NumberField.instCommRingRingOfIntegers.{0} OAI.SevenEighths.HeckeFamily.K
                        (@CyclotomicField.instField.{0} (@OfNat.ofNat.{0} Nat (nat_lit 3) (instOfNatNat (nat_lit 3)))
                          Rat Rat.instField)))))
                (@Ideal.instHasQuotient_1.{0} OAI.SevenEighths.HeckeFamily.O
                  (@NumberField.instCommRingRingOfIntegers.{0} OAI.SevenEighths.HeckeFamily.K
                    (@CyclotomicField.instField.{0} (@OfNat.ofNat.{0} Nat (nat_lit 3) (instOfNatNat (nat_lit 3))) Rat
                      Rat.instField)))
                M)
              (@Ideal.Quotient.semiring.{0} OAI.SevenEighths.HeckeFamily.O
                (@NumberField.instCommRingRingOfIntegers.{0} OAI.SevenEighths.HeckeFamily.K
                  (@CyclotomicField.instField.{0} (@OfNat.ofNat.{0} Nat (nat_lit 3) (instOfNatNat (nat_lit 3))) Rat
                    Rat.instField))
                M))))
        (@PartialOrder.toPreorder.{0}
          (@Subgroup.{0}
            (@Units.{0}
              (@HasQuotient.Quotient.{0, 0} OAI.SevenEighths.HeckeFamily.O
                (@Ideal.{0} OAI.SevenEighths.HeckeFamily.O
                  (@CommSemiring.toSemiring.{0} OAI.SevenEighths.HeckeFamily.O
                    (@CommRing.toCommSemiring.{0} OAI.SevenEighths.HeckeFamily.O
                      (@NumberField.instCommRingRingOfIntegers.{0} OAI.SevenEighths.HeckeFamily.K
                        (@CyclotomicField.instField.{0} (@OfNat.ofNat.{0} Nat (nat_lit 3) (instOfNatNat (nat_lit 3)))
                          Rat Rat.instField)))))
                (@Ideal.instHasQuotient_1.{0} OAI.SevenEighths.HeckeFamily.O
                  (@NumberField.instCommRingRingOfIntegers.{0} OAI.SevenEighths.HeckeFamily.K
                    (@CyclotomicField.instField.{0} (@OfNat.ofNat.{0} Nat (nat_lit 3) (instOfNatNat (nat_lit 3))) Rat
                      Rat.instField)))
                M)
              (@Semiring.toMonoid.{0}
                (@HasQuotient.Quotient.{0, 0} OAI.SevenEighths.HeckeFamily.O
                  (@Ideal.{0} OAI.SevenEighths.HeckeFamily.O
                    (@CommSemiring.toSemiring.{0} OAI.SevenEighths.HeckeFamily.O
                      (@CommRing.toCommSemiring.{0} OAI.SevenEighths.HeckeFamily.O
                        (@NumberField.instCommRingRingOfIntegers.{0} OAI.SevenEighths.HeckeFamily.K
                          (@CyclotomicField.instField.{0} (@OfNat.ofNat.{0} Nat (nat_lit 3) (instOfNatNat (nat_lit 3)))
                            Rat Rat.instField)))))
                  (@Ideal.instHasQuotient_1.{0} OAI.SevenEighths.HeckeFamily.O
                    (@NumberField.instCommRingRingOfIntegers.{0} OAI.SevenEighths.HeckeFamily.K
                      (@CyclotomicField.instField.{0} (@OfNat.ofNat.{0} Nat (nat_lit 3) (instOfNatNat (nat_lit 3))) Rat
                        Rat.instField)))
                  M)
                (@Ideal.Quotient.semiring.{0} OAI.SevenEighths.HeckeFamily.O
                  (@NumberField.instCommRingRingOfIntegers.{0} OAI.SevenEighths.HeckeFamily.K
                    (@CyclotomicField.instField.{0} (@OfNat.ofNat.{0} Nat (nat_lit 3) (instOfNatNat (nat_lit 3))) Rat
                      Rat.instField))
                  M)))
            (@Units.instGroup.{0}
              (@HasQuotient.Quotient.{0, 0} OAI.SevenEighths.HeckeFamily.O
                (@Ideal.{0} OAI.SevenEighths.HeckeFamily.O
                  (@CommSemiring.toSemiring.{0} OAI.SevenEighths.HeckeFamily.O
                    (@CommRing.toCommSemiring.{0} OAI.SevenEighths.HeckeFamily.O
                      (@NumberField.instCommRingRingOfIntegers.{0} OAI.SevenEighths.HeckeFamily.K
                        (@CyclotomicField.instField.{0} (@OfNat.ofNat.{0} Nat (nat_lit 3) (instOfNatNat (nat_lit 3)))
                          Rat Rat.instField)))))
                (@Ideal.instHasQuotient_1.{0} OAI.SevenEighths.HeckeFamily.O
                  (@NumberField.instCommRingRingOfIntegers.{0} OAI.SevenEighths.HeckeFamily.K
                    (@CyclotomicField.instField.{0} (@OfNat.ofNat.{0} Nat (nat_lit 3) (instOfNatNat (nat_lit 3))) Rat
                      Rat.instField)))
                M)
              (@Semiring.toMonoid.{0}
                (@HasQuotient.Quotient.{0, 0} OAI.SevenEighths.HeckeFamily.O
                  (@Ideal.{0} OAI.SevenEighths.HeckeFamily.O
                    (@CommSemiring.toSemiring.{0} OAI.SevenEighths.HeckeFamily.O
                      (@CommRing.toCommSemiring.{0} OAI.SevenEighths.HeckeFamily.O
                        (@NumberField.instCommRingRingOfIntegers.{0} OAI.SevenEighths.HeckeFamily.K
                          (@CyclotomicField.instField.{0} (@OfNat.ofNat.{0} Nat (nat_lit 3) (instOfNatNat (nat_lit 3)))
                            Rat Rat.instField)))))
                  (@Ideal.instHasQuotient_1.{0} OAI.SevenEighths.HeckeFamily.O
                    (@NumberField.instCommRingRingOfIntegers.{0} OAI.SevenEighths.HeckeFamily.K
                      (@CyclotomicField.instField.{0} (@OfNat.ofNat.{0} Nat (nat_lit 3) (instOfNatNat (nat_lit 3))) Rat
                        Rat.instField)))
                  M)
                (@Ideal.Quotient.semiring.{0} OAI.SevenEighths.HeckeFamily.O
                  (@NumberField.instCommRingRingOfIntegers.{0} OAI.SevenEighths.HeckeFamily.K
                    (@CyclotomicField.instField.{0} (@OfNat.ofNat.{0} Nat (nat_lit 3) (instOfNatNat (nat_lit 3))) Rat
                      Rat.instField))
                  M))))
          (@Subgroup.instPartialOrder.{0}
            (@Units.{0}
              (@HasQuotient.Quotient.{0, 0} OAI.SevenEighths.HeckeFamily.O
                (@Ideal.{0} OAI.SevenEighths.HeckeFamily.O
                  (@CommSemiring.toSemiring.{0} OAI.SevenEighths.HeckeFamily.O
                    (@CommRing.toCommSemiring.{0} OAI.SevenEighths.HeckeFamily.O
                      (@NumberField.instCommRingRingOfIntegers.{0} OAI.SevenEighths.HeckeFamily.K
                        (@CyclotomicField.instField.{0} (@OfNat.ofNat.{0} Nat (nat_lit 3) (instOfNatNat (nat_lit 3)))
                          Rat Rat.instField)))))
                (@Ideal.instHasQuotient_1.{0} OAI.SevenEighths.HeckeFamily.O
                  (@NumberField.instCommRingRingOfIntegers.{0} OAI.SevenEighths.HeckeFamily.K
                    (@CyclotomicField.instField.{0} (@OfNat.ofNat.{0} Nat (nat_lit 3) (instOfNatNat (nat_lit 3))) Rat
                      Rat.instField)))
                M)
              (@Semiring.toMonoid.{0}
                (@HasQuotient.Quotient.{0, 0} OAI.SevenEighths.HeckeFamily.O
                  (@Ideal.{0} OAI.SevenEighths.HeckeFamily.O
                    (@CommSemiring.toSemiring.{0} OAI.SevenEighths.HeckeFamily.O
                      (@CommRing.toCommSemiring.{0} OAI.SevenEighths.HeckeFamily.O
                        (@NumberField.instCommRingRingOfIntegers.{0} OAI.SevenEighths.HeckeFamily.K
                          (@CyclotomicField.instField.{0} (@OfNat.ofNat.{0} Nat (nat_lit 3) (instOfNatNat (nat_lit 3)))
                            Rat Rat.instField)))))
                  (@Ideal.instHasQuotient_1.{0} OAI.SevenEighths.HeckeFamily.O
                    (@NumberField.instCommRingRingOfIntegers.{0} OAI.SevenEighths.HeckeFamily.K
                      (@CyclotomicField.instField.{0} (@OfNat.ofNat.{0} Nat (nat_lit 3) (instOfNatNat (nat_lit 3))) Rat
                        Rat.instField)))
                  M)
                (@Ideal.Quotient.semiring.{0} OAI.SevenEighths.HeckeFamily.O
                  (@NumberField.instCommRingRingOfIntegers.{0} OAI.SevenEighths.HeckeFamily.K
                    (@CyclotomicField.instField.{0} (@OfNat.ofNat.{0} Nat (nat_lit 3) (instOfNatNat (nat_lit 3))) Rat
                      Rat.instField))
                  M)))
            (@Units.instGroup.{0}
              (@HasQuotient.Quotient.{0, 0} OAI.SevenEighths.HeckeFamily.O
                (@Ideal.{0} OAI.SevenEighths.HeckeFamily.O
                  (@CommSemiring.toSemiring.{0} OAI.SevenEighths.HeckeFamily.O
                    (@CommRing.toCommSemiring.{0} OAI.SevenEighths.HeckeFamily.O
                      (@NumberField.instCommRingRingOfIntegers.{0} OAI.SevenEighths.HeckeFamily.K
                        (@CyclotomicField.instField.{0} (@OfNat.ofNat.{0} Nat (nat_lit 3) (instOfNatNat (nat_lit 3)))
                          Rat Rat.instField)))))
                (@Ideal.instHasQuotient_1.{0} OAI.SevenEighths.HeckeFamily.O
                  (@NumberField.instCommRingRingOfIntegers.{0} OAI.SevenEighths.HeckeFamily.K
                    (@CyclotomicField.instField.{0} (@OfNat.ofNat.{0} Nat (nat_lit 3) (instOfNatNat (nat_lit 3))) Rat
                      Rat.instField)))
                M)
              (@Semiring.toMonoid.{0}
                (@HasQuotient.Quotient.{0, 0} OAI.SevenEighths.HeckeFamily.O
                  (@Ideal.{0} OAI.SevenEighths.HeckeFamily.O
                    (@CommSemiring.toSemiring.{0} OAI.SevenEighths.HeckeFamily.O
                      (@CommRing.toCommSemiring.{0} OAI.SevenEighths.HeckeFamily.O
                        (@NumberField.instCommRingRingOfIntegers.{0} OAI.SevenEighths.HeckeFamily.K
                          (@CyclotomicField.instField.{0} (@OfNat.ofNat.{0} Nat (nat_lit 3) (instOfNatNat (nat_lit 3)))
                            Rat Rat.instField)))))
                  (@Ideal.instHasQuotient_1.{0} OAI.SevenEighths.HeckeFamily.O
                    (@NumberField.instCommRingRingOfIntegers.{0} OAI.SevenEighths.HeckeFamily.K
                      (@CyclotomicField.instField.{0} (@OfNat.ofNat.{0} Nat (nat_lit 3) (instOfNatNat (nat_lit 3))) Rat
                        Rat.instField)))
                  M)
                (@Ideal.Quotient.semiring.{0} OAI.SevenEighths.HeckeFamily.O
                  (@NumberField.instCommRingRingOfIntegers.{0} OAI.SevenEighths.HeckeFamily.K
                    (@CyclotomicField.instField.{0} (@OfNat.ofNat.{0} Nat (nat_lit 3) (instOfNatNat (nat_lit 3))) Rat
                      Rat.instField))
                  M))))))
      (@OAI.SevenEighths.RayOrthogonality.globalUnits.{0} OAI.SevenEighths.HeckeFamily.O
        (@NumberField.instCommRingRingOfIntegers.{0} OAI.SevenEighths.HeckeFamily.K
          (@CyclotomicField.instField.{0} (@OfNat.ofNat.{0} Nat (nat_lit 3) (instOfNatNat (nat_lit 3))) Rat
            Rat.instField))
        M)
      H)
  (W : Real → Complex) (aslot bslot a b radial Bmask L lo hi Mcap κ ε : Real)
  (haslot :
    @LT.lt.{0} Real Real.instLT (@OfNat.ofNat.{0} Real (nat_lit 0) (@Zero.toOfNat0.{0} Real Real.instZero)) aslot)
  (hWs :
    @LE.le.{0} (Set.{0} Real) (@Set.instLE.{0} Real) (@Function.support.{0, 0} Real Complex Complex.instZero W)
      (@Set.Icc.{0} Real Real.instPreorder aslot bslot))
  (hW :
    @ContDiff.{0, 0, 0} Real (@DenselyNormedField.toNontriviallyNormedField.{0} Real Real.denselyNormedField) Real
      Real.normedAddCommGroup
      (@InnerProductSpace.toNormedSpace.{0, 0} Real Real Real.instRCLike
        (@NormedAddCommGroup.toSeminormedAddCommGroup.{0} Real Real.normedAddCommGroup)
        (@RCLike.toInnerProductSpaceReal.{0} Real Real.instRCLike))
      Complex Complex.instNormedAddCommGroup
      (@InnerProductSpace.toNormedSpace.{0, 0} Real Complex Real.instRCLike
        (@NormedAddCommGroup.toSeminormedAddCommGroup.{0} Complex Complex.instNormedAddCommGroup)
        instInnerProductSpaceRealComplex)
      (@WithTop.some.{0} ENat (@Top.top.{0} ENat instTopENat)) W)
  (hbslot :
    @LE.le.{0} Real Real.instLE (@OfNat.ofNat.{0} Real (nat_lit 0) (@Zero.toOfNat0.{0} Real Real.instZero)) bslot)
  (ha : @LT.lt.{0} Real Real.instLT (@OfNat.ofNat.{0} Real (nat_lit 0) (@Zero.toOfNat0.{0} Real Real.instZero)) a)
  (hlo :
    @LE.le.{0} Real Real.instLE a
      (@HDiv.hDiv.{0, 0, 0} Real Real Real (@instHDiv.{0} Real (@DivInvMonoid.toDiv.{0} Real Real.instDivInvMonoid))
        (@OfNat.ofNat.{0} Real (nat_lit 1) (@One.toOfNat1.{0} Real Real.instOne))
        (@OfNat.ofNat.{0} Real (nat_lit 4)
          (@instOfNatAtLeastTwo.{0} Real (nat_lit 4) Real.instNatCast
            (@Nat.instAtLeastTwoHAddOfNat (@OfNat.ofNat.{0} Nat (nat_lit 3) (instOfNatNat (nat_lit 3)))
              (@Nat.instNeZeroSucc (@OfNat.ofNat.{0} Nat (nat_lit 2) (instOfNatNat (nat_lit 2)))))))))
  (hhi : @LE.le.{0} Real Real.instLE (@OfNat.ofNat.{0} Real (nat_lit 1) (@One.toOfNat1.{0} Real Real.instOne)) b)
  (hrad :
    @LE.le.{0} Real Real.instLE
      (@OfNat.ofNat.{0} Real (nat_lit 2)
        (@instOfNatAtLeastTwo.{0} Real (nat_lit 2) Real.instNatCast
          (@Nat.instAtLeastTwoHAddOfNat (@OfNat.ofNat.{0} Nat (nat_lit 1) (instOfNatNat (nat_lit 1)))
            (@Nat.instNeZeroSucc (@OfNat.ofNat.{0} Nat (nat_lit 0) (instOfNatNat (nat_lit 0)))))))
      radial)
  (hmask :
    @LE.le.{0} Real Real.instLE (@OfNat.ofNat.{0} Real (nat_lit 0) (@Zero.toOfNat0.{0} Real Real.instZero)) Bmask)
  (hMcap : @LT.lt.{0} Real Real.instLT (@OfNat.ofNat.{0} Real (nat_lit 0) (@Zero.toOfNat0.{0} Real Real.instZero)) Mcap)
  (hκ :
    @LE.le.{0} Real Real.instLE
      (@HDiv.hDiv.{0, 0, 0} Real Real Real (@instHDiv.{0} Real (@DivInvMonoid.toDiv.{0} Real Real.instDivInvMonoid))
        (@OfNat.ofNat.{0} Real (nat_lit 37)
          (@instOfNatAtLeastTwo.{0} Real (nat_lit 37) Real.instNatCast
            (@Nat.instAtLeastTwoHAddOfNat (@OfNat.ofNat.{0} Nat (nat_lit 36) (instOfNatNat (nat_lit 36)))
              (@Nat.instNeZeroSucc (@OfNat.ofNat.{0} Nat (nat_lit 35) (instOfNatNat (nat_lit 35)))))))
        (@OfNat.ofNat.{0} Real (nat_lit 50)
          (@instOfNatAtLeastTwo.{0} Real (nat_lit 50) Real.instNatCast
            (@Nat.instAtLeastTwoHAddOfNat (@OfNat.ofNat.{0} Nat (nat_lit 49) (instOfNatNat (nat_lit 49)))
              (@Nat.instNeZeroSucc (@OfNat.ofNat.{0} Nat (nat_lit 48) (instOfNatNat (nat_lit 48))))))))
      κ)
  (hε : @LT.lt.{0} Real Real.instLT (@OfNat.ofNat.{0} Real (nat_lit 0) (@Zero.toOfNat0.{0} Real Real.instZero)) ε)
  (hbeta :
    @LE.le.{0} Real Real.instLE
      (@HDiv.hDiv.{0, 0, 0} Real Real Real (@instHDiv.{0} Real (@DivInvMonoid.toDiv.{0} Real Real.instDivInvMonoid))
        (@OfNat.ofNat.{0} Real (nat_lit 51)
          (@instOfNatAtLeastTwo.{0} Real (nat_lit 51) Real.instNatCast
            (@Nat.instAtLeastTwoHAddOfNat (@OfNat.ofNat.{0} Nat (nat_lit 50) (instOfNatNat (nat_lit 50)))
              (@Nat.instNeZeroSucc (@OfNat.ofNat.{0} Nat (nat_lit 49) (instOfNatNat (nat_lit 49)))))))
        (@OfNat.ofNat.{0} Real (nat_lit 100)
          (@instOfNatAtLeastTwo.{0} Real (nat_lit 100) Real.instNatCast
            (@Nat.instAtLeastTwoHAddOfNat (@OfNat.ofNat.{0} Nat (nat_lit 99) (instOfNatNat (nat_lit 99)))
              (@Nat.instNeZeroSucc (@OfNat.ofNat.{0} Nat (nat_lit 98) (instOfNatNat (nat_lit 98))))))))
      OAI.SevenEighths.HeckeZeroSupremum.beta)
  (hκbeta :
    @LE.le.{0} Real Real.instLE
      (@HSub.hSub.{0, 0, 0} Real Real Real (@instHSub.{0} Real Real.instSub)
        (@HMul.hMul.{0, 0, 0} Real Real Real (@instHMul.{0} Real Real.instMul)
          (@OfNat.ofNat.{0} Real (nat_lit 2)
            (@instOfNatAtLeastTwo.{0} Real (nat_lit 2) Real.instNatCast
              (@Nat.instAtLeastTwoHAddOfNat (@OfNat.ofNat.{0} Nat (nat_lit 1) (instOfNatNat (nat_lit 1)))
                (@Nat.instNeZeroSucc (@OfNat.ofNat.{0} Nat (nat_lit 0) (instOfNatNat (nat_lit 0)))))))
          OAI.SevenEighths.HeckeZeroSupremum.beta)
        (@OfNat.ofNat.{0} Real (nat_lit 1) (@One.toOfNat1.{0} Real Real.instOne)))
      κ)
  (k : Nat) (hk : @LT.lt.{0} Nat instLTNat k (OAI.SevenEighths.CenteredMomentEnergyWidthSchedule.count Mcap ε))
  (hold :
    @OAI.SevenEighths.CenteredMomentEnergyCappedWidthInduction.CertifiedBand.{u_1} α M inst H hH W bslot a b radial
      Bmask L lo hi Mcap κ ε k),
  @OAI.SevenEighths.CenteredMomentEnergyCappedWidthInduction.CertifiedBand.{u_1} α M inst H hH W bslot a b radial Bmask
    L lo hi Mcap κ ε
    (@HAdd.hAdd.{0, 0, 0} Nat Nat Nat (@instHAdd.{0} Nat instAddNat) k
      (@OfNat.ofNat.{0} Nat (nat_lit 1) (instOfNatNat (nat_lit 1))))
'OAI.SevenEighths.CenteredMomentEnergyCappedAnalyticSuccessor.actual_successor' depends on axioms: [propext,
 Classical.choice,
 Quot.sound]
@OAI.SevenEighths.CenteredMomentEnergyCertifiedExistence.certified_bands.{u_1} : ∀ {α : Type u_1} [Fintype.{u_1} α]
  [DecidableEq.{u_1 + 1} α]
  (M :
    @Ideal.{0} OAI.SevenEighths.HeckeFamily.O
      (@CommSemiring.toSemiring.{0} OAI.SevenEighths.HeckeFamily.O
        (@CommRing.toCommSemiring.{0} OAI.SevenEighths.HeckeFamily.O
          (@NumberField.instCommRingRingOfIntegers.{0} OAI.SevenEighths.HeckeFamily.K
            (@CyclotomicField.instField.{0} (@OfNat.ofNat.{0} Nat (nat_lit 3) (instOfNatNat (nat_lit 3))) Rat
              Rat.instField)))))
  [inst :
    @NeZero.{0}
      (@Ideal.{0} OAI.SevenEighths.HeckeFamily.O
        (@CommSemiring.toSemiring.{0} OAI.SevenEighths.HeckeFamily.O
          (@CommRing.toCommSemiring.{0} OAI.SevenEighths.HeckeFamily.O
            (@NumberField.instCommRingRingOfIntegers.{0} OAI.SevenEighths.HeckeFamily.K
              (@CyclotomicField.instField.{0} (@OfNat.ofNat.{0} Nat (nat_lit 3) (instOfNatNat (nat_lit 3))) Rat
                Rat.instField)))))
      (@Submodule.pointwiseZero.{0, 0} OAI.SevenEighths.HeckeFamily.O OAI.SevenEighths.HeckeFamily.O
        (@CommSemiring.toSemiring.{0} OAI.SevenEighths.HeckeFamily.O
          (@CommRing.toCommSemiring.{0} OAI.SevenEighths.HeckeFamily.O
            (@NumberField.instCommRingRingOfIntegers.{0} OAI.SevenEighths.HeckeFamily.K
              (@CyclotomicField.instField.{0} (@OfNat.ofNat.{0} Nat (nat_lit 3) (instOfNatNat (nat_lit 3))) Rat
                Rat.instField))))
        (@Semiring.toAddCommMonoid.{0} OAI.SevenEighths.HeckeFamily.O
          (@CommSemiring.toSemiring.{0} OAI.SevenEighths.HeckeFamily.O
            (@CommRing.toCommSemiring.{0} OAI.SevenEighths.HeckeFamily.O
              (@NumberField.instCommRingRingOfIntegers.{0} OAI.SevenEighths.HeckeFamily.K
                (@CyclotomicField.instField.{0} (@OfNat.ofNat.{0} Nat (nat_lit 3) (instOfNatNat (nat_lit 3))) Rat
                  Rat.instField)))))
        (@Semiring.toModule.{0} OAI.SevenEighths.HeckeFamily.O
          (@CommSemiring.toSemiring.{0} OAI.SevenEighths.HeckeFamily.O
            (@CommRing.toCommSemiring.{0} OAI.SevenEighths.HeckeFamily.O
              (@NumberField.instCommRingRingOfIntegers.{0} OAI.SevenEighths.HeckeFamily.K
                (@CyclotomicField.instField.{0} (@OfNat.ofNat.{0} Nat (nat_lit 3) (instOfNatNat (nat_lit 3))) Rat
                  Rat.instField))))))
      M]
  (H :
    @Subgroup.{0}
      (@Units.{0}
        (@HasQuotient.Quotient.{0, 0} OAI.SevenEighths.HeckeFamily.O
          (@Ideal.{0} OAI.SevenEighths.HeckeFamily.O
            (@CommSemiring.toSemiring.{0} OAI.SevenEighths.HeckeFamily.O
              (@CommRing.toCommSemiring.{0} OAI.SevenEighths.HeckeFamily.O
                (@NumberField.instCommRingRingOfIntegers.{0} OAI.SevenEighths.HeckeFamily.K
                  (@CyclotomicField.instField.{0} (@OfNat.ofNat.{0} Nat (nat_lit 3) (instOfNatNat (nat_lit 3))) Rat
                    Rat.instField)))))
          (@Ideal.instHasQuotient_1.{0} OAI.SevenEighths.HeckeFamily.O
            (@NumberField.instCommRingRingOfIntegers.{0} OAI.SevenEighths.HeckeFamily.K
              (@CyclotomicField.instField.{0} (@OfNat.ofNat.{0} Nat (nat_lit 3) (instOfNatNat (nat_lit 3))) Rat
                Rat.instField)))
          M)
        (@Semiring.toMonoid.{0}
          (@HasQuotient.Quotient.{0, 0} OAI.SevenEighths.HeckeFamily.O
            (@Ideal.{0} OAI.SevenEighths.HeckeFamily.O
              (@CommSemiring.toSemiring.{0} OAI.SevenEighths.HeckeFamily.O
                (@CommRing.toCommSemiring.{0} OAI.SevenEighths.HeckeFamily.O
                  (@NumberField.instCommRingRingOfIntegers.{0} OAI.SevenEighths.HeckeFamily.K
                    (@CyclotomicField.instField.{0} (@OfNat.ofNat.{0} Nat (nat_lit 3) (instOfNatNat (nat_lit 3))) Rat
                      Rat.instField)))))
            (@Ideal.instHasQuotient_1.{0} OAI.SevenEighths.HeckeFamily.O
              (@NumberField.instCommRingRingOfIntegers.{0} OAI.SevenEighths.HeckeFamily.K
                (@CyclotomicField.instField.{0} (@OfNat.ofNat.{0} Nat (nat_lit 3) (instOfNatNat (nat_lit 3))) Rat
                  Rat.instField)))
            M)
          (@Ideal.Quotient.semiring.{0} OAI.SevenEighths.HeckeFamily.O
            (@NumberField.instCommRingRingOfIntegers.{0} OAI.SevenEighths.HeckeFamily.K
              (@CyclotomicField.instField.{0} (@OfNat.ofNat.{0} Nat (nat_lit 3) (instOfNatNat (nat_lit 3))) Rat
                Rat.instField))
            M)))
      (@Units.instGroup.{0}
        (@HasQuotient.Quotient.{0, 0} OAI.SevenEighths.HeckeFamily.O
          (@Ideal.{0} OAI.SevenEighths.HeckeFamily.O
            (@CommSemiring.toSemiring.{0} OAI.SevenEighths.HeckeFamily.O
              (@CommRing.toCommSemiring.{0} OAI.SevenEighths.HeckeFamily.O
                (@NumberField.instCommRingRingOfIntegers.{0} OAI.SevenEighths.HeckeFamily.K
                  (@CyclotomicField.instField.{0} (@OfNat.ofNat.{0} Nat (nat_lit 3) (instOfNatNat (nat_lit 3))) Rat
                    Rat.instField)))))
          (@Ideal.instHasQuotient_1.{0} OAI.SevenEighths.HeckeFamily.O
            (@NumberField.instCommRingRingOfIntegers.{0} OAI.SevenEighths.HeckeFamily.K
              (@CyclotomicField.instField.{0} (@OfNat.ofNat.{0} Nat (nat_lit 3) (instOfNatNat (nat_lit 3))) Rat
                Rat.instField)))
          M)
        (@Semiring.toMonoid.{0}
          (@HasQuotient.Quotient.{0, 0} OAI.SevenEighths.HeckeFamily.O
            (@Ideal.{0} OAI.SevenEighths.HeckeFamily.O
              (@CommSemiring.toSemiring.{0} OAI.SevenEighths.HeckeFamily.O
                (@CommRing.toCommSemiring.{0} OAI.SevenEighths.HeckeFamily.O
                  (@NumberField.instCommRingRingOfIntegers.{0} OAI.SevenEighths.HeckeFamily.K
                    (@CyclotomicField.instField.{0} (@OfNat.ofNat.{0} Nat (nat_lit 3) (instOfNatNat (nat_lit 3))) Rat
                      Rat.instField)))))
            (@Ideal.instHasQuotient_1.{0} OAI.SevenEighths.HeckeFamily.O
              (@NumberField.instCommRingRingOfIntegers.{0} OAI.SevenEighths.HeckeFamily.K
                (@CyclotomicField.instField.{0} (@OfNat.ofNat.{0} Nat (nat_lit 3) (instOfNatNat (nat_lit 3))) Rat
                  Rat.instField)))
            M)
          (@Ideal.Quotient.semiring.{0} OAI.SevenEighths.HeckeFamily.O
            (@NumberField.instCommRingRingOfIntegers.{0} OAI.SevenEighths.HeckeFamily.K
              (@CyclotomicField.instField.{0} (@OfNat.ofNat.{0} Nat (nat_lit 3) (instOfNatNat (nat_lit 3))) Rat
                Rat.instField))
            M))))
  (hH :
    @LE.le.{0}
      (@Subgroup.{0}
        (@Units.{0}
          (@HasQuotient.Quotient.{0, 0} OAI.SevenEighths.HeckeFamily.O
            (@Ideal.{0} OAI.SevenEighths.HeckeFamily.O
              (@CommSemiring.toSemiring.{0} OAI.SevenEighths.HeckeFamily.O
                (@CommRing.toCommSemiring.{0} OAI.SevenEighths.HeckeFamily.O
                  (@NumberField.instCommRingRingOfIntegers.{0} OAI.SevenEighths.HeckeFamily.K
                    (@CyclotomicField.instField.{0} (@OfNat.ofNat.{0} Nat (nat_lit 3) (instOfNatNat (nat_lit 3))) Rat
                      Rat.instField)))))
            (@Ideal.instHasQuotient_1.{0} OAI.SevenEighths.HeckeFamily.O
              (@NumberField.instCommRingRingOfIntegers.{0} OAI.SevenEighths.HeckeFamily.K
                (@CyclotomicField.instField.{0} (@OfNat.ofNat.{0} Nat (nat_lit 3) (instOfNatNat (nat_lit 3))) Rat
                  Rat.instField)))
            M)
          (@Semiring.toMonoid.{0}
            (@HasQuotient.Quotient.{0, 0} OAI.SevenEighths.HeckeFamily.O
              (@Ideal.{0} OAI.SevenEighths.HeckeFamily.O
                (@CommSemiring.toSemiring.{0} OAI.SevenEighths.HeckeFamily.O
                  (@CommRing.toCommSemiring.{0} OAI.SevenEighths.HeckeFamily.O
                    (@NumberField.instCommRingRingOfIntegers.{0} OAI.SevenEighths.HeckeFamily.K
                      (@CyclotomicField.instField.{0} (@OfNat.ofNat.{0} Nat (nat_lit 3) (instOfNatNat (nat_lit 3))) Rat
                        Rat.instField)))))
              (@Ideal.instHasQuotient_1.{0} OAI.SevenEighths.HeckeFamily.O
                (@NumberField.instCommRingRingOfIntegers.{0} OAI.SevenEighths.HeckeFamily.K
                  (@CyclotomicField.instField.{0} (@OfNat.ofNat.{0} Nat (nat_lit 3) (instOfNatNat (nat_lit 3))) Rat
                    Rat.instField)))
              M)
            (@Ideal.Quotient.semiring.{0} OAI.SevenEighths.HeckeFamily.O
              (@NumberField.instCommRingRingOfIntegers.{0} OAI.SevenEighths.HeckeFamily.K
                (@CyclotomicField.instField.{0} (@OfNat.ofNat.{0} Nat (nat_lit 3) (instOfNatNat (nat_lit 3))) Rat
                  Rat.instField))
              M)))
        (@Units.instGroup.{0}
          (@HasQuotient.Quotient.{0, 0} OAI.SevenEighths.HeckeFamily.O
            (@Ideal.{0} OAI.SevenEighths.HeckeFamily.O
              (@CommSemiring.toSemiring.{0} OAI.SevenEighths.HeckeFamily.O
                (@CommRing.toCommSemiring.{0} OAI.SevenEighths.HeckeFamily.O
                  (@NumberField.instCommRingRingOfIntegers.{0} OAI.SevenEighths.HeckeFamily.K
                    (@CyclotomicField.instField.{0} (@OfNat.ofNat.{0} Nat (nat_lit 3) (instOfNatNat (nat_lit 3))) Rat
                      Rat.instField)))))
            (@Ideal.instHasQuotient_1.{0} OAI.SevenEighths.HeckeFamily.O
              (@NumberField.instCommRingRingOfIntegers.{0} OAI.SevenEighths.HeckeFamily.K
                (@CyclotomicField.instField.{0} (@OfNat.ofNat.{0} Nat (nat_lit 3) (instOfNatNat (nat_lit 3))) Rat
                  Rat.instField)))
            M)
          (@Semiring.toMonoid.{0}
            (@HasQuotient.Quotient.{0, 0} OAI.SevenEighths.HeckeFamily.O
              (@Ideal.{0} OAI.SevenEighths.HeckeFamily.O
                (@CommSemiring.toSemiring.{0} OAI.SevenEighths.HeckeFamily.O
                  (@CommRing.toCommSemiring.{0} OAI.SevenEighths.HeckeFamily.O
                    (@NumberField.instCommRingRingOfIntegers.{0} OAI.SevenEighths.HeckeFamily.K
                      (@CyclotomicField.instField.{0} (@OfNat.ofNat.{0} Nat (nat_lit 3) (instOfNatNat (nat_lit 3))) Rat
                        Rat.instField)))))
              (@Ideal.instHasQuotient_1.{0} OAI.SevenEighths.HeckeFamily.O
                (@NumberField.instCommRingRingOfIntegers.{0} OAI.SevenEighths.HeckeFamily.K
                  (@CyclotomicField.instField.{0} (@OfNat.ofNat.{0} Nat (nat_lit 3) (instOfNatNat (nat_lit 3))) Rat
                    Rat.instField)))
              M)
            (@Ideal.Quotient.semiring.{0} OAI.SevenEighths.HeckeFamily.O
              (@NumberField.instCommRingRingOfIntegers.{0} OAI.SevenEighths.HeckeFamily.K
                (@CyclotomicField.instField.{0} (@OfNat.ofNat.{0} Nat (nat_lit 3) (instOfNatNat (nat_lit 3))) Rat
                  Rat.instField))
              M))))
      (@Preorder.toLE.{0}
        (@Subgroup.{0}
          (@Units.{0}
            (@HasQuotient.Quotient.{0, 0} OAI.SevenEighths.HeckeFamily.O
              (@Ideal.{0} OAI.SevenEighths.HeckeFamily.O
                (@CommSemiring.toSemiring.{0} OAI.SevenEighths.HeckeFamily.O
                  (@CommRing.toCommSemiring.{0} OAI.SevenEighths.HeckeFamily.O
                    (@NumberField.instCommRingRingOfIntegers.{0} OAI.SevenEighths.HeckeFamily.K
                      (@CyclotomicField.instField.{0} (@OfNat.ofNat.{0} Nat (nat_lit 3) (instOfNatNat (nat_lit 3))) Rat
                        Rat.instField)))))
              (@Ideal.instHasQuotient_1.{0} OAI.SevenEighths.HeckeFamily.O
                (@NumberField.instCommRingRingOfIntegers.{0} OAI.SevenEighths.HeckeFamily.K
                  (@CyclotomicField.instField.{0} (@OfNat.ofNat.{0} Nat (nat_lit 3) (instOfNatNat (nat_lit 3))) Rat
                    Rat.instField)))
              M)
            (@Semiring.toMonoid.{0}
              (@HasQuotient.Quotient.{0, 0} OAI.SevenEighths.HeckeFamily.O
                (@Ideal.{0} OAI.SevenEighths.HeckeFamily.O
                  (@CommSemiring.toSemiring.{0} OAI.SevenEighths.HeckeFamily.O
                    (@CommRing.toCommSemiring.{0} OAI.SevenEighths.HeckeFamily.O
                      (@NumberField.instCommRingRingOfIntegers.{0} OAI.SevenEighths.HeckeFamily.K
                        (@CyclotomicField.instField.{0} (@OfNat.ofNat.{0} Nat (nat_lit 3) (instOfNatNat (nat_lit 3)))
                          Rat Rat.instField)))))
                (@Ideal.instHasQuotient_1.{0} OAI.SevenEighths.HeckeFamily.O
                  (@NumberField.instCommRingRingOfIntegers.{0} OAI.SevenEighths.HeckeFamily.K
                    (@CyclotomicField.instField.{0} (@OfNat.ofNat.{0} Nat (nat_lit 3) (instOfNatNat (nat_lit 3))) Rat
                      Rat.instField)))
                M)
              (@Ideal.Quotient.semiring.{0} OAI.SevenEighths.HeckeFamily.O
                (@NumberField.instCommRingRingOfIntegers.{0} OAI.SevenEighths.HeckeFamily.K
                  (@CyclotomicField.instField.{0} (@OfNat.ofNat.{0} Nat (nat_lit 3) (instOfNatNat (nat_lit 3))) Rat
                    Rat.instField))
                M)))
          (@Units.instGroup.{0}
            (@HasQuotient.Quotient.{0, 0} OAI.SevenEighths.HeckeFamily.O
              (@Ideal.{0} OAI.SevenEighths.HeckeFamily.O
                (@CommSemiring.toSemiring.{0} OAI.SevenEighths.HeckeFamily.O
                  (@CommRing.toCommSemiring.{0} OAI.SevenEighths.HeckeFamily.O
                    (@NumberField.instCommRingRingOfIntegers.{0} OAI.SevenEighths.HeckeFamily.K
                      (@CyclotomicField.instField.{0} (@OfNat.ofNat.{0} Nat (nat_lit 3) (instOfNatNat (nat_lit 3))) Rat
                        Rat.instField)))))
              (@Ideal.instHasQuotient_1.{0} OAI.SevenEighths.HeckeFamily.O
                (@NumberField.instCommRingRingOfIntegers.{0} OAI.SevenEighths.HeckeFamily.K
                  (@CyclotomicField.instField.{0} (@OfNat.ofNat.{0} Nat (nat_lit 3) (instOfNatNat (nat_lit 3))) Rat
                    Rat.instField)))
              M)
            (@Semiring.toMonoid.{0}
              (@HasQuotient.Quotient.{0, 0} OAI.SevenEighths.HeckeFamily.O
                (@Ideal.{0} OAI.SevenEighths.HeckeFamily.O
                  (@CommSemiring.toSemiring.{0} OAI.SevenEighths.HeckeFamily.O
                    (@CommRing.toCommSemiring.{0} OAI.SevenEighths.HeckeFamily.O
                      (@NumberField.instCommRingRingOfIntegers.{0} OAI.SevenEighths.HeckeFamily.K
                        (@CyclotomicField.instField.{0} (@OfNat.ofNat.{0} Nat (nat_lit 3) (instOfNatNat (nat_lit 3)))
                          Rat Rat.instField)))))
                (@Ideal.instHasQuotient_1.{0} OAI.SevenEighths.HeckeFamily.O
                  (@NumberField.instCommRingRingOfIntegers.{0} OAI.SevenEighths.HeckeFamily.K
                    (@CyclotomicField.instField.{0} (@OfNat.ofNat.{0} Nat (nat_lit 3) (instOfNatNat (nat_lit 3))) Rat
                      Rat.instField)))
                M)
              (@Ideal.Quotient.semiring.{0} OAI.SevenEighths.HeckeFamily.O
                (@NumberField.instCommRingRingOfIntegers.{0} OAI.SevenEighths.HeckeFamily.K
                  (@CyclotomicField.instField.{0} (@OfNat.ofNat.{0} Nat (nat_lit 3) (instOfNatNat (nat_lit 3))) Rat
                    Rat.instField))
                M))))
        (@PartialOrder.toPreorder.{0}
          (@Subgroup.{0}
            (@Units.{0}
              (@HasQuotient.Quotient.{0, 0} OAI.SevenEighths.HeckeFamily.O
                (@Ideal.{0} OAI.SevenEighths.HeckeFamily.O
                  (@CommSemiring.toSemiring.{0} OAI.SevenEighths.HeckeFamily.O
                    (@CommRing.toCommSemiring.{0} OAI.SevenEighths.HeckeFamily.O
                      (@NumberField.instCommRingRingOfIntegers.{0} OAI.SevenEighths.HeckeFamily.K
                        (@CyclotomicField.instField.{0} (@OfNat.ofNat.{0} Nat (nat_lit 3) (instOfNatNat (nat_lit 3)))
                          Rat Rat.instField)))))
                (@Ideal.instHasQuotient_1.{0} OAI.SevenEighths.HeckeFamily.O
                  (@NumberField.instCommRingRingOfIntegers.{0} OAI.SevenEighths.HeckeFamily.K
                    (@CyclotomicField.instField.{0} (@OfNat.ofNat.{0} Nat (nat_lit 3) (instOfNatNat (nat_lit 3))) Rat
                      Rat.instField)))
                M)
              (@Semiring.toMonoid.{0}
                (@HasQuotient.Quotient.{0, 0} OAI.SevenEighths.HeckeFamily.O
                  (@Ideal.{0} OAI.SevenEighths.HeckeFamily.O
                    (@CommSemiring.toSemiring.{0} OAI.SevenEighths.HeckeFamily.O
                      (@CommRing.toCommSemiring.{0} OAI.SevenEighths.HeckeFamily.O
                        (@NumberField.instCommRingRingOfIntegers.{0} OAI.SevenEighths.HeckeFamily.K
                          (@CyclotomicField.instField.{0} (@OfNat.ofNat.{0} Nat (nat_lit 3) (instOfNatNat (nat_lit 3)))
                            Rat Rat.instField)))))
                  (@Ideal.instHasQuotient_1.{0} OAI.SevenEighths.HeckeFamily.O
                    (@NumberField.instCommRingRingOfIntegers.{0} OAI.SevenEighths.HeckeFamily.K
                      (@CyclotomicField.instField.{0} (@OfNat.ofNat.{0} Nat (nat_lit 3) (instOfNatNat (nat_lit 3))) Rat
                        Rat.instField)))
                  M)
                (@Ideal.Quotient.semiring.{0} OAI.SevenEighths.HeckeFamily.O
                  (@NumberField.instCommRingRingOfIntegers.{0} OAI.SevenEighths.HeckeFamily.K
                    (@CyclotomicField.instField.{0} (@OfNat.ofNat.{0} Nat (nat_lit 3) (instOfNatNat (nat_lit 3))) Rat
                      Rat.instField))
                  M)))
            (@Units.instGroup.{0}
              (@HasQuotient.Quotient.{0, 0} OAI.SevenEighths.HeckeFamily.O
                (@Ideal.{0} OAI.SevenEighths.HeckeFamily.O
                  (@CommSemiring.toSemiring.{0} OAI.SevenEighths.HeckeFamily.O
                    (@CommRing.toCommSemiring.{0} OAI.SevenEighths.HeckeFamily.O
                      (@NumberField.instCommRingRingOfIntegers.{0} OAI.SevenEighths.HeckeFamily.K
                        (@CyclotomicField.instField.{0} (@OfNat.ofNat.{0} Nat (nat_lit 3) (instOfNatNat (nat_lit 3)))
                          Rat Rat.instField)))))
                (@Ideal.instHasQuotient_1.{0} OAI.SevenEighths.HeckeFamily.O
                  (@NumberField.instCommRingRingOfIntegers.{0} OAI.SevenEighths.HeckeFamily.K
                    (@CyclotomicField.instField.{0} (@OfNat.ofNat.{0} Nat (nat_lit 3) (instOfNatNat (nat_lit 3))) Rat
                      Rat.instField)))
                M)
              (@Semiring.toMonoid.{0}
                (@HasQuotient.Quotient.{0, 0} OAI.SevenEighths.HeckeFamily.O
                  (@Ideal.{0} OAI.SevenEighths.HeckeFamily.O
                    (@CommSemiring.toSemiring.{0} OAI.SevenEighths.HeckeFamily.O
                      (@CommRing.toCommSemiring.{0} OAI.SevenEighths.HeckeFamily.O
                        (@NumberField.instCommRingRingOfIntegers.{0} OAI.SevenEighths.HeckeFamily.K
                          (@CyclotomicField.instField.{0} (@OfNat.ofNat.{0} Nat (nat_lit 3) (instOfNatNat (nat_lit 3)))
                            Rat Rat.instField)))))
                  (@Ideal.instHasQuotient_1.{0} OAI.SevenEighths.HeckeFamily.O
                    (@NumberField.instCommRingRingOfIntegers.{0} OAI.SevenEighths.HeckeFamily.K
                      (@CyclotomicField.instField.{0} (@OfNat.ofNat.{0} Nat (nat_lit 3) (instOfNatNat (nat_lit 3))) Rat
                        Rat.instField)))
                  M)
                (@Ideal.Quotient.semiring.{0} OAI.SevenEighths.HeckeFamily.O
                  (@NumberField.instCommRingRingOfIntegers.{0} OAI.SevenEighths.HeckeFamily.K
                    (@CyclotomicField.instField.{0} (@OfNat.ofNat.{0} Nat (nat_lit 3) (instOfNatNat (nat_lit 3))) Rat
                      Rat.instField))
                  M))))
          (@Subgroup.instPartialOrder.{0}
            (@Units.{0}
              (@HasQuotient.Quotient.{0, 0} OAI.SevenEighths.HeckeFamily.O
                (@Ideal.{0} OAI.SevenEighths.HeckeFamily.O
                  (@CommSemiring.toSemiring.{0} OAI.SevenEighths.HeckeFamily.O
                    (@CommRing.toCommSemiring.{0} OAI.SevenEighths.HeckeFamily.O
                      (@NumberField.instCommRingRingOfIntegers.{0} OAI.SevenEighths.HeckeFamily.K
                        (@CyclotomicField.instField.{0} (@OfNat.ofNat.{0} Nat (nat_lit 3) (instOfNatNat (nat_lit 3)))
                          Rat Rat.instField)))))
                (@Ideal.instHasQuotient_1.{0} OAI.SevenEighths.HeckeFamily.O
                  (@NumberField.instCommRingRingOfIntegers.{0} OAI.SevenEighths.HeckeFamily.K
                    (@CyclotomicField.instField.{0} (@OfNat.ofNat.{0} Nat (nat_lit 3) (instOfNatNat (nat_lit 3))) Rat
                      Rat.instField)))
                M)
              (@Semiring.toMonoid.{0}
                (@HasQuotient.Quotient.{0, 0} OAI.SevenEighths.HeckeFamily.O
                  (@Ideal.{0} OAI.SevenEighths.HeckeFamily.O
                    (@CommSemiring.toSemiring.{0} OAI.SevenEighths.HeckeFamily.O
                      (@CommRing.toCommSemiring.{0} OAI.SevenEighths.HeckeFamily.O
                        (@NumberField.instCommRingRingOfIntegers.{0} OAI.SevenEighths.HeckeFamily.K
                          (@CyclotomicField.instField.{0} (@OfNat.ofNat.{0} Nat (nat_lit 3) (instOfNatNat (nat_lit 3)))
                            Rat Rat.instField)))))
                  (@Ideal.instHasQuotient_1.{0} OAI.SevenEighths.HeckeFamily.O
                    (@NumberField.instCommRingRingOfIntegers.{0} OAI.SevenEighths.HeckeFamily.K
                      (@CyclotomicField.instField.{0} (@OfNat.ofNat.{0} Nat (nat_lit 3) (instOfNatNat (nat_lit 3))) Rat
                        Rat.instField)))
                  M)
                (@Ideal.Quotient.semiring.{0} OAI.SevenEighths.HeckeFamily.O
                  (@NumberField.instCommRingRingOfIntegers.{0} OAI.SevenEighths.HeckeFamily.K
                    (@CyclotomicField.instField.{0} (@OfNat.ofNat.{0} Nat (nat_lit 3) (instOfNatNat (nat_lit 3))) Rat
                      Rat.instField))
                  M)))
            (@Units.instGroup.{0}
              (@HasQuotient.Quotient.{0, 0} OAI.SevenEighths.HeckeFamily.O
                (@Ideal.{0} OAI.SevenEighths.HeckeFamily.O
                  (@CommSemiring.toSemiring.{0} OAI.SevenEighths.HeckeFamily.O
                    (@CommRing.toCommSemiring.{0} OAI.SevenEighths.HeckeFamily.O
                      (@NumberField.instCommRingRingOfIntegers.{0} OAI.SevenEighths.HeckeFamily.K
                        (@CyclotomicField.instField.{0} (@OfNat.ofNat.{0} Nat (nat_lit 3) (instOfNatNat (nat_lit 3)))
                          Rat Rat.instField)))))
                (@Ideal.instHasQuotient_1.{0} OAI.SevenEighths.HeckeFamily.O
                  (@NumberField.instCommRingRingOfIntegers.{0} OAI.SevenEighths.HeckeFamily.K
                    (@CyclotomicField.instField.{0} (@OfNat.ofNat.{0} Nat (nat_lit 3) (instOfNatNat (nat_lit 3))) Rat
                      Rat.instField)))
                M)
              (@Semiring.toMonoid.{0}
                (@HasQuotient.Quotient.{0, 0} OAI.SevenEighths.HeckeFamily.O
                  (@Ideal.{0} OAI.SevenEighths.HeckeFamily.O
                    (@CommSemiring.toSemiring.{0} OAI.SevenEighths.HeckeFamily.O
                      (@CommRing.toCommSemiring.{0} OAI.SevenEighths.HeckeFamily.O
                        (@NumberField.instCommRingRingOfIntegers.{0} OAI.SevenEighths.HeckeFamily.K
                          (@CyclotomicField.instField.{0} (@OfNat.ofNat.{0} Nat (nat_lit 3) (instOfNatNat (nat_lit 3)))
                            Rat Rat.instField)))))
                  (@Ideal.instHasQuotient_1.{0} OAI.SevenEighths.HeckeFamily.O
                    (@NumberField.instCommRingRingOfIntegers.{0} OAI.SevenEighths.HeckeFamily.K
                      (@CyclotomicField.instField.{0} (@OfNat.ofNat.{0} Nat (nat_lit 3) (instOfNatNat (nat_lit 3))) Rat
                        Rat.instField)))
                  M)
                (@Ideal.Quotient.semiring.{0} OAI.SevenEighths.HeckeFamily.O
                  (@NumberField.instCommRingRingOfIntegers.{0} OAI.SevenEighths.HeckeFamily.K
                    (@CyclotomicField.instField.{0} (@OfNat.ofNat.{0} Nat (nat_lit 3) (instOfNatNat (nat_lit 3))) Rat
                      Rat.instField))
                  M))))))
      (@OAI.SevenEighths.RayOrthogonality.globalUnits.{0} OAI.SevenEighths.HeckeFamily.O
        (@NumberField.instCommRingRingOfIntegers.{0} OAI.SevenEighths.HeckeFamily.K
          (@CyclotomicField.instField.{0} (@OfNat.ofNat.{0} Nat (nat_lit 3) (instOfNatNat (nat_lit 3))) Rat
            Rat.instField))
        M)
      H)
  (W : Real → Complex) (aslot bslot a b radial Bmask L lo hi Mcap κ ε : Real)
  (haslot :
    @LT.lt.{0} Real Real.instLT (@OfNat.ofNat.{0} Real (nat_lit 0) (@Zero.toOfNat0.{0} Real Real.instZero)) aslot)
  (hWs :
    @LE.le.{0} (Set.{0} Real) (@Set.instLE.{0} Real) (@Function.support.{0, 0} Real Complex Complex.instZero W)
      (@Set.Icc.{0} Real Real.instPreorder aslot bslot))
  (hW :
    @ContDiff.{0, 0, 0} Real (@DenselyNormedField.toNontriviallyNormedField.{0} Real Real.denselyNormedField) Real
      Real.normedAddCommGroup
      (@InnerProductSpace.toNormedSpace.{0, 0} Real Real Real.instRCLike
        (@NormedAddCommGroup.toSeminormedAddCommGroup.{0} Real Real.normedAddCommGroup)
        (@RCLike.toInnerProductSpaceReal.{0} Real Real.instRCLike))
      Complex Complex.instNormedAddCommGroup
      (@InnerProductSpace.toNormedSpace.{0, 0} Real Complex Real.instRCLike
        (@NormedAddCommGroup.toSeminormedAddCommGroup.{0} Complex Complex.instNormedAddCommGroup)
        instInnerProductSpaceRealComplex)
      (@WithTop.some.{0} ENat (@Top.top.{0} ENat instTopENat)) W)
  (hbslot :
    @LE.le.{0} Real Real.instLE (@OfNat.ofNat.{0} Real (nat_lit 0) (@Zero.toOfNat0.{0} Real Real.instZero)) bslot)
  (ha : @LT.lt.{0} Real Real.instLT (@OfNat.ofNat.{0} Real (nat_lit 0) (@Zero.toOfNat0.{0} Real Real.instZero)) a)
  (haUpper :
    @LE.le.{0} Real Real.instLE a
      (@HDiv.hDiv.{0, 0, 0} Real Real Real (@instHDiv.{0} Real (@DivInvMonoid.toDiv.{0} Real Real.instDivInvMonoid))
        (@OfNat.ofNat.{0} Real (nat_lit 1) (@One.toOfNat1.{0} Real Real.instOne))
        (@OfNat.ofNat.{0} Real (nat_lit 4)
          (@instOfNatAtLeastTwo.{0} Real (nat_lit 4) Real.instNatCast
            (@Nat.instAtLeastTwoHAddOfNat (@OfNat.ofNat.{0} Nat (nat_lit 3) (instOfNatNat (nat_lit 3)))
              (@Nat.instNeZeroSucc (@OfNat.ofNat.{0} Nat (nat_lit 2) (instOfNatNat (nat_lit 2)))))))))
  (hb : @LE.le.{0} Real Real.instLE (@OfNat.ofNat.{0} Real (nat_lit 1) (@One.toOfNat1.{0} Real Real.instOne)) b)
  (hrad :
    @LE.le.{0} Real Real.instLE
      (@OfNat.ofNat.{0} Real (nat_lit 2)
        (@instOfNatAtLeastTwo.{0} Real (nat_lit 2) Real.instNatCast
          (@Nat.instAtLeastTwoHAddOfNat (@OfNat.ofNat.{0} Nat (nat_lit 1) (instOfNatNat (nat_lit 1)))
            (@Nat.instNeZeroSucc (@OfNat.ofNat.{0} Nat (nat_lit 0) (instOfNatNat (nat_lit 0)))))))
      radial)
  (hmask :
    @LE.le.{0} Real Real.instLE (@OfNat.ofNat.{0} Real (nat_lit 0) (@Zero.toOfNat0.{0} Real Real.instZero)) Bmask)
  (hMcap : @LT.lt.{0} Real Real.instLT (@OfNat.ofNat.{0} Real (nat_lit 0) (@Zero.toOfNat0.{0} Real Real.instZero)) Mcap)
  (hκ0 :
    @LE.le.{0} Real Real.instLE
      (@HDiv.hDiv.{0, 0, 0} Real Real Real (@instHDiv.{0} Real (@DivInvMonoid.toDiv.{0} Real Real.instDivInvMonoid))
        (@OfNat.ofNat.{0} Real (nat_lit 37)
          (@instOfNatAtLeastTwo.{0} Real (nat_lit 37) Real.instNatCast
            (@Nat.instAtLeastTwoHAddOfNat (@OfNat.ofNat.{0} Nat (nat_lit 36) (instOfNatNat (nat_lit 36)))
              (@Nat.instNeZeroSucc (@OfNat.ofNat.{0} Nat (nat_lit 35) (instOfNatNat (nat_lit 35)))))))
        (@OfNat.ofNat.{0} Real (nat_lit 50)
          (@instOfNatAtLeastTwo.{0} Real (nat_lit 50) Real.instNatCast
            (@Nat.instAtLeastTwoHAddOfNat (@OfNat.ofNat.{0} Nat (nat_lit 49) (instOfNatNat (nat_lit 49)))
              (@Nat.instNeZeroSucc (@OfNat.ofNat.{0} Nat (nat_lit 48) (instOfNatNat (nat_lit 48))))))))
      κ)
  (hε : @LT.lt.{0} Real Real.instLT (@OfNat.ofNat.{0} Real (nat_lit 0) (@Zero.toOfNat0.{0} Real Real.instZero)) ε)
  (hbeta :
    @LE.le.{0} Real Real.instLE
      (@HDiv.hDiv.{0, 0, 0} Real Real Real (@instHDiv.{0} Real (@DivInvMonoid.toDiv.{0} Real Real.instDivInvMonoid))
        (@OfNat.ofNat.{0} Real (nat_lit 51)
          (@instOfNatAtLeastTwo.{0} Real (nat_lit 51) Real.instNatCast
            (@Nat.instAtLeastTwoHAddOfNat (@OfNat.ofNat.{0} Nat (nat_lit 50) (instOfNatNat (nat_lit 50)))
              (@Nat.instNeZeroSucc (@OfNat.ofNat.{0} Nat (nat_lit 49) (instOfNatNat (nat_lit 49)))))))
        (@OfNat.ofNat.{0} Real (nat_lit 100)
          (@instOfNatAtLeastTwo.{0} Real (nat_lit 100) Real.instNatCast
            (@Nat.instAtLeastTwoHAddOfNat (@OfNat.ofNat.{0} Nat (nat_lit 99) (instOfNatNat (nat_lit 99)))
              (@Nat.instNeZeroSucc (@OfNat.ofNat.{0} Nat (nat_lit 98) (instOfNatNat (nat_lit 98))))))))
      OAI.SevenEighths.HeckeZeroSupremum.beta)
  (hκ :
    @LE.le.{0} Real Real.instLE
      (@HSub.hSub.{0, 0, 0} Real Real Real (@instHSub.{0} Real Real.instSub)
        (@HMul.hMul.{0, 0, 0} Real Real Real (@instHMul.{0} Real Real.instMul)
          (@OfNat.ofNat.{0} Real (nat_lit 2)
            (@instOfNatAtLeastTwo.{0} Real (nat_lit 2) Real.instNatCast
              (@Nat.instAtLeastTwoHAddOfNat (@OfNat.ofNat.{0} Nat (nat_lit 1) (instOfNatNat (nat_lit 1)))
                (@Nat.instNeZeroSucc (@OfNat.ofNat.{0} Nat (nat_lit 0) (instOfNatNat (nat_lit 0)))))))
          OAI.SevenEighths.HeckeZeroSupremum.beta)
        (@OfNat.ofNat.{0} Real (nat_lit 1) (@One.toOfNat1.{0} Real Real.instOne)))
      κ)
  (k : Nat),
  @LE.le.{0} Nat instLENat k (OAI.SevenEighths.CenteredMomentEnergyWidthSchedule.count Mcap ε) →
    @OAI.SevenEighths.CenteredMomentEnergyCappedWidthInduction.CertifiedBand.{u_1} α M inst H hH W bslot a b radial
      Bmask L lo hi Mcap κ ε k
'OAI.SevenEighths.CenteredMomentEnergyCertifiedExistence.certified_bands' depends on axioms: [propext,
 Classical.choice,
 Quot.sound]
@OAI.SevenEighths.CenteredMomentEnergyCertifiedExistence.terminal_certificate.{u_1} : ∀ {α : Type u_1} [Fintype.{u_1} α]
  [DecidableEq.{u_1 + 1} α]
  (M :
    @Ideal.{0} OAI.SevenEighths.HeckeFamily.O
      (@CommSemiring.toSemiring.{0} OAI.SevenEighths.HeckeFamily.O
        (@CommRing.toCommSemiring.{0} OAI.SevenEighths.HeckeFamily.O
          (@NumberField.instCommRingRingOfIntegers.{0} OAI.SevenEighths.HeckeFamily.K
            (@CyclotomicField.instField.{0} (@OfNat.ofNat.{0} Nat (nat_lit 3) (instOfNatNat (nat_lit 3))) Rat
              Rat.instField)))))
  [inst :
    @NeZero.{0}
      (@Ideal.{0} OAI.SevenEighths.HeckeFamily.O
        (@CommSemiring.toSemiring.{0} OAI.SevenEighths.HeckeFamily.O
          (@CommRing.toCommSemiring.{0} OAI.SevenEighths.HeckeFamily.O
            (@NumberField.instCommRingRingOfIntegers.{0} OAI.SevenEighths.HeckeFamily.K
              (@CyclotomicField.instField.{0} (@OfNat.ofNat.{0} Nat (nat_lit 3) (instOfNatNat (nat_lit 3))) Rat
                Rat.instField)))))
      (@Submodule.pointwiseZero.{0, 0} OAI.SevenEighths.HeckeFamily.O OAI.SevenEighths.HeckeFamily.O
        (@CommSemiring.toSemiring.{0} OAI.SevenEighths.HeckeFamily.O
          (@CommRing.toCommSemiring.{0} OAI.SevenEighths.HeckeFamily.O
            (@NumberField.instCommRingRingOfIntegers.{0} OAI.SevenEighths.HeckeFamily.K
              (@CyclotomicField.instField.{0} (@OfNat.ofNat.{0} Nat (nat_lit 3) (instOfNatNat (nat_lit 3))) Rat
                Rat.instField))))
        (@Semiring.toAddCommMonoid.{0} OAI.SevenEighths.HeckeFamily.O
          (@CommSemiring.toSemiring.{0} OAI.SevenEighths.HeckeFamily.O
            (@CommRing.toCommSemiring.{0} OAI.SevenEighths.HeckeFamily.O
              (@NumberField.instCommRingRingOfIntegers.{0} OAI.SevenEighths.HeckeFamily.K
                (@CyclotomicField.instField.{0} (@OfNat.ofNat.{0} Nat (nat_lit 3) (instOfNatNat (nat_lit 3))) Rat
                  Rat.instField)))))
        (@Semiring.toModule.{0} OAI.SevenEighths.HeckeFamily.O
          (@CommSemiring.toSemiring.{0} OAI.SevenEighths.HeckeFamily.O
            (@CommRing.toCommSemiring.{0} OAI.SevenEighths.HeckeFamily.O
              (@NumberField.instCommRingRingOfIntegers.{0} OAI.SevenEighths.HeckeFamily.K
                (@CyclotomicField.instField.{0} (@OfNat.ofNat.{0} Nat (nat_lit 3) (instOfNatNat (nat_lit 3))) Rat
                  Rat.instField))))))
      M]
  (H :
    @Subgroup.{0}
      (@Units.{0}
        (@HasQuotient.Quotient.{0, 0} OAI.SevenEighths.HeckeFamily.O
          (@Ideal.{0} OAI.SevenEighths.HeckeFamily.O
            (@CommSemiring.toSemiring.{0} OAI.SevenEighths.HeckeFamily.O
              (@CommRing.toCommSemiring.{0} OAI.SevenEighths.HeckeFamily.O
                (@NumberField.instCommRingRingOfIntegers.{0} OAI.SevenEighths.HeckeFamily.K
                  (@CyclotomicField.instField.{0} (@OfNat.ofNat.{0} Nat (nat_lit 3) (instOfNatNat (nat_lit 3))) Rat
                    Rat.instField)))))
          (@Ideal.instHasQuotient_1.{0} OAI.SevenEighths.HeckeFamily.O
            (@NumberField.instCommRingRingOfIntegers.{0} OAI.SevenEighths.HeckeFamily.K
              (@CyclotomicField.instField.{0} (@OfNat.ofNat.{0} Nat (nat_lit 3) (instOfNatNat (nat_lit 3))) Rat
                Rat.instField)))
          M)
        (@Semiring.toMonoid.{0}
          (@HasQuotient.Quotient.{0, 0} OAI.SevenEighths.HeckeFamily.O
            (@Ideal.{0} OAI.SevenEighths.HeckeFamily.O
              (@CommSemiring.toSemiring.{0} OAI.SevenEighths.HeckeFamily.O
                (@CommRing.toCommSemiring.{0} OAI.SevenEighths.HeckeFamily.O
                  (@NumberField.instCommRingRingOfIntegers.{0} OAI.SevenEighths.HeckeFamily.K
                    (@CyclotomicField.instField.{0} (@OfNat.ofNat.{0} Nat (nat_lit 3) (instOfNatNat (nat_lit 3))) Rat
                      Rat.instField)))))
            (@Ideal.instHasQuotient_1.{0} OAI.SevenEighths.HeckeFamily.O
              (@NumberField.instCommRingRingOfIntegers.{0} OAI.SevenEighths.HeckeFamily.K
                (@CyclotomicField.instField.{0} (@OfNat.ofNat.{0} Nat (nat_lit 3) (instOfNatNat (nat_lit 3))) Rat
                  Rat.instField)))
            M)
          (@Ideal.Quotient.semiring.{0} OAI.SevenEighths.HeckeFamily.O
            (@NumberField.instCommRingRingOfIntegers.{0} OAI.SevenEighths.HeckeFamily.K
              (@CyclotomicField.instField.{0} (@OfNat.ofNat.{0} Nat (nat_lit 3) (instOfNatNat (nat_lit 3))) Rat
                Rat.instField))
            M)))
      (@Units.instGroup.{0}
        (@HasQuotient.Quotient.{0, 0} OAI.SevenEighths.HeckeFamily.O
          (@Ideal.{0} OAI.SevenEighths.HeckeFamily.O
            (@CommSemiring.toSemiring.{0} OAI.SevenEighths.HeckeFamily.O
              (@CommRing.toCommSemiring.{0} OAI.SevenEighths.HeckeFamily.O
                (@NumberField.instCommRingRingOfIntegers.{0} OAI.SevenEighths.HeckeFamily.K
                  (@CyclotomicField.instField.{0} (@OfNat.ofNat.{0} Nat (nat_lit 3) (instOfNatNat (nat_lit 3))) Rat
                    Rat.instField)))))
          (@Ideal.instHasQuotient_1.{0} OAI.SevenEighths.HeckeFamily.O
            (@NumberField.instCommRingRingOfIntegers.{0} OAI.SevenEighths.HeckeFamily.K
              (@CyclotomicField.instField.{0} (@OfNat.ofNat.{0} Nat (nat_lit 3) (instOfNatNat (nat_lit 3))) Rat
                Rat.instField)))
          M)
        (@Semiring.toMonoid.{0}
          (@HasQuotient.Quotient.{0, 0} OAI.SevenEighths.HeckeFamily.O
            (@Ideal.{0} OAI.SevenEighths.HeckeFamily.O
              (@CommSemiring.toSemiring.{0} OAI.SevenEighths.HeckeFamily.O
                (@CommRing.toCommSemiring.{0} OAI.SevenEighths.HeckeFamily.O
                  (@NumberField.instCommRingRingOfIntegers.{0} OAI.SevenEighths.HeckeFamily.K
                    (@CyclotomicField.instField.{0} (@OfNat.ofNat.{0} Nat (nat_lit 3) (instOfNatNat (nat_lit 3))) Rat
                      Rat.instField)))))
            (@Ideal.instHasQuotient_1.{0} OAI.SevenEighths.HeckeFamily.O
              (@NumberField.instCommRingRingOfIntegers.{0} OAI.SevenEighths.HeckeFamily.K
                (@CyclotomicField.instField.{0} (@OfNat.ofNat.{0} Nat (nat_lit 3) (instOfNatNat (nat_lit 3))) Rat
                  Rat.instField)))
            M)
          (@Ideal.Quotient.semiring.{0} OAI.SevenEighths.HeckeFamily.O
            (@NumberField.instCommRingRingOfIntegers.{0} OAI.SevenEighths.HeckeFamily.K
              (@CyclotomicField.instField.{0} (@OfNat.ofNat.{0} Nat (nat_lit 3) (instOfNatNat (nat_lit 3))) Rat
                Rat.instField))
            M))))
  (hH :
    @LE.le.{0}
      (@Subgroup.{0}
        (@Units.{0}
          (@HasQuotient.Quotient.{0, 0} OAI.SevenEighths.HeckeFamily.O
            (@Ideal.{0} OAI.SevenEighths.HeckeFamily.O
              (@CommSemiring.toSemiring.{0} OAI.SevenEighths.HeckeFamily.O
                (@CommRing.toCommSemiring.{0} OAI.SevenEighths.HeckeFamily.O
                  (@NumberField.instCommRingRingOfIntegers.{0} OAI.SevenEighths.HeckeFamily.K
                    (@CyclotomicField.instField.{0} (@OfNat.ofNat.{0} Nat (nat_lit 3) (instOfNatNat (nat_lit 3))) Rat
                      Rat.instField)))))
            (@Ideal.instHasQuotient_1.{0} OAI.SevenEighths.HeckeFamily.O
              (@NumberField.instCommRingRingOfIntegers.{0} OAI.SevenEighths.HeckeFamily.K
                (@CyclotomicField.instField.{0} (@OfNat.ofNat.{0} Nat (nat_lit 3) (instOfNatNat (nat_lit 3))) Rat
                  Rat.instField)))
            M)
          (@Semiring.toMonoid.{0}
            (@HasQuotient.Quotient.{0, 0} OAI.SevenEighths.HeckeFamily.O
              (@Ideal.{0} OAI.SevenEighths.HeckeFamily.O
                (@CommSemiring.toSemiring.{0} OAI.SevenEighths.HeckeFamily.O
                  (@CommRing.toCommSemiring.{0} OAI.SevenEighths.HeckeFamily.O
                    (@NumberField.instCommRingRingOfIntegers.{0} OAI.SevenEighths.HeckeFamily.K
                      (@CyclotomicField.instField.{0} (@OfNat.ofNat.{0} Nat (nat_lit 3) (instOfNatNat (nat_lit 3))) Rat
                        Rat.instField)))))
              (@Ideal.instHasQuotient_1.{0} OAI.SevenEighths.HeckeFamily.O
                (@NumberField.instCommRingRingOfIntegers.{0} OAI.SevenEighths.HeckeFamily.K
                  (@CyclotomicField.instField.{0} (@OfNat.ofNat.{0} Nat (nat_lit 3) (instOfNatNat (nat_lit 3))) Rat
                    Rat.instField)))
              M)
            (@Ideal.Quotient.semiring.{0} OAI.SevenEighths.HeckeFamily.O
              (@NumberField.instCommRingRingOfIntegers.{0} OAI.SevenEighths.HeckeFamily.K
                (@CyclotomicField.instField.{0} (@OfNat.ofNat.{0} Nat (nat_lit 3) (instOfNatNat (nat_lit 3))) Rat
                  Rat.instField))
              M)))
        (@Units.instGroup.{0}
          (@HasQuotient.Quotient.{0, 0} OAI.SevenEighths.HeckeFamily.O
            (@Ideal.{0} OAI.SevenEighths.HeckeFamily.O
              (@CommSemiring.toSemiring.{0} OAI.SevenEighths.HeckeFamily.O
                (@CommRing.toCommSemiring.{0} OAI.SevenEighths.HeckeFamily.O
                  (@NumberField.instCommRingRingOfIntegers.{0} OAI.SevenEighths.HeckeFamily.K
                    (@CyclotomicField.instField.{0} (@OfNat.ofNat.{0} Nat (nat_lit 3) (instOfNatNat (nat_lit 3))) Rat
                      Rat.instField)))))
            (@Ideal.instHasQuotient_1.{0} OAI.SevenEighths.HeckeFamily.O
              (@NumberField.instCommRingRingOfIntegers.{0} OAI.SevenEighths.HeckeFamily.K
                (@CyclotomicField.instField.{0} (@OfNat.ofNat.{0} Nat (nat_lit 3) (instOfNatNat (nat_lit 3))) Rat
                  Rat.instField)))
            M)
          (@Semiring.toMonoid.{0}
            (@HasQuotient.Quotient.{0, 0} OAI.SevenEighths.HeckeFamily.O
              (@Ideal.{0} OAI.SevenEighths.HeckeFamily.O
                (@CommSemiring.toSemiring.{0} OAI.SevenEighths.HeckeFamily.O
                  (@CommRing.toCommSemiring.{0} OAI.SevenEighths.HeckeFamily.O
                    (@NumberField.instCommRingRingOfIntegers.{0} OAI.SevenEighths.HeckeFamily.K
                      (@CyclotomicField.instField.{0} (@OfNat.ofNat.{0} Nat (nat_lit 3) (instOfNatNat (nat_lit 3))) Rat
                        Rat.instField)))))
              (@Ideal.instHasQuotient_1.{0} OAI.SevenEighths.HeckeFamily.O
                (@NumberField.instCommRingRingOfIntegers.{0} OAI.SevenEighths.HeckeFamily.K
                  (@CyclotomicField.instField.{0} (@OfNat.ofNat.{0} Nat (nat_lit 3) (instOfNatNat (nat_lit 3))) Rat
                    Rat.instField)))
              M)
            (@Ideal.Quotient.semiring.{0} OAI.SevenEighths.HeckeFamily.O
              (@NumberField.instCommRingRingOfIntegers.{0} OAI.SevenEighths.HeckeFamily.K
                (@CyclotomicField.instField.{0} (@OfNat.ofNat.{0} Nat (nat_lit 3) (instOfNatNat (nat_lit 3))) Rat
                  Rat.instField))
              M))))
      (@Preorder.toLE.{0}
        (@Subgroup.{0}
          (@Units.{0}
            (@HasQuotient.Quotient.{0, 0} OAI.SevenEighths.HeckeFamily.O
              (@Ideal.{0} OAI.SevenEighths.HeckeFamily.O
                (@CommSemiring.toSemiring.{0} OAI.SevenEighths.HeckeFamily.O
                  (@CommRing.toCommSemiring.{0} OAI.SevenEighths.HeckeFamily.O
                    (@NumberField.instCommRingRingOfIntegers.{0} OAI.SevenEighths.HeckeFamily.K
                      (@CyclotomicField.instField.{0} (@OfNat.ofNat.{0} Nat (nat_lit 3) (instOfNatNat (nat_lit 3))) Rat
                        Rat.instField)))))
              (@Ideal.instHasQuotient_1.{0} OAI.SevenEighths.HeckeFamily.O
                (@NumberField.instCommRingRingOfIntegers.{0} OAI.SevenEighths.HeckeFamily.K
                  (@CyclotomicField.instField.{0} (@OfNat.ofNat.{0} Nat (nat_lit 3) (instOfNatNat (nat_lit 3))) Rat
                    Rat.instField)))
              M)
            (@Semiring.toMonoid.{0}
              (@HasQuotient.Quotient.{0, 0} OAI.SevenEighths.HeckeFamily.O
                (@Ideal.{0} OAI.SevenEighths.HeckeFamily.O
                  (@CommSemiring.toSemiring.{0} OAI.SevenEighths.HeckeFamily.O
                    (@CommRing.toCommSemiring.{0} OAI.SevenEighths.HeckeFamily.O
                      (@NumberField.instCommRingRingOfIntegers.{0} OAI.SevenEighths.HeckeFamily.K
                        (@CyclotomicField.instField.{0} (@OfNat.ofNat.{0} Nat (nat_lit 3) (instOfNatNat (nat_lit 3)))
                          Rat Rat.instField)))))
                (@Ideal.instHasQuotient_1.{0} OAI.SevenEighths.HeckeFamily.O
                  (@NumberField.instCommRingRingOfIntegers.{0} OAI.SevenEighths.HeckeFamily.K
                    (@CyclotomicField.instField.{0} (@OfNat.ofNat.{0} Nat (nat_lit 3) (instOfNatNat (nat_lit 3))) Rat
                      Rat.instField)))
                M)
              (@Ideal.Quotient.semiring.{0} OAI.SevenEighths.HeckeFamily.O
                (@NumberField.instCommRingRingOfIntegers.{0} OAI.SevenEighths.HeckeFamily.K
                  (@CyclotomicField.instField.{0} (@OfNat.ofNat.{0} Nat (nat_lit 3) (instOfNatNat (nat_lit 3))) Rat
                    Rat.instField))
                M)))
          (@Units.instGroup.{0}
            (@HasQuotient.Quotient.{0, 0} OAI.SevenEighths.HeckeFamily.O
              (@Ideal.{0} OAI.SevenEighths.HeckeFamily.O
                (@CommSemiring.toSemiring.{0} OAI.SevenEighths.HeckeFamily.O
                  (@CommRing.toCommSemiring.{0} OAI.SevenEighths.HeckeFamily.O
                    (@NumberField.instCommRingRingOfIntegers.{0} OAI.SevenEighths.HeckeFamily.K
                      (@CyclotomicField.instField.{0} (@OfNat.ofNat.{0} Nat (nat_lit 3) (instOfNatNat (nat_lit 3))) Rat
                        Rat.instField)))))
              (@Ideal.instHasQuotient_1.{0} OAI.SevenEighths.HeckeFamily.O
                (@NumberField.instCommRingRingOfIntegers.{0} OAI.SevenEighths.HeckeFamily.K
                  (@CyclotomicField.instField.{0} (@OfNat.ofNat.{0} Nat (nat_lit 3) (instOfNatNat (nat_lit 3))) Rat
                    Rat.instField)))
              M)
            (@Semiring.toMonoid.{0}
              (@HasQuotient.Quotient.{0, 0} OAI.SevenEighths.HeckeFamily.O
                (@Ideal.{0} OAI.SevenEighths.HeckeFamily.O
                  (@CommSemiring.toSemiring.{0} OAI.SevenEighths.HeckeFamily.O
                    (@CommRing.toCommSemiring.{0} OAI.SevenEighths.HeckeFamily.O
                      (@NumberField.instCommRingRingOfIntegers.{0} OAI.SevenEighths.HeckeFamily.K
                        (@CyclotomicField.instField.{0} (@OfNat.ofNat.{0} Nat (nat_lit 3) (instOfNatNat (nat_lit 3)))
                          Rat Rat.instField)))))
                (@Ideal.instHasQuotient_1.{0} OAI.SevenEighths.HeckeFamily.O
                  (@NumberField.instCommRingRingOfIntegers.{0} OAI.SevenEighths.HeckeFamily.K
                    (@CyclotomicField.instField.{0} (@OfNat.ofNat.{0} Nat (nat_lit 3) (instOfNatNat (nat_lit 3))) Rat
                      Rat.instField)))
                M)
              (@Ideal.Quotient.semiring.{0} OAI.SevenEighths.HeckeFamily.O
                (@NumberField.instCommRingRingOfIntegers.{0} OAI.SevenEighths.HeckeFamily.K
                  (@CyclotomicField.instField.{0} (@OfNat.ofNat.{0} Nat (nat_lit 3) (instOfNatNat (nat_lit 3))) Rat
                    Rat.instField))
                M))))
        (@PartialOrder.toPreorder.{0}
          (@Subgroup.{0}
            (@Units.{0}
              (@HasQuotient.Quotient.{0, 0} OAI.SevenEighths.HeckeFamily.O
                (@Ideal.{0} OAI.SevenEighths.HeckeFamily.O
                  (@CommSemiring.toSemiring.{0} OAI.SevenEighths.HeckeFamily.O
                    (@CommRing.toCommSemiring.{0} OAI.SevenEighths.HeckeFamily.O
                      (@NumberField.instCommRingRingOfIntegers.{0} OAI.SevenEighths.HeckeFamily.K
                        (@CyclotomicField.instField.{0} (@OfNat.ofNat.{0} Nat (nat_lit 3) (instOfNatNat (nat_lit 3)))
                          Rat Rat.instField)))))
                (@Ideal.instHasQuotient_1.{0} OAI.SevenEighths.HeckeFamily.O
                  (@NumberField.instCommRingRingOfIntegers.{0} OAI.SevenEighths.HeckeFamily.K
                    (@CyclotomicField.instField.{0} (@OfNat.ofNat.{0} Nat (nat_lit 3) (instOfNatNat (nat_lit 3))) Rat
                      Rat.instField)))
                M)
              (@Semiring.toMonoid.{0}
                (@HasQuotient.Quotient.{0, 0} OAI.SevenEighths.HeckeFamily.O
                  (@Ideal.{0} OAI.SevenEighths.HeckeFamily.O
                    (@CommSemiring.toSemiring.{0} OAI.SevenEighths.HeckeFamily.O
                      (@CommRing.toCommSemiring.{0} OAI.SevenEighths.HeckeFamily.O
                        (@NumberField.instCommRingRingOfIntegers.{0} OAI.SevenEighths.HeckeFamily.K
                          (@CyclotomicField.instField.{0} (@OfNat.ofNat.{0} Nat (nat_lit 3) (instOfNatNat (nat_lit 3)))
                            Rat Rat.instField)))))
                  (@Ideal.instHasQuotient_1.{0} OAI.SevenEighths.HeckeFamily.O
                    (@NumberField.instCommRingRingOfIntegers.{0} OAI.SevenEighths.HeckeFamily.K
                      (@CyclotomicField.instField.{0} (@OfNat.ofNat.{0} Nat (nat_lit 3) (instOfNatNat (nat_lit 3))) Rat
                        Rat.instField)))
                  M)
                (@Ideal.Quotient.semiring.{0} OAI.SevenEighths.HeckeFamily.O
                  (@NumberField.instCommRingRingOfIntegers.{0} OAI.SevenEighths.HeckeFamily.K
                    (@CyclotomicField.instField.{0} (@OfNat.ofNat.{0} Nat (nat_lit 3) (instOfNatNat (nat_lit 3))) Rat
                      Rat.instField))
                  M)))
            (@Units.instGroup.{0}
              (@HasQuotient.Quotient.{0, 0} OAI.SevenEighths.HeckeFamily.O
                (@Ideal.{0} OAI.SevenEighths.HeckeFamily.O
                  (@CommSemiring.toSemiring.{0} OAI.SevenEighths.HeckeFamily.O
                    (@CommRing.toCommSemiring.{0} OAI.SevenEighths.HeckeFamily.O
                      (@NumberField.instCommRingRingOfIntegers.{0} OAI.SevenEighths.HeckeFamily.K
                        (@CyclotomicField.instField.{0} (@OfNat.ofNat.{0} Nat (nat_lit 3) (instOfNatNat (nat_lit 3)))
                          Rat Rat.instField)))))
                (@Ideal.instHasQuotient_1.{0} OAI.SevenEighths.HeckeFamily.O
                  (@NumberField.instCommRingRingOfIntegers.{0} OAI.SevenEighths.HeckeFamily.K
                    (@CyclotomicField.instField.{0} (@OfNat.ofNat.{0} Nat (nat_lit 3) (instOfNatNat (nat_lit 3))) Rat
                      Rat.instField)))
                M)
              (@Semiring.toMonoid.{0}
                (@HasQuotient.Quotient.{0, 0} OAI.SevenEighths.HeckeFamily.O
                  (@Ideal.{0} OAI.SevenEighths.HeckeFamily.O
                    (@CommSemiring.toSemiring.{0} OAI.SevenEighths.HeckeFamily.O
                      (@CommRing.toCommSemiring.{0} OAI.SevenEighths.HeckeFamily.O
                        (@NumberField.instCommRingRingOfIntegers.{0} OAI.SevenEighths.HeckeFamily.K
                          (@CyclotomicField.instField.{0} (@OfNat.ofNat.{0} Nat (nat_lit 3) (instOfNatNat (nat_lit 3)))
                            Rat Rat.instField)))))
                  (@Ideal.instHasQuotient_1.{0} OAI.SevenEighths.HeckeFamily.O
                    (@NumberField.instCommRingRingOfIntegers.{0} OAI.SevenEighths.HeckeFamily.K
                      (@CyclotomicField.instField.{0} (@OfNat.ofNat.{0} Nat (nat_lit 3) (instOfNatNat (nat_lit 3))) Rat
                        Rat.instField)))
                  M)
                (@Ideal.Quotient.semiring.{0} OAI.SevenEighths.HeckeFamily.O
                  (@NumberField.instCommRingRingOfIntegers.{0} OAI.SevenEighths.HeckeFamily.K
                    (@CyclotomicField.instField.{0} (@OfNat.ofNat.{0} Nat (nat_lit 3) (instOfNatNat (nat_lit 3))) Rat
                      Rat.instField))
                  M))))
          (@Subgroup.instPartialOrder.{0}
            (@Units.{0}
              (@HasQuotient.Quotient.{0, 0} OAI.SevenEighths.HeckeFamily.O
                (@Ideal.{0} OAI.SevenEighths.HeckeFamily.O
                  (@CommSemiring.toSemiring.{0} OAI.SevenEighths.HeckeFamily.O
                    (@CommRing.toCommSemiring.{0} OAI.SevenEighths.HeckeFamily.O
                      (@NumberField.instCommRingRingOfIntegers.{0} OAI.SevenEighths.HeckeFamily.K
                        (@CyclotomicField.instField.{0} (@OfNat.ofNat.{0} Nat (nat_lit 3) (instOfNatNat (nat_lit 3)))
                          Rat Rat.instField)))))
                (@Ideal.instHasQuotient_1.{0} OAI.SevenEighths.HeckeFamily.O
                  (@NumberField.instCommRingRingOfIntegers.{0} OAI.SevenEighths.HeckeFamily.K
                    (@CyclotomicField.instField.{0} (@OfNat.ofNat.{0} Nat (nat_lit 3) (instOfNatNat (nat_lit 3))) Rat
                      Rat.instField)))
                M)
              (@Semiring.toMonoid.{0}
                (@HasQuotient.Quotient.{0, 0} OAI.SevenEighths.HeckeFamily.O
                  (@Ideal.{0} OAI.SevenEighths.HeckeFamily.O
                    (@CommSemiring.toSemiring.{0} OAI.SevenEighths.HeckeFamily.O
                      (@CommRing.toCommSemiring.{0} OAI.SevenEighths.HeckeFamily.O
                        (@NumberField.instCommRingRingOfIntegers.{0} OAI.SevenEighths.HeckeFamily.K
                          (@CyclotomicField.instField.{0} (@OfNat.ofNat.{0} Nat (nat_lit 3) (instOfNatNat (nat_lit 3)))
                            Rat Rat.instField)))))
                  (@Ideal.instHasQuotient_1.{0} OAI.SevenEighths.HeckeFamily.O
                    (@NumberField.instCommRingRingOfIntegers.{0} OAI.SevenEighths.HeckeFamily.K
                      (@CyclotomicField.instField.{0} (@OfNat.ofNat.{0} Nat (nat_lit 3) (instOfNatNat (nat_lit 3))) Rat
                        Rat.instField)))
                  M)
                (@Ideal.Quotient.semiring.{0} OAI.SevenEighths.HeckeFamily.O
                  (@NumberField.instCommRingRingOfIntegers.{0} OAI.SevenEighths.HeckeFamily.K
                    (@CyclotomicField.instField.{0} (@OfNat.ofNat.{0} Nat (nat_lit 3) (instOfNatNat (nat_lit 3))) Rat
                      Rat.instField))
                  M)))
            (@Units.instGroup.{0}
              (@HasQuotient.Quotient.{0, 0} OAI.SevenEighths.HeckeFamily.O
                (@Ideal.{0} OAI.SevenEighths.HeckeFamily.O
                  (@CommSemiring.toSemiring.{0} OAI.SevenEighths.HeckeFamily.O
                    (@CommRing.toCommSemiring.{0} OAI.SevenEighths.HeckeFamily.O
                      (@NumberField.instCommRingRingOfIntegers.{0} OAI.SevenEighths.HeckeFamily.K
                        (@CyclotomicField.instField.{0} (@OfNat.ofNat.{0} Nat (nat_lit 3) (instOfNatNat (nat_lit 3)))
                          Rat Rat.instField)))))
                (@Ideal.instHasQuotient_1.{0} OAI.SevenEighths.HeckeFamily.O
                  (@NumberField.instCommRingRingOfIntegers.{0} OAI.SevenEighths.HeckeFamily.K
                    (@CyclotomicField.instField.{0} (@OfNat.ofNat.{0} Nat (nat_lit 3) (instOfNatNat (nat_lit 3))) Rat
                      Rat.instField)))
                M)
              (@Semiring.toMonoid.{0}
                (@HasQuotient.Quotient.{0, 0} OAI.SevenEighths.HeckeFamily.O
                  (@Ideal.{0} OAI.SevenEighths.HeckeFamily.O
                    (@CommSemiring.toSemiring.{0} OAI.SevenEighths.HeckeFamily.O
                      (@CommRing.toCommSemiring.{0} OAI.SevenEighths.HeckeFamily.O
                        (@NumberField.instCommRingRingOfIntegers.{0} OAI.SevenEighths.HeckeFamily.K
                          (@CyclotomicField.instField.{0} (@OfNat.ofNat.{0} Nat (nat_lit 3) (instOfNatNat (nat_lit 3)))
                            Rat Rat.instField)))))
                  (@Ideal.instHasQuotient_1.{0} OAI.SevenEighths.HeckeFamily.O
                    (@NumberField.instCommRingRingOfIntegers.{0} OAI.SevenEighths.HeckeFamily.K
                      (@CyclotomicField.instField.{0} (@OfNat.ofNat.{0} Nat (nat_lit 3) (instOfNatNat (nat_lit 3))) Rat
                        Rat.instField)))
                  M)
                (@Ideal.Quotient.semiring.{0} OAI.SevenEighths.HeckeFamily.O
                  (@NumberField.instCommRingRingOfIntegers.{0} OAI.SevenEighths.HeckeFamily.K
                    (@CyclotomicField.instField.{0} (@OfNat.ofNat.{0} Nat (nat_lit 3) (instOfNatNat (nat_lit 3))) Rat
                      Rat.instField))
                  M))))))
      (@OAI.SevenEighths.RayOrthogonality.globalUnits.{0} OAI.SevenEighths.HeckeFamily.O
        (@NumberField.instCommRingRingOfIntegers.{0} OAI.SevenEighths.HeckeFamily.K
          (@CyclotomicField.instField.{0} (@OfNat.ofNat.{0} Nat (nat_lit 3) (instOfNatNat (nat_lit 3))) Rat
            Rat.instField))
        M)
      H)
  (W : Real → Complex) (aslot bslot a b radial Bmask L lo hi Mcap κ ε : Real)
  (haslot :
    @LT.lt.{0} Real Real.instLT (@OfNat.ofNat.{0} Real (nat_lit 0) (@Zero.toOfNat0.{0} Real Real.instZero)) aslot)
  (hWs :
    @LE.le.{0} (Set.{0} Real) (@Set.instLE.{0} Real) (@Function.support.{0, 0} Real Complex Complex.instZero W)
      (@Set.Icc.{0} Real Real.instPreorder aslot bslot))
  (hW :
    @ContDiff.{0, 0, 0} Real (@DenselyNormedField.toNontriviallyNormedField.{0} Real Real.denselyNormedField) Real
      Real.normedAddCommGroup
      (@InnerProductSpace.toNormedSpace.{0, 0} Real Real Real.instRCLike
        (@NormedAddCommGroup.toSeminormedAddCommGroup.{0} Real Real.normedAddCommGroup)
        (@RCLike.toInnerProductSpaceReal.{0} Real Real.instRCLike))
      Complex Complex.instNormedAddCommGroup
      (@InnerProductSpace.toNormedSpace.{0, 0} Real Complex Real.instRCLike
        (@NormedAddCommGroup.toSeminormedAddCommGroup.{0} Complex Complex.instNormedAddCommGroup)
        instInnerProductSpaceRealComplex)
      (@WithTop.some.{0} ENat (@Top.top.{0} ENat instTopENat)) W)
  (hbslot :
    @LE.le.{0} Real Real.instLE (@OfNat.ofNat.{0} Real (nat_lit 0) (@Zero.toOfNat0.{0} Real Real.instZero)) bslot)
  (ha : @LT.lt.{0} Real Real.instLT (@OfNat.ofNat.{0} Real (nat_lit 0) (@Zero.toOfNat0.{0} Real Real.instZero)) a)
  (haUpper :
    @LE.le.{0} Real Real.instLE a
      (@HDiv.hDiv.{0, 0, 0} Real Real Real (@instHDiv.{0} Real (@DivInvMonoid.toDiv.{0} Real Real.instDivInvMonoid))
        (@OfNat.ofNat.{0} Real (nat_lit 1) (@One.toOfNat1.{0} Real Real.instOne))
        (@OfNat.ofNat.{0} Real (nat_lit 4)
          (@instOfNatAtLeastTwo.{0} Real (nat_lit 4) Real.instNatCast
            (@Nat.instAtLeastTwoHAddOfNat (@OfNat.ofNat.{0} Nat (nat_lit 3) (instOfNatNat (nat_lit 3)))
              (@Nat.instNeZeroSucc (@OfNat.ofNat.{0} Nat (nat_lit 2) (instOfNatNat (nat_lit 2)))))))))
  (hb : @LE.le.{0} Real Real.instLE (@OfNat.ofNat.{0} Real (nat_lit 1) (@One.toOfNat1.{0} Real Real.instOne)) b)
  (_hrad :
    @LT.lt.{0} Real Real.instLT (@OfNat.ofNat.{0} Real (nat_lit 0) (@Zero.toOfNat0.{0} Real Real.instZero)) radial)
  (hmask :
    @LE.le.{0} Real Real.instLE (@OfNat.ofNat.{0} Real (nat_lit 0) (@Zero.toOfNat0.{0} Real Real.instZero)) Bmask)
  (hMcap : @LT.lt.{0} Real Real.instLT (@OfNat.ofNat.{0} Real (nat_lit 0) (@Zero.toOfNat0.{0} Real Real.instZero)) Mcap)
  (hκ0 :
    @LE.le.{0} Real Real.instLE
      (@HDiv.hDiv.{0, 0, 0} Real Real Real (@instHDiv.{0} Real (@DivInvMonoid.toDiv.{0} Real Real.instDivInvMonoid))
        (@OfNat.ofNat.{0} Real (nat_lit 37)
          (@instOfNatAtLeastTwo.{0} Real (nat_lit 37) Real.instNatCast
            (@Nat.instAtLeastTwoHAddOfNat (@OfNat.ofNat.{0} Nat (nat_lit 36) (instOfNatNat (nat_lit 36)))
              (@Nat.instNeZeroSucc (@OfNat.ofNat.{0} Nat (nat_lit 35) (instOfNatNat (nat_lit 35)))))))
        (@OfNat.ofNat.{0} Real (nat_lit 50)
          (@instOfNatAtLeastTwo.{0} Real (nat_lit 50) Real.instNatCast
            (@Nat.instAtLeastTwoHAddOfNat (@OfNat.ofNat.{0} Nat (nat_lit 49) (instOfNatNat (nat_lit 49)))
              (@Nat.instNeZeroSucc (@OfNat.ofNat.{0} Nat (nat_lit 48) (instOfNatNat (nat_lit 48))))))))
      κ)
  (hε : @LT.lt.{0} Real Real.instLT (@OfNat.ofNat.{0} Real (nat_lit 0) (@Zero.toOfNat0.{0} Real Real.instZero)) ε)
  (hbeta :
    @LE.le.{0} Real Real.instLE
      (@HDiv.hDiv.{0, 0, 0} Real Real Real (@instHDiv.{0} Real (@DivInvMonoid.toDiv.{0} Real Real.instDivInvMonoid))
        (@OfNat.ofNat.{0} Real (nat_lit 51)
          (@instOfNatAtLeastTwo.{0} Real (nat_lit 51) Real.instNatCast
            (@Nat.instAtLeastTwoHAddOfNat (@OfNat.ofNat.{0} Nat (nat_lit 50) (instOfNatNat (nat_lit 50)))
              (@Nat.instNeZeroSucc (@OfNat.ofNat.{0} Nat (nat_lit 49) (instOfNatNat (nat_lit 49)))))))
        (@OfNat.ofNat.{0} Real (nat_lit 100)
          (@instOfNatAtLeastTwo.{0} Real (nat_lit 100) Real.instNatCast
            (@Nat.instAtLeastTwoHAddOfNat (@OfNat.ofNat.{0} Nat (nat_lit 99) (instOfNatNat (nat_lit 99)))
              (@Nat.instNeZeroSucc (@OfNat.ofNat.{0} Nat (nat_lit 98) (instOfNatNat (nat_lit 98))))))))
      OAI.SevenEighths.HeckeZeroSupremum.beta)
  (hκ :
    @LE.le.{0} Real Real.instLE
      (@HSub.hSub.{0, 0, 0} Real Real Real (@instHSub.{0} Real Real.instSub)
        (@HMul.hMul.{0, 0, 0} Real Real Real (@instHMul.{0} Real Real.instMul)
          (@OfNat.ofNat.{0} Real (nat_lit 2)
            (@instOfNatAtLeastTwo.{0} Real (nat_lit 2) Real.instNatCast
              (@Nat.instAtLeastTwoHAddOfNat (@OfNat.ofNat.{0} Nat (nat_lit 1) (instOfNatNat (nat_lit 1)))
                (@Nat.instNeZeroSucc (@OfNat.ofNat.{0} Nat (nat_lit 0) (instOfNatNat (nat_lit 0)))))))
          OAI.SevenEighths.HeckeZeroSupremum.beta)
        (@OfNat.ofNat.{0} Real (nat_lit 1) (@One.toOfNat1.{0} Real Real.instOne)))
      κ),
  @OAI.SevenEighths.CenteredMomentEnergyCappedWidthInduction.CertifiedBand.{u_1} α M inst H hH W bslot a b radial Bmask
    L lo hi Mcap κ ε (OAI.SevenEighths.CenteredMomentEnergyWidthSchedule.count Mcap ε)
'OAI.SevenEighths.CenteredMomentEnergyCertifiedExistence.terminal_certificate' depends on axioms: [propext,
 Classical.choice,
 Quot.sound]
@OAI.SevenEighths.CenteredMomentEnergyCappedWidthInduction.certified_terminal.{u_1} : ∀ {α : Type u_1}
  (M :
    @Ideal.{0} OAI.SevenEighths.HeckeFamily.O
      (@CommSemiring.toSemiring.{0} OAI.SevenEighths.HeckeFamily.O
        (@CommRing.toCommSemiring.{0} OAI.SevenEighths.HeckeFamily.O
          (@NumberField.instCommRingRingOfIntegers.{0} OAI.SevenEighths.HeckeFamily.K
            (@CyclotomicField.instField.{0} (@OfNat.ofNat.{0} Nat (nat_lit 3) (instOfNatNat (nat_lit 3))) Rat
              Rat.instField)))))
  [inst :
    @NeZero.{0}
      (@Ideal.{0} OAI.SevenEighths.HeckeFamily.O
        (@CommSemiring.toSemiring.{0} OAI.SevenEighths.HeckeFamily.O
          (@CommRing.toCommSemiring.{0} OAI.SevenEighths.HeckeFamily.O
            (@NumberField.instCommRingRingOfIntegers.{0} OAI.SevenEighths.HeckeFamily.K
              (@CyclotomicField.instField.{0} (@OfNat.ofNat.{0} Nat (nat_lit 3) (instOfNatNat (nat_lit 3))) Rat
                Rat.instField)))))
      (@Submodule.pointwiseZero.{0, 0} OAI.SevenEighths.HeckeFamily.O OAI.SevenEighths.HeckeFamily.O
        (@CommSemiring.toSemiring.{0} OAI.SevenEighths.HeckeFamily.O
          (@CommRing.toCommSemiring.{0} OAI.SevenEighths.HeckeFamily.O
            (@NumberField.instCommRingRingOfIntegers.{0} OAI.SevenEighths.HeckeFamily.K
              (@CyclotomicField.instField.{0} (@OfNat.ofNat.{0} Nat (nat_lit 3) (instOfNatNat (nat_lit 3))) Rat
                Rat.instField))))
        (@Semiring.toAddCommMonoid.{0} OAI.SevenEighths.HeckeFamily.O
          (@CommSemiring.toSemiring.{0} OAI.SevenEighths.HeckeFamily.O
            (@CommRing.toCommSemiring.{0} OAI.SevenEighths.HeckeFamily.O
              (@NumberField.instCommRingRingOfIntegers.{0} OAI.SevenEighths.HeckeFamily.K
                (@CyclotomicField.instField.{0} (@OfNat.ofNat.{0} Nat (nat_lit 3) (instOfNatNat (nat_lit 3))) Rat
                  Rat.instField)))))
        (@Semiring.toModule.{0} OAI.SevenEighths.HeckeFamily.O
          (@CommSemiring.toSemiring.{0} OAI.SevenEighths.HeckeFamily.O
            (@CommRing.toCommSemiring.{0} OAI.SevenEighths.HeckeFamily.O
              (@NumberField.instCommRingRingOfIntegers.{0} OAI.SevenEighths.HeckeFamily.K
                (@CyclotomicField.instField.{0} (@OfNat.ofNat.{0} Nat (nat_lit 3) (instOfNatNat (nat_lit 3))) Rat
                  Rat.instField))))))
      M]
  (H :
    @Subgroup.{0}
      (@Units.{0}
        (@HasQuotient.Quotient.{0, 0} OAI.SevenEighths.HeckeFamily.O
          (@Ideal.{0} OAI.SevenEighths.HeckeFamily.O
            (@CommSemiring.toSemiring.{0} OAI.SevenEighths.HeckeFamily.O
              (@CommRing.toCommSemiring.{0} OAI.SevenEighths.HeckeFamily.O
                (@NumberField.instCommRingRingOfIntegers.{0} OAI.SevenEighths.HeckeFamily.K
                  (@CyclotomicField.instField.{0} (@OfNat.ofNat.{0} Nat (nat_lit 3) (instOfNatNat (nat_lit 3))) Rat
                    Rat.instField)))))
          (@Ideal.instHasQuotient_1.{0} OAI.SevenEighths.HeckeFamily.O
            (@NumberField.instCommRingRingOfIntegers.{0} OAI.SevenEighths.HeckeFamily.K
              (@CyclotomicField.instField.{0} (@OfNat.ofNat.{0} Nat (nat_lit 3) (instOfNatNat (nat_lit 3))) Rat
                Rat.instField)))
          M)
        (@Semiring.toMonoid.{0}
          (@HasQuotient.Quotient.{0, 0} OAI.SevenEighths.HeckeFamily.O
            (@Ideal.{0} OAI.SevenEighths.HeckeFamily.O
              (@CommSemiring.toSemiring.{0} OAI.SevenEighths.HeckeFamily.O
                (@CommRing.toCommSemiring.{0} OAI.SevenEighths.HeckeFamily.O
                  (@NumberField.instCommRingRingOfIntegers.{0} OAI.SevenEighths.HeckeFamily.K
                    (@CyclotomicField.instField.{0} (@OfNat.ofNat.{0} Nat (nat_lit 3) (instOfNatNat (nat_lit 3))) Rat
                      Rat.instField)))))
            (@Ideal.instHasQuotient_1.{0} OAI.SevenEighths.HeckeFamily.O
              (@NumberField.instCommRingRingOfIntegers.{0} OAI.SevenEighths.HeckeFamily.K
                (@CyclotomicField.instField.{0} (@OfNat.ofNat.{0} Nat (nat_lit 3) (instOfNatNat (nat_lit 3))) Rat
                  Rat.instField)))
            M)
          (@Ideal.Quotient.semiring.{0} OAI.SevenEighths.HeckeFamily.O
            (@NumberField.instCommRingRingOfIntegers.{0} OAI.SevenEighths.HeckeFamily.K
              (@CyclotomicField.instField.{0} (@OfNat.ofNat.{0} Nat (nat_lit 3) (instOfNatNat (nat_lit 3))) Rat
                Rat.instField))
            M)))
      (@Units.instGroup.{0}
        (@HasQuotient.Quotient.{0, 0} OAI.SevenEighths.HeckeFamily.O
          (@Ideal.{0} OAI.SevenEighths.HeckeFamily.O
            (@CommSemiring.toSemiring.{0} OAI.SevenEighths.HeckeFamily.O
              (@CommRing.toCommSemiring.{0} OAI.SevenEighths.HeckeFamily.O
                (@NumberField.instCommRingRingOfIntegers.{0} OAI.SevenEighths.HeckeFamily.K
                  (@CyclotomicField.instField.{0} (@OfNat.ofNat.{0} Nat (nat_lit 3) (instOfNatNat (nat_lit 3))) Rat
                    Rat.instField)))))
          (@Ideal.instHasQuotient_1.{0} OAI.SevenEighths.HeckeFamily.O
            (@NumberField.instCommRingRingOfIntegers.{0} OAI.SevenEighths.HeckeFamily.K
              (@CyclotomicField.instField.{0} (@OfNat.ofNat.{0} Nat (nat_lit 3) (instOfNatNat (nat_lit 3))) Rat
                Rat.instField)))
          M)
        (@Semiring.toMonoid.{0}
          (@HasQuotient.Quotient.{0, 0} OAI.SevenEighths.HeckeFamily.O
            (@Ideal.{0} OAI.SevenEighths.HeckeFamily.O
              (@CommSemiring.toSemiring.{0} OAI.SevenEighths.HeckeFamily.O
                (@CommRing.toCommSemiring.{0} OAI.SevenEighths.HeckeFamily.O
                  (@NumberField.instCommRingRingOfIntegers.{0} OAI.SevenEighths.HeckeFamily.K
                    (@CyclotomicField.instField.{0} (@OfNat.ofNat.{0} Nat (nat_lit 3) (instOfNatNat (nat_lit 3))) Rat
                      Rat.instField)))))
            (@Ideal.instHasQuotient_1.{0} OAI.SevenEighths.HeckeFamily.O
              (@NumberField.instCommRingRingOfIntegers.{0} OAI.SevenEighths.HeckeFamily.K
                (@CyclotomicField.instField.{0} (@OfNat.ofNat.{0} Nat (nat_lit 3) (instOfNatNat (nat_lit 3))) Rat
                  Rat.instField)))
            M)
          (@Ideal.Quotient.semiring.{0} OAI.SevenEighths.HeckeFamily.O
            (@NumberField.instCommRingRingOfIntegers.{0} OAI.SevenEighths.HeckeFamily.K
              (@CyclotomicField.instField.{0} (@OfNat.ofNat.{0} Nat (nat_lit 3) (instOfNatNat (nat_lit 3))) Rat
                Rat.instField))
            M))))
  (hH :
    @LE.le.{0}
      (@Subgroup.{0}
        (@Units.{0}
          (@HasQuotient.Quotient.{0, 0} OAI.SevenEighths.HeckeFamily.O
            (@Ideal.{0} OAI.SevenEighths.HeckeFamily.O
              (@CommSemiring.toSemiring.{0} OAI.SevenEighths.HeckeFamily.O
                (@CommRing.toCommSemiring.{0} OAI.SevenEighths.HeckeFamily.O
                  (@NumberField.instCommRingRingOfIntegers.{0} OAI.SevenEighths.HeckeFamily.K
                    (@CyclotomicField.instField.{0} (@OfNat.ofNat.{0} Nat (nat_lit 3) (instOfNatNat (nat_lit 3))) Rat
                      Rat.instField)))))
            (@Ideal.instHasQuotient_1.{0} OAI.SevenEighths.HeckeFamily.O
              (@NumberField.instCommRingRingOfIntegers.{0} OAI.SevenEighths.HeckeFamily.K
                (@CyclotomicField.instField.{0} (@OfNat.ofNat.{0} Nat (nat_lit 3) (instOfNatNat (nat_lit 3))) Rat
                  Rat.instField)))
            M)
          (@Semiring.toMonoid.{0}
            (@HasQuotient.Quotient.{0, 0} OAI.SevenEighths.HeckeFamily.O
              (@Ideal.{0} OAI.SevenEighths.HeckeFamily.O
                (@CommSemiring.toSemiring.{0} OAI.SevenEighths.HeckeFamily.O
                  (@CommRing.toCommSemiring.{0} OAI.SevenEighths.HeckeFamily.O
                    (@NumberField.instCommRingRingOfIntegers.{0} OAI.SevenEighths.HeckeFamily.K
                      (@CyclotomicField.instField.{0} (@OfNat.ofNat.{0} Nat (nat_lit 3) (instOfNatNat (nat_lit 3))) Rat
                        Rat.instField)))))
              (@Ideal.instHasQuotient_1.{0} OAI.SevenEighths.HeckeFamily.O
                (@NumberField.instCommRingRingOfIntegers.{0} OAI.SevenEighths.HeckeFamily.K
                  (@CyclotomicField.instField.{0} (@OfNat.ofNat.{0} Nat (nat_lit 3) (instOfNatNat (nat_lit 3))) Rat
                    Rat.instField)))
              M)
            (@Ideal.Quotient.semiring.{0} OAI.SevenEighths.HeckeFamily.O
              (@NumberField.instCommRingRingOfIntegers.{0} OAI.SevenEighths.HeckeFamily.K
                (@CyclotomicField.instField.{0} (@OfNat.ofNat.{0} Nat (nat_lit 3) (instOfNatNat (nat_lit 3))) Rat
                  Rat.instField))
              M)))
        (@Units.instGroup.{0}
          (@HasQuotient.Quotient.{0, 0} OAI.SevenEighths.HeckeFamily.O
            (@Ideal.{0} OAI.SevenEighths.HeckeFamily.O
              (@CommSemiring.toSemiring.{0} OAI.SevenEighths.HeckeFamily.O
                (@CommRing.toCommSemiring.{0} OAI.SevenEighths.HeckeFamily.O
                  (@NumberField.instCommRingRingOfIntegers.{0} OAI.SevenEighths.HeckeFamily.K
                    (@CyclotomicField.instField.{0} (@OfNat.ofNat.{0} Nat (nat_lit 3) (instOfNatNat (nat_lit 3))) Rat
                      Rat.instField)))))
            (@Ideal.instHasQuotient_1.{0} OAI.SevenEighths.HeckeFamily.O
              (@NumberField.instCommRingRingOfIntegers.{0} OAI.SevenEighths.HeckeFamily.K
                (@CyclotomicField.instField.{0} (@OfNat.ofNat.{0} Nat (nat_lit 3) (instOfNatNat (nat_lit 3))) Rat
                  Rat.instField)))
            M)
          (@Semiring.toMonoid.{0}
            (@HasQuotient.Quotient.{0, 0} OAI.SevenEighths.HeckeFamily.O
              (@Ideal.{0} OAI.SevenEighths.HeckeFamily.O
                (@CommSemiring.toSemiring.{0} OAI.SevenEighths.HeckeFamily.O
                  (@CommRing.toCommSemiring.{0} OAI.SevenEighths.HeckeFamily.O
                    (@NumberField.instCommRingRingOfIntegers.{0} OAI.SevenEighths.HeckeFamily.K
                      (@CyclotomicField.instField.{0} (@OfNat.ofNat.{0} Nat (nat_lit 3) (instOfNatNat (nat_lit 3))) Rat
                        Rat.instField)))))
              (@Ideal.instHasQuotient_1.{0} OAI.SevenEighths.HeckeFamily.O
                (@NumberField.instCommRingRingOfIntegers.{0} OAI.SevenEighths.HeckeFamily.K
                  (@CyclotomicField.instField.{0} (@OfNat.ofNat.{0} Nat (nat_lit 3) (instOfNatNat (nat_lit 3))) Rat
                    Rat.instField)))
              M)
            (@Ideal.Quotient.semiring.{0} OAI.SevenEighths.HeckeFamily.O
              (@NumberField.instCommRingRingOfIntegers.{0} OAI.SevenEighths.HeckeFamily.K
                (@CyclotomicField.instField.{0} (@OfNat.ofNat.{0} Nat (nat_lit 3) (instOfNatNat (nat_lit 3))) Rat
                  Rat.instField))
              M))))
      (@Preorder.toLE.{0}
        (@Subgroup.{0}
          (@Units.{0}
            (@HasQuotient.Quotient.{0, 0} OAI.SevenEighths.HeckeFamily.O
              (@Ideal.{0} OAI.SevenEighths.HeckeFamily.O
                (@CommSemiring.toSemiring.{0} OAI.SevenEighths.HeckeFamily.O
                  (@CommRing.toCommSemiring.{0} OAI.SevenEighths.HeckeFamily.O
                    (@NumberField.instCommRingRingOfIntegers.{0} OAI.SevenEighths.HeckeFamily.K
                      (@CyclotomicField.instField.{0} (@OfNat.ofNat.{0} Nat (nat_lit 3) (instOfNatNat (nat_lit 3))) Rat
                        Rat.instField)))))
              (@Ideal.instHasQuotient_1.{0} OAI.SevenEighths.HeckeFamily.O
                (@NumberField.instCommRingRingOfIntegers.{0} OAI.SevenEighths.HeckeFamily.K
                  (@CyclotomicField.instField.{0} (@OfNat.ofNat.{0} Nat (nat_lit 3) (instOfNatNat (nat_lit 3))) Rat
                    Rat.instField)))
              M)
            (@Semiring.toMonoid.{0}
              (@HasQuotient.Quotient.{0, 0} OAI.SevenEighths.HeckeFamily.O
                (@Ideal.{0} OAI.SevenEighths.HeckeFamily.O
                  (@CommSemiring.toSemiring.{0} OAI.SevenEighths.HeckeFamily.O
                    (@CommRing.toCommSemiring.{0} OAI.SevenEighths.HeckeFamily.O
                      (@NumberField.instCommRingRingOfIntegers.{0} OAI.SevenEighths.HeckeFamily.K
                        (@CyclotomicField.instField.{0} (@OfNat.ofNat.{0} Nat (nat_lit 3) (instOfNatNat (nat_lit 3)))
                          Rat Rat.instField)))))
                (@Ideal.instHasQuotient_1.{0} OAI.SevenEighths.HeckeFamily.O
                  (@NumberField.instCommRingRingOfIntegers.{0} OAI.SevenEighths.HeckeFamily.K
                    (@CyclotomicField.instField.{0} (@OfNat.ofNat.{0} Nat (nat_lit 3) (instOfNatNat (nat_lit 3))) Rat
                      Rat.instField)))
                M)
              (@Ideal.Quotient.semiring.{0} OAI.SevenEighths.HeckeFamily.O
                (@NumberField.instCommRingRingOfIntegers.{0} OAI.SevenEighths.HeckeFamily.K
                  (@CyclotomicField.instField.{0} (@OfNat.ofNat.{0} Nat (nat_lit 3) (instOfNatNat (nat_lit 3))) Rat
                    Rat.instField))
                M)))
          (@Units.instGroup.{0}
            (@HasQuotient.Quotient.{0, 0} OAI.SevenEighths.HeckeFamily.O
              (@Ideal.{0} OAI.SevenEighths.HeckeFamily.O
                (@CommSemiring.toSemiring.{0} OAI.SevenEighths.HeckeFamily.O
                  (@CommRing.toCommSemiring.{0} OAI.SevenEighths.HeckeFamily.O
                    (@NumberField.instCommRingRingOfIntegers.{0} OAI.SevenEighths.HeckeFamily.K
                      (@CyclotomicField.instField.{0} (@OfNat.ofNat.{0} Nat (nat_lit 3) (instOfNatNat (nat_lit 3))) Rat
                        Rat.instField)))))
              (@Ideal.instHasQuotient_1.{0} OAI.SevenEighths.HeckeFamily.O
                (@NumberField.instCommRingRingOfIntegers.{0} OAI.SevenEighths.HeckeFamily.K
                  (@CyclotomicField.instField.{0} (@OfNat.ofNat.{0} Nat (nat_lit 3) (instOfNatNat (nat_lit 3))) Rat
                    Rat.instField)))
              M)
            (@Semiring.toMonoid.{0}
              (@HasQuotient.Quotient.{0, 0} OAI.SevenEighths.HeckeFamily.O
                (@Ideal.{0} OAI.SevenEighths.HeckeFamily.O
                  (@CommSemiring.toSemiring.{0} OAI.SevenEighths.HeckeFamily.O
                    (@CommRing.toCommSemiring.{0} OAI.SevenEighths.HeckeFamily.O
                      (@NumberField.instCommRingRingOfIntegers.{0} OAI.SevenEighths.HeckeFamily.K
                        (@CyclotomicField.instField.{0} (@OfNat.ofNat.{0} Nat (nat_lit 3) (instOfNatNat (nat_lit 3)))
                          Rat Rat.instField)))))
                (@Ideal.instHasQuotient_1.{0} OAI.SevenEighths.HeckeFamily.O
                  (@NumberField.instCommRingRingOfIntegers.{0} OAI.SevenEighths.HeckeFamily.K
                    (@CyclotomicField.instField.{0} (@OfNat.ofNat.{0} Nat (nat_lit 3) (instOfNatNat (nat_lit 3))) Rat
                      Rat.instField)))
                M)
              (@Ideal.Quotient.semiring.{0} OAI.SevenEighths.HeckeFamily.O
                (@NumberField.instCommRingRingOfIntegers.{0} OAI.SevenEighths.HeckeFamily.K
                  (@CyclotomicField.instField.{0} (@OfNat.ofNat.{0} Nat (nat_lit 3) (instOfNatNat (nat_lit 3))) Rat
                    Rat.instField))
                M))))
        (@PartialOrder.toPreorder.{0}
          (@Subgroup.{0}
            (@Units.{0}
              (@HasQuotient.Quotient.{0, 0} OAI.SevenEighths.HeckeFamily.O
                (@Ideal.{0} OAI.SevenEighths.HeckeFamily.O
                  (@CommSemiring.toSemiring.{0} OAI.SevenEighths.HeckeFamily.O
                    (@CommRing.toCommSemiring.{0} OAI.SevenEighths.HeckeFamily.O
                      (@NumberField.instCommRingRingOfIntegers.{0} OAI.SevenEighths.HeckeFamily.K
                        (@CyclotomicField.instField.{0} (@OfNat.ofNat.{0} Nat (nat_lit 3) (instOfNatNat (nat_lit 3)))
                          Rat Rat.instField)))))
                (@Ideal.instHasQuotient_1.{0} OAI.SevenEighths.HeckeFamily.O
                  (@NumberField.instCommRingRingOfIntegers.{0} OAI.SevenEighths.HeckeFamily.K
                    (@CyclotomicField.instField.{0} (@OfNat.ofNat.{0} Nat (nat_lit 3) (instOfNatNat (nat_lit 3))) Rat
                      Rat.instField)))
                M)
              (@Semiring.toMonoid.{0}
                (@HasQuotient.Quotient.{0, 0} OAI.SevenEighths.HeckeFamily.O
                  (@Ideal.{0} OAI.SevenEighths.HeckeFamily.O
                    (@CommSemiring.toSemiring.{0} OAI.SevenEighths.HeckeFamily.O
                      (@CommRing.toCommSemiring.{0} OAI.SevenEighths.HeckeFamily.O
                        (@NumberField.instCommRingRingOfIntegers.{0} OAI.SevenEighths.HeckeFamily.K
                          (@CyclotomicField.instField.{0} (@OfNat.ofNat.{0} Nat (nat_lit 3) (instOfNatNat (nat_lit 3)))
                            Rat Rat.instField)))))
                  (@Ideal.instHasQuotient_1.{0} OAI.SevenEighths.HeckeFamily.O
                    (@NumberField.instCommRingRingOfIntegers.{0} OAI.SevenEighths.HeckeFamily.K
                      (@CyclotomicField.instField.{0} (@OfNat.ofNat.{0} Nat (nat_lit 3) (instOfNatNat (nat_lit 3))) Rat
                        Rat.instField)))
                  M)
                (@Ideal.Quotient.semiring.{0} OAI.SevenEighths.HeckeFamily.O
                  (@NumberField.instCommRingRingOfIntegers.{0} OAI.SevenEighths.HeckeFamily.K
                    (@CyclotomicField.instField.{0} (@OfNat.ofNat.{0} Nat (nat_lit 3) (instOfNatNat (nat_lit 3))) Rat
                      Rat.instField))
                  M)))
            (@Units.instGroup.{0}
              (@HasQuotient.Quotient.{0, 0} OAI.SevenEighths.HeckeFamily.O
                (@Ideal.{0} OAI.SevenEighths.HeckeFamily.O
                  (@CommSemiring.toSemiring.{0} OAI.SevenEighths.HeckeFamily.O
                    (@CommRing.toCommSemiring.{0} OAI.SevenEighths.HeckeFamily.O
                      (@NumberField.instCommRingRingOfIntegers.{0} OAI.SevenEighths.HeckeFamily.K
                        (@CyclotomicField.instField.{0} (@OfNat.ofNat.{0} Nat (nat_lit 3) (instOfNatNat (nat_lit 3)))
                          Rat Rat.instField)))))
                (@Ideal.instHasQuotient_1.{0} OAI.SevenEighths.HeckeFamily.O
                  (@NumberField.instCommRingRingOfIntegers.{0} OAI.SevenEighths.HeckeFamily.K
                    (@CyclotomicField.instField.{0} (@OfNat.ofNat.{0} Nat (nat_lit 3) (instOfNatNat (nat_lit 3))) Rat
                      Rat.instField)))
                M)
              (@Semiring.toMonoid.{0}
                (@HasQuotient.Quotient.{0, 0} OAI.SevenEighths.HeckeFamily.O
                  (@Ideal.{0} OAI.SevenEighths.HeckeFamily.O
                    (@CommSemiring.toSemiring.{0} OAI.SevenEighths.HeckeFamily.O
                      (@CommRing.toCommSemiring.{0} OAI.SevenEighths.HeckeFamily.O
                        (@NumberField.instCommRingRingOfIntegers.{0} OAI.SevenEighths.HeckeFamily.K
                          (@CyclotomicField.instField.{0} (@OfNat.ofNat.{0} Nat (nat_lit 3) (instOfNatNat (nat_lit 3)))
                            Rat Rat.instField)))))
                  (@Ideal.instHasQuotient_1.{0} OAI.SevenEighths.HeckeFamily.O
                    (@NumberField.instCommRingRingOfIntegers.{0} OAI.SevenEighths.HeckeFamily.K
                      (@CyclotomicField.instField.{0} (@OfNat.ofNat.{0} Nat (nat_lit 3) (instOfNatNat (nat_lit 3))) Rat
                        Rat.instField)))
                  M)
                (@Ideal.Quotient.semiring.{0} OAI.SevenEighths.HeckeFamily.O
                  (@NumberField.instCommRingRingOfIntegers.{0} OAI.SevenEighths.HeckeFamily.K
                    (@CyclotomicField.instField.{0} (@OfNat.ofNat.{0} Nat (nat_lit 3) (instOfNatNat (nat_lit 3))) Rat
                      Rat.instField))
                  M))))
          (@Subgroup.instPartialOrder.{0}
            (@Units.{0}
              (@HasQuotient.Quotient.{0, 0} OAI.SevenEighths.HeckeFamily.O
                (@Ideal.{0} OAI.SevenEighths.HeckeFamily.O
                  (@CommSemiring.toSemiring.{0} OAI.SevenEighths.HeckeFamily.O
                    (@CommRing.toCommSemiring.{0} OAI.SevenEighths.HeckeFamily.O
                      (@NumberField.instCommRingRingOfIntegers.{0} OAI.SevenEighths.HeckeFamily.K
                        (@CyclotomicField.instField.{0} (@OfNat.ofNat.{0} Nat (nat_lit 3) (instOfNatNat (nat_lit 3)))
                          Rat Rat.instField)))))
                (@Ideal.instHasQuotient_1.{0} OAI.SevenEighths.HeckeFamily.O
                  (@NumberField.instCommRingRingOfIntegers.{0} OAI.SevenEighths.HeckeFamily.K
                    (@CyclotomicField.instField.{0} (@OfNat.ofNat.{0} Nat (nat_lit 3) (instOfNatNat (nat_lit 3))) Rat
                      Rat.instField)))
                M)
              (@Semiring.toMonoid.{0}
                (@HasQuotient.Quotient.{0, 0} OAI.SevenEighths.HeckeFamily.O
                  (@Ideal.{0} OAI.SevenEighths.HeckeFamily.O
                    (@CommSemiring.toSemiring.{0} OAI.SevenEighths.HeckeFamily.O
                      (@CommRing.toCommSemiring.{0} OAI.SevenEighths.HeckeFamily.O
                        (@NumberField.instCommRingRingOfIntegers.{0} OAI.SevenEighths.HeckeFamily.K
                          (@CyclotomicField.instField.{0} (@OfNat.ofNat.{0} Nat (nat_lit 3) (instOfNatNat (nat_lit 3)))
                            Rat Rat.instField)))))
                  (@Ideal.instHasQuotient_1.{0} OAI.SevenEighths.HeckeFamily.O
                    (@NumberField.instCommRingRingOfIntegers.{0} OAI.SevenEighths.HeckeFamily.K
                      (@CyclotomicField.instField.{0} (@OfNat.ofNat.{0} Nat (nat_lit 3) (instOfNatNat (nat_lit 3))) Rat
                        Rat.instField)))
                  M)
                (@Ideal.Quotient.semiring.{0} OAI.SevenEighths.HeckeFamily.O
                  (@NumberField.instCommRingRingOfIntegers.{0} OAI.SevenEighths.HeckeFamily.K
                    (@CyclotomicField.instField.{0} (@OfNat.ofNat.{0} Nat (nat_lit 3) (instOfNatNat (nat_lit 3))) Rat
                      Rat.instField))
                  M)))
            (@Units.instGroup.{0}
              (@HasQuotient.Quotient.{0, 0} OAI.SevenEighths.HeckeFamily.O
                (@Ideal.{0} OAI.SevenEighths.HeckeFamily.O
                  (@CommSemiring.toSemiring.{0} OAI.SevenEighths.HeckeFamily.O
                    (@CommRing.toCommSemiring.{0} OAI.SevenEighths.HeckeFamily.O
                      (@NumberField.instCommRingRingOfIntegers.{0} OAI.SevenEighths.HeckeFamily.K
                        (@CyclotomicField.instField.{0} (@OfNat.ofNat.{0} Nat (nat_lit 3) (instOfNatNat (nat_lit 3)))
                          Rat Rat.instField)))))
                (@Ideal.instHasQuotient_1.{0} OAI.SevenEighths.HeckeFamily.O
                  (@NumberField.instCommRingRingOfIntegers.{0} OAI.SevenEighths.HeckeFamily.K
                    (@CyclotomicField.instField.{0} (@OfNat.ofNat.{0} Nat (nat_lit 3) (instOfNatNat (nat_lit 3))) Rat
                      Rat.instField)))
                M)
              (@Semiring.toMonoid.{0}
                (@HasQuotient.Quotient.{0, 0} OAI.SevenEighths.HeckeFamily.O
                  (@Ideal.{0} OAI.SevenEighths.HeckeFamily.O
                    (@CommSemiring.toSemiring.{0} OAI.SevenEighths.HeckeFamily.O
                      (@CommRing.toCommSemiring.{0} OAI.SevenEighths.HeckeFamily.O
                        (@NumberField.instCommRingRingOfIntegers.{0} OAI.SevenEighths.HeckeFamily.K
                          (@CyclotomicField.instField.{0} (@OfNat.ofNat.{0} Nat (nat_lit 3) (instOfNatNat (nat_lit 3)))
                            Rat Rat.instField)))))
                  (@Ideal.instHasQuotient_1.{0} OAI.SevenEighths.HeckeFamily.O
                    (@NumberField.instCommRingRingOfIntegers.{0} OAI.SevenEighths.HeckeFamily.K
                      (@CyclotomicField.instField.{0} (@OfNat.ofNat.{0} Nat (nat_lit 3) (instOfNatNat (nat_lit 3))) Rat
                        Rat.instField)))
                  M)
                (@Ideal.Quotient.semiring.{0} OAI.SevenEighths.HeckeFamily.O
                  (@NumberField.instCommRingRingOfIntegers.{0} OAI.SevenEighths.HeckeFamily.K
                    (@CyclotomicField.instField.{0} (@OfNat.ofNat.{0} Nat (nat_lit 3) (instOfNatNat (nat_lit 3))) Rat
                      Rat.instField))
                  M))))))
      (@OAI.SevenEighths.RayOrthogonality.globalUnits.{0} OAI.SevenEighths.HeckeFamily.O
        (@NumberField.instCommRingRingOfIntegers.{0} OAI.SevenEighths.HeckeFamily.K
          (@CyclotomicField.instField.{0} (@OfNat.ofNat.{0} Nat (nat_lit 3) (instOfNatNat (nat_lit 3))) Rat
            Rat.instField))
        M)
      H)
  (W : Real → Complex) (bslot a b radial Bmask L lo hi Mcap κ ε : Real)
  (hmask :
    @LE.le.{0} Real Real.instLE (@OfNat.ofNat.{0} Real (nat_lit 0) (@Zero.toOfNat0.{0} Real Real.instZero)) Bmask)
  (hMcap : @LE.le.{0} Real Real.instLE (@OfNat.ofNat.{0} Real (nat_lit 0) (@Zero.toOfNat0.{0} Real Real.instZero)) Mcap)
  (hκ0 : @LE.le.{0} Real Real.instLE (@OfNat.ofNat.{0} Real (nat_lit 0) (@Zero.toOfNat0.{0} Real Real.instZero)) κ)
  (hε : @LT.lt.{0} Real Real.instLT (@OfNat.ofNat.{0} Real (nat_lit 0) (@Zero.toOfNat0.{0} Real Real.instZero)) ε)
  (h :
    @OAI.SevenEighths.CenteredMomentEnergyCappedWidthInduction.CertifiedBand.{u_1} α M inst H hH W bslot a b radial
      Bmask L lo hi Mcap κ ε (OAI.SevenEighths.CenteredMomentEnergyWidthSchedule.count Mcap ε)),
  @Exists.{1} Nat fun (degree : Nat) =>
    @Exists.{1} (Finset.{0} (Prod.{0, 0} Nat Nat)) fun (S : Finset.{0} (Prod.{0, 0} Nat Nat)) =>
      ∀ (η₀ : OAI.SevenEighths.HeckeFamily.Character)
        (Q :
          @Ideal.{0} OAI.SevenEighths.HeckeFamily.O
            (@CommSemiring.toSemiring.{0} OAI.SevenEighths.HeckeFamily.O
              (@CommRing.toCommSemiring.{0} OAI.SevenEighths.HeckeFamily.O
                (@NumberField.instCommRingRingOfIntegers.{0} OAI.SevenEighths.HeckeFamily.K
                  (@CyclotomicField.instField.{0} (@OfNat.ofNat.{0} Nat (nat_lit 3) (instOfNatNat (nat_lit 3))) Rat
                    Rat.instField))))),
        @LE.le.{0}
            (@Ideal.{0} OAI.SevenEighths.HeckeFamily.O
              (@CommSemiring.toSemiring.{0} OAI.SevenEighths.HeckeFamily.O
                (@CommRing.toCommSemiring.{0} OAI.SevenEighths.HeckeFamily.O
                  (@NumberField.instCommRingRingOfIntegers.{0} OAI.SevenEighths.HeckeFamily.K
                    (@CyclotomicField.instField.{0} (@OfNat.ofNat.{0} Nat (nat_lit 3) (instOfNatNat (nat_lit 3))) Rat
                      Rat.instField)))))
            (@Preorder.toLE.{0}
              (@Ideal.{0} OAI.SevenEighths.HeckeFamily.O
                (@CommSemiring.toSemiring.{0} OAI.SevenEighths.HeckeFamily.O
                  (@CommRing.toCommSemiring.{0} OAI.SevenEighths.HeckeFamily.O
                    (@NumberField.instCommRingRingOfIntegers.{0} OAI.SevenEighths.HeckeFamily.K
                      (@CyclotomicField.instField.{0} (@OfNat.ofNat.{0} Nat (nat_lit 3) (instOfNatNat (nat_lit 3))) Rat
                        Rat.instField)))))
              (@PartialOrder.toPreorder.{0}
                (@Ideal.{0} OAI.SevenEighths.HeckeFamily.O
                  (@CommSemiring.toSemiring.{0} OAI.SevenEighths.HeckeFamily.O
                    (@CommRing.toCommSemiring.{0} OAI.SevenEighths.HeckeFamily.O
                      (@NumberField.instCommRingRingOfIntegers.{0} OAI.SevenEighths.HeckeFamily.K
                        (@CyclotomicField.instField.{0} (@OfNat.ofNat.{0} Nat (nat_lit 3) (instOfNatNat (nat_lit 3)))
                          Rat Rat.instField)))))
                (@Submodule.instPartialOrder.{0, 0} OAI.SevenEighths.HeckeFamily.O OAI.SevenEighths.HeckeFamily.O
                  (@CommSemiring.toSemiring.{0} OAI.SevenEighths.HeckeFamily.O
                    (@CommRing.toCommSemiring.{0} OAI.SevenEighths.HeckeFamily.O
                      (@NumberField.instCommRingRingOfIntegers.{0} OAI.SevenEighths.HeckeFamily.K
                        (@CyclotomicField.instField.{0} (@OfNat.ofNat.{0} Nat (nat_lit 3) (instOfNatNat (nat_lit 3)))
                          Rat Rat.instField))))
                  (@Semiring.toAddCommMonoid.{0} OAI.SevenEighths.HeckeFamily.O
                    (@CommSemiring.toSemiring.{0} OAI.SevenEighths.HeckeFamily.O
                      (@CommRing.toCommSemiring.{0} OAI.SevenEighths.HeckeFamily.O
                        (@NumberField.instCommRingRingOfIntegers.{0} OAI.SevenEighths.HeckeFamily.K
                          (@CyclotomicField.instField.{0} (@OfNat.ofNat.{0} Nat (nat_lit 3) (instOfNatNat (nat_lit 3)))
                            Rat Rat.instField)))))
                  (@Semiring.toModule.{0} OAI.SevenEighths.HeckeFamily.O
                    (@CommSemiring.toSemiring.{0} OAI.SevenEighths.HeckeFamily.O
                      (@CommRing.toCommSemiring.{0} OAI.SevenEighths.HeckeFamily.O
                        (@NumberField.instCommRingRingOfIntegers.{0} OAI.SevenEighths.HeckeFamily.K
                          (@CyclotomicField.instField.{0} (@OfNat.ofNat.{0} Nat (nat_lit 3) (instOfNatNat (nat_lit 3)))
                            Rat Rat.instField))))))))
            Q M →
          @Ne.{1}
              (@Ideal.{0} OAI.SevenEighths.HeckeFamily.O
                (@CommSemiring.toSemiring.{0} OAI.SevenEighths.HeckeFamily.O
                  (@CommRing.toCommSemiring.{0} OAI.SevenEighths.HeckeFamily.O
                    (@NumberField.instCommRingRingOfIntegers.{0} OAI.SevenEighths.HeckeFamily.K
                      (@CyclotomicField.instField.{0} (@OfNat.ofNat.{0} Nat (nat_lit 3) (instOfNatNat (nat_lit 3))) Rat
                        Rat.instField)))))
              (OAI.SevenEighths.CenteredMomentNaturalFixedRaySource.internalQ Q η₀)
              (@OfNat.ofNat.{0}
                (@Ideal.{0} OAI.SevenEighths.HeckeFamily.O
                  (@CommSemiring.toSemiring.{0} OAI.SevenEighths.HeckeFamily.O
                    (@CommRing.toCommSemiring.{0} OAI.SevenEighths.HeckeFamily.O
                      (@NumberField.instCommRingRingOfIntegers.{0} OAI.SevenEighths.HeckeFamily.K
                        (@CyclotomicField.instField.{0} (@OfNat.ofNat.{0} Nat (nat_lit 3) (instOfNatNat (nat_lit 3)))
                          Rat Rat.instField)))))
                (nat_lit 0)
                (@Zero.toOfNat0.{0}
                  (@Ideal.{0} OAI.SevenEighths.HeckeFamily.O
                    (@CommSemiring.toSemiring.{0} OAI.SevenEighths.HeckeFamily.O
                      (@CommRing.toCommSemiring.{0} OAI.SevenEighths.HeckeFamily.O
                        (@NumberField.instCommRingRingOfIntegers.{0} OAI.SevenEighths.HeckeFamily.K
                          (@CyclotomicField.instField.{0} (@OfNat.ofNat.{0} Nat (nat_lit 3) (instOfNatNat (nat_lit 3)))
                            Rat Rat.instField)))))
                  (@Submodule.pointwiseZero.{0, 0} OAI.SevenEighths.HeckeFamily.O OAI.SevenEighths.HeckeFamily.O
                    (@CommSemiring.toSemiring.{0} OAI.SevenEighths.HeckeFamily.O
                      (@CommRing.toCommSemiring.{0} OAI.SevenEighths.HeckeFamily.O
                        (@NumberField.instCommRingRingOfIntegers.{0} OAI.SevenEighths.HeckeFamily.K
                          (@CyclotomicField.instField.{0} (@OfNat.ofNat.{0} Nat (nat_lit 3) (instOfNatNat (nat_lit 3)))
                            Rat Rat.instField))))
                    (@Semiring.toAddCommMonoid.{0} OAI.SevenEighths.HeckeFamily.O
                      (@CommSemiring.toSemiring.{0} OAI.SevenEighths.HeckeFamily.O
                        (@CommRing.toCommSemiring.{0} OAI.SevenEighths.HeckeFamily.O
                          (@NumberField.instCommRingRingOfIntegers.{0} OAI.SevenEighths.HeckeFamily.K
                            (@CyclotomicField.instField.{0}
                              (@OfNat.ofNat.{0} Nat (nat_lit 3) (instOfNatNat (nat_lit 3))) Rat Rat.instField)))))
                    (@Semiring.toModule.{0} OAI.SevenEighths.HeckeFamily.O
                      (@CommSemiring.toSemiring.{0} OAI.SevenEighths.HeckeFamily.O
                        (@CommRing.toCommSemiring.{0} OAI.SevenEighths.HeckeFamily.O
                          (@NumberField.instCommRingRingOfIntegers.{0} OAI.SevenEighths.HeckeFamily.K
                            (@CyclotomicField.instField.{0}
                              (@OfNat.ofNat.{0} Nat (nat_lit 3) (instOfNatNat (nat_lit 3))) Rat Rat.instField)))))))) →
            @Ne.{1}
                (@Ideal.{0} OAI.SevenEighths.HeckeFamily.O
                  (@CommSemiring.toSemiring.{0} OAI.SevenEighths.HeckeFamily.O
                    (@CommRing.toCommSemiring.{0} OAI.SevenEighths.HeckeFamily.O
                      (@NumberField.instCommRingRingOfIntegers.{0} OAI.SevenEighths.HeckeFamily.K
                        (@CyclotomicField.instField.{0} (@OfNat.ofNat.{0} Nat (nat_lit 3) (instOfNatNat (nat_lit 3)))
                          Rat Rat.instField)))))
                (OAI.SevenEighths.CenteredMomentNaturalFixedRaySource.internalQ Q η₀)
                (@Top.top.{0}
                  (@Ideal.{0} OAI.SevenEighths.HeckeFamily.O
                    (@CommSemiring.toSemiring.{0} OAI.SevenEighths.HeckeFamily.O
                      (@CommRing.toCommSemiring.{0} OAI.SevenEighths.HeckeFamily.O
                        (@NumberField.instCommRingRingOfIntegers.{0} OAI.SevenEighths.HeckeFamily.K
                          (@CyclotomicField.instField.{0} (@OfNat.ofNat.{0} Nat (nat_lit 3) (instOfNatNat (nat_lit 3)))
                            Rat Rat.instField)))))
                  (@Submodule.instTop.{0, 0} OAI.SevenEighths.HeckeFamily.O OAI.SevenEighths.HeckeFamily.O
                    (@CommSemiring.toSemiring.{0} OAI.SevenEighths.HeckeFamily.O
                      (@CommRing.toCommSemiring.{0} OAI.SevenEighths.HeckeFamily.O
                        (@NumberField.instCommRingRingOfIntegers.{0} OAI.SevenEighths.HeckeFamily.K
                          (@CyclotomicField.instField.{0} (@OfNat.ofNat.{0} Nat (nat_lit 3) (instOfNatNat (nat_lit 3)))
                            Rat Rat.instField))))
                    (@Semiring.toAddCommMonoid.{0} OAI.SevenEighths.HeckeFamily.O
                      (@CommSemiring.toSemiring.{0} OAI.SevenEighths.HeckeFamily.O
                        (@CommRing.toCommSemiring.{0} OAI.SevenEighths.HeckeFamily.O
                          (@NumberField.instCommRingRingOfIntegers.{0} OAI.SevenEighths.HeckeFamily.K
                            (@CyclotomicField.instField.{0}
                              (@OfNat.ofNat.{0} Nat (nat_lit 3) (instOfNatNat (nat_lit 3))) Rat Rat.instField)))))
                    (@Semiring.toModule.{0} OAI.SevenEighths.HeckeFamily.O
                      (@CommSemiring.toSemiring.{0} OAI.SevenEighths.HeckeFamily.O
                        (@CommRing.toCommSemiring.{0} OAI.SevenEighths.HeckeFamily.O
                          (@NumberField.instCommRingRingOfIntegers.{0} OAI.SevenEighths.HeckeFamily.K
                            (@CyclotomicField.instField.{0}
                              (@OfNat.ofNat.{0} Nat (nat_lit 3) (instOfNatNat (nat_lit 3))) Rat Rat.instField))))))) →
              @LE.le.{0}
                  (@Ideal.{0} OAI.SevenEighths.HeckeFamily.O
                    (@CommSemiring.toSemiring.{0} OAI.SevenEighths.HeckeFamily.O
                      (@CommRing.toCommSemiring.{0} OAI.SevenEighths.HeckeFamily.O
                        (@NumberField.instCommRingRingOfIntegers.{0} OAI.SevenEighths.HeckeFamily.K
                          (@CyclotomicField.instField.{0} (@OfNat.ofNat.{0} Nat (nat_lit 3) (instOfNatNat (nat_lit 3)))
                            Rat Rat.instField)))))
                  (@Preorder.toLE.{0}
                    (@Ideal.{0} OAI.SevenEighths.HeckeFamily.O
                      (@CommSemiring.toSemiring.{0} OAI.SevenEighths.HeckeFamily.O
                        (@CommRing.toCommSemiring.{0} OAI.SevenEighths.HeckeFamily.O
                          (@NumberField.instCommRingRingOfIntegers.{0} OAI.SevenEighths.HeckeFamily.K
                            (@CyclotomicField.instField.{0}
                              (@OfNat.ofNat.{0} Nat (nat_lit 3) (instOfNatNat (nat_lit 3))) Rat Rat.instField)))))
                    (@PartialOrder.toPreorder.{0}
                      (@Ideal.{0} OAI.SevenEighths.HeckeFamily.O
                        (@CommSemiring.toSemiring.{0} OAI.SevenEighths.HeckeFamily.O
                          (@CommRing.toCommSemiring.{0} OAI.SevenEighths.HeckeFamily.O
                            (@NumberField.instCommRingRingOfIntegers.{0} OAI.SevenEighths.HeckeFamily.K
                              (@CyclotomicField.instField.{0}
                                (@OfNat.ofNat.{0} Nat (nat_lit 3) (instOfNatNat (nat_lit 3))) Rat Rat.instField)))))
                      (@Submodule.instPartialOrder.{0, 0} OAI.SevenEighths.HeckeFamily.O OAI.SevenEighths.HeckeFamily.O
                        (@CommSemiring.toSemiring.{0} OAI.SevenEighths.HeckeFamily.O
                          (@CommRing.toCommSemiring.{0} OAI.SevenEighths.HeckeFamily.O
                            (@NumberField.instCommRingRingOfIntegers.{0} OAI.SevenEighths.HeckeFamily.K
                              (@CyclotomicField.instField.{0}
                                (@OfNat.ofNat.{0} Nat (nat_lit 3) (instOfNatNat (nat_lit 3))) Rat Rat.instField))))
                        (@Semiring.toAddCommMonoid.{0} OAI.SevenEighths.HeckeFamily.O
                          (@CommSemiring.toSemiring.{0} OAI.SevenEighths.HeckeFamily.O
                            (@CommRing.toCommSemiring.{0} OAI.SevenEighths.HeckeFamily.O
                              (@NumberField.instCommRingRingOfIntegers.{0} OAI.SevenEighths.HeckeFamily.K
                                (@CyclotomicField.instField.{0}
                                  (@OfNat.ofNat.{0} Nat (nat_lit 3) (instOfNatNat (nat_lit 3))) Rat Rat.instField)))))
                        (@Semiring.toModule.{0} OAI.SevenEighths.HeckeFamily.O
                          (@CommSemiring.toSemiring.{0} OAI.SevenEighths.HeckeFamily.O
                            (@CommRing.toCommSemiring.{0} OAI.SevenEighths.HeckeFamily.O
                              (@NumberField.instCommRingRingOfIntegers.{0} OAI.SevenEighths.HeckeFamily.K
                                (@CyclotomicField.instField.{0}
                                  (@OfNat.ofNat.{0} Nat (nat_lit 3) (instOfNatNat (nat_lit 3))) Rat
                                  Rat.instField))))))))
                  (OAI.SevenEighths.CenteredMomentNaturalFixedRaySource.internalQ Q η₀)
                  (@Ideal.span.{0} OAI.SevenEighths.HeckeFamily.O
                    (@CommSemiring.toSemiring.{0} OAI.SevenEighths.HeckeFamily.O
                      (@CommRing.toCommSemiring.{0} OAI.SevenEighths.HeckeFamily.O
                        (@NumberField.instCommRingRingOfIntegers.{0} OAI.SevenEighths.HeckeFamily.K
                          (@CyclotomicField.instField.{0} (@OfNat.ofNat.{0} Nat (nat_lit 3) (instOfNatNat (nat_lit 3)))
                            Rat Rat.instField))))
                    (@Singleton.singleton.{0, 0} OAI.SevenEighths.HeckeFamily.O (Set.{0} OAI.SevenEighths.HeckeFamily.O)
                      (@Set.instSingletonSet.{0} OAI.SevenEighths.HeckeFamily.O)
                      (@OfNat.ofNat.{0} OAI.SevenEighths.HeckeFamily.O (nat_lit 72)
                        (@instOfNatAtLeastTwo.{0} OAI.SevenEighths.HeckeFamily.O (nat_lit 72)
                          (@AddMonoidWithOne.toNatCast.{0} OAI.SevenEighths.HeckeFamily.O
                            (@AddGroupWithOne.toAddMonoidWithOne.{0} OAI.SevenEighths.HeckeFamily.O
                              (@Ring.toAddGroupWithOne.{0} OAI.SevenEighths.HeckeFamily.O
                                (@CommRing.toRing.{0} OAI.SevenEighths.HeckeFamily.O
                                  (@NumberField.instCommRingRingOfIntegers.{0} OAI.SevenEighths.HeckeFamily.K
                                    (@CyclotomicField.instField.{0}
                                      (@OfNat.ofNat.{0} Nat (nat_lit 3) (instOfNatNat (nat_lit 3))) Rat
                                      Rat.instField))))))
                          (@Nat.instAtLeastTwoHAddOfNat (@OfNat.ofNat.{0} Nat (nat_lit 71) (instOfNatNat (nat_lit 71)))
                            (@Nat.instNeZeroSucc (@OfNat.ofNat.{0} Nat (nat_lit 70) (instOfNatNat (nat_lit 70))))))))) →
                @Exists.{1} Real fun (Czero : Real) =>
                  @Exists.{1} Real fun (Cpositive : Real) =>
                    And
                      (@LT.lt.{0} Real Real.instLT
                        (@OfNat.ofNat.{0} Real (nat_lit 0) (@Zero.toOfNat0.{0} Real Real.instZero)) Czero)
                      (And
                        (@LT.lt.{0} Real Real.instLT
                          (@OfNat.ofNat.{0} Real (nat_lit 0) (@Zero.toOfNat0.{0} Real Real.instZero)) Cpositive)
                        (@Filter.Eventually.{0} Real
                          (fun (Z : Real) =>
                            And
                              (@LT.lt.{0} Real Real.instLT
                                (@OfNat.ofNat.{0} Real (nat_lit 1) (@One.toOfNat1.{0} Real Real.instOne)) Z)
                              (And
                                (OAI.SevenEighths.CenteredMomentEnergyBands.ZeroAt
                                  (OAI.SevenEighths.CenteredMomentNaturalFixedRaySource.internalQ Q η₀) a b radial Bmask
                                  L Mcap ε Z degree S Czero)
                                (@OAI.SevenEighths.CenteredMomentEnergyBands.PositiveAt.{u_1} α M inst H hH W bslot a b
                                  radial Bmask L
                                  (OAI.SevenEighths.CenteredMomentEnergyWidthRanges.fineMesh Mcap Bmask L κ ε) lo hi
                                  Mcap ε κ Z η₀ Q degree S Cpositive)))
                          (@Filter.atTop.{0} Real Real.instPreorder)))
'OAI.SevenEighths.CenteredMomentEnergyCappedWidthInduction.certified_terminal' depends on axioms: [propext,
 Classical.choice,
 Quot.sound]
