@OAI.SevenEighths.CenteredMomentEnergyPositiveHighSourceBounded.actual_positive_source_entry.{u_1} : ∀ {α : ⋯}
  [inst : ⋯] [⋯] (M : ⋯) [inst_2 : ⋯] (H : ⋯) (hH : ⋯) (Wslot : ⋯) (aslot bslot lo hi : ⋯) (haslot : ⋯) (hsSlot : ⋯)
  (hcSlot : ⋯) (a b bΦ rho ε Mcap Bmask εdiag ξ saving : ⋯) (ha : ⋯) (hlo : ⋯) (hhi : ⋯) (hbΦ : ⋯) (hrho : ⋯) (hε : ⋯)
  (hM : ⋯) (hBmask : ⋯) (hbslot : ⋯) (hεdiag : ⋯) (hξ : ⋯),
  @Exists.{1} Real fun (d : ⋯) =>
    @Exists.{1} Real fun (xi : ⋯) =>
      @Exists.{1} Real fun (L : ⋯) =>
        And (@LT.lt.{0} Real Real.instLT (@OfNat.ofNat.{0} Real (nat_lit 0) (@Zero.toOfNat0.{0} Real Real.instZero)) d)
          (And
            (@LT.lt.{0} Real Real.instLT (@OfNat.ofNat.{0} Real (nat_lit 0) (@Zero.toOfNat0.{0} Real Real.instZero)) xi)
            (And
              (@LE.le.{0} Real Real.instLE xi
                (@HDiv.hDiv.{0, 0, 0} Real Real Real
                  (@instHDiv.{0} Real (@DivInvMonoid.toDiv.{0} Real Real.instDivInvMonoid)) rho
                  (@OfNat.ofNat.{0} Real (nat_lit 100)
                    (@instOfNatAtLeastTwo.{0} Real (nat_lit 100) Real.instNatCast
                      (@Nat.instAtLeastTwoHAddOfNat (@OfNat.ofNat.{0} Nat (nat_lit 99) (instOfNatNat (nat_lit 99)))
                        (@Nat.instNeZeroSucc (@OfNat.ofNat.{0} Nat (nat_lit 98) (instOfNatNat (nat_lit 98)))))))))
              (And
                (@LE.le.{0} Real Real.instLE
                  (@HAdd.hAdd.{0, 0, 0} Real Real Real (@instHAdd.{0} Real Real.instAdd)
                    (@HAdd.hAdd.{0, 0, 0} Real Real Real (@instHAdd.{0} Real Real.instAdd) Mcap Bmask) xi)
                  L)
                (And
                  (@LE.le.{0} Real Real.instLE L
                    (@HAdd.hAdd.{0, 0, 0} Real Real Real (@instHAdd.{0} Real Real.instAdd)
                      (@HAdd.hAdd.{0, 0, 0} Real Real Real (@instHAdd.{0} Real Real.instAdd) Mcap Bmask)
                      (@HDiv.hDiv.{0, 0, 0} Real Real Real
                        (@instHDiv.{0} Real (@DivInvMonoid.toDiv.{0} Real Real.instDivInvMonoid)) rho
                        (@OfNat.ofNat.{0} Real (nat_lit 100)
                          (@instOfNatAtLeastTwo.{0} Real (nat_lit 100) Real.instNatCast
                            (@Nat.instAtLeastTwoHAddOfNat
                              (@OfNat.ofNat.{0} Nat (nat_lit 99) (instOfNatNat (nat_lit 99)))
                              (@Nat.instNeZeroSucc
                                (@OfNat.ofNat.{0} Nat (nat_lit 98) (instOfNatNat (nat_lit 98))))))))))
                  (@Exists.{1}
                    (@SchwartzMap.{0, 0} Real Complex Real.normedAddCommGroup
                      (@InnerProductSpace.toNormedSpace.{0, 0} Real Real Real.instRCLike
                        (@NormedAddCommGroup.toSeminormedAddCommGroup.{0} Real Real.normedAddCommGroup)
                        (@RCLike.toInnerProductSpaceReal.{0} Real Real.instRCLike))
                      Complex.instNormedAddCommGroup
                      (@InnerProductSpace.toNormedSpace.{0, 0} Real Complex Real.instRCLike
                        (@NormedAddCommGroup.toSeminormedAddCommGroup.{0} Complex Complex.instNormedAddCommGroup)
                        instInnerProductSpaceRealComplex))
                    fun (Ψ : ⋯) =>
                    And
                      (@LE.le.{0} (Set.{0} Real) (@Set.instLE.{0} Real)
                        (@Function.support.{0, 0} Real Complex Complex.instZero
                          (@DFunLike.coe.{1, 1, 1}
                            (@SchwartzMap.{0, 0} Real Complex Real.normedAddCommGroup
                              (@InnerProductSpace.toNormedSpace.{0, 0} Real Real Real.instRCLike
                                (@NormedAddCommGroup.toSeminormedAddCommGroup.{0} Real Real.normedAddCommGroup)
                                (@RCLike.toInnerProductSpaceReal.{0} Real Real.instRCLike))
                              Complex.instNormedAddCommGroup
                              (@InnerProductSpace.toNormedSpace.{0, 0} Real Complex Real.instRCLike
                                (@NormedAddCommGroup.toSeminormedAddCommGroup.{0} Complex
                                  Complex.instNormedAddCommGroup)
                                instInnerProductSpaceRealComplex))
                            Real (fun (x : Real) => Complex)
                            (@SchwartzMap.instFunLike.{0, 0} Real Complex Real.normedAddCommGroup
                              (@InnerProductSpace.toNormedSpace.{0, 0} Real Real Real.instRCLike
                                (@NormedAddCommGroup.toSeminormedAddCommGroup.{0} Real Real.normedAddCommGroup)
                                (@RCLike.toInnerProductSpaceReal.{0} Real Real.instRCLike))
                              Complex.instNormedAddCommGroup
                              (@InnerProductSpace.toNormedSpace.{0, 0} Real Complex Real.instRCLike
                                (@NormedAddCommGroup.toSeminormedAddCommGroup.{0} Complex
                                  Complex.instNormedAddCommGroup)
                                instInnerProductSpaceRealComplex))
                            Ψ))
                        (@Set.Icc.{0} Real Real.instPreorder
                          (@Neg.neg.{0} Real Real.instNeg
                            (@OfNat.ofNat.{0} Real (nat_lit 1) (@One.toOfNat1.{0} Real Real.instOne)))
                          (@HAdd.hAdd.{0, 0, 0} Real Real Real (@instHAdd.{0} Real Real.instAdd) bΦ
                            (@OfNat.ofNat.{0} Real (nat_lit 1) (@One.toOfNat1.{0} Real Real.instOne)))))
                      (And
                        (∀ (x : Real),
                          @LE.le.{0} Real Real.instLE
                            (@OfNat.ofNat.{0} Real (nat_lit 0) (@Zero.toOfNat0.{0} Real Real.instZero))
                            (Complex.re
                              (@DFunLike.coe.{1, 1, 1}
                                (@SchwartzMap.{0, 0} Real Complex Real.normedAddCommGroup
                                  (@InnerProductSpace.toNormedSpace.{0, 0} Real Real Real.instRCLike
                                    (@NormedAddCommGroup.toSeminormedAddCommGroup.{0} Real Real.normedAddCommGroup)
                                    (@RCLike.toInnerProductSpaceReal.{0} Real Real.instRCLike))
                                  Complex.instNormedAddCommGroup
                                  (@InnerProductSpace.toNormedSpace.{0, 0} Real Complex Real.instRCLike
                                    (@NormedAddCommGroup.toSeminormedAddCommGroup.{0} Complex
                                      Complex.instNormedAddCommGroup)
                                    instInnerProductSpaceRealComplex))
                                Real (fun (x : Real) => Complex)
                                (@SchwartzMap.instFunLike.{0, 0} Real Complex Real.normedAddCommGroup
                                  (@InnerProductSpace.toNormedSpace.{0, 0} Real Real Real.instRCLike
                                    (@NormedAddCommGroup.toSeminormedAddCommGroup.{0} Real Real.normedAddCommGroup)
                                    (@RCLike.toInnerProductSpaceReal.{0} Real Real.instRCLike))
                                  Complex.instNormedAddCommGroup
                                  (@InnerProductSpace.toNormedSpace.{0, 0} Real Complex Real.instRCLike
                                    (@NormedAddCommGroup.toSeminormedAddCommGroup.{0} Complex
                                      Complex.instNormedAddCommGroup)
                                    instInnerProductSpaceRealComplex))
                                Ψ x)))
                        (@Exists.{1} (Finset.{0} (Prod.{0, 0} Nat Nat)) fun (Sdiag : ⋯) =>
                          @Exists.{1} (Finset.{0} (Prod.{0, 0} Nat Nat)) fun (Stail : ⋯) =>
                            @Exists.{1} Real fun (Cdiag : ⋯) =>
                              @Exists.{1} Real fun (Ctail : ⋯) =>
                                And
                                  (@LT.lt.{0} Real Real.instLT
                                    (@OfNat.ofNat.{0} Real (nat_lit 0) (@Zero.toOfNat0.{0} Real Real.instZero)) Cdiag)
                                  (And
                                    (@LT.lt.{0} Real Real.instLT
                                      (@OfNat.ofNat.{0} Real (nat_lit 0) (@Zero.toOfNat0.{0} Real Real.instZero)) Ctail)
                                    (∀ (degree : ⋯) (S : ⋯),
                                      @Exists.{1} Nat fun (J : ⋯) =>
                                        @Exists.{1} (Finset.{0} (Prod.{0, 0} Nat Nat)) fun (U : ⋯) =>
                                          @Exists.{1} Real fun (C : ⋯) =>
                                            And
                                              (@LT.lt.{0} Real Real.instLT
                                                (@OfNat.ofNat.{0} Real (nat_lit 0)
                                                  (@Zero.toOfNat0.{0} Real Real.instZero))
                                                C)
                                              (@Filter.Eventually.{0} Real
                                                (fun (Z : ⋯) =>
                                                  And
                                                    (@LT.lt.{0} Real Real.instLT
                                                      (@OfNat.ofNat.{0} Real (nat_lit 1)
                                                        (@One.toOfNat1.{0} Real Real.instOne))
                                                      Z)
                                                    (∀ (e Lslot κ : ⋯) (η₀ : ⋯) (Q : ⋯) (K : ⋯),
                                                      ⋯ →
                                                        ⋯ →
                                                          ⋯ →
                                                            ∀ (θ : ⋯) (w σ freq : ⋯) (t height : ⋯),
                                                              ⋯ →
                                                                ⋯ →
                                                                  ∀ (hσlo : ⋯) (hσhi : ⋯),
                                                                    ⋯ →
                                                                      ⋯ →
                                                                        ⋯ →
                                                                          ∀ (s : ⋯),
                                                                            ⋯ →
                                                                              ⋯ →
                                                                                ⋯ →
                                                                                  ∀ (p : ⋯) (X₁ X₂ : ⋯) (hX₁ : ⋯)
                                                                                    (hX₂ : ⋯),
                                                                                    ⋯ →
                                                                                      ⋯ →
                                                                                        have inp : ⋯ :=
                                                                                          @OAI.SevenEighths.CenteredMomentEnergyPositiveHighSource.balancedInput.{u_1}
                                                                                            α inst M inst_2 H hH η₀ θ
                                                                                            Wslot hcSlot aslot bslot lo
                                                                                            hi haslot hsSlot w σ freq
                                                                                            (fun (i : α) =>
                                                                                              @And.intro
                                                                                                (@LE.le.{0} Real
                                                                                                  (@Preorder.toLE.{0}
                                                                                                    Real
                                                                                                    Real.instPreorder)
                                                                                                  lo (σ i))
                                                                                                (@LE.le.{0} Real
                                                                                                  (@Preorder.toLE.{0}
                                                                                                    Real
                                                                                                    Real.instPreorder)
                                                                                                  (σ i) hi)
                                                                                                (hσlo i) (hσhi i))
                                                                                            Z Bmask bΦ a b s p ha t X₁
                                                                                            X₂ hX₁ hX₂;
                                                                                        Or
                                                                                          (@Eq.{1} Real
                                                                                            (@OAI.SevenEighths.CenteredMomentInductionEnergy.energy.{u_1}
                                                                                              α inst
                                                                                              (@OAI.SevenEighths.CenteredMomentEnergyState.NaturalState.character
                                                                                                Z Bmask bΦ s)
                                                                                              (@OAI.SevenEighths.CenteredMomentEnergyState.NaturalState.mask
                                                                                                Z Bmask bΦ s)
                                                                                              (@OfNat.ofNat.{0}
                                                                                                OAI.SevenEighths.HeckeFamily.O
                                                                                                (nat_lit 1)
                                                                                                (@One.toOfNat1.{0}
                                                                                                  OAI.SevenEighths.HeckeFamily.O
                                                                                                  (@AddMonoidWithOne.toOne.{0}
                                                                                                    OAI.SevenEighths.HeckeFamily.O
                                                                                                    (@AddGroupWithOne.toAddMonoidWithOne.{0}
                                                                                                      OAI.SevenEighths.HeckeFamily.O
                                                                                                      (@Ring.toAddGroupWithOne.{0}
                                                                                                        OAI.SevenEighths.HeckeFamily.O
                                                                                                        (@CommRing.toRing.{0}
                                                                                                          OAI.SevenEighths.HeckeFamily.O
                                                                                                          (@NumberField.instCommRingRingOfIntegers.{0}
                                                                                                            OAI.SevenEighths.HeckeFamily.K
                                                                                                            (@CyclotomicField.instField.{0}
                                                                                                              (@OfNat.ofNat.{0}
                                                                                                                Nat
                                                                                                                (nat_lit
                                                                                                                  3)
                                                                                                                (instOfNatNat
                                                                                                                  (nat_lit
                                                                                                                    3)))
                                                                                                              Rat
                                                                                                              Rat.instField))))))))
                                                                                              t
                                                                                              (@DFunLike.coe.{1, 1, 1}
                                                                                                (@SchwartzMap.{0, 0}
                                                                                                  Real Complex
                                                                                                  Real.normedAddCommGroup
                                                                                                  (@InnerProductSpace.toNormedSpace.{0,
                                                                                                        0}
                                                                                                    Real Real
                                                                                                    Real.instRCLike
                                                                                                    (@NormedAddCommGroup.toSeminormedAddCommGroup.{0}
                                                                                                      Real
                                                                                                      Real.normedAddCommGroup)
                                                                                                    (@RCLike.toInnerProductSpaceReal.{0}
                                                                                                      Real
                                                                                                      Real.instRCLike))
                                                                                                  Complex.instNormedAddCommGroup
                                                                                                  (@InnerProductSpace.toNormedSpace.{0,
                                                                                                        0}
                                                                                                    Real Complex
                                                                                                    Real.instRCLike
                                                                                                    (@NormedAddCommGroup.toSeminormedAddCommGroup.{0}
                                                                                                      Complex
                                                                                                      Complex.instNormedAddCommGroup)
                                                                                                    instInnerProductSpaceRealComplex))
                                                                                                Real
                                                                                                (fun (x : Real) =>
                                                                                                  Complex)
                                                                                                (@SchwartzMap.instFunLike.{0,
                                                                                                      0}
                                                                                                  Real Complex
                                                                                                  Real.normedAddCommGroup
                                                                                                  (@InnerProductSpace.toNormedSpace.{0,
                                                                                                        0}
                                                                                                    Real Real
                                                                                                    Real.instRCLike
                                                                                                    (@NormedAddCommGroup.toSeminormedAddCommGroup.{0}
                                                                                                      Real
                                                                                                      Real.normedAddCommGroup)
                                                                                                    (@RCLike.toInnerProductSpaceReal.{0}
                                                                                                      Real
                                                                                                      Real.instRCLike))
                                                                                                  Complex.instNormedAddCommGroup
                                                                                                  (@InnerProductSpace.toNormedSpace.{0,
                                                                                                        0}
                                                                                                    Real Complex
                                                                                                    Real.instRCLike
                                                                                                    (@NormedAddCommGroup.toSeminormedAddCommGroup.{0}
                                                                                                      Complex
                                                                                                      Complex.instNormedAddCommGroup)
                                                                                                    instInnerProductSpaceRealComplex))
                                                                                                (@OAI.SevenEighths.CenteredMomentFiniteProfileExceptional.Profiles.profile
                                                                                                  a b p
                                                                                                  (@OfNat.ofNat.{0}
                                                                                                    (Fin
                                                                                                      (@OfNat.ofNat.{0}
                                                                                                        Nat (nat_lit 2)
                                                                                                        (instOfNatNat
                                                                                                          (nat_lit 2))))
                                                                                                    (nat_lit 0)
                                                                                                    (@Fin.instOfNat
                                                                                                      (@OfNat.ofNat.{0}
                                                                                                        Nat (nat_lit 2)
                                                                                                        (instOfNatNat
                                                                                                          (nat_lit 2)))
                                                                                                      (@Nat.instNeZeroSucc
                                                                                                        (@OfNat.ofNat.{0}
                                                                                                          Nat
                                                                                                          (nat_lit 1)
                                                                                                          (instOfNatNat
                                                                                                            (nat_lit
                                                                                                              1))))
                                                                                                      (nat_lit 0)))))
                                                                                              (@DFunLike.coe.{1, 1, 1}
                                                                                                (@SchwartzMap.{0, 0}
                                                                                                  Real Complex
                                                                                                  Real.normedAddCommGroup
                                                                                                  (@InnerProductSpace.toNormedSpace.{0,
                                                                                                        0}
                                                                                                    Real Real
                                                                                                    Real.instRCLike
                                                                                                    (@NormedAddCommGroup.toSeminormedAddCommGroup.{0}
                                                                                                      Real
                                                                                                      Real.normedAddCommGroup)
                                                                                                    (@RCLike.toInnerProductSpaceReal.{0}
                                                                                                      Real
                                                                                                      Real.instRCLike))
                                                                                                  Complex.instNormedAddCommGroup
                                                                                                  (@InnerProductSpace.toNormedSpace.{0,
                                                                                                        0}
                                                                                                    Real Complex
                                                                                                    Real.instRCLike
                                                                                                    (@NormedAddCommGroup.toSeminormedAddCommGroup.{0}
                                                                                                      Complex
                                                                                                      Complex.instNormedAddCommGroup)
                                                                                                    instInnerProductSpaceRealComplex))
                                                                                                Real
                                                                                                (fun (x : Real) =>
                                                                                                  Complex)
                                                                                                (@SchwartzMap.instFunLike.{0,
                                                                                                      0}
                                                                                                  Real Complex
                                                                                                  Real.normedAddCommGroup
                                                                                                  (@InnerProductSpace.toNormedSpace.{0,
                                                                                                        0}
                                                                                                    Real Real
                                                                                                    Real.instRCLike
                                                                                                    (@NormedAddCommGroup.toSeminormedAddCommGroup.{0}
                                                                                                      Real
                                                                                                      Real.normedAddCommGroup)
                                                                                                    (@RCLike.toInnerProductSpaceReal.{0}
                                                                                                      Real
                                                                                                      Real.instRCLike))
                                                                                                  Complex.instNormedAddCommGroup
                                                                                                  (@InnerProductSpace.toNormedSpace.{0,
                                                                                                        0}
                                                                                                    Real Complex
                                                                                                    Real.instRCLike
                                                                                                    (@NormedAddCommGroup.toSeminormedAddCommGroup.{0}
                                                                                                      Complex
                                                                                                      Complex.instNormedAddCommGroup)
                                                                                                    instInnerProductSpaceRealComplex))
                                                                                                (@OAI.SevenEighths.CenteredMomentFiniteProfileExceptional.Profiles.profile
                                                                                                  a b p
                                                                                                  (@OfNat.ofNat.{0}
                                                                                                    (Fin
                                                                                                      (@OfNat.ofNat.{0}
                                                                                                        Nat (nat_lit 2)
                                                                                                        (instOfNatNat
                                                                                                          (nat_lit 2))))
                                                                                                    (nat_lit 1)
                                                                                                    (@Fin.instOfNat
                                                                                                      (@OfNat.ofNat.{0}
                                                                                                        Nat (nat_lit 2)
                                                                                                        (instOfNatNat
                                                                                                          (nat_lit 2)))
                                                                                                      (@Nat.instNeZeroSucc
                                                                                                        (@OfNat.ofNat.{0}
                                                                                                          Nat
                                                                                                          (nat_lit 1)
                                                                                                          (instOfNatNat
                                                                                                            (nat_lit
                                                                                                              1))))
                                                                                                      (nat_lit 1)))))
                                                                                              (@OAI.SevenEighths.CenteredMomentActiveDivisorShell.Source.slots.{u_1}
                                                                                                α inst
                                                                                                (@OAI.SevenEighths.CenteredMomentEligibleEnergy.Data.toSource.{u_1}
                                                                                                  α inst
                                                                                                  (@OAI.SevenEighths.CenteredMomentCommonRadialData.Input.toData.{u_1}
                                                                                                    α inst inp)))
                                                                                              (@OAI.SevenEighths.CenteredMomentEligibleEnergy.Data.coefficient.{u_1}
                                                                                                α inst
                                                                                                (@OAI.SevenEighths.CenteredMomentCommonRadialData.Input.toData.{u_1}
                                                                                                  α inst inp))
                                                                                              (@OAI.SevenEighths.CenteredMomentActiveDivisorShell.Source.P.{u_1}
                                                                                                α inst
                                                                                                (@OAI.SevenEighths.CenteredMomentEligibleEnergy.Data.toSource.{u_1}
                                                                                                  α inst
                                                                                                  (@OAI.SevenEighths.CenteredMomentCommonRadialData.Input.toData.{u_1}
                                                                                                    α inst inp)))
                                                                                              X₁ X₂
                                                                                              (OAI.SevenEighths.CenteredMomentRadialEligibleEnergy.Radial.keep
                                                                                                (@OAI.SevenEighths.CenteredMomentEnergyState.NaturalState.radial
                                                                                                  Z Bmask bΦ s))
                                                                                              (OAI.SevenEighths.CenteredMomentRadialEligibleEnergy.Radial.profile
                                                                                                (@OAI.SevenEighths.CenteredMomentEnergyState.NaturalState.radial
                                                                                                  Z Bmask bΦ s))
                                                                                              (OAI.SevenEighths.CenteredMomentRadialEligibleEnergy.Radial.scale
                                                                                                (@OAI.SevenEighths.CenteredMomentEnergyState.NaturalState.radial
                                                                                                  Z Bmask bΦ s)))
                                                                                            (@OfNat.ofNat.{0} Real
                                                                                              (nat_lit 0)
                                                                                              (@Zero.toOfNat0.{0} Real
                                                                                                Real.instZero)))
                                                                                          (@LE.le.{0} Real Real.instLE
                                                                                            (@OAI.SevenEighths.CenteredMomentInductionEnergy.energy.{u_1}
                                                                                              α inst
                                                                                              (@OAI.SevenEighths.CenteredMomentEnergyState.NaturalState.character
                                                                                                Z Bmask bΦ s)
                                                                                              (@OAI.SevenEighths.CenteredMomentEnergyState.NaturalState.mask
                                                                                                Z Bmask bΦ s)
                                                                                              (@OfNat.ofNat.{0}
                                                                                                OAI.SevenEighths.HeckeFamily.O
                                                                                                (nat_lit 1)
                                                                                                (@One.toOfNat1.{0}
                                                                                                  OAI.SevenEighths.HeckeFamily.O
                                                                                                  (@AddMonoidWithOne.toOne.{0}
                                                                                                    OAI.SevenEighths.HeckeFamily.O
                                                                                                    (@AddGroupWithOne.toAddMonoidWithOne.{0}
                                                                                                      OAI.SevenEighths.HeckeFamily.O
                                                                                                      (@Ring.toAddGroupWithOne.{0}
                                                                                                        OAI.SevenEighths.HeckeFamily.O
                                                                                                        (@CommRing.toRing.{0}
                                                                                                          OAI.SevenEighths.HeckeFamily.O
                                                                                                          (@NumberField.instCommRingRingOfIntegers.{0}
                                                                                                            OAI.SevenEighths.HeckeFamily.K
                                                                                                            (@CyclotomicField.instField.{0}
                                                                                                              (@OfNat.ofNat.{0}
                                                                                                                Nat
                                                                                                                (nat_lit
                                                                                                                  3)
                                                                                                                (instOfNatNat
                                                                                                                  (nat_lit
                                                                                                                    3)))
                                                                                                              Rat
                                                                                                              Rat.instField))))))))
                                                                                              t
                                                                                              (@DFunLike.coe.{1, 1, 1}
                                                                                                (@SchwartzMap.{0, 0}
                                                                                                  Real Complex
                                                                                                  Real.normedAddCommGroup
                                                                                                  (@InnerProductSpace.toNormedSpace.{0,
                                                                                                        0}
                                                                                                    Real Real
                                                                                                    Real.instRCLike
                                                                                                    (@NormedAddCommGroup.toSeminormedAddCommGroup.{0}
                                                                                                      Real
                                                                                                      Real.normedAddCommGroup)
                                                                                                    (@RCLike.toInnerProductSpaceReal.{0}
                                                                                                      Real
                                                                                                      Real.instRCLike))
                                                                                                  Complex.instNormedAddCommGroup
                                                                                                  (@InnerProductSpace.toNormedSpace.{0,
                                                                                                        0}
                                                                                                    Real Complex
                                                                                                    Real.instRCLike
                                                                                                    (@NormedAddCommGroup.toSeminormedAddCommGroup.{0}
                                                                                                      Complex
                                                                                                      Complex.instNormedAddCommGroup)
                                                                                                    instInnerProductSpaceRealComplex))
                                                                                                Real
                                                                                                (fun (x : Real) =>
                                                                                                  Complex)
                                                                                                (@SchwartzMap.instFunLike.{0,
                                                                                                      0}
                                                                                                  Real Complex
                                                                                                  Real.normedAddCommGroup
                                                                                                  (@InnerProductSpace.toNormedSpace.{0,
                                                                                                        0}
                                                                                                    Real Real
                                                                                                    Real.instRCLike
                                                                                                    (@NormedAddCommGroup.toSeminormedAddCommGroup.{0}
                                                                                                      Real
                                                                                                      Real.normedAddCommGroup)
                                                                                                    (@RCLike.toInnerProductSpaceReal.{0}
                                                                                                      Real
                                                                                                      Real.instRCLike))
                                                                                                  Complex.instNormedAddCommGroup
                                                                                                  (@InnerProductSpace.toNormedSpace.{0,
                                                                                                        0}
                                                                                                    Real Complex
                                                                                                    Real.instRCLike
                                                                                                    (@NormedAddCommGroup.toSeminormedAddCommGroup.{0}
                                                                                                      Complex
                                                                                                      Complex.instNormedAddCommGroup)
                                                                                                    instInnerProductSpaceRealComplex))
                                                                                                (@OAI.SevenEighths.CenteredMomentFiniteProfileExceptional.Profiles.profile
                                                                                                  a b p
                                                                                                  (@OfNat.ofNat.{0}
                                                                                                    (Fin
                                                                                                      (@OfNat.ofNat.{0}
                                                                                                        Nat (nat_lit 2)
                                                                                                        (instOfNatNat
                                                                                                          (nat_lit 2))))
                                                                                                    (nat_lit 0)
                                                                                                    (@Fin.instOfNat
                                                                                                      (@OfNat.ofNat.{0}
                                                                                                        Nat (nat_lit 2)
                                                                                                        (instOfNatNat
                                                                                                          (nat_lit 2)))
                                                                                                      (@Nat.instNeZeroSucc
                                                                                                        (@OfNat.ofNat.{0}
                                                                                                          Nat
                                                                                                          (nat_lit 1)
                                                                                                          (instOfNatNat
                                                                                                            (nat_lit
                                                                                                              1))))
                                                                                                      (nat_lit 0)))))
                                                                                              (@DFunLike.coe.{1, 1, 1}
                                                                                                (@SchwartzMap.{0, 0}
                                                                                                  Real Complex
                                                                                                  Real.normedAddCommGroup
                                                                                                  (@InnerProductSpace.toNormedSpace.{0,
                                                                                                        0}
                                                                                                    Real Real
                                                                                                    Real.instRCLike
                                                                                                    (@NormedAddCommGroup.toSeminormedAddCommGroup.{0}
                                                                                                      Real
                                                                                                      Real.normedAddCommGroup)
                                                                                                    (@RCLike.toInnerProductSpaceReal.{0}
                                                                                                      Real
                                                                                                      Real.instRCLike))
                                                                                                  Complex.instNormedAddCommGroup
                                                                                                  (@InnerProductSpace.toNormedSpace.{0,
                                                                                                        0}
                                                                                                    Real Complex
                                                                                                    Real.instRCLike
                                                                                                    (@NormedAddCommGroup.toSeminormedAddCommGroup.{0}
                                                                                                      Complex
                                                                                                      Complex.instNormedAddCommGroup)
                                                                                                    instInnerProductSpaceRealComplex))
                                                                                                Real
                                                                                                (fun (x : Real) =>
                                                                                                  Complex)
                                                                                                (@SchwartzMap.instFunLike.{0,
                                                                                                      0}
                                                                                                  Real Complex
                                                                                                  Real.normedAddCommGroup
                                                                                                  (@InnerProductSpace.toNormedSpace.{0,
                                                                                                        0}
                                                                                                    Real Real
                                                                                                    Real.instRCLike
                                                                                                    (@NormedAddCommGroup.toSeminormedAddCommGroup.{0}
                                                                                                      Real
                                                                                                      Real.normedAddCommGroup)
                                                                                                    (@RCLike.toInnerProductSpaceReal.{0}
                                                                                                      Real
                                                                                                      Real.instRCLike))
                                                                                                  Complex.instNormedAddCommGroup
                                                                                                  (@InnerProductSpace.toNormedSpace.{0,
                                                                                                        0}
                                                                                                    Real Complex
                                                                                                    Real.instRCLike
                                                                                                    (@NormedAddCommGroup.toSeminormedAddCommGroup.{0}
                                                                                                      Complex
                                                                                                      Complex.instNormedAddCommGroup)
                                                                                                    instInnerProductSpaceRealComplex))
                                                                                                (@OAI.SevenEighths.CenteredMomentFiniteProfileExceptional.Profiles.profile
                                                                                                  a b p
                                                                                                  (@OfNat.ofNat.{0}
                                                                                                    (Fin
                                                                                                      (@OfNat.ofNat.{0}
                                                                                                        Nat (nat_lit 2)
                                                                                                        (instOfNatNat
                                                                                                          (nat_lit 2))))
                                                                                                    (nat_lit 1)
                                                                                                    (@Fin.instOfNat
                                                                                                      (@OfNat.ofNat.{0}
                                                                                                        Nat (nat_lit 2)
                                                                                                        (instOfNatNat
                                                                                                          (nat_lit 2)))
                                                                                                      (@Nat.instNeZeroSucc
                                                                                                        (@OfNat.ofNat.{0}
                                                                                                          Nat
                                                                                                          (nat_lit 1)
                                                                                                          (instOfNatNat
                                                                                                            (nat_lit
                                                                                                              1))))
                                                                                                      (nat_lit 1)))))
                                                                                              (@OAI.SevenEighths.CenteredMomentActiveDivisorShell.Source.slots.{u_1}
                                                                                                α inst
                                                                                                (@OAI.SevenEighths.CenteredMomentEligibleEnergy.Data.toSource.{u_1}
                                                                                                  α inst
                                                                                                  (@OAI.SevenEighths.CenteredMomentCommonRadialData.Input.toData.{u_1}
                                                                                                    α inst inp)))
                                                                                              (@OAI.SevenEighths.CenteredMomentEligibleEnergy.Data.coefficient.{u_1}
                                                                                                α inst
                                                                                                (@OAI.SevenEighths.CenteredMomentCommonRadialData.Input.toData.{u_1}
                                                                                                  α inst inp))
                                                                                              (@OAI.SevenEighths.CenteredMomentActiveDivisorShell.Source.P.{u_1}
                                                                                                α inst
                                                                                                (@OAI.SevenEighths.CenteredMomentEligibleEnergy.Data.toSource.{u_1}
                                                                                                  α inst
                                                                                                  (@OAI.SevenEighths.CenteredMomentCommonRadialData.Input.toData.{u_1}
                                                                                                    α inst inp)))
                                                                                              X₁ X₂
                                                                                              (OAI.SevenEighths.CenteredMomentRadialEligibleEnergy.Radial.keep
                                                                                                (@OAI.SevenEighths.CenteredMomentEnergyState.NaturalState.radial
                                                                                                  Z Bmask bΦ s))
                                                                                              (OAI.SevenEighths.CenteredMomentRadialEligibleEnergy.Radial.profile
                                                                                                (@OAI.SevenEighths.CenteredMomentEnergyState.NaturalState.radial
                                                                                                  Z Bmask bΦ s))
                                                                                              (OAI.SevenEighths.CenteredMomentRadialEligibleEnergy.Radial.scale
                                                                                                (@OAI.SevenEighths.CenteredMomentEnergyState.NaturalState.radial
                                                                                                  Z Bmask bΦ s)))
                                                                                            (@HAdd.hAdd.{0, 0, 0} Real
                                                                                              Real Real
                                                                                              (@instHAdd.{0} Real
                                                                                                Real.instAdd)
                                                                                              (@HMul.hMul.{0, 0, 0} Real
                                                                                                Real Real
                                                                                                (@instHMul.{0} Real
                                                                                                  Real.instMul)
                                                                                                (@HMul.hMul.{0, 0, 0}
                                                                                                  Real Real Real
                                                                                                  (@instHMul.{0} Real
                                                                                                    Real.instMul)
                                                                                                  (@OfNat.ofNat.{0} Real
                                                                                                    (nat_lit 2)
                                                                                                    (@instOfNatAtLeastTwo.{0}
                                                                                                      Real (nat_lit 2)
                                                                                                      Real.instNatCast
                                                                                                      (@Nat.instAtLeastTwoHAddOfNat
                                                                                                        (@OfNat.ofNat.{0}
                                                                                                          Nat
                                                                                                          (nat_lit 1)
                                                                                                          (instOfNatNat
                                                                                                            (nat_lit
                                                                                                              1)))
                                                                                                        (@Nat.instNeZeroSucc
                                                                                                          (@OfNat.ofNat.{0}
                                                                                                            Nat
                                                                                                            (nat_lit 0)
                                                                                                            (instOfNatNat
                                                                                                              (nat_lit
                                                                                                                0)))))))
                                                                                                  (OAI.QuadraticInitialBound.diagonalControl
                                                                                                    (OAI.SevenEighths.CenteredMomentRadialEligibleEnergy.Radial.profile
                                                                                                      (@OAI.SevenEighths.CenteredMomentEnergyState.NaturalState.radial
                                                                                                        Z Bmask bΦ s))))
                                                                                                (@HAdd.hAdd.{0, 0, 0}
                                                                                                  Real Real Real
                                                                                                  (@instHAdd.{0} Real
                                                                                                    Real.instAdd)
                                                                                                  (@HAdd.hAdd.{0, 0, 0}
                                                                                                    Real Real Real
                                                                                                    (@instHAdd.{0} Real
                                                                                                      Real.instAdd)
                                                                                                    (@HDiv.hDiv.{0, 0,
                                                                                                          0}
                                                                                                      Real Real Real
                                                                                                      (@instHDiv.{0}
                                                                                                        Real
                                                                                                        (@DivInvMonoid.toDiv.{0}
                                                                                                          Real
                                                                                                          Real.instDivInvMonoid))
                                                                                                      (@OAI.SevenEighths.CenteredMomentFirstSourceReduction.physicalMass.{u_1}
                                                                                                        α inst inp
                                                                                                        (@OAI.SevenEighths.CenteredMomentEnergyState.NaturalState.puncture
                                                                                                          Z Bmask bΦ s)
                                                                                                        (@OfNat.ofNat.{0}
                                                                                                          (@Ideal.{0}
                                                                                                            OAI.SevenEighths.HeckeFamily.O
                                                                                                            (@CommSemiring.toSemiring.{0}
                                                                                                              OAI.SevenEighths.HeckeFamily.O
                                                                                                              (@CommRing.toCommSemiring.{0}
                                                                                                                OAI.SevenEighths.HeckeFamily.O
                                                                                                                (@NumberField.instCommRingRingOfIntegers.{0}
                                                                                                                  OAI.SevenEighths.HeckeFamily.K
                                                                                                                  (@CyclotomicField.instField.{0}
                                                                                                                    (@OfNat.ofNat.{0}
                                                                                                                      Nat
                                                                                                                      (nat_lit
                                                                                                                        3)
                                                                                                                      (instOfNatNat
                                                                                                                        (nat_lit
                                                                                                                          3)))
                                                                                                                    Rat
                                                                                                                    Rat.instField)))))
                                                                                                          (nat_lit 1)
                                                                                                          (@One.toOfNat1.{0}
                                                                                                            (@Ideal.{0}
                                                                                                              OAI.SevenEighths.HeckeFamily.O
                                                                                                              (@CommSemiring.toSemiring.{0}
                                                                                                                OAI.SevenEighths.HeckeFamily.O
                                                                                                                (@CommRing.toCommSemiring.{0}
                                                                                                                  OAI.SevenEighths.HeckeFamily.O
                                                                                                                  (@NumberField.instCommRingRingOfIntegers.{0}
                                                                                                                    OAI.SevenEighths.HeckeFamily.K
                                                                                                                    (@CyclotomicField.instField.{0}
                                                                                                                      (@OfNat.ofNat.{0}
                                                                                                                        Nat
                                                                                                                        (nat_lit
                                                                                                                          3)
                                                                                                                        (instOfNatNat
                                                                                                                          (nat_lit
                                                                                                                            3)))
                                                                                                                      Rat
                                                                                                                      Rat.instField)))))
                                                                                                            (@Submodule.one.{0,
                                                                                                                  0}
                                                                                                              OAI.SevenEighths.HeckeFamily.O
                                                                                                              (@CommSemiring.toSemiring.{0}
                                                                                                                OAI.SevenEighths.HeckeFamily.O
                                                                                                                (@CommRing.toCommSemiring.{0}
                                                                                                                  OAI.SevenEighths.HeckeFamily.O
                                                                                                                  (@NumberField.instCommRingRingOfIntegers.{0}
                                                                                                                    OAI.SevenEighths.HeckeFamily.K
                                                                                                                    (@CyclotomicField.instField.{0}
                                                                                                                      (@OfNat.ofNat.{0}
                                                                                                                        Nat
                                                                                                                        (nat_lit
                                                                                                                          3)
                                                                                                                        (instOfNatNat
                                                                                                                          (nat_lit
                                                                                                                            3)))
                                                                                                                      Rat
                                                                                                                      Rat.instField))))
                                                                                                              OAI.SevenEighths.HeckeFamily.O
                                                                                                              (@CommSemiring.toSemiring.{0}
                                                                                                                OAI.SevenEighths.HeckeFamily.O
                                                                                                                (@CommRing.toCommSemiring.{0}
                                                                                                                  OAI.SevenEighths.HeckeFamily.O
                                                                                                                  (@NumberField.instCommRingRingOfIntegers.{0}
                                                                                                                    OAI.SevenEighths.HeckeFamily.K
                                                                                                                    (@CyclotomicField.instField.{0}
                                                                                                                      (@OfNat.ofNat.{0}
                                                                                                                        Nat
                                                                                                                        (nat_lit
                                                                                                                          3)
                                                                                                                        (instOfNatNat
                                                                                                                          (nat_lit
                                                                                                                            3)))
                                                                                                                      Rat
                                                                                                                      Rat.instField))))
                                                                                                              (@Semiring.toModule.{0}
                                                                                                                OAI.SevenEighths.HeckeFamily.O
                                                                                                                (@CommSemiring.toSemiring.{0}
                                                                                                                  OAI.SevenEighths.HeckeFamily.O
                                                                                                                  (@CommRing.toCommSemiring.{0}
                                                                                                                    OAI.SevenEighths.HeckeFamily.O
                                                                                                                    (@NumberField.instCommRingRingOfIntegers.{0}
                                                                                                                      OAI.SevenEighths.HeckeFamily.K
                                                                                                                      (@CyclotomicField.instField.{0}
                                                                                                                        (@OfNat.ofNat.{0}
                                                                                                                          Nat
                                                                                                                          (nat_lit
                                                                                                                            3)
                                                                                                                          (instOfNatNat
                                                                                                                            (nat_lit
                                                                                                                              3)))
                                                                                                                        Rat
                                                                                                                        Rat.instField))))))))
                                                                                                        OAI.SevenEighths.CenteredMomentSecondHeightFamily.fixedBadMask
                                                                                                        (@OfNat.ofNat.{0}
                                                                                                          OAI.SevenEighths.HeckeFamily.O
                                                                                                          (nat_lit 1)
                                                                                                          (@One.toOfNat1.{0}
                                                                                                            OAI.SevenEighths.HeckeFamily.O
                                                                                                            (@AddMonoidWithOne.toOne.{0}
                                                                                                              OAI.SevenEighths.HeckeFamily.O
                                                                                                              (@AddGroupWithOne.toAddMonoidWithOne.{0}
                                                                                                                OAI.SevenEighths.HeckeFamily.O
                                                                                                                (@Ring.toAddGroupWithOne.{0}
                                                                                                                  OAI.SevenEighths.HeckeFamily.O
                                                                                                                  (@CommRing.toRing.{0}
                                                                                                                    OAI.SevenEighths.HeckeFamily.O
                                                                                                                    (@NumberField.instCommRingRingOfIntegers.{0}
                                                                                                                      OAI.SevenEighths.HeckeFamily.K
                                                                                                                      (@CyclotomicField.instField.{0}
                                                                                                                        (@OfNat.ofNat.{0}
                                                                                                                          Nat
                                                                                                                          (nat_lit
                                                                                                                            3)
                                                                                                                          (instOfNatNat
                                                                                                                            (nat_lit
                                                                                                                              3)))
                                                                                                                        Rat
                                                                                                                        Rat.instField))))))))
                                                                                                        Ψ
                                                                                                        (OAI.SevenEighths.CenteredMomentRadialEligibleEnergy.Radial.scale
                                                                                                          (@OAI.SevenEighths.CenteredMomentEnergyState.NaturalState.radial
                                                                                                            Z Bmask bΦ
                                                                                                            s))
                                                                                                        Z ξ)
                                                                                                      (@OAI.SevenEighths.CenteredMomentAmplificationChildInput.volume.{u_1}
                                                                                                        α inst inp))
                                                                                                    (@HMul.hMul.{0, 0,
                                                                                                          0}
                                                                                                      Real Real Real
                                                                                                      (@instHMul.{0}
                                                                                                        Real
                                                                                                        Real.instMul)
                                                                                                      (@HMul.hMul.{0, 0,
                                                                                                            0}
                                                                                                        Real Real Real
                                                                                                        (@instHMul.{0}
                                                                                                          Real
                                                                                                          Real.instMul)
                                                                                                        (@HMul.hMul.{0,
                                                                                                              0, 0}
                                                                                                          Real Real Real
                                                                                                          (@instHMul.{0}
                                                                                                            Real
                                                                                                            Real.instMul)
                                                                                                          (@HMul.hMul.{0,
                                                                                                                0, 0}
                                                                                                            Real Real
                                                                                                            Real
                                                                                                            (@instHMul.{0}
                                                                                                              Real
                                                                                                              Real.instMul)
                                                                                                            Cdiag
                                                                                                            (@HPow.hPow.{0,
                                                                                                                  0, 0}
                                                                                                              Real Nat
                                                                                                              Real
                                                                                                              (@instHPow.{0,
                                                                                                                    0}
                                                                                                                Real Nat
                                                                                                                (@NPow.toPow.{0}
                                                                                                                  Real
                                                                                                                  (@Monoid.toNPow.{0}
                                                                                                                    Real
                                                                                                                    Real.instMonoid)))
                                                                                                              (@OAI.SevenEighths.CenteredMomentSourceInputTailUniform.plainControl.{u_1}
                                                                                                                α inst
                                                                                                                inp
                                                                                                                (@OAI.SevenEighths.CenteredMomentFiniteProfileExceptional.Profiles.profile
                                                                                                                  a b p
                                                                                                                  (@OfNat.ofNat.{0}
                                                                                                                    (Fin
                                                                                                                      (@OfNat.ofNat.{0}
                                                                                                                        Nat
                                                                                                                        (nat_lit
                                                                                                                          2)
                                                                                                                        (instOfNatNat
                                                                                                                          (nat_lit
                                                                                                                            2))))
                                                                                                                    (nat_lit
                                                                                                                      0)
                                                                                                                    (@Fin.instOfNat
                                                                                                                      (@OfNat.ofNat.{0}
                                                                                                                        Nat
                                                                                                                        (nat_lit
                                                                                                                          2)
                                                                                                                        (instOfNatNat
                                                                                                                          (nat_lit
                                                                                                                            2)))
                                                                                                                      (@Nat.instNeZeroSucc
                                                                                                                        (@OfNat.ofNat.{0}
                                                                                                                          Nat
                                                                                                                          (nat_lit
                                                                                                                            1)
                                                                                                                          (instOfNatNat
                                                                                                                            (nat_lit
                                                                                                                              1))))
                                                                                                                      (nat_lit
                                                                                                                        0))))
                                                                                                                (@OAI.SevenEighths.CenteredMomentFiniteProfileExceptional.Profiles.profile
                                                                                                                  a b p
                                                                                                                  (@OfNat.ofNat.{0}
                                                                                                                    (Fin
                                                                                                                      (@OfNat.ofNat.{0}
                                                                                                                        Nat
                                                                                                                        (nat_lit
                                                                                                                          2)
                                                                                                                        (instOfNatNat
                                                                                                                          (nat_lit
                                                                                                                            2))))
                                                                                                                    (nat_lit
                                                                                                                      1)
                                                                                                                    (@Fin.instOfNat
                                                                                                                      (@OfNat.ofNat.{0}
                                                                                                                        Nat
                                                                                                                        (nat_lit
                                                                                                                          2)
                                                                                                                        (instOfNatNat
                                                                                                                          (nat_lit
                                                                                                                            2)))
                                                                                                                      (@Nat.instNeZeroSucc
                                                                                                                        (@OfNat.ofNat.{0}
                                                                                                                          Nat
                                                                                                                          (nat_lit
                                                                                                                            1)
                                                                                                                          (instOfNatNat
                                                                                                                            (nat_lit
                                                                                                                              1))))
                                                                                                                      (nat_lit
                                                                                                                        1)))))
                                                                                                              (@OfNat.ofNat.{0}
                                                                                                                Nat
                                                                                                                (nat_lit
                                                                                                                  2)
                                                                                                                (instOfNatNat
                                                                                                                  (nat_lit
                                                                                                                    2)))))
                                                                                                          (@DFunLike.coe.{1,
                                                                                                                1, 1}
                                                                                                            (@Seminorm.{0,
                                                                                                                  0}
                                                                                                              Real
                                                                                                              (@SchwartzMap.{0,
                                                                                                                    0}
                                                                                                                Real
                                                                                                                Complex
                                                                                                                Real.normedAddCommGroup
                                                                                                                (@InnerProductSpace.toNormedSpace.{0,
                                                                                                                      0}
                                                                                                                  Real
                                                                                                                  Real
                                                                                                                  Real.instRCLike
                                                                                                                  (@NormedAddCommGroup.toSeminormedAddCommGroup.{0}
                                                                                                                    Real
                                                                                                                    Real.normedAddCommGroup)
                                                                                                                  (@RCLike.toInnerProductSpaceReal.{0}
                                                                                                                    Real
                                                                                                                    Real.instRCLike))
                                                                                                                Complex.instNormedAddCommGroup
                                                                                                                (@InnerProductSpace.toNormedSpace.{0,
                                                                                                                      0}
                                                                                                                  Real
                                                                                                                  Complex
                                                                                                                  Real.instRCLike
                                                                                                                  (@NormedAddCommGroup.toSeminormedAddCommGroup.{0}
                                                                                                                    Complex
                                                                                                                    Complex.instNormedAddCommGroup)
                                                                                                                  instInnerProductSpaceRealComplex))
                                                                                                              (@SeminormedCommRing.toSeminormedRing.{0}
                                                                                                                Real
                                                                                                                (@NormedCommRing.toSeminormedCommRing.{0}
                                                                                                                  Real
                                                                                                                  (@NormedField.toNormedCommRing.{0}
                                                                                                                    Real
                                                                                                                    Real.normedField)))
                                                                                                              (@AddCommGroup.toAddGroup.{0}
                                                                                                                (@SchwartzMap.{0,
                                                                                                                      0}
                                                                                                                  Real
                                                                                                                  Complex
                                                                                                                  Real.normedAddCommGroup
                                                                                                                  (@InnerProductSpace.toNormedSpace.{0,
                                                                                                                        0}
                                                                                                                    Real
                                                                                                                    Real
                                                                                                                    Real.instRCLike
                                                                                                                    (@NormedAddCommGroup.toSeminormedAddCommGroup.{0}
                                                                                                                      Real
                                                                                                                      Real.normedAddCommGroup)
                                                                                                                    (@RCLike.toInnerProductSpaceReal.{0}
                                                                                                                      Real
                                                                                                                      Real.instRCLike))
                                                                                                                  Complex.instNormedAddCommGroup
                                                                                                                  (@InnerProductSpace.toNormedSpace.{0,
                                                                                                                        0}
                                                                                                                    Real
                                                                                                                    Complex
                                                                                                                    Real.instRCLike
                                                                                                                    (@NormedAddCommGroup.toSeminormedAddCommGroup.{0}
                                                                                                                      Complex
                                                                                                                      Complex.instNormedAddCommGroup)
                                                                                                                    instInnerProductSpaceRealComplex))
                                                                                                                (@SchwartzMap.instAddCommGroup.{0,
                                                                                                                      0}
                                                                                                                  Real
                                                                                                                  Complex
                                                                                                                  Real.normedAddCommGroup
                                                                                                                  (@InnerProductSpace.toNormedSpace.{0,
                                                                                                                        0}
                                                                                                                    Real
                                                                                                                    Real
                                                                                                                    Real.instRCLike
                                                                                                                    (@NormedAddCommGroup.toSeminormedAddCommGroup.{0}
                                                                                                                      Real
                                                                                                                      Real.normedAddCommGroup)
                                                                                                                    (@RCLike.toInnerProductSpaceReal.{0}
                                                                                                                      Real
                                                                                                                      Real.instRCLike))
                                                                                                                  Complex.instNormedAddCommGroup
                                                                                                                  (@InnerProductSpace.toNormedSpace.{0,
                                                                                                                        0}
                                                                                                                    Real
                                                                                                                    Complex
                                                                                                                    Real.instRCLike
                                                                                                                    (@NormedAddCommGroup.toSeminormedAddCommGroup.{0}
                                                                                                                      Complex
                                                                                                                      Complex.instNormedAddCommGroup)
                                                                                                                    instInnerProductSpaceRealComplex)))
                                                                                                              (@SMulZeroClass.toSMul.{0,
                                                                                                                    0}
                                                                                                                Real
                                                                                                                (@SchwartzMap.{0,
                                                                                                                      0}
                                                                                                                  Real
                                                                                                                  Complex
                                                                                                                  Real.normedAddCommGroup
                                                                                                                  (@InnerProductSpace.toNormedSpace.{0,
                                                                                                                        0}
                                                                                                                    Real
                                                                                                                    Real
                                                                                                                    Real.instRCLike
                                                                                                                    (@NormedAddCommGroup.toSeminormedAddCommGroup.{0}
                                                                                                                      Real
                                                                                                                      Real.normedAddCommGroup)
                                                                                                                    (@RCLike.toInnerProductSpaceReal.{0}
                                                                                                                      Real
                                                                                                                      Real.instRCLike))
                                                                                                                  Complex.instNormedAddCommGroup
                                                                                                                  (@InnerProductSpace.toNormedSpace.{0,
                                                                                                                        0}
                                                                                                                    Real
                                                                                                                    Complex
                                                                                                                    Real.instRCLike
                                                                                                                    (@NormedAddCommGroup.toSeminormedAddCommGroup.{0}
                                                                                                                      Complex
                                                                                                                      Complex.instNormedAddCommGroup)
                                                                                                                    instInnerProductSpaceRealComplex))
                                                                                                                (@AddZero.toZero.{0}
                                                                                                                  (@SchwartzMap.{0,
                                                                                                                        0}
                                                                                                                    Real
                                                                                                                    Complex
                                                                                                                    Real.normedAddCommGroup
                                                                                                                    (@InnerProductSpace.toNormedSpace.{0,
                                                                                                                          0}
                                                                                                                      Real
                                                                                                                      Real
                                                                                                                      Real.instRCLike
                                                                                                                      (@NormedAddCommGroup.toSeminormedAddCommGroup.{0}
                                                                                                                        Real
                                                                                                                        Real.normedAddCommGroup)
                                                                                                                      (@RCLike.toInnerProductSpaceReal.{0}
                                                                                                                        Real
                                                                                                                        Real.instRCLike))
                                                                                                                    Complex.instNormedAddCommGroup
                                                                                                                    (@InnerProductSpace.toNormedSpace.{0,
                                                                                                                          0}
                                                                                                                      Real
                                                                                                                      Complex
                                                                                                                      Real.instRCLike
                                                                                                                      (@NormedAddCommGroup.toSeminormedAddCommGroup.{0}
                                                                                                                        Complex
                                                                                                                        Complex.instNormedAddCommGroup)
                                                                                                                      instInnerProductSpaceRealComplex))
                                                                                                                  (@AddZeroClass.toAddZero.{0}
                                                                                                                    (@SchwartzMap.{0,
                                                                                                                          0}
                                                                                                                      Real
                                                                                                                      Complex
                                                                                                                      Real.normedAddCommGroup
                                                                                                                      (@InnerProductSpace.toNormedSpace.{0,
                                                                                                                            0}
                                                                                                                        Real
                                                                                                                        Real
                                                                                                                        Real.instRCLike
                                                                                                                        (@NormedAddCommGroup.toSeminormedAddCommGroup.{0}
                                                                                                                          Real
                                                                                                                          Real.normedAddCommGroup)
                                                                                                                        (@RCLike.toInnerProductSpaceReal.{0}
                                                                                                                          Real
                                                                                                                          Real.instRCLike))
                                                                                                                      Complex.instNormedAddCommGroup
                                                                                                                      (@InnerProductSpace.toNormedSpace.{0,
                                                                                                                            0}
                                                                                                                        Real
                                                                                                                        Complex
                                                                                                                        Real.instRCLike
                                                                                                                        (@NormedAddCommGroup.toSeminormedAddCommGroup.{0}
                                                                                                                          Complex
                                                                                                                          Complex.instNormedAddCommGroup)
                                                                                                                        instInnerProductSpaceRealComplex))
                                                                                                                    (@AddMonoid.toAddZeroClass.{0}
                                                                                                                      (@SchwartzMap.{0,
                                                                                                                            0}
                                                                                                                        Real
                                                                                                                        Complex
                                                                                                                        Real.normedAddCommGroup
                                                                                                                        (@InnerProductSpace.toNormedSpace.{0,
                                                                                                                              0}
                                                                                                                          Real
                                                                                                                          Real
                                                                                                                          Real.instRCLike
                                                                                                                          (@NormedAddCommGroup.toSeminormedAddCommGroup.{0}
                                                                                                                            Real
                                                                                                                            Real.normedAddCommGroup)
                                                                                                                          (@RCLike.toInnerProductSpaceReal.{0}
                                                                                                                            Real
                                                                                                                            Real.instRCLike))
                                                                                                                        Complex.instNormedAddCommGroup
                                                                                                                        (@InnerProductSpace.toNormedSpace.{0,
                                                                                                                              0}
                                                                                                                          Real
                                                                                                                          Complex
                                                                                                                          Real.instRCLike
                                                                                                                          (@NormedAddCommGroup.toSeminormedAddCommGroup.{0}
                                                                                                                            Complex
                                                                                                                            Complex.instNormedAddCommGroup)
                                                                                                                          instInnerProductSpaceRealComplex))
                                                                                                                      (@SubNegMonoid.toAddMonoid.{0}
                                                                                                                        (@SchwartzMap.{0,
                                                                                                                              0}
                                                                                                                          Real
                                                                                                                          Complex
                                                                                                                          Real.normedAddCommGroup
                                                                                                                          (@InnerProductSpace.toNormedSpace.{0,
                                                                                                                                0}
                                                                                                                            Real
                                                                                                                            Real
                                                                                                                            Real.instRCLike
                                                                                                                            (@NormedAddCommGroup.toSeminormedAddCommGroup.{0}
                                                                                                                              Real
                                                                                                                              Real.normedAddCommGroup)
                                                                                                                            (@RCLike.toInnerProductSpaceReal.{0}
                                                                                                                              Real
                                                                                                                              Real.instRCLike))
                                                                                                                          Complex.instNormedAddCommGroup
                                                                                                                          (@InnerProductSpace.toNormedSpace.{0,
                                                                                                                                0}
                                                                                                                            Real
                                                                                                                            Complex
                                                                                                                            Real.instRCLike
                                                                                                                            (@NormedAddCommGroup.toSeminormedAddCommGroup.{0}
                                                                                                                              Complex
                                                                                                                              Complex.instNormedAddCommGroup)
                                                                                                                            instInnerProductSpaceRealComplex))
                                                                                                                        (@AddGroup.toSubNegMonoid.{0}
                                                                                                                          (@SchwartzMap.{0,
                                                                                                                                0}
                                                                                                                            Real
                                                                                                                            Complex
                                                                                                                            Real.normedAddCommGroup
                                                                                                                            (@InnerProductSpace.toNormedSpace.{0,
                                                                                                                                  0}
                                                                                                                              Real
                                                                                                                              Real
                                                                                                                              Real.instRCLike
                                                                                                                              (@NormedAddCommGroup.toSeminormedAddCommGroup.{0}
                                                                                                                                Real
                                                                                                                                Real.normedAddCommGroup)
                                                                                                                              (@RCLike.toInnerProductSpaceReal.{0}
                                                                                                                                Real
                                                                                                                                Real.instRCLike))
                                                                                                                            Complex.instNormedAddCommGroup
                                                                                                                            (@InnerProductSpace.toNormedSpace.{0,
                                                                                                                                  0}
                                                                                                                              Real
                                                                                                                              Complex
                                                                                                                              Real.instRCLike
                                                                                                                              (@NormedAddCommGroup.toSeminormedAddCommGroup.{0}
                                                                                                                                Complex
                                                                                                                                Complex.instNormedAddCommGroup)
                                                                                                                              instInnerProductSpaceRealComplex))
                                                                                                                          (@AddCommGroup.toAddGroup.{0}
                                                                                                                            (@SchwartzMap.{0,
                                                                                                                                  0}
                                                                                                                              Real
                                                                                                                              Complex
                                                                                                                              Real.normedAddCommGroup
                                                                                                                              (@InnerProductSpace.toNormedSpace.{0,
                                                                                                                                    0}
                                                                                                                                Real
                                                                                                                                Real
                                                                                                                                Real.instRCLike
                                                                                                                                (@NormedAddCommGroup.toSeminormedAddCommGroup.{0}
                                                                                                                                  Real
                                                                                                                                  Real.normedAddCommGroup)
                                                                                                                                (@RCLike.toInnerProductSpaceReal.{0}
                                                                                                                                  Real
                                                                                                                                  Real.instRCLike))
                                                                                                                              Complex.instNormedAddCommGroup
                                                                                                                              (@InnerProductSpace.toNormedSpace.{0,
                                                                                                                                    0}
                                                                                                                                Real
                                                                                                                                Complex
                                                                                                                                Real.instRCLike
                                                                                                                                (@NormedAddCommGroup.toSeminormedAddCommGroup.{0}
                                                                                                                                  Complex
                                                                                                                                  Complex.instNormedAddCommGroup)
                                                                                                                                instInnerProductSpaceRealComplex))
                                                                                                                            (@SchwartzMap.instAddCommGroup.{0,
                                                                                                                                  0}
                                                                                                                              Real
                                                                                                                              Complex
                                                                                                                              Real.normedAddCommGroup
                                                                                                                              (@InnerProductSpace.toNormedSpace.{0,
                                                                                                                                    0}
                                                                                                                                Real
                                                                                                                                Real
                                                                                                                                Real.instRCLike
                                                                                                                                (@NormedAddCommGroup.toSeminormedAddCommGroup.{0}
                                                                                                                                  Real
                                                                                                                                  Real.normedAddCommGroup)
                                                                                                                                (@RCLike.toInnerProductSpaceReal.{0}
                                                                                                                                  Real
                                                                                                                                  Real.instRCLike))
                                                                                                                              Complex.instNormedAddCommGroup
                                                                                                                              (@InnerProductSpace.toNormedSpace.{0,
                                                                                                                                    0}
                                                                                                                                Real
                                                                                                                                Complex
                                                                                                                                Real.instRCLike
                                                                                                                                (@NormedAddCommGroup.toSeminormedAddCommGroup.{0}
                                                                                                                                  Complex
                                                                                                                                  Complex.instNormedAddCommGroup)
                                                                                                                                instInnerProductSpaceRealComplex))))))))
                                                                                                                (@DistribSMul.toSMulZeroClass.{0,
                                                                                                                      0}
                                                                                                                  Real
                                                                                                                  (@SchwartzMap.{0,
                                                                                                                        0}
                                                                                                                    Real
                                                                                                                    Complex
                                                                                                                    Real.normedAddCommGroup
                                                                                                                    (@InnerProductSpace.toNormedSpace.{0,
                                                                                                                          0}
                                                                                                                      Real
                                                                                                                      Real
                                                                                                                      Real.instRCLike
                                                                                                                      (@NormedAddCommGroup.toSeminormedAddCommGroup.{0}
                                                                                                                        Real
                                                                                                                        Real.normedAddCommGroup)
                                                                                                                      (@RCLike.toInnerProductSpaceReal.{0}
                                                                                                                        Real
                                                                                                                        Real.instRCLike))
                                                                                                                    Complex.instNormedAddCommGroup
                                                                                                                    (@InnerProductSpace.toNormedSpace.{0,
                                                                                                                          0}
                                                                                                                      Real
                                                                                                                      Complex
                                                                                                                      Real.instRCLike
                                                                                                                      (@NormedAddCommGroup.toSeminormedAddCommGroup.{0}
                                                                                                                        Complex
                                                                                                                        Complex.instNormedAddCommGroup)
                                                                                                                      instInnerProductSpaceRealComplex))
                                                                                                                  (@AddMonoid.toAddZeroClass.{0}
                                                                                                                    (@SchwartzMap.{0,
                                                                                                                          0}
                                                                                                                      Real
                                                                                                                      Complex
                                                                                                                      Real.normedAddCommGroup
                                                                                                                      (@InnerProductSpace.toNormedSpace.{0,
                                                                                                                            0}
                                                                                                                        Real
                                                                                                                        Real
                                                                                                                        Real.instRCLike
                                                                                                                        (@NormedAddCommGroup.toSeminormedAddCommGroup.{0}
                                                                                                                          Real
                                                                                                                          Real.normedAddCommGroup)
                                                                                                                        (@RCLike.toInnerProductSpaceReal.{0}
                                                                                                                          Real
                                                                                                                          Real.instRCLike))
                                                                                                                      Complex.instNormedAddCommGroup
                                                                                                                      (@InnerProductSpace.toNormedSpace.{0,
                                                                                                                            0}
                                                                                                                        Real
                                                                                                                        Complex
                                                                                                                        Real.instRCLike
                                                                                                                        (@NormedAddCommGroup.toSeminormedAddCommGroup.{0}
                                                                                                                          Complex
                                                                                                                          Complex.instNormedAddCommGroup)
                                                                                                                        instInnerProductSpaceRealComplex))
                                                                                                                    (@SubNegMonoid.toAddMonoid.{0}
                                                                                                                      (@SchwartzMap.{0,
                                                                                                                            0}
                                                                                                                        Real
                                                                                                                        Complex
                                                                                                                        Real.normedAddCommGroup
                                                                                                                        (@InnerProductSpace.toNormedSpace.{0,
                                                                                                                              0}
                                                                                                                          Real
                                                                                                                          Real
                                                                                                                          Real.instRCLike
                                                                                                                          (@NormedAddCommGroup.toSeminormedAddCommGroup.{0}
                                                                                                                            Real
                                                                                                                            Real.normedAddCommGroup)
                                                                                                                          (@RCLike.toInnerProductSpaceReal.{0}
                                                                                                                            Real
                                                                                                                            Real.instRCLike))
                                                                                                                        Complex.instNormedAddCommGroup
                                                                                                                        (@InnerProductSpace.toNormedSpace.{0,
                                                                                                                              0}
                                                                                                                          Real
                                                                                                                          Complex
                                                                                                                          Real.instRCLike
                                                                                                                          (@NormedAddCommGroup.toSeminormedAddCommGroup.{0}
                                                                                                                            Complex
                                                                                                                            Complex.instNormedAddCommGroup)
                                                                                                                          instInnerProductSpaceRealComplex))
                                                                                                                      (@AddGroup.toSubNegMonoid.{0}
                                                                                                                        (@SchwartzMap.{0,
                                                                                                                              0}
                                                                                                                          Real
                                                                                                                          Complex
                                                                                                                          Real.normedAddCommGroup
                                                                                                                          (@InnerProductSpace.toNormedSpace.{0,
                                                                                                                                0}
                                                                                                                            Real
                                                                                                                            Real
                                                                                                                            Real.instRCLike
                                                                                                                            (@NormedAddCommGroup.toSeminormedAddCommGroup.{0}
                                                                                                                              Real
                                                                                                                              Real.normedAddCommGroup)
                                                                                                                            (@RCLike.toInnerProductSpaceReal.{0}
                                                                                                                              Real
                                                                                                                              Real.instRCLike))
                                                                                                                          Complex.instNormedAddCommGroup
                                                                                                                          (@InnerProductSpace.toNormedSpace.{0,
                                                                                                                                0}
                                                                                                                            Real
                                                                                                                            Complex
                                                                                                                            Real.instRCLike
                                                                                                                            (@NormedAddCommGroup.toSeminormedAddCommGroup.{0}
                                                                                                                              Complex
                                                                                                                              Complex.instNormedAddCommGroup)
                                                                                                                            instInnerProductSpaceRealComplex))
                                                                                                                        (@AddCommGroup.toAddGroup.{0}
                                                                                                                          (@SchwartzMap.{0,
                                                                                                                                0}
                                                                                                                            Real
                                                                                                                            Complex
                                                                                                                            Real.normedAddCommGroup
                                                                                                                            (@InnerProductSpace.toNormedSpace.{0,
                                                                                                                                  0}
                                                                                                                              Real
                                                                                                                              Real
                                                                                                                              Real.instRCLike
                                                                                                                              (@NormedAddCommGroup.toSeminormedAddCommGroup.{0}
                                                                                                                                Real
                                                                                                                                Real.normedAddCommGroup)
                                                                                                                              (@RCLike.toInnerProductSpaceReal.{0}
                                                                                                                                Real
                                                                                                                                Real.instRCLike))
                                                                                                                            Complex.instNormedAddCommGroup
                                                                                                                            (@InnerProductSpace.toNormedSpace.{0,
                                                                                                                                  0}
                                                                                                                              Real
                                                                                                                              Complex
                                                                                                                              Real.instRCLike
                                                                                                                              (@NormedAddCommGroup.toSeminormedAddCommGroup.{0}
                                                                                                                                Complex
                                                                                                                                Complex.instNormedAddCommGroup)
                                                                                                                              instInnerProductSpaceRealComplex))
                                                                                                                          (@SchwartzMap.instAddCommGroup.{0,
                                                                                                                                0}
                                                                                                                            Real
                                                                                                                            Complex
                                                                                                                            Real.normedAddCommGroup
                                                                                                                            (@InnerProductSpace.toNormedSpace.{0,
                                                                                                                                  0}
                                                                                                                              Real
                                                                                                                              Real
                                                                                                                              Real.instRCLike
                                                                                                                              (@NormedAddCommGroup.toSeminormedAddCommGroup.{0}
                                                                                                                                Real
                                                                                                                                Real.normedAddCommGroup)
                                                                                                                              (@RCLike.toInnerProductSpaceReal.{0}
                                                                                                                                Real
                                                                                                                                Real.instRCLike))
                                                                                                                            Complex.instNormedAddCommGroup
                                                                                                                            (@InnerProductSpace.toNormedSpace.{0,
                                                                                                                                  0}
                                                                                                                              Real
                                                                                                                              Complex
                                                                                                                              Real.instRCLike
                                                                                                                              (@NormedAddCommGroup.toSeminormedAddCommGroup.{0}
                                                                                                                                Complex
                                                                                                                                Complex.instNormedAddCommGroup)
                                                                                                                              instInnerProductSpaceRealComplex))))))
                                                                                                                  (@DistribMulAction.toDistribSMul.{0,
                                                                                                                        0}
                                                                                                                    Real
                                                                                                                    (@SchwartzMap.{0,
                                                                                                                          0}
                                                                                                                      Real
                                                                                                                      Complex
                                                                                                                      Real.normedAddCommGroup
                                                                                                                      (@InnerProductSpace.toNormedSpace.{0,
                                                                                                                            0}
                                                                                                                        Real
                                                                                                                        Real
                                                                                                                        Real.instRCLike
                                                                                                                        (@NormedAddCommGroup.toSeminormedAddCommGroup.{0}
                                                                                                                          Real
                                                                                                                          Real.normedAddCommGroup)
                                                                                                                        (@RCLike.toInnerProductSpaceReal.{0}
                                                                                                                          Real
                                                                                                                          Real.instRCLike))
                                                                                                                      Complex.instNormedAddCommGroup
                                                                                                                      (@InnerProductSpace.toNormedSpace.{0,
                                                                                                                            0}
                                                                                                                        Real
                                                                                                                        Complex
                                                                                                                        Real.instRCLike
                                                                                                                        (@NormedAddCommGroup.toSeminormedAddCommGroup.{0}
                                                                                                                          Complex
                                                                                                                          Complex.instNormedAddCommGroup)
                                                                                                                        instInnerProductSpaceRealComplex))
                                                                                                                    (@Semiring.toMonoid.{0}
                                                                                                                      Real
                                                                                                                      (@Ring.toSemiring.{0}
                                                                                                                        Real
                                                                                                                        (@SeminormedRing.toRing.{0}
                                                                                                                          Real
                                                                                                                          (@SeminormedCommRing.toSeminormedRing.{0}
                                                                                                                            Real
                                                                                                                            (@NormedCommRing.toSeminormedCommRing.{0}
                                                                                                                              Real
                                                                                                                              (@NormedField.toNormedCommRing.{0}
                                                                                                                                Real
                                                                                                                                Real.normedField))))))
                                                                                                                    (@SubNegMonoid.toAddMonoid.{0}
                                                                                                                      (@SchwartzMap.{0,
                                                                                                                            0}
                                                                                                                        Real
                                                                                                                        Complex
                                                                                                                        Real.normedAddCommGroup
                                                                                                                        (@InnerProductSpace.toNormedSpace.{0,
                                                                                                                              0}
                                                                                                                          Real
                                                                                                                          Real
                                                                                                                          Real.instRCLike
                                                                                                                          (@NormedAddCommGroup.toSeminormedAddCommGroup.{0}
                                                                                                                            Real
                                                                                                                            Real.normedAddCommGroup)
                                                                                                                          (@RCLike.toInnerProductSpaceReal.{0}
                                                                                                                            Real
                                                                                                                            Real.instRCLike))
                                                                                                                        Complex.instNormedAddCommGroup
                                                                                                                        (@InnerProductSpace.toNormedSpace.{0,
                                                                                                                              0}
                                                                                                                          Real
                                                                                                                          Complex
                                                                                                                          Real.instRCLike
                                                                                                                          (@NormedAddCommGroup.toSeminormedAddCommGroup.{0}
                                                                                                                            Complex
                                                                                                                            Complex.instNormedAddCommGroup)
                                                                                                                          instInnerProductSpaceRealComplex))
                                                                                                                      (@AddGroup.toSubNegMonoid.{0}
                                                                                                                        (@SchwartzMap.{0,
                                                                                                                              0}
                                                                                                                          Real
                                                                                                                          Complex
                                                                                                                          Real.normedAddCommGroup
                                                                                                                          (@InnerProductSpace.toNormedSpace.{0,
                                                                                                                                0}
                                                                                                                            Real
                                                                                                                            Real
                                                                                                                            Real.instRCLike
                                                                                                                            (@NormedAddCommGroup.toSeminormedAddCommGroup.{0}
                                                                                                                              Real
                                                                                                                              Real.normedAddCommGroup)
                                                                                                                            (@RCLike.toInnerProductSpaceReal.{0}
                                                                                                                              Real
                                                                                                                              Real.instRCLike))
                                                                                                                          Complex.instNormedAddCommGroup
                                                                                                                          (@InnerProductSpace.toNormedSpace.{0,
                                                                                                                                0}
                                                                                                                            Real
                                                                                                                            Complex
                                                                                                                            Real.instRCLike
                                                                                                                            (@NormedAddCommGroup.toSeminormedAddCommGroup.{0}
                                                                                                                              Complex
                                                                                                                              Complex.instNormedAddCommGroup)
                                                                                                                            instInnerProductSpaceRealComplex))
                                                                                                                        (@AddCommGroup.toAddGroup.{0}
                                                                                                                          (@SchwartzMap.{0,
                                                                                                                                0}
                                                                                                                            Real
                                                                                                                            Complex
                                                                                                                            Real.normedAddCommGroup
                                                                                                                            (@InnerProductSpace.toNormedSpace.{0,
                                                                                                                                  0}
                                                                                                                              Real
                                                                                                                              Real
                                                                                                                              Real.instRCLike
                                                                                                                              (@NormedAddCommGroup.toSeminormedAddCommGroup.{0}
                                                                                                                                Real
                                                                                                                                Real.normedAddCommGroup)
                                                                                                                              (@RCLike.toInnerProductSpaceReal.{0}
                                                                                                                                Real
                                                                                                                                Real.instRCLike))
                                                                                                                            Complex.instNormedAddCommGroup
                                                                                                                            (@InnerProductSpace.toNormedSpace.{0,
                                                                                                                                  0}
                                                                                                                              Real
                                                                                                                              Complex
                                                                                                                              Real.instRCLike
                                                                                                                              (@NormedAddCommGroup.toSeminormedAddCommGroup.{0}
                                                                                                                                Complex
                                                                                                                                Complex.instNormedAddCommGroup)
                                                                                                                              instInnerProductSpaceRealComplex))
                                                                                                                          (@SchwartzMap.instAddCommGroup.{0,
                                                                                                                                0}
                                                                                                                            Real
                                                                                                                            Complex
                                                                                                                            Real.normedAddCommGroup
                                                                                                                            (@InnerProductSpace.toNormedSpace.{0,
                                                                                                                                  0}
                                                                                                                              Real
                                                                                                                              Real
                                                                                                                              Real.instRCLike
                                                                                                                              (@NormedAddCommGroup.toSeminormedAddCommGroup.{0}
                                                                                                                                Real
                                                                                                                                Real.normedAddCommGroup)
                                                                                                                              (@RCLike.toInnerProductSpaceReal.{0}
                                                                                                                                Real
                                                                                                                                Real.instRCLike))
                                                                                                                            Complex.instNormedAddCommGroup
                                                                                                                            (@InnerProductSpace.toNormedSpace.{0,
                                                                                                                                  0}
                                                                                                                              Real
                                                                                                                              Complex
                                                                                                                              Real.instRCLike
                                                                                                                              (@NormedAddCommGroup.toSeminormedAddCommGroup.{0}
                                                                                                                                Complex
                                                                                                                                Complex.instNormedAddCommGroup)
                                                                                                                              instInnerProductSpaceRealComplex)))))
                                                                                                                    (@Module.toDistribMulAction.{0,
                                                                                                                          0}
                                                                                                                      Real
                                                                                                                      (@SchwartzMap.{0,
                                                                                                                            0}
                                                                                                                        Real
                                                                                                                        Complex
                                                                                                                        Real.normedAddCommGroup
                                                                                                                        (@InnerProductSpace.toNormedSpace.{0,
                                                                                                                              0}
                                                                                                                          Real
                                                                                                                          Real
                                                                                                                          Real.instRCLike
                                                                                                                          (@NormedAddCommGroup.toSeminormedAddCommGroup.{0}
                                                                                                                            Real
                                                                                                                            Real.normedAddCommGroup)
                                                                                                                          (@RCLike.toInnerProductSpaceReal.{0}
                                                                                                                            Real
                                                                                                                            Real.instRCLike))
                                                                                                                        Complex.instNormedAddCommGroup
                                                                                                                        (@InnerProductSpace.toNormedSpace.{0,
                                                                                                                              0}
                                                                                                                          Real
                                                                                                                          Complex
                                                                                                                          Real.instRCLike
                                                                                                                          (@NormedAddCommGroup.toSeminormedAddCommGroup.{0}
                                                                                                                            Complex
                                                                                                                            Complex.instNormedAddCommGroup)
                                                                                                                          instInnerProductSpaceRealComplex))
                                                                                                                      (@Ring.toSemiring.{0}
                                                                                                                        Real
                                                                                                                        (@SeminormedRing.toRing.{0}
                                                                                                                          Real
                                                                                                                          (@SeminormedCommRing.toSeminormedRing.{0}
                                                                                                                            Real
                                                                                                                            (@NormedCommRing.toSeminormedCommRing.{0}
                                                                                                                              Real
                                                                                                                              (@NormedField.toNormedCommRing.{0}
                                                                                                                                Real
                                                                                                                                Real.normedField)))))
                                                                                                                      (@AddCommGroup.toAddCommMonoid.{0}
                                                                                                                        (@SchwartzMap.{0,
                                                                                                                              0}
                                                                                                                          Real
                                                                                                                          Complex
                                                                                                                          Real.normedAddCommGroup
                                                                                                                          (@InnerProductSpace.toNormedSpace.{0,
                                                                                                                                0}
                                                                                                                            Real
                                                                                                                            Real
                                                                                                                            Real.instRCLike
                                                                                                                            (@NormedAddCommGroup.toSeminormedAddCommGroup.{0}
                                                                                                                              Real
                                                                                                                              Real.normedAddCommGroup)
                                                                                                                            (@RCLike.toInnerProductSpaceReal.{0}
                                                                                                                              Real
                                                                                                                              Real.instRCLike))
                                                                                                                          Complex.instNormedAddCommGroup
                                                                                                                          (@InnerProductSpace.toNormedSpace.{0,
                                                                                                                                0}
                                                                                                                            Real
                                                                                                                            Complex
                                                                                                                            Real.instRCLike
                                                                                                                            (@NormedAddCommGroup.toSeminormedAddCommGroup.{0}
                                                                                                                              Complex
                                                                                                                              Complex.instNormedAddCommGroup)
                                                                                                                            instInnerProductSpaceRealComplex))
                                                                                                                        (@SchwartzMap.instAddCommGroup.{0,
                                                                                                                              0}
                                                                                                                          Real
                                                                                                                          Complex
                                                                                                                          Real.normedAddCommGroup
                                                                                                                          (@InnerProductSpace.toNormedSpace.{0,
                                                                                                                                0}
                                                                                                                            Real
                                                                                                                            Real
                                                                                                                            Real.instRCLike
                                                                                                                            (@NormedAddCommGroup.toSeminormedAddCommGroup.{0}
                                                                                                                              Real
                                                                                                                              Real.normedAddCommGroup)
                                                                                                                            (@RCLike.toInnerProductSpaceReal.{0}
                                                                                                                              Real
                                                                                                                              Real.instRCLike))
                                                                                                                          Complex.instNormedAddCommGroup
                                                                                                                          (@InnerProductSpace.toNormedSpace.{0,
                                                                                                                                0}
                                                                                                                            Real
                                                                                                                            Complex
                                                                                                                            Real.instRCLike
                                                                                                                            (@NormedAddCommGroup.toSeminormedAddCommGroup.{0}
                                                                                                                              Complex
                                                                                                                              Complex.instNormedAddCommGroup)
                                                                                                                            instInnerProductSpaceRealComplex)))
                                                                                                                      (@SchwartzMap.instModule.{0,
                                                                                                                            0,
                                                                                                                            0}
                                                                                                                        Real
                                                                                                                        Real
                                                                                                                        Complex
                                                                                                                        Real.normedAddCommGroup
                                                                                                                        (@InnerProductSpace.toNormedSpace.{0,
                                                                                                                              0}
                                                                                                                          Real
                                                                                                                          Real
                                                                                                                          Real.instRCLike
                                                                                                                          (@NormedAddCommGroup.toSeminormedAddCommGroup.{0}
                                                                                                                            Real
                                                                                                                            Real.normedAddCommGroup)
                                                                                                                          (@RCLike.toInnerProductSpaceReal.{0}
                                                                                                                            Real
                                                                                                                            Real.instRCLike))
                                                                                                                        Complex.instNormedAddCommGroup
                                                                                                                        (@InnerProductSpace.toNormedSpace.{0,
                                                                                                                              0}
                                                                                                                          Real
                                                                                                                          Complex
                                                                                                                          Real.instRCLike
                                                                                                                          (@NormedAddCommGroup.toSeminormedAddCommGroup.{0}
                                                                                                                            Complex
                                                                                                                            Complex.instNormedAddCommGroup)
                                                                                                                          instInnerProductSpaceRealComplex)
                                                                                                                        Real.normedField
                                                                                                                        (@InnerProductSpace.toNormedSpace.{0,
                                                                                                                              0}
                                                                                                                          Real
                                                                                                                          Complex
                                                                                                                          Real.instRCLike
                                                                                                                          (@NormedAddCommGroup.toSeminormedAddCommGroup.{0}
                                                                                                                            Complex
                                                                                                                            Complex.instNormedAddCommGroup)
                                                                                                                          instInnerProductSpaceRealComplex)
                                                                                                                        (@smulCommClass_self.{0,
                                                                                                                              0}
                                                                                                                          Real
                                                                                                                          Complex
                                                                                                                          Real.instCommMonoid
                                                                                                                          (@DistribMulAction.toMulAction.{0,
                                                                                                                                0}
                                                                                                                            Real
                                                                                                                            Complex
                                                                                                                            (@CommMonoid.toMonoid.{0}
                                                                                                                              Real
                                                                                                                              Real.instCommMonoid)
                                                                                                                            (@AddCommMonoid.toAddMonoid.{0}
                                                                                                                              Complex
                                                                                                                              Complex.instAddCommMonoid)
                                                                                                                            (@Module.toDistribMulAction.{0,
                                                                                                                                  0}
                                                                                                                              Real
                                                                                                                              Complex
                                                                                                                              Real.semiring
                                                                                                                              Complex.instAddCommMonoid
                                                                                                                              (@NormedSpace.toModule.{0,
                                                                                                                                    0}
                                                                                                                                Real
                                                                                                                                Complex
                                                                                                                                Real.normedField
                                                                                                                                (@NonUnitalSeminormedRing.toSeminormedAddCommGroup.{0}
                                                                                                                                  Complex
                                                                                                                                  (@NonUnitalSeminormedCommRing.toNonUnitalSeminormedRing.{0}
                                                                                                                                    Complex
                                                                                                                                    (@SeminormedCommRing.toNonUnitalSeminormedCommRing.{0}
                                                                                                                                      Complex
                                                                                                                                      (@NormedCommRing.toSeminormedCommRing.{0}
                                                                                                                                        Complex
                                                                                                                                        (@CommCStarAlgebra.toNormedCommRing.{0}
                                                                                                                                          Complex
                                                                                                                                          instCommCStarAlgebraComplex)))))
                                                                                                                                (@InnerProductSpace.toNormedSpace.{0,
                                                                                                                                      0}
                                                                                                                                  Real
                                                                                                                                  Complex
                                                                                                                                  Real.instRCLike
                                                                                                                                  (@NonUnitalSeminormedRing.toSeminormedAddCommGroup.{0}
                                                                                                                                    Complex
                                                                                                                                    (@NonUnitalSeminormedCommRing.toNonUnitalSeminormedRing.{0}
                                                                                                                                      Complex
                                                                                                                                      (@SeminormedCommRing.toNonUnitalSeminormedCommRing.{0}
                                                                                                                                        Complex
                                                                                                                                        (@NormedCommRing.toSeminormedCommRing.{0}
                                                                                                                                          Complex
                                                                                                                                          (@CommCStarAlgebra.toNormedCommRing.{0}
                                                                                                                                            Complex
                                                                                                                                            instCommCStarAlgebraComplex)))))
                                                                                                                                  instInnerProductSpaceRealComplex)))))))))))
                                                                                                            (@SchwartzMap.{0,
                                                                                                                  0}
                                                                                                              Real
                                                                                                              Complex
                                                                                                              Real.normedAddCommGroup
                                                                                                              (@InnerProductSpace.toNormedSpace.{0,
                                                                                                                    0}
                                                                                                                Real
                                                                                                                Real
                                                                                                                Real.instRCLike
                                                                                                                (@NormedAddCommGroup.toSeminormedAddCommGroup.{0}
                                                                                                                  Real
                                                                                                                  Real.normedAddCommGroup)
                                                                                                                (@RCLike.toInnerProductSpaceReal.{0}
                                                                                                                  Real
                                                                                                                  Real.instRCLike))
                                                                                                              Complex.instNormedAddCommGroup
                                                                                                              (@InnerProductSpace.toNormedSpace.{0,
                                                                                                                    0}
                                                                                                                Real
                                                                                                                Complex
                                                                                                                Real.instRCLike
                                                                                                                (@NormedAddCommGroup.toSeminormedAddCommGroup.{0}
                                                                                                                  Complex
                                                                                                                  Complex.instNormedAddCommGroup)
                                                                                                                instInnerProductSpaceRealComplex))
                                                                                                            (fun
                                                                                                                (x :
                                                                                                                  @SchwartzMap.{0,
                                                                                                                        0}
                                                                                                                    Real
                                                                                                                    Complex
                                                                                                                    Real.normedAddCommGroup
                                                                                                                    (@InnerProductSpace.toNormedSpace.{0,
                                                                                                                          0}
                                                                                                                      Real
                                                                                                                      Real
                                                                                                                      Real.instRCLike
                                                                                                                      (@NormedAddCommGroup.toSeminormedAddCommGroup.{0}
                                                                                                                        Real
                                                                                                                        Real.normedAddCommGroup)
                                                                                                                      (@RCLike.toInnerProductSpaceReal.{0}
                                                                                                                        Real
                                                                                                                        Real.instRCLike))
                                                                                                                    Complex.instNormedAddCommGroup
                                                                                                                    (@InnerProductSpace.toNormedSpace.{0,
                                                                                                                          0}
                                                                                                                      Real
                                                                                                                      Complex
                                                                                                                      Real.instRCLike
                                                                                                                      (@NormedAddCommGroup.toSeminormedAddCommGroup.{0}
                                                                                                                        Complex
                                                                                                                        Complex.instNormedAddCommGroup)
                                                                                                                      instInnerProductSpaceRealComplex)) =>
                                                                                                              Real)
                                                                                                            (@Seminorm.instFunLike.{0,
                                                                                                                  0}
                                                                                                              Real
                                                                                                              (@SchwartzMap.{0,
                                                                                                                    0}
                                                                                                                Real
                                                                                                                Complex
                                                                                                                Real.normedAddCommGroup
                                                                                                                (@InnerProductSpace.toNormedSpace.{0,
                                                                                                                      0}
                                                                                                                  Real
                                                                                                                  Real
                                                                                                                  Real.instRCLike
                                                                                                                  (@NormedAddCommGroup.toSeminormedAddCommGroup.{0}
                                                                                                                    Real
                                                                                                                    Real.normedAddCommGroup)
                                                                                                                  (@RCLike.toInnerProductSpaceReal.{0}
                                                                                                                    Real
                                                                                                                    Real.instRCLike))
                                                                                                                Complex.instNormedAddCommGroup
                                                                                                                (@InnerProductSpace.toNormedSpace.{0,
                                                                                                                      0}
                                                                                                                  Real
                                                                                                                  Complex
                                                                                                                  Real.instRCLike
                                                                                                                  (@NormedAddCommGroup.toSeminormedAddCommGroup.{0}
                                                                                                                    Complex
                                                                                                                    Complex.instNormedAddCommGroup)
                                                                                                                  instInnerProductSpaceRealComplex))
                                                                                                              (@SeminormedCommRing.toSeminormedRing.{0}
                                                                                                                Real
                                                                                                                (@NormedCommRing.toSeminormedCommRing.{0}
                                                                                                                  Real
                                                                                                                  (@NormedField.toNormedCommRing.{0}
                                                                                                                    Real
                                                                                                                    Real.normedField)))
                                                                                                              (@AddCommGroup.toAddGroup.{0}
                                                                                                                (@SchwartzMap.{0,
                                                                                                                      0}
                                                                                                                  Real
                                                                                                                  Complex
                                                                                                                  Real.normedAddCommGroup
                                                                                                                  (@InnerProductSpace.toNormedSpace.{0,
                                                                                                                        0}
                                                                                                                    Real
                                                                                                                    Real
                                                                                                                    Real.instRCLike
                                                                                                                    (@NormedAddCommGroup.toSeminormedAddCommGroup.{0}
                                                                                                                      Real
                                                                                                                      Real.normedAddCommGroup)
                                                                                                                    (@RCLike.toInnerProductSpaceReal.{0}
                                                                                                                      Real
                                                                                                                      Real.instRCLike))
                                                                                                                  Complex.instNormedAddCommGroup
                                                                                                                  (@InnerProductSpace.toNormedSpace.{0,
                                                                                                                        0}
                                                                                                                    Real
                                                                                                                    Complex
                                                                                                                    Real.instRCLike
                                                                                                                    (@NormedAddCommGroup.toSeminormedAddCommGroup.{0}
                                                                                                                      Complex
                                                                                                                      Complex.instNormedAddCommGroup)
                                                                                                                    instInnerProductSpaceRealComplex))
                                                                                                                (@SchwartzMap.instAddCommGroup.{0,
                                                                                                                      0}
                                                                                                                  Real
                                                                                                                  Complex
                                                                                                                  Real.normedAddCommGroup
                                                                                                                  (@InnerProductSpace.toNormedSpace.{0,
                                                                                                                        0}
                                                                                                                    Real
                                                                                                                    Real
                                                                                                                    Real.instRCLike
                                                                                                                    (@NormedAddCommGroup.toSeminormedAddCommGroup.{0}
                                                                                                                      Real
                                                                                                                      Real.normedAddCommGroup)
                                                                                                                    (@RCLike.toInnerProductSpaceReal.{0}
                                                                                                                      Real
                                                                                                                      Real.instRCLike))
                                                                                                                  Complex.instNormedAddCommGroup
                                                                                                                  (@InnerProductSpace.toNormedSpace.{0,
                                                                                                                        0}
                                                                                                                    Real
                                                                                                                    Complex
                                                                                                                    Real.instRCLike
                                                                                                                    (@NormedAddCommGroup.toSeminormedAddCommGroup.{0}
                                                                                                                      Complex
                                                                                                                      Complex.instNormedAddCommGroup)
                                                                                                                    instInnerProductSpaceRealComplex)))
                                                                                                              (@SMulZeroClass.toSMul.{0,
                                                                                                                    0}
                                                                                                                Real
                                                                                                                (@SchwartzMap.{0,
                                                                                                                      0}
                                                                                                                  Real
                                                                                                                  Complex
                                                                                                                  Real.normedAddCommGroup
                                                                                                                  (@InnerProductSpace.toNormedSpace.{0,
                                                                                                                        0}
                                                                                                                    Real
                                                                                                                    Real
                                                                                                                    Real.instRCLike
                                                                                                                    (@NormedAddCommGroup.toSeminormedAddCommGroup.{0}
                                                                                                                      Real
                                                                                                                      Real.normedAddCommGroup)
                                                                                                                    (@RCLike.toInnerProductSpaceReal.{0}
                                                                                                                      Real
                                                                                                                      Real.instRCLike))
                                                                                                                  Complex.instNormedAddCommGroup
                                                                                                                  (@InnerProductSpace.toNormedSpace.{0,
                                                                                                                        0}
                                                                                                                    Real
                                                                                                                    Complex
                                                                                                                    Real.instRCLike
                                                                                                                    (@NormedAddCommGroup.toSeminormedAddCommGroup.{0}
                                                                                                                      Complex
                                                                                                                      Complex.instNormedAddCommGroup)
                                                                                                                    instInnerProductSpaceRealComplex))
                                                                                                                (@AddZero.toZero.{0}
                                                                                                                  (@SchwartzMap.{0,
                                                                                                                        0}
                                                                                                                    Real
                                                                                                                    Complex
                                                                                                                    Real.normedAddCommGroup
                                                                                                                    (@InnerProductSpace.toNormedSpace.{0,
                                                                                                                          0}
                                                                                                                      Real
                                                                                                                      Real
                                                                                                                      Real.instRCLike
                                                                                                                      (@NormedAddCommGroup.toSeminormedAddCommGroup.{0}
                                                                                                                        Real
                                                                                                                        Real.normedAddCommGroup)
                                                                                                                      (@RCLike.toInnerProductSpaceReal.{0}
                                                                                                                        Real
                                                                                                                        Real.instRCLike))
                                                                                                                    Complex.instNormedAddCommGroup
                                                                                                                    (@InnerProductSpace.toNormedSpace.{0,
                                                                                                                          0}
                                                                                                                      Real
                                                                                                                      Complex
                                                                                                                      Real.instRCLike
                                                                                                                      (@NormedAddCommGroup.toSeminormedAddCommGroup.{0}
                                                                                                                        Complex
                                                                                                                        Complex.instNormedAddCommGroup)
                                                                                                                      instInnerProductSpaceRealComplex))
                                                                                                                  (@AddZeroClass.toAddZero.{0}
                                                                                                                    (@SchwartzMap.{0,
                                                                                                                          0}
                                                                                                                      Real
                                                                                                                      Complex
                                                                                                                      Real.normedAddCommGroup
                                                                                                                      (@InnerProductSpace.toNormedSpace.{0,
                                                                                                                            0}
                                                                                                                        Real
                                                                                                                        Real
                                                                                                                        Real.instRCLike
                                                                                                                        (@NormedAddCommGroup.toSeminormedAddCommGroup.{0}
                                                                                                                          Real
                                                                                                                          Real.normedAddCommGroup)
                                                                                                                        (@RCLike.toInnerProductSpaceReal.{0}
                                                                                                                          Real
                                                                                                                          Real.instRCLike))
                                                                                                                      Complex.instNormedAddCommGroup
                                                                                                                      (@InnerProductSpace.toNormedSpace.{0,
                                                                                                                            0}
                                                                                                                        Real
                                                                                                                        Complex
                                                                                                                        Real.instRCLike
                                                                                                                        (@NormedAddCommGroup.toSeminormedAddCommGroup.{0}
                                                                                                                          Complex
                                                                                                                          Complex.instNormedAddCommGroup)
                                                                                                                        instInnerProductSpaceRealComplex))
                                                                                                                    (@AddMonoid.toAddZeroClass.{0}
                                                                                                                      (@SchwartzMap.{0,
                                                                                                                            0}
                                                                                                                        Real
                                                                                                                        Complex
                                                                                                                        Real.normedAddCommGroup
                                                                                                                        (@InnerProductSpace.toNormedSpace.{0,
                                                                                                                              0}
                                                                                                                          Real
                                                                                                                          Real
                                                                                                                          Real.instRCLike
                                                                                                                          (@NormedAddCommGroup.toSeminormedAddCommGroup.{0}
                                                                                                                            Real
                                                                                                                            Real.normedAddCommGroup)
                                                                                                                          (@RCLike.toInnerProductSpaceReal.{0}
                                                                                                                            Real
                                                                                                                            Real.instRCLike))
                                                                                                                        Complex.instNormedAddCommGroup
                                                                                                                        (@InnerProductSpace.toNormedSpace.{0,
                                                                                                                              0}
                                                                                                                          Real
                                                                                                                          Complex
                                                                                                                          Real.instRCLike
                                                                                                                          (@NormedAddCommGroup.toSeminormedAddCommGroup.{0}
                                                                                                                            Complex
                                                                                                                            Complex.instNormedAddCommGroup)
                                                                                                                          instInnerProductSpaceRealComplex))
                                                                                                                      (@SubNegMonoid.toAddMonoid.{0}
                                                                                                                        (@SchwartzMap.{0,
                                                                                                                              0}
                                                                                                                          Real
                                                                                                                          Complex
                                                                                                                          Real.normedAddCommGroup
                                                                                                                          (@InnerProductSpace.toNormedSpace.{0,
                                                                                                                                0}
                                                                                                                            Real
                                                                                                                            Real
                                                                                                                            Real.instRCLike
                                                                                                                            (@NormedAddCommGroup.toSeminormedAddCommGroup.{0}
                                                                                                                              Real
                                                                                                                              Real.normedAddCommGroup)
                                                                                                                            (@RCLike.toInnerProductSpaceReal.{0}
                                                                                                                              Real
                                                                                                                              Real.instRCLike))
                                                                                                                          Complex.instNormedAddCommGroup
                                                                                                                          (@InnerProductSpace.toNormedSpace.{0,
                                                                                                                                0}
                                                                                                                            Real
                                                                                                                            Complex
                                                                                                                            Real.instRCLike
                                                                                                                            (@NormedAddCommGroup.toSeminormedAddCommGroup.{0}
                                                                                                                              Complex
                                                                                                                              Complex.instNormedAddCommGroup)
                                                                                                                            instInnerProductSpaceRealComplex))
                                                                                                                        (@AddGroup.toSubNegMonoid.{0}
                                                                                                                          (@SchwartzMap.{0,
                                                                                                                                0}
                                                                                                                            Real
                                                                                                                            Complex
                                                                                                                            Real.normedAddCommGroup
                                                                                                                            (@InnerProductSpace.toNormedSpace.{0,
                                                                                                                                  0}
                                                                                                                              Real
                                                                                                                              Real
                                                                                                                              Real.instRCLike
                                                                                                                              (@NormedAddCommGroup.toSeminormedAddCommGroup.{0}
                                                                                                                                Real
                                                                                                                                Real.normedAddCommGroup)
                                                                                                                              (@RCLike.toInnerProductSpaceReal.{0}
                                                                                                                                Real
                                                                                                                                Real.instRCLike))
                                                                                                                            Complex.instNormedAddCommGroup
                                                                                                                            (@InnerProductSpace.toNormedSpace.{0,
                                                                                                                                  0}
                                                                                                                              Real
                                                                                                                              Complex
                                                                                                                              Real.instRCLike
                                                                                                                              (@NormedAddCommGroup.toSeminormedAddCommGroup.{0}
                                                                                                                                Complex
                                                                                                                                Complex.instNormedAddCommGroup)
                                                                                                                              instInnerProductSpaceRealComplex))
                                                                                                                          (@AddCommGroup.toAddGroup.{0}
                                                                                                                            (@SchwartzMap.{0,
                                                                                                                                  0}
                                                                                                                              Real
                                                                                                                              Complex
                                                                                                                              Real.normedAddCommGroup
                                                                                                                              (@InnerProductSpace.toNormedSpace.{0,
                                                                                                                                    0}
                                                                                                                                Real
                                                                                                                                Real
                                                                                                                                Real.instRCLike
                                                                                                                                (@NormedAddCommGroup.toSeminormedAddCommGroup.{0}
                                                                                                                                  Real
                                                                                                                                  Real.normedAddCommGroup)
                                                                                                                                (@RCLike.toInnerProductSpaceReal.{0}
                                                                                                                                  Real
                                                                                                                                  Real.instRCLike))
                                                                                                                              Complex.instNormedAddCommGroup
                                                                                                                              (@InnerProductSpace.toNormedSpace.{0,
                                                                                                                                    0}
                                                                                                                                Real
                                                                                                                                Complex
                                                                                                                                Real.instRCLike
                                                                                                                                (@NormedAddCommGroup.toSeminormedAddCommGroup.{0}
                                                                                                                                  Complex
                                                                                                                                  Complex.instNormedAddCommGroup)
                                                                                                                                instInnerProductSpaceRealComplex))
                                                                                                                            (@SchwartzMap.instAddCommGroup.{0,
                                                                                                                                  0}
                                                                                                                              Real
                                                                                                                              Complex
                                                                                                                              Real.normedAddCommGroup
                                                                                                                              (@InnerProductSpace.toNormedSpace.{0,
                                                                                                                                    0}
                                                                                                                                Real
                                                                                                                                Real
                                                                                                                                Real.instRCLike
                                                                                                                                (@NormedAddCommGroup.toSeminormedAddCommGroup.{0}
                                                                                                                                  Real
                                                                                                                                  Real.normedAddCommGroup)
                                                                                                                                (@RCLike.toInnerProductSpaceReal.{0}
                                                                                                                                  Real
                                                                                                                                  Real.instRCLike))
                                                                                                                              Complex.instNormedAddCommGroup
                                                                                                                              (@InnerProductSpace.toNormedSpace.{0,
                                                                                                                                    0}
                                                                                                                                Real
                                                                                                                                Complex
                                                                                                                                Real.instRCLike
                                                                                                                                (@NormedAddCommGroup.toSeminormedAddCommGroup.{0}
                                                                                                                                  Complex
                                                                                                                                  Complex.instNormedAddCommGroup)
                                                                                                                                instInnerProductSpaceRealComplex))))))))
                                                                                                                (@DistribSMul.toSMulZeroClass.{0,
                                                                                                                      0}
                                                                                                                  Real
                                                                                                                  (@SchwartzMap.{0,
                                                                                                                        0}
                                                                                                                    Real
                                                                                                                    Complex
                                                                                                                    Real.normedAddCommGroup
                                                                                                                    (@InnerProductSpace.toNormedSpace.{0,
                                                                                                                          0}
                                                                                                                      Real
                                                                                                                      Real
                                                                                                                      Real.instRCLike
                                                                                                                      (@NormedAddCommGroup.toSeminormedAddCommGroup.{0}
                                                                                                                        Real
                                                                                                                        Real.normedAddCommGroup)
                                                                                                                      (@RCLike.toInnerProductSpaceReal.{0}
                                                                                                                        Real
                                                                                                                        Real.instRCLike))
                                                                                                                    Complex.instNormedAddCommGroup
                                                                                                                    (@InnerProductSpace.toNormedSpace.{0,
                                                                                                                          0}
                                                                                                                      Real
                                                                                                                      Complex
                                                                                                                      Real.instRCLike
                                                                                                                      (@NormedAddCommGroup.toSeminormedAddCommGroup.{0}
                                                                                                                        Complex
                                                                                                                        Complex.instNormedAddCommGroup)
                                                                                                                      instInnerProductSpaceRealComplex))
                                                                                                                  (@AddMonoid.toAddZeroClass.{0}
                                                                                                                    (@SchwartzMap.{0,
                                                                                                                          0}
                                                                                                                      Real
                                                                                                                      Complex
                                                                                                                      Real.normedAddCommGroup
                                                                                                                      (@InnerProductSpace.toNormedSpace.{0,
                                                                                                                            0}
                                                                                                                        Real
                                                                                                                        Real
                                                                                                                        Real.instRCLike
                                                                                                                        (@NormedAddCommGroup.toSeminormedAddCommGroup.{0}
                                                                                                                          Real
                                                                                                                          Real.normedAddCommGroup)
                                                                                                                        (@RCLike.toInnerProductSpaceReal.{0}
                                                                                                                          Real
                                                                                                                          Real.instRCLike))
                                                                                                                      Complex.instNormedAddCommGroup
                                                                                                                      (@InnerProductSpace.toNormedSpace.{0,
                                                                                                                            0}
                                                                                                                        Real
                                                                                                                        Complex
                                                                                                                        Real.instRCLike
                                                                                                                        (@NormedAddCommGroup.toSeminormedAddCommGroup.{0}
                                                                                                                          Complex
                                                                                                                          Complex.instNormedAddCommGroup)
                                                                                                                        instInnerProductSpaceRealComplex))
                                                                                                                    (@SubNegMonoid.toAddMonoid.{0}
                                                                                                                      (@SchwartzMap.{0,
                                                                                                                            0}
                                                                                                                        Real
                                                                                                                        Complex
                                                                                                                        Real.normedAddCommGroup
                                                                                                                        (@InnerProductSpace.toNormedSpace.{0,
                                                                                                                              0}
                                                                                                                          Real
                                                                                                                          Real
                                                                                                                          Real.instRCLike
                                                                                                                          (@NormedAddCommGroup.toSeminormedAddCommGroup.{0}
                                                                                                                            Real
                                                                                                                            Real.normedAddCommGroup)
                                                                                                                          (@RCLike.toInnerProductSpaceReal.{0}
                                                                                                                            Real
                                                                                                                            Real.instRCLike))
                                                                                                                        Complex.instNormedAddCommGroup
                                                                                                                        (@InnerProductSpace.toNormedSpace.{0,
                                                                                                                              0}
                                                                                                                          Real
                                                                                                                          Complex
                                                                                                                          Real.instRCLike
                                                                                                                          (@NormedAddCommGroup.toSeminormedAddCommGroup.{0}
                                                                                                                            Complex
                                                                                                                            Complex.instNormedAddCommGroup)
                                                                                                                          instInnerProductSpaceRealComplex))
                                                                                                                      (@AddGroup.toSubNegMonoid.{0}
                                                                                                                        (@SchwartzMap.{0,
                                                                                                                              0}
                                                                                                                          Real
                                                                                                                          Complex
                                                                                                                          Real.normedAddCommGroup
                                                                                                                          (@InnerProductSpace.toNormedSpace.{0,
                                                                                                                                0}
                                                                                                                            Real
                                                                                                                            Real
                                                                                                                            Real.instRCLike
                                                                                                                            (@NormedAddCommGroup.toSeminormedAddCommGroup.{0}
                                                                                                                              Real
                                                                                                                              Real.normedAddCommGroup)
                                                                                                                            (@RCLike.toInnerProductSpaceReal.{0}
                                                                                                                              Real
                                                                                                                              Real.instRCLike))
                                                                                                                          Complex.instNormedAddCommGroup
                                                                                                                          (@InnerProductSpace.toNormedSpace.{0,
                                                                                                                                0}
                                                                                                                            Real
                                                                                                                            Complex
                                                                                                                            Real.instRCLike
                                                                                                                            (@NormedAddCommGroup.toSeminormedAddCommGroup.{0}
                                                                                                                              Complex
                                                                                                                              Complex.instNormedAddCommGroup)
                                                                                                                            instInnerProductSpaceRealComplex))
                                                                                                                        (@AddCommGroup.toAddGroup.{0}
                                                                                                                          (@SchwartzMap.{0,
                                                                                                                                0}
                                                                                                                            Real
                                                                                                                            Complex
                                                                                                                            Real.normedAddCommGroup
                                                                                                                            (@InnerProductSpace.toNormedSpace.{0,
                                                                                                                                  0}
                                                                                                                              Real
                                                                                                                              Real
                                                                                                                              Real.instRCLike
                                                                                                                              (@NormedAddCommGroup.toSeminormedAddCommGroup.{0}
                                                                                                                                Real
                                                                                                                                Real.normedAddCommGroup)
                                                                                                                              (@RCLike.toInnerProductSpaceReal.{0}
                                                                                                                                Real
                                                                                                                                Real.instRCLike))
                                                                                                                            Complex.instNormedAddCommGroup
                                                                                                                            (@InnerProductSpace.toNormedSpace.{0,
                                                                                                                                  0}
                                                                                                                              Real
                                                                                                                              Complex
                                                                                                                              Real.instRCLike
                                                                                                                              (@NormedAddCommGroup.toSeminormedAddCommGroup.{0}
                                                                                                                                Complex
                                                                                                                                Complex.instNormedAddCommGroup)
                                                                                                                              instInnerProductSpaceRealComplex))
                                                                                                                          (@SchwartzMap.instAddCommGroup.{0,
                                                                                                                                0}
                                                                                                                            Real
                                                                                                                            Complex
                                                                                                                            Real.normedAddCommGroup
                                                                                                                            (@InnerProductSpace.toNormedSpace.{0,
                                                                                                                                  0}
                                                                                                                              Real
                                                                                                                              Real
                                                                                                                              Real.instRCLike
                                                                                                                              (@NormedAddCommGroup.toSeminormedAddCommGroup.{0}
                                                                                                                                Real
                                                                                                                                Real.normedAddCommGroup)
                                                                                                                              (@RCLike.toInnerProductSpaceReal.{0}
                                                                                                                                Real
                                                                                                                                Real.instRCLike))
                                                                                                                            Complex.instNormedAddCommGroup
                                                                                                                            (@InnerProductSpace.toNormedSpace.{0,
                                                                                                                                  0}
                                                                                                                              Real
                                                                                                                              Complex
                                                                                                                              Real.instRCLike
                                                                                                                              (@NormedAddCommGroup.toSeminormedAddCommGroup.{0}
                                                                                                                                Complex
                                                                                                                                Complex.instNormedAddCommGroup)
                                                                                                                              instInnerProductSpaceRealComplex))))))
                                                                                                                  (@DistribMulAction.toDistribSMul.{0,
                                                                                                                        0}
                                                                                                                    Real
                                                                                                                    (@SchwartzMap.{0,
                                                                                                                          0}
                                                                                                                      Real
                                                                                                                      Complex
                                                                                                                      Real.normedAddCommGroup
                                                                                                                      (@InnerProductSpace.toNormedSpace.{0,
                                                                                                                            0}
                                                                                                                        Real
                                                                                                                        Real
                                                                                                                        Real.instRCLike
                                                                                                                        (@NormedAddCommGroup.toSeminormedAddCommGroup.{0}
                                                                                                                          Real
                                                                                                                          Real.normedAddCommGroup)
                                                                                                                        (@RCLike.toInnerProductSpaceReal.{0}
                                                                                                                          Real
                                                                                                                          Real.instRCLike))
                                                                                                                      Complex.instNormedAddCommGroup
                                                                                                                      (@InnerProductSpace.toNormedSpace.{0,
                                                                                                                            0}
                                                                                                                        Real
                                                                                                                        Complex
                                                                                                                        Real.instRCLike
                                                                                                                        (@NormedAddCommGroup.toSeminormedAddCommGroup.{0}
                                                                                                                          Complex
                                                                                                                          Complex.instNormedAddCommGroup)
                                                                                                                        instInnerProductSpaceRealComplex))
                                                                                                                    (@Semiring.toMonoid.{0}
                                                                                                                      Real
                                                                                                                      (@Ring.toSemiring.{0}
                                                                                                                        Real
                                                                                                                        (@SeminormedRing.toRing.{0}
                                                                                                                          Real
                                                                                                                          (@SeminormedCommRing.toSeminormedRing.{0}
                                                                                                                            Real
                                                                                                                            (@NormedCommRing.toSeminormedCommRing.{0}
                                                                                                                              Real
                                                                                                                              (@NormedField.toNormedCommRing.{0}
                                                                                                                                Real
                                                                                                                                Real.normedField))))))
                                                                                                                    (@SubNegMonoid.toAddMonoid.{0}
                                                                                                                      (@SchwartzMap.{0,
                                                                                                                            0}
                                                                                                                        Real
                                                                                                                        Complex
                                                                                                                        Real.normedAddCommGroup
                                                                                                                        (@InnerProductSpace.toNormedSpace.{0,
                                                                                                                              0}
                                                                                                                          Real
                                                                                                                          Real
                                                                                                                          Real.instRCLike
                                                                                                                          (@NormedAddCommGroup.toSeminormedAddCommGroup.{0}
                                                                                                                            Real
                                                                                                                            Real.normedAddCommGroup)
                                                                                                                          (@RCLike.toInnerProductSpaceReal.{0}
                                                                                                                            Real
                                                                                                                            Real.instRCLike))
                                                                                                                        Complex.instNormedAddCommGroup
                                                                                                                        (@InnerProductSpace.toNormedSpace.{0,
                                                                                                                              0}
                                                                                                                          Real
                                                                                                                          Complex
                                                                                                                          Real.instRCLike
                                                                                                                          (@NormedAddCommGroup.toSeminormedAddCommGroup.{0}
                                                                                                                            Complex
                                                                                                                            Complex.instNormedAddCommGroup)
                                                                                                                          instInnerProductSpaceRealComplex))
                                                                                                                      (@AddGroup.toSubNegMonoid.{0}
                                                                                                                        (@SchwartzMap.{0,
                                                                                                                              0}
                                                                                                                          Real
                                                                                                                          Complex
                                                                                                                          Real.normedAddCommGroup
                                                                                                                          (@InnerProductSpace.toNormedSpace.{0,
                                                                                                                                0}
                                                                                                                            Real
                                                                                                                            Real
                                                                                                                            Real.instRCLike
                                                                                                                            (@NormedAddCommGroup.toSeminormedAddCommGroup.{0}
                                                                                                                              Real
                                                                                                                              Real.normedAddCommGroup)
                                                                                                                            (@RCLike.toInnerProductSpaceReal.{0}
                                                                                                                              Real
                                                                                                                              Real.instRCLike))
                                                                                                                          Complex.instNormedAddCommGroup
                                                                                                                          (@InnerProductSpace.toNormedSpace.{0,
                                                                                                                                0}
                                                                                                                            Real
                                                                                                                            Complex
                                                                                                                            Real.instRCLike
                                                                                                                            (@NormedAddCommGroup.toSeminormedAddCommGroup.{0}
                                                                                                                              Complex
                                                                                                                              Complex.instNormedAddCommGroup)
                                                                                                                            instInnerProductSpaceRealComplex))
                                                                                                                        (@AddCommGroup.toAddGroup.{0}
                                                                                                                          (@SchwartzMap.{0,
                                                                                                                                0}
                                                                                                                            Real
                                                                                                                            Complex
                                                                                                                            Real.normedAddCommGroup
                                                                                                                            (@InnerProductSpace.toNormedSpace.{0,
                                                                                                                                  0}
                                                                                                                              Real
                                                                                                                              Real
                                                                                                                              Real.instRCLike
                                                                                                                              (@NormedAddCommGroup.toSeminormedAddCommGroup.{0}
                                                                                                                                Real
                                                                                                                                Real.normedAddCommGroup)
                                                                                                                              (@RCLike.toInnerProductSpaceReal.{0}
                                                                                                                                Real
                                                                                                                                Real.instRCLike))
                                                                                                                            Complex.instNormedAddCommGroup
                                                                                                                            (@InnerProductSpace.toNormedSpace.{0,
                                                                                                                                  0}
                                                                                                                              Real
                                                                                                                              Complex
                                                                                                                              Real.instRCLike
                                                                                                                              (@NormedAddCommGroup.toSeminormedAddCommGroup.{0}
                                                                                                                                Complex
                                                                                                                                Complex.instNormedAddCommGroup)
                                                                                                                              instInnerProductSpaceRealComplex))
                                                                                                                          (@SchwartzMap.instAddCommGroup.{0,
                                                                                                                                0}
                                                                                                                            Real
                                                                                                                            Complex
                                                                                                                            Real.normedAddCommGroup
                                                                                                                            (@InnerProductSpace.toNormedSpace.{0,
                                                                                                                                  0}
                                                                                                                              Real
                                                                                                                              Real
                                                                                                                              Real.instRCLike
                                                                                                                              (@NormedAddCommGroup.toSeminormedAddCommGroup.{0}
                                                                                                                                Real
                                                                                                                                Real.normedAddCommGroup)
                                                                                                                              (@RCLike.toInnerProductSpaceReal.{0}
                                                                                                                                Real
                                                                                                                                Real.instRCLike))
                                                                                                                            Complex.instNormedAddCommGroup
                                                                                                                            (@InnerProductSpace.toNormedSpace.{0,
                                                                                                                                  0}
                                                                                                                              Real
                                                                                                                              Complex
                                                                                                                              Real.instRCLike
                                                                                                                              (@NormedAddCommGroup.toSeminormedAddCommGroup.{0}
                                                                                                                                Complex
                                                                                                                                Complex.instNormedAddCommGroup)
                                                                                                                              instInnerProductSpaceRealComplex)))))
                                                                                                                    (@Module.toDistribMulAction.{0,
                                                                                                                          0}
                                                                                                                      Real
                                                                                                                      (@SchwartzMap.{0,
                                                                                                                            0}
                                                                                                                        Real
                                                                                                                        Complex
                                                                                                                        Real.normedAddCommGroup
                                                                                                                        (@InnerProductSpace.toNormedSpace.{0,
                                                                                                                              0}
                                                                                                                          Real
                                                                                                                          Real
                                                                                                                          Real.instRCLike
                                                                                                                          (@NormedAddCommGroup.toSeminormedAddCommGroup.{0}
                                                                                                                            Real
                                                                                                                            Real.normedAddCommGroup)
                                                                                                                          (@RCLike.toInnerProductSpaceReal.{0}
                                                                                                                            Real
                                                                                                                            Real.instRCLike))
                                                                                                                        Complex.instNormedAddCommGroup
                                                                                                                        (@InnerProductSpace.toNormedSpace.{0,
                                                                                                                              0}
                                                                                                                          Real
                                                                                                                          Complex
                                                                                                                          Real.instRCLike
                                                                                                                          (@NormedAddCommGroup.toSeminormedAddCommGroup.{0}
                                                                                                                            Complex
                                                                                                                            Complex.instNormedAddCommGroup)
                                                                                                                          instInnerProductSpaceRealComplex))
                                                                                                                      (@Ring.toSemiring.{0}
                                                                                                                        Real
                                                                                                                        (@SeminormedRing.toRing.{0}
                                                                                                                          Real
                                                                                                                          (@SeminormedCommRing.toSeminormedRing.{0}
                                                                                                                            Real
                                                                                                                            (@NormedCommRing.toSeminormedCommRing.{0}
                                                                                                                              Real
                                                                                                                              (@NormedField.toNormedCommRing.{0}
                                                                                                                                Real
                                                                                                                                Real.normedField)))))
                                                                                                                      (@AddCommGroup.toAddCommMonoid.{0}
                                                                                                                        (@SchwartzMap.{0,
                                                                                                                              0}
                                                                                                                          Real
                                                                                                                          Complex
                                                                                                                          Real.normedAddCommGroup
                                                                                                                          (@InnerProductSpace.toNormedSpace.{0,
                                                                                                                                0}
                                                                                                                            Real
                                                                                                                            Real
                                                                                                                            Real.instRCLike
                                                                                                                            (@NormedAddCommGroup.toSeminormedAddCommGroup.{0}
                                                                                                                              Real
                                                                                                                              Real.normedAddCommGroup)
                                                                                                                            (@RCLike.toInnerProductSpaceReal.{0}
                                                                                                                              Real
                                                                                                                              Real.instRCLike))
                                                                                                                          Complex.instNormedAddCommGroup
                                                                                                                          (@InnerProductSpace.toNormedSpace.{0,
                                                                                                                                0}
                                                                                                                            Real
                                                                                                                            Complex
                                                                                                                            Real.instRCLike
                                                                                                                            (@NormedAddCommGroup.toSeminormedAddCommGroup.{0}
                                                                                                                              Complex
                                                                                                                              Complex.instNormedAddCommGroup)
                                                                                                                            instInnerProductSpaceRealComplex))
                                                                                                                        (@SchwartzMap.instAddCommGroup.{0,
                                                                                                                              0}
                                                                                                                          Real
                                                                                                                          Complex
                                                                                                                          Real.normedAddCommGroup
                                                                                                                          (@InnerProductSpace.toNormedSpace.{0,
                                                                                                                                0}
                                                                                                                            Real
                                                                                                                            Real
                                                                                                                            Real.instRCLike
                                                                                                                            (@NormedAddCommGroup.toSeminormedAddCommGroup.{0}
                                                                                                                              Real
                                                                                                                              Real.normedAddCommGroup)
                                                                                                                            (@RCLike.toInnerProductSpaceReal.{0}
                                                                                                                              Real
                                                                                                                              Real.instRCLike))
                                                                                                                          Complex.instNormedAddCommGroup
                                                                                                                          (@InnerProductSpace.toNormedSpace.{0,
                                                                                                                                0}
                                                                                                                            Real
                                                                                                                            Complex
                                                                                                                            Real.instRCLike
                                                                                                                            (@NormedAddCommGroup.toSeminormedAddCommGroup.{0}
                                                                                                                              Complex
                                                                                                                              Complex.instNormedAddCommGroup)
                                                                                                                            instInnerProductSpaceRealComplex)))
                                                                                                                      (@SchwartzMap.instModule.{0,
                                                                                                                            0,
                                                                                                                            0}
                                                                                                                        Real
                                                                                                                        Real
                                                                                                                        Complex
                                                                                                                        Real.normedAddCommGroup
                                                                                                                        (@InnerProductSpace.toNormedSpace.{0,
                                                                                                                              0}
                                                                                                                          Real
                                                                                                                          Real
                                                                                                                          Real.instRCLike
                                                                                                                          (@NormedAddCommGroup.toSeminormedAddCommGroup.{0}
                                                                                                                            Real
                                                                                                                            Real.normedAddCommGroup)
                                                                                                                          (@RCLike.toInnerProductSpaceReal.{0}
                                                                                                                            Real
                                                                                                                            Real.instRCLike))
                                                                                                                        Complex.instNormedAddCommGroup
                                                                                                                        (@InnerProductSpace.toNormedSpace.{0,
                                                                                                                              0}
                                                                                                                          Real
                                                                                                                          Complex
                                                                                                                          Real.instRCLike
                                                                                                                          (@NormedAddCommGroup.toSeminormedAddCommGroup.{0}
                                                                                                                            Complex
                                                                                                                            Complex.instNormedAddCommGroup)
                                                                                                                          instInnerProductSpaceRealComplex)
                                                                                                                        Real.normedField
                                                                                                                        (@InnerProductSpace.toNormedSpace.{0,
                                                                                                                              0}
                                                                                                                          Real
                                                                                                                          Complex
                                                                                                                          Real.instRCLike
                                                                                                                          (@NormedAddCommGroup.toSeminormedAddCommGroup.{0}
                                                                                                                            Complex
                                                                                                                            Complex.instNormedAddCommGroup)
                                                                                                                          instInnerProductSpaceRealComplex)
                                                                                                                        (@smulCommClass_self.{0,
                                                                                                                              0}
                                                                                                                          Real
                                                                                                                          Complex
                                                                                                                          Real.instCommMonoid
                                                                                                                          (@DistribMulAction.toMulAction.{0,
                                                                                                                                0}
                                                                                                                            Real
                                                                                                                            Complex
                                                                                                                            (@CommMonoid.toMonoid.{0}
                                                                                                                              Real
                                                                                                                              Real.instCommMonoid)
                                                                                                                            (@AddCommMonoid.toAddMonoid.{0}
                                                                                                                              Complex
                                                                                                                              Complex.instAddCommMonoid)
                                                                                                                            (@Module.toDistribMulAction.{0,
                                                                                                                                  0}
                                                                                                                              Real
                                                                                                                              Complex
                                                                                                                              Real.semiring
                                                                                                                              Complex.instAddCommMonoid
                                                                                                                              (@NormedSpace.toModule.{0,
                                                                                                                                    0}
                                                                                                                                Real
                                                                                                                                Complex
                                                                                                                                Real.normedField
                                                                                                                                (@NonUnitalSeminormedRing.toSeminormedAddCommGroup.{0}
                                                                                                                                  Complex
                                                                                                                                  (@NonUnitalSeminormedCommRing.toNonUnitalSeminormedRing.{0}
                                                                                                                                    Complex
                                                                                                                                    (@SeminormedCommRing.toNonUnitalSeminormedCommRing.{0}
                                                                                                                                      Complex
                                                                                                                                      (@NormedCommRing.toSeminormedCommRing.{0}
                                                                                                                                        Complex
                                                                                                                                        (@CommCStarAlgebra.toNormedCommRing.{0}
                                                                                                                                          Complex
                                                                                                                                          instCommCStarAlgebraComplex)))))
                                                                                                                                (@InnerProductSpace.toNormedSpace.{0,
                                                                                                                                      0}
                                                                                                                                  Real
                                                                                                                                  Complex
                                                                                                                                  Real.instRCLike
                                                                                                                                  (@NonUnitalSeminormedRing.toSeminormedAddCommGroup.{0}
                                                                                                                                    Complex
                                                                                                                                    (@NonUnitalSeminormedCommRing.toNonUnitalSeminormedRing.{0}
                                                                                                                                      Complex
                                                                                                                                      (@SeminormedCommRing.toNonUnitalSeminormedCommRing.{0}
                                                                                                                                        Complex
                                                                                                                                        (@NormedCommRing.toSeminormedCommRing.{0}
                                                                                                                                          Complex
                                                                                                                                          (@CommCStarAlgebra.toNormedCommRing.{0}
                                                                                                                                            Complex
                                                                                                                                            instCommCStarAlgebraComplex)))))
                                                                                                                                  instInnerProductSpaceRealComplex)))))))))))
                                                                                                            (@Finset.sup.{0,
                                                                                                                  0}
                                                                                                              (@Seminorm.{0,
                                                                                                                    0}
                                                                                                                Real
                                                                                                                (@SchwartzMap.{0,
                                                                                                                      0}
                                                                                                                  Real
                                                                                                                  Complex
                                                                                                                  Real.normedAddCommGroup
                                                                                                                  (@InnerProductSpace.toNormedSpace.{0,
                                                                                                                        0}
                                                                                                                    Real
                                                                                                                    Real
                                                                                                                    Real.instRCLike
                                                                                                                    (@NormedAddCommGroup.toSeminormedAddCommGroup.{0}
                                                                                                                      Real
                                                                                                                      Real.normedAddCommGroup)
                                                                                                                    (@RCLike.toInnerProductSpaceReal.{0}
                                                                                                                      Real
                                                                                                                      Real.instRCLike))
                                                                                                                  Complex.instNormedAddCommGroup
                                                                                                                  (@InnerProductSpace.toNormedSpace.{0,
                                                                                                                        0}
                                                                                                                    Real
                                                                                                                    Complex
                                                                                                                    Real.instRCLike
                                                                                                                    (@NormedAddCommGroup.toSeminormedAddCommGroup.{0}
                                                                                                                      Complex
                                                                                                                      Complex.instNormedAddCommGroup)
                                                                                                                    instInnerProductSpaceRealComplex))
                                                                                                                (@SeminormedCommRing.toSeminormedRing.{0}
                                                                                                                  Real
                                                                                                                  (@NormedCommRing.toSeminormedCommRing.{0}
                                                                                                                    Real
                                                                                                                    (@NormedField.toNormedCommRing.{0}
                                                                                                                      Real
                                                                                                                      Real.normedField)))
                                                                                                                (@AddCommGroup.toAddGroup.{0}
                                                                                                                  (@SchwartzMap.{0,
                                                                                                                        0}
                                                                                                                    Real
                                                                                                                    Complex
                                                                                                                    Real.normedAddCommGroup
                                                                                                                    (@InnerProductSpace.toNormedSpace.{0,
                                                                                                                          0}
                                                                                                                      Real
                                                                                                                      Real
                                                                                                                      Real.instRCLike
                                                                                                                      (@NormedAddCommGroup.toSeminormedAddCommGroup.{0}
                                                                                                                        Real
                                                                                                                        Real.normedAddCommGroup)
                                                                                                                      (@RCLike.toInnerProductSpaceReal.{0}
                                                                                                                        Real
                                                                                                                        Real.instRCLike))
                                                                                                                    Complex.instNormedAddCommGroup
                                                                                                                    (@InnerProductSpace.toNormedSpace.{0,
                                                                                                                          0}
                                                                                                                      Real
                                                                                                                      Complex
                                                                                                                      Real.instRCLike
                                                                                                                      (@NormedAddCommGroup.toSeminormedAddCommGroup.{0}
                                                                                                                        Complex
                                                                                                                        Complex.instNormedAddCommGroup)
                                                                                                                      instInnerProductSpaceRealComplex))
                                                                                                                  (@SchwartzMap.instAddCommGroup.{0,
                                                                                                                        0}
                                                                                                                    Real
                                                                                                                    Complex
                                                                                                                    Real.normedAddCommGroup
                                                                                                                    (@InnerProductSpace.toNormedSpace.{0,
                                                                                                                          0}
                                                                                                                      Real
                                                                                                                      Real
                                                                                                                      Real.instRCLike
                                                                                                                      (@NormedAddCommGroup.toSeminormedAddCommGroup.{0}
                                                                                                                        Real
                                                                                                                        Real.normedAddCommGroup)
                                                                                                                      (@RCLike.toInnerProductSpaceReal.{0}
                                                                                                                        Real
                                                                                                                        Real.instRCLike))
                                                                                                                    Complex.instNormedAddCommGroup
                                                                                                                    (@InnerProductSpace.toNormedSpace.{0,
                                                                                                                          0}
                                                                                                                      Real
                                                                                                                      Complex
                                                                                                                      Real.instRCLike
                                                                                                                      (@NormedAddCommGroup.toSeminormedAddCommGroup.{0}
                                                                                                                        Complex
                                                                                                                        Complex.instNormedAddCommGroup)
                                                                                                                      instInnerProductSpaceRealComplex)))
                                                                                                                (@SMulZeroClass.toSMul.{0,
                                                                                                                      0}
                                                                                                                  Real
                                                                                                                  (@SchwartzMap.{0,
                                                                                                                        0}
                                                                                                                    Real
                                                                                                                    Complex
                                                                                                                    Real.normedAddCommGroup
                                                                                                                    (@InnerProductSpace.toNormedSpace.{0,
                                                                                                                          0}
                                                                                                                      Real
                                                                                                                      Real
                                                                                                                      Real.instRCLike
                                                                                                                      (@NormedAddCommGroup.toSeminormedAddCommGroup.{0}
                                                                                                                        Real
                                                                                                                        Real.normedAddCommGroup)
                                                                                                                      (@RCLike.toInnerProductSpaceReal.{0}
                                                                                                                        Real
                                                                                                                        Real.instRCLike))
                                                                                                                    Complex.instNormedAddCommGroup
                                                                                                                    (@InnerProductSpace.toNormedSpace.{0,
                                                                                                                          0}
                                                                                                                      Real
                                                                                                                      Complex
                                                                                                                      Real.instRCLike
                                                                                                                      (@NormedAddCommGroup.toSeminormedAddCommGroup.{0}
                                                                                                                        Complex
                                                                                                                        Complex.instNormedAddCommGroup)
                                                                                                                      instInnerProductSpaceRealComplex))
                                                                                                                  (@AddZero.toZero.{0}
                                                                                                                    (@SchwartzMap.{0,
                                                                                                                          0}
                                                                                                                      Real
                                                                                                                      Complex
                                                                                                                      Real.normedAddCommGroup
                                                                                                                      (@InnerProductSpace.toNormedSpace.{0,
                                                                                                                            0}
                                                                                                                        Real
                                                                                                                        Real
                                                                                                                        Real.instRCLike
                                                                                                                        (@NormedAddCommGroup.toSeminormedAddCommGroup.{0}
                                                                                                                          Real
                                                                                                                          Real.normedAddCommGroup)
                                                                                                                        (@RCLike.toInnerProductSpaceReal.{0}
                                                                                                                          Real
                                                                                                                          Real.instRCLike))
                                                                                                                      Complex.instNormedAddCommGroup
                                                                                                                      (@InnerProductSpace.toNormedSpace.{0,
                                                                                                                            0}
                                                                                                                        Real
                                                                                                                        Complex
                                                                                                                        Real.instRCLike
                                                                                                                        (@NormedAddCommGroup.toSeminormedAddCommGroup.{0}
                                                                                                                          Complex
                                                                                                                          Complex.instNormedAddCommGroup)
                                                                                                                        instInnerProductSpaceRealComplex))
                                                                                                                    (@AddZeroClass.toAddZero.{0}
                                                                                                                      (@SchwartzMap.{0,
                                                                                                                            0}
                                                                                                                        Real
                                                                                                                        Complex
                                                                                                                        Real.normedAddCommGroup
                                                                                                                        (@InnerProductSpace.toNormedSpace.{0,
                                                                                                                              0}
                                                                                                                          Real
                                                                                                                          Real
                                                                                                                          Real.instRCLike
                                                                                                                          (@NormedAddCommGroup.toSeminormedAddCommGroup.{0}
                                                                                                                            Real
                                                                                                                            Real.normedAddCommGroup)
                                                                                                                          (@RCLike.toInnerProductSpaceReal.{0}
                                                                                                                            Real
                                                                                                                            Real.instRCLike))
                                                                                                                        Complex.instNormedAddCommGroup
                                                                                                                        (@InnerProductSpace.toNormedSpace.{0,
                                                                                                                              0}
                                                                                                                          Real
                                                                                                                          Complex
                                                                                                                          Real.instRCLike
                                                                                                                          (@NormedAddCommGroup.toSeminormedAddCommGroup.{0}
                                                                                                                            Complex
                                                                                                                            Complex.instNormedAddCommGroup)
                                                                                                                          instInnerProductSpaceRealComplex))
                                                                                                                      (@AddMonoid.toAddZeroClass.{0}
                                                                                                                        (@SchwartzMap.{0,
                                                                                                                              0}
                                                                                                                          Real
                                                                                                                          Complex
                                                                                                                          Real.normedAddCommGroup
                                                                                                                          (@InnerProductSpace.toNormedSpace.{0,
                                                                                                                                0}
                                                                                                                            Real
                                                                                                                            Real
                                                                                                                            Real.instRCLike
                                                                                                                            (@NormedAddCommGroup.toSeminormedAddCommGroup.{0}
                                                                                                                              Real
                                                                                                                              Real.normedAddCommGroup)
                                                                                                                            (@RCLike.toInnerProductSpaceReal.{0}
                                                                                                                              Real
                                                                                                                              Real.instRCLike))
                                                                                                                          Complex.instNormedAddCommGroup
                                                                                                                          (@InnerProductSpace.toNormedSpace.{0,
                                                                                                                                0}
                                                                                                                            Real
                                                                                                                            Complex
                                                                                                                            Real.instRCLike
                                                                                                                            (@NormedAddCommGroup.toSeminormedAddCommGroup.{0}
                                                                                                                              Complex
                                                                                                                              Complex.instNormedAddCommGroup)
                                                                                                                            instInnerProductSpaceRealComplex))
                                                                                                                        (@SubNegMonoid.toAddMonoid.{0}
                                                                                                                          (@SchwartzMap.{0,
                                                                                                                                0}
                                                                                                                            Real
                                                                                                                            Complex
                                                                                                                            Real.normedAddCommGroup
                                                                                                                            (@InnerProductSpace.toNormedSpace.{0,
                                                                                                                                  0}
                                                                                                                              Real
                                                                                                                              Real
                                                                                                                              Real.instRCLike
                                                                                                                              (@NormedAddCommGroup.toSeminormedAddCommGroup.{0}
                                                                                                                                Real
                                                                                                                                Real.normedAddCommGroup)
                                                                                                                              (@RCLike.toInnerProductSpaceReal.{0}
                                                                                                                                Real
                                                                                                                                Real.instRCLike))
                                                                                                                            Complex.instNormedAddCommGroup
                                                                                                                            (@InnerProductSpace.toNormedSpace.{0,
                                                                                                                                  0}
                                                                                                                              Real
                                                                                                                              Complex
                                                                                                                              Real.instRCLike
                                                                                                                              (@NormedAddCommGroup.toSeminormedAddCommGroup.{0}
                                                                                                                                Complex
                                                                                                                                Complex.instNormedAddCommGroup)
                                                                                                                              instInnerProductSpaceRealComplex))
                                                                                                                          (@AddGroup.toSubNegMonoid.{0}
                                                                                                                            (@SchwartzMap.{0,
                                                                                                                                  0}
                                                                                                                              Real
                                                                                                                              Complex
                                                                                                                              Real.normedAddCommGroup
                                                                                                                              (@InnerProductSpace.toNormedSpace.{0,
                                                                                                                                    0}
                                                                                                                                Real
                                                                                                                                Real
                                                                                                                                Real.instRCLike
                                                                                                                                (@NormedAddCommGroup.toSeminormedAddCommGroup.{0}
                                                                                                                                  Real
                                                                                                                                  Real.normedAddCommGroup)
                                                                                                                                (@RCLike.toInnerProductSpaceReal.{0}
                                                                                                                                  Real
                                                                                                                                  Real.instRCLike))
                                                                                                                              Complex.instNormedAddCommGroup
                                                                                                                              (@InnerProductSpace.toNormedSpace.{0,
                                                                                                                                    0}
                                                                                                                                Real
                                                                                                                                Complex
                                                                                                                                Real.instRCLike
                                                                                                                                (@NormedAddCommGroup.toSeminormedAddCommGroup.{0}
                                                                                                                                  Complex
                                                                                                                                  Complex.instNormedAddCommGroup)
                                                                                                                                instInnerProductSpaceRealComplex))
                                                                                                                            (@AddCommGroup.toAddGroup.{0}
                                                                                                                              (@SchwartzMap.{0,
                                                                                                                                    0}
                                                                                                                                Real
                                                                                                                                Complex
                                                                                                                                Real.normedAddCommGroup
                                                                                                                                (@InnerProductSpace.toNormedSpace.{0,
                                                                                                                                      0}
                                                                                                                                  Real
                                                                                                                                  Real
                                                                                                                                  Real.instRCLike
                                                                                                                                  (@NormedAddCommGroup.toSeminormedAddCommGroup.{0}
                                                                                                                                    Real
                                                                                                                                    Real.normedAddCommGroup)
                                                                                                                                  (@RCLike.toInnerProductSpaceReal.{0}
                                                                                                                                    Real
                                                                                                                                    Real.instRCLike))
                                                                                                                                Complex.instNormedAddCommGroup
                                                                                                                                (@InnerProductSpace.toNormedSpace.{0,
                                                                                                                                      0}
                                                                                                                                  Real
                                                                                                                                  Complex
                                                                                                                                  Real.instRCLike
                                                                                                                                  (@NormedAddCommGroup.toSeminormedAddCommGroup.{0}
                                                                                                                                    Complex
                                                                                                                                    Complex.instNormedAddCommGroup)
                                                                                                                                  instInnerProductSpaceRealComplex))
                                                                                                                              (@SchwartzMap.instAddCommGroup.{0,
                                                                                                                                    0}
                                                                                                                                Real
                                                                                                                                Complex
                                                                                                                                Real.normedAddCommGroup
                                                                                                                                (@InnerProductSpace.toNormedSpace.{0,
                                                                                                                                      0}
                                                                                                                                  Real
                                                                                                                                  Real
                                                                                                                                  Real.instRCLike
                                                                                                                                  (@NormedAddCommGroup.toSeminormedAddCommGroup.{0}
                                                                                                                                    Real
                                                                                                                                    Real.normedAddCommGroup)
                                                                                                                                  (@RCLike.toInnerProductSpaceReal.{0}
                                                                                                                                    Real
                                                                                                                                    Real.instRCLike))
                                                                                                                                Complex.instNormedAddCommGroup
                                                                                                                                (@InnerProductSpace.toNormedSpace.{0,
                                                                                                                                      0}
                                                                                                                                  Real
                                                                                                                                  Complex
                                                                                                                                  Real.instRCLike
                                                                                                                                  (@NormedAddCommGroup.toSeminormedAddCommGroup.{0}
                                                                                                                                    Complex
                                                                                                                                    Complex.instNormedAddCommGroup)
                                                                                                                                  instInnerProductSpaceRealComplex))))))))
                                                                                                                  (@DistribSMul.toSMulZeroClass.{0,
                                                                                                                        0}
                                                                                                                    Real
                                                                                                                    (@SchwartzMap.{0,
                                                                                                                          0}
                                                                                                                      Real
                                                                                                                      Complex
                                                                                                                      Real.normedAddCommGroup
                                                                                                                      (@InnerProductSpace.toNormedSpace.{0,
                                                                                                                            0}
                                                                                                                        Real
                                                                                                                        Real
                                                                                                                        Real.instRCLike
                                                                                                                        (@NormedAddCommGroup.toSeminormedAddCommGroup.{0}
                                                                                                                          Real
                                                                                                                          Real.normedAddCommGroup)
                                                                                                                        (@RCLike.toInnerProductSpaceReal.{0}
                                                                                                                          Real
                                                                                                                          Real.instRCLike))
                                                                                                                      Complex.instNormedAddCommGroup
                                                                                                                      (@InnerProductSpace.toNormedSpace.{0,
                                                                                                                            0}
                                                                                                                        Real
                                                                                                                        Complex
                                                                                                                        Real.instRCLike
                                                                                                                        (@NormedAddCommGroup.toSeminormedAddCommGroup.{0}
                                                                                                                          Complex
                                                                                                                          Complex.instNormedAddCommGroup)
                                                                                                                        instInnerProductSpaceRealComplex))
                                                                                                                    (@AddMonoid.toAddZeroClass.{0}
                                                                                                                      (@SchwartzMap.{0,
                                                                                                                            0}
                                                                                                                        Real
                                                                                                                        Complex
                                                                                                                        Real.normedAddCommGroup
                                                                                                                        (@InnerProductSpace.toNormedSpace.{0,
                                                                                                                              0}
                                                                                                                          Real
                                                                                                                          Real
                                                                                                                          Real.instRCLike
                                                                                                                          (@NormedAddCommGroup.toSeminormedAddCommGroup.{0}
                                                                                                                            Real
                                                                                                                            Real.normedAddCommGroup)
                                                                                                                          (@RCLike.toInnerProductSpaceReal.{0}
                                                                                                                            Real
                                                                                                                            Real.instRCLike))
                                                                                                                        Complex.instNormedAddCommGroup
                                                                                                                        (@InnerProductSpace.toNormedSpace.{0,
                                                                                                                              0}
                                                                                                                          Real
                                                                                                                          Complex
                                                                                                                          Real.instRCLike
                                                                                                                          (@NormedAddCommGroup.toSeminormedAddCommGroup.{0}
                                                                                                                            Complex
                                                                                                                            Complex.instNormedAddCommGroup)
                                                                                                                          instInnerProductSpaceRealComplex))
                                                                                                                      (@SubNegMonoid.toAddMonoid.{0}
                                                                                                                        (@SchwartzMap.{0,
                                                                                                                              0}
                                                                                                                          Real
                                                                                                                          Complex
                                                                                                                          Real.normedAddCommGroup
                                                                                                                          (@InnerProductSpace.toNormedSpace.{0,
                                                                                                                                0}
                                                                                                                            Real
                                                                                                                            Real
                                                                                                                            Real.instRCLike
                                                                                                                            (@NormedAddCommGroup.toSeminormedAddCommGroup.{0}
                                                                                                                              Real
                                                                                                                              Real.normedAddCommGroup)
                                                                                                                            (@RCLike.toInnerProductSpaceReal.{0}
                                                                                                                              Real
                                                                                                                              Real.instRCLike))
                                                                                                                          Complex.instNormedAddCommGroup
                                                                                                                          (@InnerProductSpace.toNormedSpace.{0,
                                                                                                                                0}
                                                                                                                            Real
                                                                                                                            Complex
                                                                                                                            Real.instRCLike
                                                                                                                            (@NormedAddCommGroup.toSeminormedAddCommGroup.{0}
                                                                                                                              Complex
                                                                                                                              Complex.instNormedAddCommGroup)
                                                                                                                            instInnerProductSpaceRealComplex))
                                                                                                                        (@AddGroup.toSubNegMonoid.{0}
                                                                                                                          (@SchwartzMap.{0,
                                                                                                                                0}
                                                                                                                            Real
                                                                                                                            Complex
                                                                                                                            Real.normedAddCommGroup
                                                                                                                            (@InnerProductSpace.toNormedSpace.{0,
                                                                                                                                  0}
                                                                                                                              Real
                                                                                                                              Real
                                                                                                                              Real.instRCLike
                                                                                                                              (@NormedAddCommGroup.toSeminormedAddCommGroup.{0}
                                                                                                                                Real
                                                                                                                                Real.normedAddCommGroup)
                                                                                                                              (@RCLike.toInnerProductSpaceReal.{0}
                                                                                                                                Real
                                                                                                                                Real.instRCLike))
                                                                                                                            Complex.instNormedAddCommGroup
                                                                                                                            (@InnerProductSpace.toNormedSpace.{0,
                                                                                                                                  0}
                                                                                                                              Real
                                                                                                                              Complex
                                                                                                                              Real.instRCLike
                                                                                                                              (@NormedAddCommGroup.toSeminormedAddCommGroup.{0}
                                                                                                                                Complex
                                                                                                                                Complex.instNormedAddCommGroup)
                                                                                                                              instInnerProductSpaceRealComplex))
                                                                                                                          (@AddCommGroup.toAddGroup.{0}
                                                                                                                            (@SchwartzMap.{0,
                                                                                                                                  0}
                                                                                                                              Real
                                                                                                                              Complex
                                                                                                                              Real.normedAddCommGroup
                                                                                                                              (@InnerProductSpace.toNormedSpace.{0,
                                                                                                                                    0}
                                                                                                                                Real
                                                                                                                                Real
                                                                                                                                Real.instRCLike
                                                                                                                                (@NormedAddCommGroup.toSeminormedAddCommGroup.{0}
                                                                                                                                  Real
                                                                                                                                  Real.normedAddCommGroup)
                                                                                                                                (@RCLike.toInnerProductSpaceReal.{0}
                                                                                                                                  Real
                                                                                                                                  Real.instRCLike))
                                                                                                                              Complex.instNormedAddCommGroup
                                                                                                                              (@InnerProductSpace.toNormedSpace.{0,
                                                                                                                                    0}
                                                                                                                                Real
                                                                                                                                Complex
                                                                                                                                Real.instRCLike
                                                                                                                                (@NormedAddCommGroup.toSeminormedAddCommGroup.{0}
                                                                                                                                  Complex
                                                                                                                                  Complex.instNormedAddCommGroup)
                                                                                                                                instInnerProductSpaceRealComplex))
                                                                                                                            (@SchwartzMap.instAddCommGroup.{0,
                                                                                                                                  0}
                                                                                                                              Real
                                                                                                                              Complex
                                                                                                                              Real.normedAddCommGroup
                                                                                                                              (@InnerProductSpace.toNormedSpace.{0,
                                                                                                                                    0}
                                                                                                                                Real
                                                                                                                                Real
                                                                                                                                Real.instRCLike
                                                                                                                                (@NormedAddCommGroup.toSeminormedAddCommGroup.{0}
                                                                                                                                  Real
                                                                                                                                  Real.normedAddCommGroup)
                                                                                                                                (@RCLike.toInnerProductSpaceReal.{0}
                                                                                                                                  Real
                                                                                                                                  Real.instRCLike))
                                                                                                                              Complex.instNormedAddCommGroup
                                                                                                                              (@InnerProductSpace.toNormedSpace.{0,
                                                                                                                                    0}
                                                                                                                                Real
                                                                                                                                Complex
                                                                                                                                Real.instRCLike
                                                                                                                                (@NormedAddCommGroup.toSeminormedAddCommGroup.{0}
                                                                                                                                  Complex
                                                                                                                                  Complex.instNormedAddCommGroup)
                                                                                                                                instInnerProductSpaceRealComplex))))))
                                                                                                                    (@DistribMulAction.toDistribSMul.{0,
                                                                                                                          0}
                                                                                                                      Real
                                                                                                                      (@SchwartzMap.{0,
                                                                                                                            0}
                                                                                                                        Real
                                                                                                                        Complex
                                                                                                                        Real.normedAddCommGroup
                                                                                                                        (@InnerProductSpace.toNormedSpace.{0,
                                                                                                                              0}
                                                                                                                          Real
                                                                                                                          Real
                                                                                                                          Real.instRCLike
                                                                                                                          (@NormedAddCommGroup.toSeminormedAddCommGroup.{0}
                                                                                                                            Real
                                                                                                                            Real.normedAddCommGroup)
                                                                                                                          (@RCLike.toInnerProductSpaceReal.{0}
                                                                                                                            Real
                                                                                                                            Real.instRCLike))
                                                                                                                        Complex.instNormedAddCommGroup
                                                                                                                        (@InnerProductSpace.toNormedSpace.{0,
                                                                                                                              0}
                                                                                                                          Real
                                                                                                                          Complex
                                                                                                                          Real.instRCLike
                                                                                                                          (@NormedAddCommGroup.toSeminormedAddCommGroup.{0}
                                                                                                                            Complex
                                                                                                                            Complex.instNormedAddCommGroup)
                                                                                                                          instInnerProductSpaceRealComplex))
                                                                                                                      (@Semiring.toMonoid.{0}
                                                                                                                        Real
                                                                                                                        (@Ring.toSemiring.{0}
                                                                                                                          Real
                                                                                                                          (@SeminormedRing.toRing.{0}
                                                                                                                            Real
                                                                                                                            (@SeminormedCommRing.toSeminormedRing.{0}
                                                                                                                              Real
                                                                                                                              (@NormedCommRing.toSeminormedCommRing.{0}
                                                                                                                                Real
                                                                                                                                (@NormedField.toNormedCommRing.{0}
                                                                                                                                  Real
                                                                                                                                  Real.normedField))))))
                                                                                                                      (@SubNegMonoid.toAddMonoid.{0}
                                                                                                                        (@SchwartzMap.{0,
                                                                                                                              0}
                                                                                                                          Real
                                                                                                                          Complex
                                                                                                                          Real.normedAddCommGroup
                                                                                                                          (@InnerProductSpace.toNormedSpace.{0,
                                                                                                                                0}
                                                                                                                            Real
                                                                                                                            Real
                                                                                                                            Real.instRCLike
                                                                                                                            (@NormedAddCommGroup.toSeminormedAddCommGroup.{0}
                                                                                                                              Real
                                                                                                                              Real.normedAddCommGroup)
                                                                                                                            (@RCLike.toInnerProductSpaceReal.{0}
                                                                                                                              Real
                                                                                                                              Real.instRCLike))
                                                                                                                          Complex.instNormedAddCommGroup
                                                                                                                          (@InnerProductSpace.toNormedSpace.{0,
                                                                                                                                0}
                                                                                                                            Real
                                                                                                                            Complex
                                                                                                                            Real.instRCLike
                                                                                                                            (@NormedAddCommGroup.toSeminormedAddCommGroup.{0}
                                                                                                                              Complex
                                                                                                                              Complex.instNormedAddCommGroup)
                                                                                                                            instInnerProductSpaceRealComplex))
                                                                                                                        (@AddGroup.toSubNegMonoid.{0}
                                                                                                                          (@SchwartzMap.{0,
                                                                                                                                0}
                                                                                                                            Real
                                                                                                                            Complex
                                                                                                                            Real.normedAddCommGroup
                                                                                                                            (@InnerProductSpace.toNormedSpace.{0,
                                                                                                                                  0}
                                                                                                                              Real
                                                                                                                              Real
                                                                                                                              Real.instRCLike
                                                                                                                              (@NormedAddCommGroup.toSeminormedAddCommGroup.{0}
                                                                                                                                Real
                                                                                                                                Real.normedAddCommGroup)
                                                                                                                              (@RCLike.toInnerProductSpaceReal.{0}
                                                                                                                                Real
                                                                                                                                Real.instRCLike))
                                                                                                                            Complex.instNormedAddCommGroup
                                                                                                                            (@InnerProductSpace.toNormedSpace.{0,
                                                                                                                                  0}
                                                                                                                              Real
                                                                                                                              Complex
                                                                                                                              Real.instRCLike
                                                                                                                              (@NormedAddCommGroup.toSeminormedAddCommGroup.{0}
                                                                                                                                Complex
                                                                                                                                Complex.instNormedAddCommGroup)
                                                                                                                              instInnerProductSpaceRealComplex))
                                                                                                                          (@AddCommGroup.toAddGroup.{0}
                                                                                                                            (@SchwartzMap.{0,
                                                                                                                                  0}
                                                                                                                              Real
                                                                                                                              Complex
                                                                                                                              Real.normedAddCommGroup
                                                                                                                              (@InnerProductSpace.toNormedSpace.{0,
                                                                                                                                    0}
                                                                                                                                Real
                                                                                                                                Real
                                                                                                                                Real.instRCLike
                                                                                                                                (@NormedAddCommGroup.toSeminormedAddCommGroup.{0}
                                                                                                                                  Real
                                                                                                                                  Real.normedAddCommGroup)
                                                                                                                                (@RCLike.toInnerProductSpaceReal.{0}
                                                                                                                                  Real
                                                                                                                                  Real.instRCLike))
                                                                                                                              Complex.instNormedAddCommGroup
                                                                                                                              (@InnerProductSpace.toNormedSpace.{0,
                                                                                                                                    0}
                                                                                                                                Real
                                                                                                                                Complex
                                                                                                                                Real.instRCLike
                                                                                                                                (@NormedAddCommGroup.toSeminormedAddCommGroup.{0}
                                                                                                                                  Complex
                                                                                                                                  Complex.instNormedAddCommGroup)
                                                                                                                                instInnerProductSpaceRealComplex))
                                                                                                                            (@SchwartzMap.instAddCommGroup.{0,
                                                                                                                                  0}
                                                                                                                              Real
                                                                                                                              Complex
                                                                                                                              Real.normedAddCommGroup
                                                                                                                              (@InnerProductSpace.toNormedSpace.{0,
                                                                                                                                    0}
                                                                                                                                Real
                                                                                                                                Real
                                                                                                                                Real.instRCLike
                                                                                                                                (@NormedAddCommGroup.toSeminormedAddCommGroup.{0}
                                                                                                                                  Real
                                                                                                                                  Real.normedAddCommGroup)
                                                                                                                                (@RCLike.toInnerProductSpaceReal.{0}
                                                                                                                                  Real
                                                                                                                                  Real.instRCLike))
                                                                                                                              Complex.instNormedAddCommGroup
                                                                                                                              (@InnerProductSpace.toNormedSpace.{0,
                                                                                                                                    0}
                                                                                                                                Real
                                                                                                                                Complex
                                                                                                                                Real.instRCLike
                                                                                                                                (@NormedAddCommGroup.toSeminormedAddCommGroup.{0}
                                                                                                                                  Complex
                                                                                                                                  Complex.instNormedAddCommGroup)
                                                                                                                                instInnerProductSpaceRealComplex)))))
                                                                                                                      (@Module.toDistribMulAction.{0,
                                                                                                                            0}
                                                                                                                        Real
                                                                                                                        (@SchwartzMap.{0,
                                                                                                                              0}
                                                                                                                          Real
                                                                                                                          Complex
                                                                                                                          Real.normedAddCommGroup
                                                                                                                          (@InnerProductSpace.toNormedSpace.{0,
                                                                                                                                0}
                                                                                                                            Real
                                                                                                                            Real
                                                                                                                            Real.instRCLike
                                                                                                                            (@NormedAddCommGroup.toSeminormedAddCommGroup.{0}
                                                                                                                              Real
                                                                                                                              Real.normedAddCommGroup)
                                                                                                                            (@RCLike.toInnerProductSpaceReal.{0}
                                                                                                                              Real
                                                                                                                              Real.instRCLike))
                                                                                                                          Complex.instNormedAddCommGroup
                                                                                                                          (@InnerProductSpace.toNormedSpace.{0,
                                                                                                                                0}
                                                                                                                            Real
                                                                                                                            Complex
                                                                                                                            Real.instRCLike
                                                                                                                            (@NormedAddCommGroup.toSeminormedAddCommGroup.{0}
                                                                                                                              Complex
                                                                                                                              Complex.instNormedAddCommGroup)
                                                                                                                            instInnerProductSpaceRealComplex))
                                                                                                                        (@Ring.toSemiring.{0}
                                                                                                                          Real
                                                                                                                          (@SeminormedRing.toRing.{0}
                                                                                                                            Real
                                                                                                                            (@SeminormedCommRing.toSeminormedRing.{0}
                                                                                                                              Real
                                                                                                                              (@NormedCommRing.toSeminormedCommRing.{0}
                                                                                                                                Real
                                                                                                                                (@NormedField.toNormedCommRing.{0}
                                                                                                                                  Real
                                                                                                                                  Real.normedField)))))
                                                                                                                        (@AddCommGroup.toAddCommMonoid.{0}
                                                                                                                          (@SchwartzMap.{0,
                                                                                                                                0}
                                                                                                                            Real
                                                                                                                            Complex
                                                                                                                            Real.normedAddCommGroup
                                                                                                                            (@InnerProductSpace.toNormedSpace.{0,
                                                                                                                                  0}
                                                                                                                              Real
                                                                                                                              Real
                                                                                                                              Real.instRCLike
                                                                                                                              (@NormedAddCommGroup.toSeminormedAddCommGroup.{0}
                                                                                                                                Real
                                                                                                                                Real.normedAddCommGroup)
                                                                                                                              (@RCLike.toInnerProductSpaceReal.{0}
                                                                                                                                Real
                                                                                                                                Real.instRCLike))
                                                                                                                            Complex.instNormedAddCommGroup
                                                                                                                            (@InnerProductSpace.toNormedSpace.{0,
                                                                                                                                  0}
                                                                                                                              Real
                                                                                                                              Complex
                                                                                                                              Real.instRCLike
                                                                                                                              (@NormedAddCommGroup.toSeminormedAddCommGroup.{0}
                                                                                                                                Complex
                                                                                                                                Complex.instNormedAddCommGroup)
                                                                                                                              instInnerProductSpaceRealComplex))
                                                                                                                          (@SchwartzMap.instAddCommGroup.{0,
                                                                                                                                0}
                                                                                                                            Real
                                                                                                                            Complex
                                                                                                                            Real.normedAddCommGroup
                                                                                                                            (@InnerProductSpace.toNormedSpace.{0,
                                                                                                                                  0}
                                                                                                                              Real
                                                                                                                              Real
                                                                                                                              Real.instRCLike
                                                                                                                              (@NormedAddCommGroup.toSeminormedAddCommGroup.{0}
                                                                                                                                Real
                                                                                                                                Real.normedAddCommGroup)
                                                                                                                              (@RCLike.toInnerProductSpaceReal.{0}
                                                                                                                                Real
                                                                                                                                Real.instRCLike))
                                                                                                                            Complex.instNormedAddCommGroup
                                                                                                                            (@InnerProductSpace.toNormedSpace.{0,
                                                                                                                                  0}
                                                                                                                              Real
                                                                                                                              Complex
                                                                                                                              Real.instRCLike
                                                                                                                              (@NormedAddCommGroup.toSeminormedAddCommGroup.{0}
                                                                                                                                Complex
                                                                                                                                Complex.instNormedAddCommGroup)
                                                                                                                              instInnerProductSpaceRealComplex)))
                                                                                                                        (@SchwartzMap.instModule.{0,
                                                                                                                              0,
                                                                                                                              0}
                                                                                                                          Real
                                                                                                                          Real
                                                                                                                          Complex
                                                                                                                          Real.normedAddCommGroup
                                                                                                                          (@InnerProductSpace.toNormedSpace.{0,
                                                                                                                                0}
                                                                                                                            Real
                                                                                                                            Real
                                                                                                                            Real.instRCLike
                                                                                                                            (@NormedAddCommGroup.toSeminormedAddCommGroup.{0}
                                                                                                                              Real
                                                                                                                              Real.normedAddCommGroup)
                                                                                                                            (@RCLike.toInnerProductSpaceReal.{0}
                                                                                                                              Real
                                                                                                                              Real.instRCLike))
                                                                                                                          Complex.instNormedAddCommGroup
                                                                                                                          (@InnerProductSpace.toNormedSpace.{0,
                                                                                                                                0}
                                                                                                                            Real
                                                                                                                            Complex
                                                                                                                            Real.instRCLike
                                                                                                                            (@NormedAddCommGroup.toSeminormedAddCommGroup.{0}
                                                                                                                              Complex
                                                                                                                              Complex.instNormedAddCommGroup)
                                                                                                                            instInnerProductSpaceRealComplex)
                                                                                                                          Real.normedField
                                                                                                                          (@InnerProductSpace.toNormedSpace.{0,
                                                                                                                                0}
                                                                                                                            Real
                                                                                                                            Complex
                                                                                                                            Real.instRCLike
                                                                                                                            (@NormedAddCommGroup.toSeminormedAddCommGroup.{0}
                                                                                                                              Complex
                                                                                                                              Complex.instNormedAddCommGroup)
                                                                                                                            instInnerProductSpaceRealComplex)
                                                                                                                          (@smulCommClass_self.{0,
                                                                                                                                0}
                                                                                                                            Real
                                                                                                                            Complex
                                                                                                                            Real.instCommMonoid
                                                                                                                            (@DistribMulAction.toMulAction.{0,
                                                                                                                                  0}
                                                                                                                              Real
                                                                                                                              Complex
                                                                                                                              (@CommMonoid.toMonoid.{0}
                                                                                                                                Real
                                                                                                                                Real.instCommMonoid)
                                                                                                                              (@AddCommMonoid.toAddMonoid.{0}
                                                                                                                                Complex
                                                                                                                                Complex.instAddCommMonoid)
                                                                                                                              (@Module.toDistribMulAction.{0,
                                                                                                                                    0}
                                                                                                                                Real
                                                                                                                                Complex
                                                                                                                                Real.semiring
                                                                                                                                Complex.instAddCommMonoid
                                                                                                                                (@NormedSpace.toModule.{0,
                                                                                                                                      0}
                                                                                                                                  Real
                                                                                                                                  Complex
                                                                                                                                  Real.normedField
                                                                                                                                  (@NonUnitalSeminormedRing.toSeminormedAddCommGroup.{0}
                                                                                                                                    Complex
                                                                                                                                    (@NonUnitalSeminormedCommRing.toNonUnitalSeminormedRing.{0}
                                                                                                                                      Complex
                                                                                                                                      (@SeminormedCommRing.toNonUnitalSeminormedCommRing.{0}
                                                                                                                                        Complex
                                                                                                                                        (@NormedCommRing.toSeminormedCommRing.{0}
                                                                                                                                          Complex
                                                                                                                                          (@CommCStarAlgebra.toNormedCommRing.{0}
                                                                                                                                            Complex
                                                                                                                                            instCommCStarAlgebraComplex)))))
                                                                                                                                  (@InnerProductSpace.toNormedSpace.{0,
                                                                                                                                        0}
                                                                                                                                    Real
                                                                                                                                    Complex
                                                                                                                                    Real.instRCLike
                                                                                                                                    (@NonUnitalSeminormedRing.toSeminormedAddCommGroup.{0}
                                                                                                                                      Complex
                                                                                                                                      (@NonUnitalSeminormedCommRing.toNonUnitalSeminormedRing.{0}
                                                                                                                                        Complex
                                                                                                                                        (@SeminormedCommRing.toNonUnitalSeminormedCommRing.{0}
                                                                                                                                          Complex
                                                                                                                                          (@NormedCommRing.toSeminormedCommRing.{0}
                                                                                                                                            Complex
                                                                                                                                            (@CommCStarAlgebra.toNormedCommRing.{0}
                                                                                                                                              Complex
                                                                                                                                              instCommCStarAlgebraComplex)))))
                                                                                                                                    instInnerProductSpaceRealComplex)))))))))))
                                                                                                              (Prod.{0,
                                                                                                                  0}
                                                                                                                Nat Nat)
                                                                                                              (@Seminorm.instSemilatticeSup.{0,
                                                                                                                    0}
                                                                                                                Real
                                                                                                                (@SchwartzMap.{0,
                                                                                                                      0}
                                                                                                                  Real
                                                                                                                  Complex
                                                                                                                  Real.normedAddCommGroup
                                                                                                                  (@InnerProductSpace.toNormedSpace.{0,
                                                                                                                        0}
                                                                                                                    Real
                                                                                                                    Real
                                                                                                                    Real.instRCLike
                                                                                                                    (@NormedAddCommGroup.toSeminormedAddCommGroup.{0}
                                                                                                                      Real
                                                                                                                      Real.normedAddCommGroup)
                                                                                                                    (@RCLike.toInnerProductSpaceReal.{0}
                                                                                                                      Real
                                                                                                                      Real.instRCLike))
                                                                                                                  Complex.instNormedAddCommGroup
                                                                                                                  (@InnerProductSpace.toNormedSpace.{0,
                                                                                                                        0}
                                                                                                                    Real
                                                                                                                    Complex
                                                                                                                    Real.instRCLike
                                                                                                                    (@NormedAddCommGroup.toSeminormedAddCommGroup.{0}
                                                                                                                      Complex
                                                                                                                      Complex.instNormedAddCommGroup)
                                                                                                                    instInnerProductSpaceRealComplex))
                                                                                                                (@SeminormedCommRing.toSeminormedRing.{0}
                                                                                                                  Real
                                                                                                                  (@NormedCommRing.toSeminormedCommRing.{0}
                                                                                                                    Real
                                                                                                                    (@NormedField.toNormedCommRing.{0}
                                                                                                                      Real
                                                                                                                      Real.normedField)))
                                                                                                                (@AddCommGroup.toAddGroup.{0}
                                                                                                                  (@SchwartzMap.{0,
                                                                                                                        0}
                                                                                                                    Real
                                                                                                                    Complex
                                                                                                                    Real.normedAddCommGroup
                                                                                                                    (@InnerProductSpace.toNormedSpace.{0,
                                                                                                                          0}
                                                                                                                      Real
                                                                                                                      Real
                                                                                                                      Real.instRCLike
                                                                                                                      (@NormedAddCommGroup.toSeminormedAddCommGroup.{0}
                                                                                                                        Real
                                                                                                                        Real.normedAddCommGroup)
                                                                                                                      (@RCLike.toInnerProductSpaceReal.{0}
                                                                                                                        Real
                                                                                                                        Real.instRCLike))
                                                                                                                    Complex.instNormedAddCommGroup
                                                                                                                    (@InnerProductSpace.toNormedSpace.{0,
                                                                                                                          0}
                                                                                                                      Real
                                                                                                                      Complex
                                                                                                                      Real.instRCLike
                                                                                                                      (@NormedAddCommGroup.toSeminormedAddCommGroup.{0}
                                                                                                                        Complex
                                                                                                                        Complex.instNormedAddCommGroup)
                                                                                                                      instInnerProductSpaceRealComplex))
                                                                                                                  (@SchwartzMap.instAddCommGroup.{0,
                                                                                                                        0}
                                                                                                                    Real
                                                                                                                    Complex
                                                                                                                    Real.normedAddCommGroup
                                                                                                                    (@InnerProductSpace.toNormedSpace.{0,
                                                                                                                          0}
                                                                                                                      Real
                                                                                                                      Real
                                                                                                                      Real.instRCLike
                                                                                                                      (@NormedAddCommGroup.toSeminormedAddCommGroup.{0}
                                                                                                                        Real
                                                                                                                        Real.normedAddCommGroup)
                                                                                                                      (@RCLike.toInnerProductSpaceReal.{0}
                                                                                                                        Real
                                                                                                                        Real.instRCLike))
                                                                                                                    Complex.instNormedAddCommGroup
                                                                                                                    (@InnerProductSpace.toNormedSpace.{0,
                                                                                                                          0}
                                                                                                                      Real
                                                                                                                      Complex
                                                                                                                      Real.instRCLike
                                                                                                                      (@NormedAddCommGroup.toSeminormedAddCommGroup.{0}
                                                                                                                        Complex
                                                                                                                        Complex.instNormedAddCommGroup)
                                                                                                                      instInnerProductSpaceRealComplex)))
                                                                                                                (@SMulZeroClass.toSMul.{0,
                                                                                                                      0}
                                                                                                                  Real
                                                                                                                  (@SchwartzMap.{0,
                                                                                                                        0}
                                                                                                                    Real
                                                                                                                    Complex
                                                                                                                    Real.normedAddCommGroup
                                                                                                                    (@InnerProductSpace.toNormedSpace.{0,
                                                                                                                          0}
                                                                                                                      Real
                                                                                                                      Real
                                                                                                                      Real.instRCLike
                                                                                                                      (@NormedAddCommGroup.toSeminormedAddCommGroup.{0}
                                                                                                                        Real
                                                                                                                        Real.normedAddCommGroup)
                                                                                                                      (@RCLike.toInnerProductSpaceReal.{0}
                                                                                                                        Real
                                                                                                                        Real.instRCLike))
                                                                                                                    Complex.instNormedAddCommGroup
                                                                                                                    (@InnerProductSpace.toNormedSpace.{0,
                                                                                                                          0}
                                                                                                                      Real
                                                                                                                      Complex
                                                                                                                      Real.instRCLike
                                                                                                                      (@NormedAddCommGroup.toSeminormedAddCommGroup.{0}
                                                                                                                        Complex
                                                                                                                        Complex.instNormedAddCommGroup)
                                                                                                                      instInnerProductSpaceRealComplex))
                                                                                                                  (@AddZero.toZero.{0}
                                                                                                                    (@SchwartzMap.{0,
                                                                                                                          0}
                                                                                                                      Real
                                                                                                                      Complex
                                                                                                                      Real.normedAddCommGroup
                                                                                                                      (@InnerProductSpace.toNormedSpace.{0,
                                                                                                                            0}
                                                                                                                        Real
                                                                                                                        Real
                                                                                                                        Real.instRCLike
                                                                                                                        (@NormedAddCommGroup.toSeminormedAddCommGroup.{0}
                                                                                                                          Real
                                                                                                                          Real.normedAddCommGroup)
                                                                                                                        (@RCLike.toInnerProductSpaceReal.{0}
                                                                                                                          Real
                                                                                                                          Real.instRCLike))
                                                                                                                      Complex.instNormedAddCommGroup
                                                                                                                      (@InnerProductSpace.toNormedSpace.{0,
                                                                                                                            0}
                                                                                                                        Real
                                                                                                                        Complex
                                                                                                                        Real.instRCLike
                                                                                                                        (@NormedAddCommGroup.toSeminormedAddCommGroup.{0}
                                                                                                                          Complex
                                                                                                                          Complex.instNormedAddCommGroup)
                                                                                                                        instInnerProductSpaceRealComplex))
                                                                                                                    (@AddZeroClass.toAddZero.{0}
                                                                                                                      (@SchwartzMap.{0,
                                                                                                                            0}
                                                                                                                        Real
                                                                                                                        Complex
                                                                                                                        Real.normedAddCommGroup
                                                                                                                        (@InnerProductSpace.toNormedSpace.{0,
                                                                                                                              0}
                                                                                                                          Real
                                                                                                                          Real
                                                                                                                          Real.instRCLike
                                                                                                                          (@NormedAddCommGroup.toSeminormedAddCommGroup.{0}
                                                                                                                            Real
                                                                                                                            Real.normedAddCommGroup)
                                                                                                                          (@RCLike.toInnerProductSpaceReal.{0}
                                                                                                                            Real
                                                                                                                            Real.instRCLike))
                                                                                                                        Complex.instNormedAddCommGroup
                                                                                                                        (@InnerProductSpace.toNormedSpace.{0,
                                                                                                                              0}
                                                                                                                          Real
                                                                                                                          Complex
                                                                                                                          Real.instRCLike
                                                                                                                          (@NormedAddCommGroup.toSeminormedAddCommGroup.{0}
                                                                                                                            Complex
                                                                                                                            Complex.instNormedAddCommGroup)
                                                                                                                          instInnerProductSpaceRealComplex))
                                                                                                                      (@AddMonoid.toAddZeroClass.{0}
                                                                                                                        (@SchwartzMap.{0,
                                                                                                                              0}
                                                                                                                          Real
                                                                                                                          Complex
                                                                                                                          Real.normedAddCommGroup
                                                                                                                          (@InnerProductSpace.toNormedSpace.{0,
                                                                                                                                0}
                                                                                                                            Real
                                                                                                                            Real
                                                                                                                            Real.instRCLike
                                                                                                                            (@NormedAddCommGroup.toSeminormedAddCommGroup.{0}
                                                                                                                              Real
                                                                                                                              Real.normedAddCommGroup)
                                                                                                                            (@RCLike.toInnerProductSpaceReal.{0}
                                                                                                                              Real
                                                                                                                              Real.instRCLike))
                                                                                                                          Complex.instNormedAddCommGroup
                                                                                                                          (@InnerProductSpace.toNormedSpace.{0,
                                                                                                                                0}
                                                                                                                            Real
                                                                                                                            Complex
                                                                                                                            Real.instRCLike
                                                                                                                            (@NormedAddCommGroup.toSeminormedAddCommGroup.{0}
                                                                                                                              Complex
                                                                                                                              Complex.instNormedAddCommGroup)
                                                                                                                            instInnerProductSpaceRealComplex))
                                                                                                                        (@SubNegMonoid.toAddMonoid.{0}
                                                                                                                          (@SchwartzMap.{0,
                                                                                                                                0}
                                                                                                                            Real
                                                                                                                            Complex
                                                                                                                            Real.normedAddCommGroup
                                                                                                                            (@InnerProductSpace.toNormedSpace.{0,
                                                                                                                                  0}
                                                                                                                              Real
                                                                                                                              Real
                                                                                                                              Real.instRCLike
                                                                                                                              (@NormedAddCommGroup.toSeminormedAddCommGroup.{0}
                                                                                                                                Real
                                                                                                                                Real.normedAddCommGroup)
                                                                                                                              (@RCLike.toInnerProductSpaceReal.{0}
                                                                                                                                Real
                                                                                                                                Real.instRCLike))
                                                                                                                            Complex.instNormedAddCommGroup
                                                                                                                            (@InnerProductSpace.toNormedSpace.{0,
                                                                                                                                  0}
                                                                                                                              Real
                                                                                                                              Complex
                                                                                                                              Real.instRCLike
                                                                                                                              (@NormedAddCommGroup.toSeminormedAddCommGroup.{0}
                                                                                                                                Complex
                                                                                                                                Complex.instNormedAddCommGroup)
                                                                                                                              instInnerProductSpaceRealComplex))
                                                                                                                          (@AddGroup.toSubNegMonoid.{0}
                                                                                                                            (@SchwartzMap.{0,
                                                                                                                                  0}
                                                                                                                              Real
                                                                                                                              Complex
                                                                                                                              Real.normedAddCommGroup
                                                                                                                              (@InnerProductSpace.toNormedSpace.{0,
                                                                                                                                    0}
                                                                                                                                Real
                                                                                                                                Real
                                                                                                                                Real.instRCLike
                                                                                                                                (@NormedAddCommGroup.toSeminormedAddCommGroup.{0}
                                                                                                                                  Real
                                                                                                                                  Real.normedAddCommGroup)
                                                                                                                                (@RCLike.toInnerProductSpaceReal.{0}
                                                                                                                                  Real
                                                                                                                                  Real.instRCLike))
                                                                                                                              Complex.instNormedAddCommGroup
                                                                                                                              (@InnerProductSpace.toNormedSpace.{0,
                                                                                                                                    0}
                                                                                                                                Real
                                                                                                                                Complex
                                                                                                                                Real.instRCLike
                                                                                                                                (@NormedAddCommGroup.toSeminormedAddCommGroup.{0}
                                                                                                                                  Complex
                                                                                                                                  Complex.instNormedAddCommGroup)
                                                                                                                                instInnerProductSpaceRealComplex))
                                                                                                                            (@AddCommGroup.toAddGroup.{0}
                                                                                                                              (@SchwartzMap.{0,
                                                                                                                                    0}
                                                                                                                                Real
                                                                                                                                Complex
                                                                                                                                Real.normedAddCommGroup
                                                                                                                                (@InnerProductSpace.toNormedSpace.{0,
                                                                                                                                      0}
                                                                                                                                  Real
                                                                                                                                  Real
                                                                                                                                  Real.instRCLike
                                                                                                                                  (@NormedAddCommGroup.toSeminormedAddCommGroup.{0}
                                                                                                                                    Real
                                                                                                                                    Real.normedAddCommGroup)
                                                                                                                                  (@RCLike.toInnerProductSpaceReal.{0}
                                                                                                                                    Real
                                                                                                                                    Real.instRCLike))
                                                                                                                                Complex.instNormedAddCommGroup
                                                                                                                                (@InnerProductSpace.toNormedSpace.{0,
                                                                                                                                      0}
                                                                                                                                  Real
                                                                                                                                  Complex
                                                                                                                                  Real.instRCLike
                                                                                                                                  (@NormedAddCommGroup.toSeminormedAddCommGroup.{0}
                                                                                                                                    Complex
                                                                                                                                    Complex.instNormedAddCommGroup)
                                                                                                                                  instInnerProductSpaceRealComplex))
                                                                                                                              (@SchwartzMap.instAddCommGroup.{0,
                                                                                                                                    0}
                                                                                                                                Real
                                                                                                                                Complex
                                                                                                                                Real.normedAddCommGroup
                                                                                                                                (@InnerProductSpace.toNormedSpace.{0,
                                                                                                                                      0}
                                                                                                                                  Real
                                                                                                                                  Real
                                                                                                                                  Real.instRCLike
                                                                                                                                  (@NormedAddCommGroup.toSeminormedAddCommGroup.{0}
                                                                                                                                    Real
                                                                                                                                    Real.normedAddCommGroup)
                                                                                                                                  (@RCLike.toInnerProductSpaceReal.{0}
                                                                                                                                    Real
                                                                                                                                    Real.instRCLike))
                                                                                                                                Complex.instNormedAddCommGroup
                                                                                                                                (@InnerProductSpace.toNormedSpace.{0,
                                                                                                                                      0}
                                                                                                                                  Real
                                                                                                                                  Complex
                                                                                                                                  Real.instRCLike
                                                                                                                                  (@NormedAddCommGroup.toSeminormedAddCommGroup.{0}
                                                                                                                                    Complex
                                                                                                                                    Complex.instNormedAddCommGroup)
                                                                                                                                  instInnerProductSpaceRealComplex))))))))
                                                                                                                  (@DistribSMul.toSMulZeroClass.{0,
                                                                                                                        0}
                                                                                                                    Real
                                                                                                                    (@SchwartzMap.{0,
                                                                                                                          0}
                                                                                                                      Real
                                                                                                                      Complex
                                                                                                                      Real.normedAddCommGroup
                                                                                                                      (@InnerProductSpace.toNormedSpace.{0,
                                                                                                                            0}
                                                                                                                        Real
                                                                                                                        Real
                                                                                                                        Real.instRCLike
                                                                                                                        (@NormedAddCommGroup.toSeminormedAddCommGroup.{0}
                                                                                                                          Real
                                                                                                                          Real.normedAddCommGroup)
                                                                                                                        (@RCLike.toInnerProductSpaceReal.{0}
                                                                                                                          Real
                                                                                                                          Real.instRCLike))
                                                                                                                      Complex.instNormedAddCommGroup
                                                                                                                      (@InnerProductSpace.toNormedSpace.{0,
                                                                                                                            0}
                                                                                                                        Real
                                                                                                                        Complex
                                                                                                                        Real.instRCLike
                                                                                                                        (@NormedAddCommGroup.toSeminormedAddCommGroup.{0}
                                                                                                                          Complex
                                                                                                                          Complex.instNormedAddCommGroup)
                                                                                                                        instInnerProductSpaceRealComplex))
                                                                                                                    (@AddMonoid.toAddZeroClass.{0}
                                                                                                                      (@SchwartzMap.{0,
                                                                                                                            0}
                                                                                                                        Real
                                                                                                                        Complex
                                                                                                                        Real.normedAddCommGroup
                                                                                                                        (@InnerProductSpace.toNormedSpace.{0,
                                                                                                                              0}
                                                                                                                          Real
                                                                                                                          Real
                                                                                                                          Real.instRCLike
                                                                                                                          (@NormedAddCommGroup.toSeminormedAddCommGroup.{0}
                                                                                                                            Real
                                                                                                                            Real.normedAddCommGroup)
                                                                                                                          (@RCLike.toInnerProductSpaceReal.{0}
                                                                                                                            Real
                                                                                                                            Real.instRCLike))
                                                                                                                        Complex.instNormedAddCommGroup
                                                                                                                        (@InnerProductSpace.toNormedSpace.{0,
                                                                                                                              0}
                                                                                                                          Real
                                                                                                                          Complex
                                                                                                                          Real.instRCLike
                                                                                                                          (@NormedAddCommGroup.toSeminormedAddCommGroup.{0}
                                                                                                                            Complex
                                                                                                                            Complex.instNormedAddCommGroup)
                                                                                                                          instInnerProductSpaceRealComplex))
                                                                                                                      (@SubNegMonoid.toAddMonoid.{0}
                                                                                                                        (@SchwartzMap.{0,
                                                                                                                              0}
                                                                                                                          Real
                                                                                                                          Complex
                                                                                                                          Real.normedAddCommGroup
                                                                                                                          (@InnerProductSpace.toNormedSpace.{0,
                                                                                                                                0}
                                                                                                                            Real
                                                                                                                            Real
                                                                                                                            Real.instRCLike
                                                                                                                            (@NormedAddCommGroup.toSeminormedAddCommGroup.{0}
                                                                                                                              Real
                                                                                                                              Real.normedAddCommGroup)
                                                                                                                            (@RCLike.toInnerProductSpaceReal.{0}
                                                                                                                              Real
                                                                                                                              Real.instRCLike))
                                                                                                                          Complex.instNormedAddCommGroup
                                                                                                                          (@InnerProductSpace.toNormedSpace.{0,
                                                                                                                                0}
                                                                                                                            Real
                                                                                                                            Complex
                                                                                                                            Real.instRCLike
                                                                                                                            (@NormedAddCommGroup.toSeminormedAddCommGroup.{0}
                                                                                                                              Complex
                                                                                                                              Complex.instNormedAddCommGroup)
                                                                                                                            instInnerProductSpaceRealComplex))
                                                                                                                        (@AddGroup.toSubNegMonoid.{0}
                                                                                                                          (@SchwartzMap.{0,
                                                                                                                                0}
                                                                                                                            Real
                                                                                                                            Complex
                                                                                                                            Real.normedAddCommGroup
                                                                                                                            (@InnerProductSpace.toNormedSpace.{0,
                                                                                                                                  0}
                                                                                                                              Real
                                                                                                                              Real
                                                                                                                              Real.instRCLike
                                                                                                                              (@NormedAddCommGroup.toSeminormedAddCommGroup.{0}
                                                                                                                                Real
                                                                                                                                Real.normedAddCommGroup)
                                                                                                                              (@RCLike.toInnerProductSpaceReal.{0}
                                                                                                                                Real
                                                                                                                                Real.instRCLike))
                                                                                                                            Complex.instNormedAddCommGroup
                                                                                                                            (@InnerProductSpace.toNormedSpace.{0,
                                                                                                                                  0}
                                                                                                                              Real
                                                                                                                              Complex
                                                                                                                              Real.instRCLike
                                                                                                                              (@NormedAddCommGroup.toSeminormedAddCommGroup.{0}
                                                                                                                                Complex
                                                                                                                                Complex.instNormedAddCommGroup)
                                                                                                                              instInnerProductSpaceRealComplex))
                                                                                                                          (@AddCommGroup.toAddGroup.{0}
                                                                                                                            (@SchwartzMap.{0,
                                                                                                                                  0}
                                                                                                                              Real
                                                                                                                              Complex
                                                                                                                              Real.normedAddCommGroup
                                                                                                                              (@InnerProductSpace.toNormedSpace.{0,
                                                                                                                                    0}
                                                                                                                                Real
                                                                                                                                Real
                                                                                                                                Real.instRCLike
                                                                                                                                (@NormedAddCommGroup.toSeminormedAddCommGroup.{0}
                                                                                                                                  Real
                                                                                                                                  Real.normedAddCommGroup)
                                                                                                                                (@RCLike.toInnerProductSpaceReal.{0}
                                                                                                                                  Real
                                                                                                                                  Real.instRCLike))
                                                                                                                              Complex.instNormedAddCommGroup
                                                                                                                              (@InnerProductSpace.toNormedSpace.{0,
                                                                                                                                    0}
                                                                                                                                Real
                                                                                                                                Complex
                                                                                                                                Real.instRCLike
                                                                                                                                (@NormedAddCommGroup.toSeminormedAddCommGroup.{0}
                                                                                                                                  Complex
                                                                                                                                  Complex.instNormedAddCommGroup)
                                                                                                                                instInnerProductSpaceRealComplex))
                                                                                                                            (@SchwartzMap.instAddCommGroup.{0,
                                                                                                                                  0}
                                                                                                                              Real
                                                                                                                              Complex
                                                                                                                              Real.normedAddCommGroup
                                                                                                                              (@InnerProductSpace.toNormedSpace.{0,
                                                                                                                                    0}
                                                                                                                                Real
                                                                                                                                Real
                                                                                                                                Real.instRCLike
                                                                                                                                (@NormedAddCommGroup.toSeminormedAddCommGroup.{0}
                                                                                                                                  Real
                                                                                                                                  Real.normedAddCommGroup)
                                                                                                                                (@RCLike.toInnerProductSpaceReal.{0}
                                                                                                                                  Real
                                                                                                                                  Real.instRCLike))
                                                                                                                              Complex.instNormedAddCommGroup
                                                                                                                              (@InnerProductSpace.toNormedSpace.{0,
                                                                                                                                    0}
                                                                                                                                Real
                                                                                                                                Complex
                                                                                                                                Real.instRCLike
                                                                                                                                (@NormedAddCommGroup.toSeminormedAddCommGroup.{0}
                                                                                                                                  Complex
                                                                                                                                  Complex.instNormedAddCommGroup)
                                                                                                                                instInnerProductSpaceRealComplex))))))
                                                                                                                    (@DistribMulAction.toDistribSMul.{0,
                                                                                                                          0}
                                                                                                                      Real
                                                                                                                      (@SchwartzMap.{0,
                                                                                                                            0}
                                                                                                                        Real
                                                                                                                        Complex
                                                                                                                        Real.normedAddCommGroup
                                                                                                                        (@InnerProductSpace.toNormedSpace.{0,
                                                                                                                              0}
                                                                                                                          Real
                                                                                                                          Real
                                                                                                                          Real.instRCLike
                                                                                                                          (@NormedAddCommGroup.toSeminormedAddCommGroup.{0}
                                                                                                                            Real
                                                                                                                            Real.normedAddCommGroup)
                                                                                                                          (@RCLike.toInnerProductSpaceReal.{0}
                                                                                                                            Real
                                                                                                                            Real.instRCLike))
                                                                                                                        Complex.instNormedAddCommGroup
                                                                                                                        (@InnerProductSpace.toNormedSpace.{0,
                                                                                                                              0}
                                                                                                                          Real
                                                                                                                          Complex
                                                                                                                          Real.instRCLike
                                                                                                                          (@NormedAddCommGroup.toSeminormedAddCommGroup.{0}
                                                                                                                            Complex
                                                                                                                            Complex.instNormedAddCommGroup)
                                                                                                                          instInnerProductSpaceRealComplex))
                                                                                                                      (@Semiring.toMonoid.{0}
                                                                                                                        Real
                                                                                                                        (@Ring.toSemiring.{0}
                                                                                                                          Real
                                                                                                                          (@SeminormedRing.toRing.{0}
                                                                                                                            Real
                                                                                                                            (@SeminormedCommRing.toSeminormedRing.{0}
                                                                                                                              Real
                                                                                                                              (@NormedCommRing.toSeminormedCommRing.{0}
                                                                                                                                Real
                                                                                                                                (@NormedField.toNormedCommRing.{0}
                                                                                                                                  Real
                                                                                                                                  Real.normedField))))))
                                                                                                                      (@SubNegMonoid.toAddMonoid.{0}
                                                                                                                        (@SchwartzMap.{0,
                                                                                                                              0}
                                                                                                                          Real
                                                                                                                          Complex
                                                                                                                          Real.normedAddCommGroup
                                                                                                                          (@InnerProductSpace.toNormedSpace.{0,
                                                                                                                                0}
                                                                                                                            Real
                                                                                                                            Real
                                                                                                                            Real.instRCLike
                                                                                                                            (@NormedAddCommGroup.toSeminormedAddCommGroup.{0}
                                                                                                                              Real
                                                                                                                              Real.normedAddCommGroup)
                                                                                                                            (@RCLike.toInnerProductSpaceReal.{0}
                                                                                                                              Real
                                                                                                                              Real.instRCLike))
                                                                                                                          Complex.instNormedAddCommGroup
                                                                                                                          (@InnerProductSpace.toNormedSpace.{0,
                                                                                                                                0}
                                                                                                                            Real
                                                                                                                            Complex
                                                                                                                            Real.instRCLike
                                                                                                                            (@NormedAddCommGroup.toSeminormedAddCommGroup.{0}
                                                                                                                              Complex
                                                                                                                              Complex.instNormedAddCommGroup)
                                                                                                                            instInnerProductSpaceRealComplex))
                                                                                                                        (@AddGroup.toSubNegMonoid.{0}
                                                                                                                          (@SchwartzMap.{0,
                                                                                                                                0}
                                                                                                                            Real
                                                                                                                            Complex
                                                                                                                            Real.normedAddCommGroup
                                                                                                                            (@InnerProductSpace.toNormedSpace.{0,
                                                                                                                                  0}
                                                                                                                              Real
                                                                                                                              Real
                                                                                                                              Real.instRCLike
                                                                                                                              (@NormedAddCommGroup.toSeminormedAddCommGroup.{0}
                                                                                                                                Real
                                                                                                                                Real.normedAddCommGroup)
                                                                                                                              (@RCLike.toInnerProductSpaceReal.{0}
                                                                                                                                Real
                                                                                                                                Real.instRCLike))
                                                                                                                            Complex.instNormedAddCommGroup
                                                                                                                            (@InnerProductSpace.toNormedSpace.{0,
                                                                                                                                  0}
                                                                                                                              Real
                                                                                                                              Complex
                                                                                                                              Real.instRCLike
                                                                                                                              (@NormedAddCommGroup.toSeminormedAddCommGroup.{0}
                                                                                                                                Complex
                                                                                                                                Complex.instNormedAddCommGroup)
                                                                                                                              instInnerProductSpaceRealComplex))
                                                                                                                          (@AddCommGroup.toAddGroup.{0}
                                                                                                                            (@SchwartzMap.{0,
                                                                                                                                  0}
                                                                                                                              Real
                                                                                                                              Complex
                                                                                                                              Real.normedAddCommGroup
                                                                                                                              (@InnerProductSpace.toNormedSpace.{0,
                                                                                                                                    0}
                                                                                                                                Real
                                                                                                                                Real
                                                                                                                                Real.instRCLike
                                                                                                                                (@NormedAddCommGroup.toSeminormedAddCommGroup.{0}
                                                                                                                                  Real
                                                                                                                                  Real.normedAddCommGroup)
                                                                                                                                (@RCLike.toInnerProductSpaceReal.{0}
                                                                                                                                  Real
                                                                                                                                  Real.instRCLike))
                                                                                                                              Complex.instNormedAddCommGroup
                                                                                                                              (@InnerProductSpace.toNormedSpace.{0,
                                                                                                                                    0}
                                                                                                                                Real
                                                                                                                                Complex
                                                                                                                                Real.instRCLike
                                                                                                                                (@NormedAddCommGroup.toSeminormedAddCommGroup.{0}
                                                                                                                                  Complex
                                                                                                                                  Complex.instNormedAddCommGroup)
                                                                                                                                instInnerProductSpaceRealComplex))
                                                                                                                            (@SchwartzMap.instAddCommGroup.{0,
                                                                                                                                  0}
                                                                                                                              Real
                                                                                                                              Complex
                                                                                                                              Real.normedAddCommGroup
                                                                                                                              (@InnerProductSpace.toNormedSpace.{0,
                                                                                                                                    0}
                                                                                                                                Real
                                                                                                                                Real
                                                                                                                                Real.instRCLike
                                                                                                                                (@NormedAddCommGroup.toSeminormedAddCommGroup.{0}
                                                                                                                                  Real
                                                                                                                                  Real.normedAddCommGroup)
                                                                                                                                (@RCLike.toInnerProductSpaceReal.{0}
                                                                                                                                  Real
                                                                                                                                  Real.instRCLike))
                                                                                                                              Complex.instNormedAddCommGroup
                                                                                                                              (@InnerProductSpace.toNormedSpace.{0,
                                                                                                                                    0}
                                                                                                                                Real
                                                                                                                                Complex
                                                                                                                                Real.instRCLike
                                                                                                                                (@NormedAddCommGroup.toSeminormedAddCommGroup.{0}
                                                                                                                                  Complex
                                                                                                                                  Complex.instNormedAddCommGroup)
                                                                                                                                instInnerProductSpaceRealComplex)))))
                                                                                                                      (@Module.toDistribMulAction.{0,
                                                                                                                            0}
                                                                                                                        Real
                                                                                                                        (@SchwartzMap.{0,
                                                                                                                              0}
                                                                                                                          Real
                                                                                                                          Complex
                                                                                                                          Real.normedAddCommGroup
                                                                                                                          (@InnerProductSpace.toNormedSpace.{0,
                                                                                                                                0}
                                                                                                                            Real
                                                                                                                            Real
                                                                                                                            Real.instRCLike
                                                                                                                            (@NormedAddCommGroup.toSeminormedAddCommGroup.{0}
                                                                                                                              Real
                                                                                                                              Real.normedAddCommGroup)
                                                                                                                            (@RCLike.toInnerProductSpaceReal.{0}
                                                                                                                              Real
                                                                                                                              Real.instRCLike))
                                                                                                                          Complex.instNormedAddCommGroup
                                                                                                                          (@InnerProductSpace.toNormedSpace.{0,
                                                                                                                                0}
                                                                                                                            Real
                                                                                                                            Complex
                                                                                                                            Real.instRCLike
                                                                                                                            (@NormedAddCommGroup.toSeminormedAddCommGroup.{0}
                                                                                                                              Complex
                                                                                                                              Complex.instNormedAddCommGroup)
                                                                                                                            instInnerProductSpaceRealComplex))
                                                                                                                        (@Ring.toSemiring.{0}
                                                                                                                          Real
                                                                                                                          (@SeminormedRing.toRing.{0}
                                                                                                                            Real
                                                                                                                            (@SeminormedCommRing.toSeminormedRing.{0}
                                                                                                                              Real
                                                                                                                              (@NormedCommRing.toSeminormedCommRing.{0}
                                                                                                                                Real
                                                                                                                                (@NormedField.toNormedCommRing.{0}
                                                                                                                                  Real
                                                                                                                                  Real.normedField)))))
                                                                                                                        (@AddCommGroup.toAddCommMonoid.{0}
                                                                                                                          (@SchwartzMap.{0,
                                                                                                                                0}
                                                                                                                            Real
                                                                                                                            Complex
                                                                                                                            Real.normedAddCommGroup
                                                                                                                            (@InnerProductSpace.toNormedSpace.{0,
                                                                                                                                  0}
                                                                                                                              Real
                                                                                                                              Real
                                                                                                                              Real.instRCLike
                                                                                                                              (@NormedAddCommGroup.toSeminormedAddCommGroup.{0}
                                                                                                                                Real
                                                                                                                                Real.normedAddCommGroup)
                                                                                                                              (@RCLike.toInnerProductSpaceReal.{0}
                                                                                                                                Real
                                                                                                                                Real.instRCLike))
                                                                                                                            Complex.instNormedAddCommGroup
                                                                                                                            (@InnerProductSpace.toNormedSpace.{0,
                                                                                                                                  0}
                                                                                                                              Real
                                                                                                                              Complex
                                                                                                                              Real.instRCLike
                                                                                                                              (@NormedAddCommGroup.toSeminormedAddCommGroup.{0}
                                                                                                                                Complex
                                                                                                                                Complex.instNormedAddCommGroup)
                                                                                                                              instInnerProductSpaceRealComplex))
                                                                                                                          (@SchwartzMap.instAddCommGroup.{0,
                                                                                                                                0}
                                                                                                                            Real
                                                                                                                            Complex
                                                                                                                            Real.normedAddCommGroup
                                                                                                                            (@InnerProductSpace.toNormedSpace.{0,
                                                                                                                                  0}
                                                                                                                              Real
                                                                                                                              Real
                                                                                                                              Real.instRCLike
                                                                                                                              (@NormedAddCommGroup.toSeminormedAddCommGroup.{0}
                                                                                                                                Real
                                                                                                                                Real.normedAddCommGroup)
                                                                                                                              (@RCLike.toInnerProductSpaceReal.{0}
                                                                                                                                Real
                                                                                                                                Real.instRCLike))
                                                                                                                            Complex.instNormedAddCommGroup
                                                                                                                            (@InnerProductSpace.toNormedSpace.{0,
                                                                                                                                  0}
                                                                                                                              Real
                                                                                                                              Complex
                                                                                                                              Real.instRCLike
                                                                                                                              (@NormedAddCommGroup.toSeminormedAddCommGroup.{0}
                                                                                                                                Complex
                                                                                                                                Complex.instNormedAddCommGroup)
                                                                                                                              instInnerProductSpaceRealComplex)))
                                                                                                                        (@SchwartzMap.instModule.{0,
                                                                                                                              0,
                                                                                                                              0}
                                                                                                                          Real
                                                                                                                          Real
                                                                                                                          Complex
                                                                                                                          Real.normedAddCommGroup
                                                                                                                          (@InnerProductSpace.toNormedSpace.{0,
                                                                                                                                0}
                                                                                                                            Real
                                                                                                                            Real
                                                                                                                            Real.instRCLike
                                                                                                                            (@NormedAddCommGroup.toSeminormedAddCommGroup.{0}
                                                                                                                              Real
                                                                                                                              Real.normedAddCommGroup)
                                                                                                                            (@RCLike.toInnerProductSpaceReal.{0}
                                                                                                                              Real
                                                                                                                              Real.instRCLike))
                                                                                                                          Complex.instNormedAddCommGroup
                                                                                                                          (@InnerProductSpace.toNormedSpace.{0,
                                                                                                                                0}
                                                                                                                            Real
                                                                                                                            Complex
                                                                                                                            Real.instRCLike
                                                                                                                            (@NormedAddCommGroup.toSeminormedAddCommGroup.{0}
                                                                                                                              Complex
                                                                                                                              Complex.instNormedAddCommGroup)
                                                                                                                            instInnerProductSpaceRealComplex)
                                                                                                                          Real.normedField
                                                                                                                          (@InnerProductSpace.toNormedSpace.{0,
                                                                                                                                0}
                                                                                                                            Real
                                                                                                                            Complex
                                                                                                                            Real.instRCLike
                                                                                                                            (@NormedAddCommGroup.toSeminormedAddCommGroup.{0}
                                                                                                                              Complex
                                                                                                                              Complex.instNormedAddCommGroup)
                                                                                                                            instInnerProductSpaceRealComplex)
                                                                                                                          (@smulCommClass_self.{0,
                                                                                                                                0}
                                                                                                                            Real
                                                                                                                            Complex
                                                                                                                            Real.instCommMonoid
                                                                                                                            (@DistribMulAction.toMulAction.{0,
                                                                                                                                  0}
                                                                                                                              Real
                                                                                                                              Complex
                                                                                                                              (@CommMonoid.toMonoid.{0}
                                                                                                                                Real
                                                                                                                                Real.instCommMonoid)
                                                                                                                              (@AddCommMonoid.toAddMonoid.{0}
                                                                                                                                Complex
                                                                                                                                Complex.instAddCommMonoid)
                                                                                                                              (@Module.toDistribMulAction.{0,
                                                                                                                                    0}
                                                                                                                                Real
                                                                                                                                Complex
                                                                                                                                Real.semiring
                                                                                                                                Complex.instAddCommMonoid
                                                                                                                                (@NormedSpace.toModule.{0,
                                                                                                                                      0}
                                                                                                                                  Real
                                                                                                                                  Complex
                                                                                                                                  Real.normedField
                                                                                                                                  (@NonUnitalSeminormedRing.toSeminormedAddCommGroup.{0}
                                                                                                                                    Complex
                                                                                                                                    (@NonUnitalSeminormedCommRing.toNonUnitalSeminormedRing.{0}
                                                                                                                                      Complex
                                                                                                                                      (@SeminormedCommRing.toNonUnitalSeminormedCommRing.{0}
                                                                                                                                        Complex
                                                                                                                                        (@NormedCommRing.toSeminormedCommRing.{0}
                                                                                                                                          Complex
                                                                                                                                          (@CommCStarAlgebra.toNormedCommRing.{0}
                                                                                                                                            Complex
                                                                                                                                            instCommCStarAlgebraComplex)))))
                                                                                                                                  (@InnerProductSpace.toNormedSpace.{0,
                                                                                                                                        0}
                                                                                                                                    Real
                                                                                                                                    Complex
                                                                                                                                    Real.instRCLike
                                                                                                                                    (@NonUnitalSeminormedRing.toSeminormedAddCommGroup.{0}
                                                                                                                                      Complex
                                                                                                                                      (@NonUnitalSeminormedCommRing.toNonUnitalSeminormedRing.{0}
                                                                                                                                        Complex
                                                                                                                                        (@SeminormedCommRing.toNonUnitalSeminormedCommRing.{0}
                                                                                                                                          Complex
                                                                                                                                          (@NormedCommRing.toSeminormedCommRing.{0}
                                                                                                                                            Complex
                                                                                                                                            (@CommCStarAlgebra.toNormedCommRing.{0}
                                                                                                                                              Complex
                                                                                                                                              instCommCStarAlgebraComplex)))))
                                                                                                                                    instInnerProductSpaceRealComplex)))))))))))
                                                                                                              (@Seminorm.instOrderBot.{0,
                                                                                                                    0}
                                                                                                                Real
                                                                                                                (@SchwartzMap.{0,
                                                                                                                      0}
                                                                                                                  Real
                                                                                                                  Complex
                                                                                                                  Real.normedAddCommGroup
                                                                                                                  (@InnerProductSpace.toNormedSpace.{0,
                                                                                                                        0}
                                                                                                                    Real
                                                                                                                    Real
                                                                                                                    Real.instRCLike
                                                                                                                    (@NormedAddCommGroup.toSeminormedAddCommGroup.{0}
                                                                                                                      Real
                                                                                                                      Real.normedAddCommGroup)
                                                                                                                    (@RCLike.toInnerProductSpaceReal.{0}
                                                                                                                      Real
                                                                                                                      Real.instRCLike))
                                                                                                                  Complex.instNormedAddCommGroup
                                                                                                                  (@InnerProductSpace.toNormedSpace.{0,
                                                                                                                        0}
                                                                                                                    Real
                                                                                                                    Complex
                                                                                                                    Real.instRCLike
                                                                                                                    (@NormedAddCommGroup.toSeminormedAddCommGroup.{0}
                                                                                                                      Complex
                                                                                                                      Complex.instNormedAddCommGroup)
                                                                                                                    instInnerProductSpaceRealComplex))
                                                                                                                (@SeminormedCommRing.toSeminormedRing.{0}
                                                                                                                  Real
                                                                                                                  (@NormedCommRing.toSeminormedCommRing.{0}
                                                                                                                    Real
                                                                                                                    (@NormedField.toNormedCommRing.{0}
                                                                                                                      Real
                                                                                                                      Real.normedField)))
                                                                                                                (@SchwartzMap.instAddCommGroup.{0,
                                                                                                                      0}
                                                                                                                  Real
                                                                                                                  Complex
                                                                                                                  Real.normedAddCommGroup
                                                                                                                  (@InnerProductSpace.toNormedSpace.{0,
                                                                                                                        0}
                                                                                                                    Real
                                                                                                                    Real
                                                                                                                    Real.instRCLike
                                                                                                                    (@NormedAddCommGroup.toSeminormedAddCommGroup.{0}
                                                                                                                      Real
                                                                                                                      Real.normedAddCommGroup)
                                                                                                                    (@RCLike.toInnerProductSpaceReal.{0}
                                                                                                                      Real
                                                                                                                      Real.instRCLike))
                                                                                                                  Complex.instNormedAddCommGroup
                                                                                                                  (@InnerProductSpace.toNormedSpace.{0,
                                                                                                                        0}
                                                                                                                    Real
                                                                                                                    Complex
                                                                                                                    Real.instRCLike
                                                                                                                    (@NormedAddCommGroup.toSeminormedAddCommGroup.{0}
                                                                                                                      Complex
                                                                                                                      Complex.instNormedAddCommGroup)
                                                                                                                    instInnerProductSpaceRealComplex))
                                                                                                                (@SchwartzMap.instModule.{0,
                                                                                                                      0,
                                                                                                                      0}
                                                                                                                  Real
                                                                                                                  Real
                                                                                                                  Complex
                                                                                                                  Real.normedAddCommGroup
                                                                                                                  (@InnerProductSpace.toNormedSpace.{0,
                                                                                                                        0}
                                                                                                                    Real
                                                                                                                    Real
                                                                                                                    Real.instRCLike
                                                                                                                    (@NormedAddCommGroup.toSeminormedAddCommGroup.{0}
                                                                                                                      Real
                                                                                                                      Real.normedAddCommGroup)
                                                                                                                    (@RCLike.toInnerProductSpaceReal.{0}
                                                                                                                      Real
                                                                                                                      Real.instRCLike))
                                                                                                                  Complex.instNormedAddCommGroup
                                                                                                                  (@InnerProductSpace.toNormedSpace.{0,
                                                                                                                        0}
                                                                                                                    Real
                                                                                                                    Complex
                                                                                                                    Real.instRCLike
                                                                                                                    (@NormedAddCommGroup.toSeminormedAddCommGroup.{0}
                                                                                                                      Complex
                                                                                                                      Complex.instNormedAddCommGroup)
                                                                                                                    instInnerProductSpaceRealComplex)
                                                                                                                  Real.normedField
                                                                                                                  (@InnerProductSpace.toNormedSpace.{0,
                                                                                                                        0}
                                                                                                                    Real
                                                                                                                    Complex
                                                                                                                    Real.instRCLike
                                                                                                                    (@NormedAddCommGroup.toSeminormedAddCommGroup.{0}
                                                                                                                      Complex
                                                                                                                      Complex.instNormedAddCommGroup)
                                                                                                                    instInnerProductSpaceRealComplex)
                                                                                                                  (@smulCommClass_self.{0,
                                                                                                                        0}
                                                                                                                    Real
                                                                                                                    Complex
                                                                                                                    Real.instCommMonoid
                                                                                                                    (@DistribMulAction.toMulAction.{0,
                                                                                                                          0}
                                                                                                                      Real
                                                                                                                      Complex
                                                                                                                      (@CommMonoid.toMonoid.{0}
                                                                                                                        Real
                                                                                                                        Real.instCommMonoid)
                                                                                                                      (@AddCommMonoid.toAddMonoid.{0}
                                                                                                                        Complex
                                                                                                                        (@AddCommGroup.toAddCommMonoid.{0}
                                                                                                                          Complex
                                                                                                                          Complex.addCommGroup))
                                                                                                                      (@Module.toDistribMulAction.{0,
                                                                                                                            0}
                                                                                                                        Real
                                                                                                                        Complex
                                                                                                                        (@Ring.toSemiring.{0}
                                                                                                                          Real
                                                                                                                          (@CommRing.toRing.{0}
                                                                                                                            Real
                                                                                                                            Real.commRing))
                                                                                                                        (@AddCommGroup.toAddCommMonoid.{0}
                                                                                                                          Complex
                                                                                                                          Complex.addCommGroup)
                                                                                                                        (@Module.complexToReal.{0}
                                                                                                                          Complex
                                                                                                                          Complex.addCommGroup
                                                                                                                          (@Semiring.toModule.{0}
                                                                                                                            Complex
                                                                                                                            Complex.instSemiring)))))))
                                                                                                              Sdiag
                                                                                                              (@schwartzSeminormFamily.{0,
                                                                                                                    0,
                                                                                                                    0}
                                                                                                                Real
                                                                                                                Real
                                                                                                                Complex
                                                                                                                Real.normedAddCommGroup
                                                                                                                (@InnerProductSpace.toNormedSpace.{0,
                                                                                                                      0}
                                                                                                                  Real
                                                                                                                  Real
                                                                                                                  Real.instRCLike
                                                                                                                  (@NormedAddCommGroup.toSeminormedAddCommGroup.{0}
                                                                                                                    Real
                                                                                                                    Real.normedAddCommGroup)
                                                                                                                  (@RCLike.toInnerProductSpaceReal.{0}
                                                                                                                    Real
                                                                                                                    Real.instRCLike))
                                                                                                                Complex.instNormedAddCommGroup
                                                                                                                (@InnerProductSpace.toNormedSpace.{0,
                                                                                                                      0}
                                                                                                                  Real
                                                                                                                  Complex
                                                                                                                  Real.instRCLike
                                                                                                                  (@NormedAddCommGroup.toSeminormedAddCommGroup.{0}
                                                                                                                    Complex
                                                                                                                    Complex.instNormedAddCommGroup)
                                                                                                                  instInnerProductSpaceRealComplex)
                                                                                                                Real.normedField
                                                                                                                (@InnerProductSpace.toNormedSpace.{0,
                                                                                                                      0}
                                                                                                                  Real
                                                                                                                  Complex
                                                                                                                  Real.instRCLike
                                                                                                                  (@NormedAddCommGroup.toSeminormedAddCommGroup.{0}
                                                                                                                    Complex
                                                                                                                    Complex.instNormedAddCommGroup)
                                                                                                                  instInnerProductSpaceRealComplex)
                                                                                                                (@smulCommClass_self.{0,
                                                                                                                      0}
                                                                                                                  Real
                                                                                                                  Complex
                                                                                                                  Real.instCommMonoid
                                                                                                                  (@DistribMulAction.toMulAction.{0,
                                                                                                                        0}
                                                                                                                    Real
                                                                                                                    Complex
                                                                                                                    (@CommMonoid.toMonoid.{0}
                                                                                                                      Real
                                                                                                                      Real.instCommMonoid)
                                                                                                                    (@AddCommMonoid.toAddMonoid.{0}
                                                                                                                      Complex
                                                                                                                      Complex.instAddCommMonoid)
                                                                                                                    (@Module.toDistribMulAction.{0,
                                                                                                                          0}
                                                                                                                      Real
                                                                                                                      Complex
                                                                                                                      Real.semiring
                                                                                                                      Complex.instAddCommMonoid
                                                                                                                      (@NormedSpace.toModule.{0,
                                                                                                                            0}
                                                                                                                        Real
                                                                                                                        Complex
                                                                                                                        Real.normedField
                                                                                                                        (@NonUnitalSeminormedRing.toSeminormedAddCommGroup.{0}
                                                                                                                          Complex
                                                                                                                          (@NonUnitalSeminormedCommRing.toNonUnitalSeminormedRing.{0}
                                                                                                                            Complex
                                                                                                                            (@SeminormedCommRing.toNonUnitalSeminormedCommRing.{0}
                                                                                                                              Complex
                                                                                                                              (@NormedCommRing.toSeminormedCommRing.{0}
                                                                                                                                Complex
                                                                                                                                (@CommCStarAlgebra.toNormedCommRing.{0}
                                                                                                                                  Complex
                                                                                                                                  instCommCStarAlgebraComplex)))))
                                                                                                                        (@InnerProductSpace.toNormedSpace.{0,
                                                                                                                              0}
                                                                                                                          Real
                                                                                                                          Complex
                                                                                                                          Real.instRCLike
                                                                                                                          (@NonUnitalSeminormedRing.toSeminormedAddCommGroup.{0}
                                                                                                                            Complex
                                                                                                                            (@NonUnitalSeminormedCommRing.toNonUnitalSeminormedRing.{0}
                                                                                                                              Complex
                                                                                                                              (@SeminormedCommRing.toNonUnitalSeminormedCommRing.{0}
                                                                                                                                Complex
                                                                                                                                (@NormedCommRing.toSeminormedCommRing.{0}
                                                                                                                                  Complex
                                                                                                                                  (@CommCStarAlgebra.toNormedCommRing.{0}
                                                                                                                                    Complex
                                                                                                                                    instCommCStarAlgebraComplex)))))
                                                                                                                          instInnerProductSpaceRealComplex)))))))
                                                                                                            Ψ))
                                                                                                        (OAI.SevenEighths.CenteredMomentRadialEligibleEnergy.Radial.scale
                                                                                                          (@OAI.SevenEighths.CenteredMomentEnergyState.NaturalState.radial
                                                                                                            Z Bmask bΦ
                                                                                                            s)))
                                                                                                      (@HPow.hPow.{0, 0,
                                                                                                            0}
                                                                                                        Real Real Real
                                                                                                        (@instHPow.{0,
                                                                                                              0}
                                                                                                          Real Real
                                                                                                          Real.instPow)
                                                                                                        Z εdiag)))
                                                                                                  (@HMul.hMul.{0, 0, 0}
                                                                                                    Real Real Real
                                                                                                    (@instHMul.{0} Real
                                                                                                      Real.instMul)
                                                                                                    (@HMul.hMul.{0, 0,
                                                                                                          0}
                                                                                                      Real Real Real
                                                                                                      (@instHMul.{0}
                                                                                                        Real
                                                                                                        Real.instMul)
                                                                                                      (@HMul.hMul.{0, 0,
                                                                                                            0}
                                                                                                        Real Real Real
                                                                                                        (@instHMul.{0}
                                                                                                          Real
                                                                                                          Real.instMul)
                                                                                                        (@HMul.hMul.{0,
                                                                                                              0, 0}
                                                                                                          Real Real Real
                                                                                                          (@instHMul.{0}
                                                                                                            Real
                                                                                                            Real.instMul)
                                                                                                          Ctail
                                                                                                          (@HPow.hPow.{0,
                                                                                                                0, 0}
                                                                                                            Real Nat
                                                                                                            Real
                                                                                                            (@instHPow.{0,
                                                                                                                  0}
                                                                                                              Real Nat
                                                                                                              (@NPow.toPow.{0}
                                                                                                                Real
                                                                                                                (@Monoid.toNPow.{0}
                                                                                                                  Real
                                                                                                                  Real.instMonoid)))
                                                                                                            (@OAI.SevenEighths.CenteredMomentSourceInputTailUniform.plainControl.{u_1}
                                                                                                              α inst inp
                                                                                                              (@OAI.SevenEighths.CenteredMomentFiniteProfileExceptional.Profiles.profile
                                                                                                                a b p
                                                                                                                (@OfNat.ofNat.{0}
                                                                                                                  (Fin
                                                                                                                    (@OfNat.ofNat.{0}
                                                                                                                      Nat
                                                                                                                      (nat_lit
                                                                                                                        2)
                                                                                                                      (instOfNatNat
                                                                                                                        (nat_lit
                                                                                                                          2))))
                                                                                                                  (nat_lit
                                                                                                                    0)
                                                                                                                  (@Fin.instOfNat
                                                                                                                    (@OfNat.ofNat.{0}
                                                                                                                      Nat
                                                                                                                      (nat_lit
                                                                                                                        2)
                                                                                                                      (instOfNatNat
                                                                                                                        (nat_lit
                                                                                                                          2)))
                                                                                                                    (@Nat.instNeZeroSucc
                                                                                                                      (@OfNat.ofNat.{0}
                                                                                                                        Nat
                                                                                                                        (nat_lit
                                                                                                                          1)
                                                                                                                        (instOfNatNat
                                                                                                                          (nat_lit
                                                                                                                            1))))
                                                                                                                    (nat_lit
                                                                                                                      0))))
                                                                                                              (@OAI.SevenEighths.CenteredMomentFiniteProfileExceptional.Profiles.profile
                                                                                                                a b p
                                                                                                                (@OfNat.ofNat.{0}
                                                                                                                  (Fin
                                                                                                                    (@OfNat.ofNat.{0}
                                                                                                                      Nat
                                                                                                                      (nat_lit
                                                                                                                        2)
                                                                                                                      (instOfNatNat
                                                                                                                        (nat_lit
                                                                                                                          2))))
                                                                                                                  (nat_lit
                                                                                                                    1)
                                                                                                                  (@Fin.instOfNat
                                                                                                                    (@OfNat.ofNat.{0}
                                                                                                                      Nat
                                                                                                                      (nat_lit
                                                                                                                        2)
                                                                                                                      (instOfNatNat
                                                                                                                        (nat_lit
                                                                                                                          2)))
                                                                                                                    (@Nat.instNeZeroSucc
                                                                                                                      (@OfNat.ofNat.{0}
                                                                                                                        Nat
                                                                                                                        (nat_lit
                                                                                                                          1)
                                                                                                                        (instOfNatNat
                                                                                                                          (nat_lit
                                                                                                                            1))))
                                                                                                                    (nat_lit
                                                                                                                      1)))))
                                                                                                            (@OfNat.ofNat.{0}
                                                                                                              Nat
                                                                                                              (nat_lit
                                                                                                                2)
                                                                                                              (instOfNatNat
                                                                                                                (nat_lit
                                                                                                                  2)))))
                                                                                                        (@DFunLike.coe.{1,
                                                                                                              1, 1}
                                                                                                          (@Seminorm.{0,
                                                                                                                0}
                                                                                                            Real
                                                                                                            (@SchwartzMap.{0,
                                                                                                                  0}
                                                                                                              Real
                                                                                                              Complex
                                                                                                              Real.normedAddCommGroup
                                                                                                              (@InnerProductSpace.toNormedSpace.{0,
                                                                                                                    0}
                                                                                                                Real
                                                                                                                Real
                                                                                                                Real.instRCLike
                                                                                                                (@NormedAddCommGroup.toSeminormedAddCommGroup.{0}
                                                                                                                  Real
                                                                                                                  Real.normedAddCommGroup)
                                                                                                                (@RCLike.toInnerProductSpaceReal.{0}
                                                                                                                  Real
                                                                                                                  Real.instRCLike))
                                                                                                              Complex.instNormedAddCommGroup
                                                                                                              (@InnerProductSpace.toNormedSpace.{0,
                                                                                                                    0}
                                                                                                                Real
                                                                                                                Complex
                                                                                                                Real.instRCLike
                                                                                                                (@NormedAddCommGroup.toSeminormedAddCommGroup.{0}
                                                                                                                  Complex
                                                                                                                  Complex.instNormedAddCommGroup)
                                                                                                                instInnerProductSpaceRealComplex))
                                                                                                            (@SeminormedCommRing.toSeminormedRing.{0}
                                                                                                              Real
                                                                                                              (@NormedCommRing.toSeminormedCommRing.{0}
                                                                                                                Real
                                                                                                                (@NormedField.toNormedCommRing.{0}
                                                                                                                  Real
                                                                                                                  Real.normedField)))
                                                                                                            (@AddCommGroup.toAddGroup.{0}
                                                                                                              (@SchwartzMap.{0,
                                                                                                                    0}
                                                                                                                Real
                                                                                                                Complex
                                                                                                                Real.normedAddCommGroup
                                                                                                                (@InnerProductSpace.toNormedSpace.{0,
                                                                                                                      0}
                                                                                                                  Real
                                                                                                                  Real
                                                                                                                  Real.instRCLike
                                                                                                                  (@NormedAddCommGroup.toSeminormedAddCommGroup.{0}
                                                                                                                    Real
                                                                                                                    Real.normedAddCommGroup)
                                                                                                                  (@RCLike.toInnerProductSpaceReal.{0}
                                                                                                                    Real
                                                                                                                    Real.instRCLike))
                                                                                                                Complex.instNormedAddCommGroup
                                                                                                                (@InnerProductSpace.toNormedSpace.{0,
                                                                                                                      0}
                                                                                                                  Real
                                                                                                                  Complex
                                                                                                                  Real.instRCLike
                                                                                                                  (@NormedAddCommGroup.toSeminormedAddCommGroup.{0}
                                                                                                                    Complex
                                                                                                                    Complex.instNormedAddCommGroup)
                                                                                                                  instInnerProductSpaceRealComplex))
                                                                                                              (@SchwartzMap.instAddCommGroup.{0,
                                                                                                                    0}
                                                                                                                Real
                                                                                                                Complex
                                                                                                                Real.normedAddCommGroup
                                                                                                                (@InnerProductSpace.toNormedSpace.{0,
                                                                                                                      0}
                                                                                                                  Real
                                                                                                                  Real
                                                                                                                  Real.instRCLike
                                                                                                                  (@NormedAddCommGroup.toSeminormedAddCommGroup.{0}
                                                                                                                    Real
                                                                                                                    Real.normedAddCommGroup)
                                                                                                                  (@RCLike.toInnerProductSpaceReal.{0}
                                                                                                                    Real
                                                                                                                    Real.instRCLike))
                                                                                                                Complex.instNormedAddCommGroup
                                                                                                                (@InnerProductSpace.toNormedSpace.{0,
                                                                                                                      0}
                                                                                                                  Real
                                                                                                                  Complex
                                                                                                                  Real.instRCLike
                                                                                                                  (@NormedAddCommGroup.toSeminormedAddCommGroup.{0}
                                                                                                                    Complex
                                                                                                                    Complex.instNormedAddCommGroup)
                                                                                                                  instInnerProductSpaceRealComplex)))
                                                                                                            (@SMulZeroClass.toSMul.{0,
                                                                                                                  0}
                                                                                                              Real
                                                                                                              (@SchwartzMap.{0,
                                                                                                                    0}
                                                                                                                Real
                                                                                                                Complex
                                                                                                                Real.normedAddCommGroup
                                                                                                                (@InnerProductSpace.toNormedSpace.{0,
                                                                                                                      0}
                                                                                                                  Real
                                                                                                                  Real
                                                                                                                  Real.instRCLike
                                                                                                                  (@NormedAddCommGroup.toSeminormedAddCommGroup.{0}
                                                                                                                    Real
                                                                                                                    Real.normedAddCommGroup)
                                                                                                                  (@RCLike.toInnerProductSpaceReal.{0}
                                                                                                                    Real
                                                                                                                    Real.instRCLike))
                                                                                                                Complex.instNormedAddCommGroup
                                                                                                                (@InnerProductSpace.toNormedSpace.{0,
                                                                                                                      0}
                                                                                                                  Real
                                                                                                                  Complex
                                                                                                                  Real.instRCLike
                                                                                                                  (@NormedAddCommGroup.toSeminormedAddCommGroup.{0}
                                                                                                                    Complex
                                                                                                                    Complex.instNormedAddCommGroup)
                                                                                                                  instInnerProductSpaceRealComplex))
                                                                                                              (@AddZero.toZero.{0}
                                                                                                                (@SchwartzMap.{0,
                                                                                                                      0}
                                                                                                                  Real
                                                                                                                  Complex
                                                                                                                  Real.normedAddCommGroup
                                                                                                                  (@InnerProductSpace.toNormedSpace.{0,
                                                                                                                        0}
                                                                                                                    Real
                                                                                                                    Real
                                                                                                                    Real.instRCLike
                                                                                                                    (@NormedAddCommGroup.toSeminormedAddCommGroup.{0}
                                                                                                                      Real
                                                                                                                      Real.normedAddCommGroup)
                                                                                                                    (@RCLike.toInnerProductSpaceReal.{0}
                                                                                                                      Real
                                                                                                                      Real.instRCLike))
                                                                                                                  Complex.instNormedAddCommGroup
                                                                                                                  (@InnerProductSpace.toNormedSpace.{0,
                                                                                                                        0}
                                                                                                                    Real
                                                                                                                    Complex
                                                                                                                    Real.instRCLike
                                                                                                                    (@NormedAddCommGroup.toSeminormedAddCommGroup.{0}
                                                                                                                      Complex
                                                                                                                      Complex.instNormedAddCommGroup)
                                                                                                                    instInnerProductSpaceRealComplex))
                                                                                                                (@AddZeroClass.toAddZero.{0}
                                                                                                                  (@SchwartzMap.{0,
                                                                                                                        0}
                                                                                                                    Real
                                                                                                                    Complex
                                                                                                                    Real.normedAddCommGroup
                                                                                                                    (@InnerProductSpace.toNormedSpace.{0,
                                                                                                                          0}
                                                                                                                      Real
                                                                                                                      Real
                                                                                                                      Real.instRCLike
                                                                                                                      (@NormedAddCommGroup.toSeminormedAddCommGroup.{0}
                                                                                                                        Real
                                                                                                                        Real.normedAddCommGroup)
                                                                                                                      (@RCLike.toInnerProductSpaceReal.{0}
                                                                                                                        Real
                                                                                                                        Real.instRCLike))
                                                                                                                    Complex.instNormedAddCommGroup
                                                                                                                    (@InnerProductSpace.toNormedSpace.{0,
                                                                                                                          0}
                                                                                                                      Real
                                                                                                                      Complex
                                                                                                                      Real.instRCLike
                                                                                                                      (@NormedAddCommGroup.toSeminormedAddCommGroup.{0}
                                                                                                                        Complex
                                                                                                                        Complex.instNormedAddCommGroup)
                                                                                                                      instInnerProductSpaceRealComplex))
                                                                                                                  (@AddMonoid.toAddZeroClass.{0}
                                                                                                                    (@SchwartzMap.{0,
                                                                                                                          0}
                                                                                                                      Real
                                                                                                                      Complex
                                                                                                                      Real.normedAddCommGroup
                                                                                                                      (@InnerProductSpace.toNormedSpace.{0,
                                                                                                                            0}
                                                                                                                        Real
                                                                                                                        Real
                                                                                                                        Real.instRCLike
                                                                                                                        (@NormedAddCommGroup.toSeminormedAddCommGroup.{0}
                                                                                                                          Real
                                                                                                                          Real.normedAddCommGroup)
                                                                                                                        (@RCLike.toInnerProductSpaceReal.{0}
                                                                                                                          Real
                                                                                                                          Real.instRCLike))
                                                                                                                      Complex.instNormedAddCommGroup
                                                                                                                      (@InnerProductSpace.toNormedSpace.{0,
                                                                                                                            0}
                                                                                                                        Real
                                                                                                                        Complex
                                                                                                                        Real.instRCLike
                                                                                                                        (@NormedAddCommGroup.toSeminormedAddCommGroup.{0}
                                                                                                                          Complex
                                                                                                                          Complex.instNormedAddCommGroup)
                                                                                                                        instInnerProductSpaceRealComplex))
                                                                                                                    (@SubNegMonoid.toAddMonoid.{0}
                                                                                                                      (@SchwartzMap.{0,
                                                                                                                            0}
                                                                                                                        Real
                                                                                                                        Complex
                                                                                                                        Real.normedAddCommGroup
                                                                                                                        (@InnerProductSpace.toNormedSpace.{0,
                                                                                                                              0}
                                                                                                                          Real
                                                                                                                          Real
                                                                                                                          Real.instRCLike
                                                                                                                          (@NormedAddCommGroup.toSeminormedAddCommGroup.{0}
                                                                                                                            Real
                                                                                                                            Real.normedAddCommGroup)
                                                                                                                          (@RCLike.toInnerProductSpaceReal.{0}
                                                                                                                            Real
                                                                                                                            Real.instRCLike))
                                                                                                                        Complex.instNormedAddCommGroup
                                                                                                                        (@InnerProductSpace.toNormedSpace.{0,
                                                                                                                              0}
                                                                                                                          Real
                                                                                                                          Complex
                                                                                                                          Real.instRCLike
                                                                                                                          (@NormedAddCommGroup.toSeminormedAddCommGroup.{0}
                                                                                                                            Complex
                                                                                                                            Complex.instNormedAddCommGroup)
                                                                                                                          instInnerProductSpaceRealComplex))
                                                                                                                      (@AddGroup.toSubNegMonoid.{0}
                                                                                                                        (@SchwartzMap.{0,
                                                                                                                              0}
                                                                                                                          Real
                                                                                                                          Complex
                                                                                                                          Real.normedAddCommGroup
                                                                                                                          (@InnerProductSpace.toNormedSpace.{0,
                                                                                                                                0}
                                                                                                                            Real
                                                                                                                            Real
                                                                                                                            Real.instRCLike
                                                                                                                            (@NormedAddCommGroup.toSeminormedAddCommGroup.{0}
                                                                                                                              Real
                                                                                                                              Real.normedAddCommGroup)
                                                                                                                            (@RCLike.toInnerProductSpaceReal.{0}
                                                                                                                              Real
                                                                                                                              Real.instRCLike))
                                                                                                                          Complex.instNormedAddCommGroup
                                                                                                                          (@InnerProductSpace.toNormedSpace.{0,
                                                                                                                                0}
                                                                                                                            Real
                                                                                                                            Complex
                                                                                                                            Real.instRCLike
                                                                                                                            (@NormedAddCommGroup.toSeminormedAddCommGroup.{0}
                                                                                                                              Complex
                                                                                                                              Complex.instNormedAddCommGroup)
                                                                                                                            instInnerProductSpaceRealComplex))
                                                                                                                        (@AddCommGroup.toAddGroup.{0}
                                                                                                                          (@SchwartzMap.{0,
                                                                                                                                0}
                                                                                                                            Real
                                                                                                                            Complex
                                                                                                                            Real.normedAddCommGroup
                                                                                                                            (@InnerProductSpace.toNormedSpace.{0,
                                                                                                                                  0}
                                                                                                                              Real
                                                                                                                              Real
                                                                                                                              Real.instRCLike
                                                                                                                              (@NormedAddCommGroup.toSeminormedAddCommGroup.{0}
                                                                                                                                Real
                                                                                                                                Real.normedAddCommGroup)
                                                                                                                              (@RCLike.toInnerProductSpaceReal.{0}
                                                                                                                                Real
                                                                                                                                Real.instRCLike))
                                                                                                                            Complex.instNormedAddCommGroup
                                                                                                                            (@InnerProductSpace.toNormedSpace.{0,
                                                                                                                                  0}
                                                                                                                              Real
                                                                                                                              Complex
                                                                                                                              Real.instRCLike
                                                                                                                              (@NormedAddCommGroup.toSeminormedAddCommGroup.{0}
                                                                                                                                Complex
                                                                                                                                Complex.instNormedAddCommGroup)
                                                                                                                              instInnerProductSpaceRealComplex))
                                                                                                                          (@SchwartzMap.instAddCommGroup.{0,
                                                                                                                                0}
                                                                                                                            Real
                                                                                                                            Complex
                                                                                                                            Real.normedAddCommGroup
                                                                                                                            (@InnerProductSpace.toNormedSpace.{0,
                                                                                                                                  0}
                                                                                                                              Real
                                                                                                                              Real
                                                                                                                              Real.instRCLike
                                                                                                                              (@NormedAddCommGroup.toSeminormedAddCommGroup.{0}
                                                                                                                                Real
                                                                                                                                Real.normedAddCommGroup)
                                                                                                                              (@RCLike.toInnerProductSpaceReal.{0}
                                                                                                                                Real
                                                                                                                                Real.instRCLike))
                                                                                                                            Complex.instNormedAddCommGroup
                                                                                                                            (@InnerProductSpace.toNormedSpace.{0,
                                                                                                                                  0}
                                                                                                                              Real
                                                                                                                              Complex
                                                                                                                              Real.instRCLike
                                                                                                                              (@NormedAddCommGroup.toSeminormedAddCommGroup.{0}
                                                                                                                                Complex
                                                                                                                                Complex.instNormedAddCommGroup)
                                                                                                                              instInnerProductSpaceRealComplex))))))))
                                                                                                              (@DistribSMul.toSMulZeroClass.{0,
                                                                                                                    0}
                                                                                                                Real
                                                                                                                (@SchwartzMap.{0,
                                                                                                                      0}
                                                                                                                  Real
                                                                                                                  Complex
                                                                                                                  Real.normedAddCommGroup
                                                                                                                  (@InnerProductSpace.toNormedSpace.{0,
                                                                                                                        0}
                                                                                                                    Real
                                                                                                                    Real
                                                                                                                    Real.instRCLike
                                                                                                                    (@NormedAddCommGroup.toSeminormedAddCommGroup.{0}
                                                                                                                      Real
                                                                                                                      Real.normedAddCommGroup)
                                                                                                                    (@RCLike.toInnerProductSpaceReal.{0}
                                                                                                                      Real
                                                                                                                      Real.instRCLike))
                                                                                                                  Complex.instNormedAddCommGroup
                                                                                                                  (@InnerProductSpace.toNormedSpace.{0,
                                                                                                                        0}
                                                                                                                    Real
                                                                                                                    Complex
                                                                                                                    Real.instRCLike
                                                                                                                    (@NormedAddCommGroup.toSeminormedAddCommGroup.{0}
                                                                                                                      Complex
                                                                                                                      Complex.instNormedAddCommGroup)
                                                                                                                    instInnerProductSpaceRealComplex))
                                                                                                                (@AddMonoid.toAddZeroClass.{0}
                                                                                                                  (@SchwartzMap.{0,
                                                                                                                        0}
                                                                                                                    Real
                                                                                                                    Complex
                                                                                                                    Real.normedAddCommGroup
                                                                                                                    (@InnerProductSpace.toNormedSpace.{0,
                                                                                                                          0}
                                                                                                                      Real
                                                                                                                      Real
                                                                                                                      Real.instRCLike
                                                                                                                      (@NormedAddCommGroup.toSeminormedAddCommGroup.{0}
                                                                                                                        Real
                                                                                                                        Real.normedAddCommGroup)
                                                                                                                      (@RCLike.toInnerProductSpaceReal.{0}
                                                                                                                        Real
                                                                                                                        Real.instRCLike))
                                                                                                                    Complex.instNormedAddCommGroup
                                                                                                                    (@InnerProductSpace.toNormedSpace.{0,
                                                                                                                          0}
                                                                                                                      Real
                                                                                                                      Complex
                                                                                                                      Real.instRCLike
                                                                                                                      (@NormedAddCommGroup.toSeminormedAddCommGroup.{0}
                                                                                                                        Complex
                                                                                                                        Complex.instNormedAddCommGroup)
                                                                                                                      instInnerProductSpaceRealComplex))
                                                                                                                  (@SubNegMonoid.toAddMonoid.{0}
                                                                                                                    (@SchwartzMap.{0,
                                                                                                                          0}
                                                                                                                      Real
                                                                                                                      Complex
                                                                                                                      Real.normedAddCommGroup
                                                                                                                      (@InnerProductSpace.toNormedSpace.{0,
                                                                                                                            0}
                                                                                                                        Real
                                                                                                                        Real
                                                                                                                        Real.instRCLike
                                                                                                                        (@NormedAddCommGroup.toSeminormedAddCommGroup.{0}
                                                                                                                          Real
                                                                                                                          Real.normedAddCommGroup)
                                                                                                                        (@RCLike.toInnerProductSpaceReal.{0}
                                                                                                                          Real
                                                                                                                          Real.instRCLike))
                                                                                                                      Complex.instNormedAddCommGroup
                                                                                                                      (@InnerProductSpace.toNormedSpace.{0,
                                                                                                                            0}
                                                                                                                        Real
                                                                                                                        Complex
                                                                                                                        Real.instRCLike
                                                                                                                        (@NormedAddCommGroup.toSeminormedAddCommGroup.{0}
                                                                                                                          Complex
                                                                                                                          Complex.instNormedAddCommGroup)
                                                                                                                        instInnerProductSpaceRealComplex))
                                                                                                                    (@AddGroup.toSubNegMonoid.{0}
                                                                                                                      (@SchwartzMap.{0,
                                                                                                                            0}
                                                                                                                        Real
                                                                                                                        Complex
                                                                                                                        Real.normedAddCommGroup
                                                                                                                        (@InnerProductSpace.toNormedSpace.{0,
                                                                                                                              0}
                                                                                                                          Real
                                                                                                                          Real
                                                                                                                          Real.instRCLike
                                                                                                                          (@NormedAddCommGroup.toSeminormedAddCommGroup.{0}
                                                                                                                            Real
                                                                                                                            Real.normedAddCommGroup)
                                                                                                                          (@RCLike.toInnerProductSpaceReal.{0}
                                                                                                                            Real
                                                                                                                            Real.instRCLike))
                                                                                                                        Complex.instNormedAddCommGroup
                                                                                                                        (@InnerProductSpace.toNormedSpace.{0,
                                                                                                                              0}
                                                                                                                          Real
                                                                                                                          Complex
                                                                                                                          Real.instRCLike
                                                                                                                          (@NormedAddCommGroup.toSeminormedAddCommGroup.{0}
                                                                                                                            Complex
                                                                                                                            Complex.instNormedAddCommGroup)
                                                                                                                          instInnerProductSpaceRealComplex))
                                                                                                                      (@AddCommGroup.toAddGroup.{0}
                                                                                                                        (@SchwartzMap.{0,
                                                                                                                              0}
                                                                                                                          Real
                                                                                                                          Complex
                                                                                                                          Real.normedAddCommGroup
                                                                                                                          (@InnerProductSpace.toNormedSpace.{0,
                                                                                                                                0}
                                                                                                                            Real
                                                                                                                            Real
                                                                                                                            Real.instRCLike
                                                                                                                            (@NormedAddCommGroup.toSeminormedAddCommGroup.{0}
                                                                                                                              Real
                                                                                                                              Real.normedAddCommGroup)
                                                                                                                            (@RCLike.toInnerProductSpaceReal.{0}
                                                                                                                              Real
                                                                                                                              Real.instRCLike))
                                                                                                                          Complex.instNormedAddCommGroup
                                                                                                                          (@InnerProductSpace.toNormedSpace.{0,
                                                                                                                                0}
                                                                                                                            Real
                                                                                                                            Complex
                                                                                                                            Real.instRCLike
                                                                                                                            (@NormedAddCommGroup.toSeminormedAddCommGroup.{0}
                                                                                                                              Complex
                                                                                                                              Complex.instNormedAddCommGroup)
                                                                                                                            instInnerProductSpaceRealComplex))
                                                                                                                        (@SchwartzMap.instAddCommGroup.{0,
                                                                                                                              0}
                                                                                                                          Real
                                                                                                                          Complex
                                                                                                                          Real.normedAddCommGroup
                                                                                                                          (@InnerProductSpace.toNormedSpace.{0,
                                                                                                                                0}
                                                                                                                            Real
                                                                                                                            Real
                                                                                                                            Real.instRCLike
                                                                                                                            (@NormedAddCommGroup.toSeminormedAddCommGroup.{0}
                                                                                                                              Real
                                                                                                                              Real.normedAddCommGroup)
                                                                                                                            (@RCLike.toInnerProductSpaceReal.{0}
                                                                                                                              Real
                                                                                                                              Real.instRCLike))
                                                                                                                          Complex.instNormedAddCommGroup
                                                                                                                          (@InnerProductSpace.toNormedSpace.{0,
                                                                                                                                0}
                                                                                                                            Real
                                                                                                                            Complex
                                                                                                                            Real.instRCLike
                                                                                                                            (@NormedAddCommGroup.toSeminormedAddCommGroup.{0}
                                                                                                                              Complex
                                                                                                                              Complex.instNormedAddCommGroup)
                                                                                                                            instInnerProductSpaceRealComplex))))))
                                                                                                                (@DistribMulAction.toDistribSMul.{0,
                                                                                                                      0}
                                                                                                                  Real
                                                                                                                  (@SchwartzMap.{0,
                                                                                                                        0}
                                                                                                                    Real
                                                                                                                    Complex
                                                                                                                    Real.normedAddCommGroup
                                                                                                                    (@InnerProductSpace.toNormedSpace.{0,
                                                                                                                          0}
                                                                                                                      Real
                                                                                                                      Real
                                                                                                                      Real.instRCLike
                                                                                                                      (@NormedAddCommGroup.toSeminormedAddCommGroup.{0}
                                                                                                                        Real
                                                                                                                        Real.normedAddCommGroup)
                                                                                                                      (@RCLike.toInnerProductSpaceReal.{0}
                                                                                                                        Real
                                                                                                                        Real.instRCLike))
                                                                                                                    Complex.instNormedAddCommGroup
                                                                                                                    (@InnerProductSpace.toNormedSpace.{0,
                                                                                                                          0}
                                                                                                                      Real
                                                                                                                      Complex
                                                                                                                      Real.instRCLike
                                                                                                                      (@NormedAddCommGroup.toSeminormedAddCommGroup.{0}
                                                                                                                        Complex
                                                                                                                        Complex.instNormedAddCommGroup)
                                                                                                                      instInnerProductSpaceRealComplex))
                                                                                                                  (@Semiring.toMonoid.{0}
                                                                                                                    Real
                                                                                                                    (@Ring.toSemiring.{0}
                                                                                                                      Real
                                                                                                                      (@SeminormedRing.toRing.{0}
                                                                                                                        Real
                                                                                                                        (@SeminormedCommRing.toSeminormedRing.{0}
                                                                                                                          Real
                                                                                                                          (@NormedCommRing.toSeminormedCommRing.{0}
                                                                                                                            Real
                                                                                                                            (@NormedField.toNormedCommRing.{0}
                                                                                                                              Real
                                                                                                                              Real.normedField))))))
                                                                                                                  (@SubNegMonoid.toAddMonoid.{0}
                                                                                                                    (@SchwartzMap.{0,
                                                                                                                          0}
                                                                                                                      Real
                                                                                                                      Complex
                                                                                                                      Real.normedAddCommGroup
                                                                                                                      (@InnerProductSpace.toNormedSpace.{0,
                                                                                                                            0}
                                                                                                                        Real
                                                                                                                        Real
                                                                                                                        Real.instRCLike
                                                                                                                        (@NormedAddCommGroup.toSeminormedAddCommGroup.{0}
                                                                                                                          Real
                                                                                                                          Real.normedAddCommGroup)
                                                                                                                        (@RCLike.toInnerProductSpaceReal.{0}
                                                                                                                          Real
                                                                                                                          Real.instRCLike))
                                                                                                                      Complex.instNormedAddCommGroup
                                                                                                                      (@InnerProductSpace.toNormedSpace.{0,
                                                                                                                            0}
                                                                                                                        Real
                                                                                                                        Complex
                                                                                                                        Real.instRCLike
                                                                                                                        (@NormedAddCommGroup.toSeminormedAddCommGroup.{0}
                                                                                                                          Complex
                                                                                                                          Complex.instNormedAddCommGroup)
                                                                                                                        instInnerProductSpaceRealComplex))
                                                                                                                    (@AddGroup.toSubNegMonoid.{0}
                                                                                                                      (@SchwartzMap.{0,
                                                                                                                            0}
                                                                                                                        Real
                                                                                                                        Complex
                                                                                                                        Real.normedAddCommGroup
                                                                                                                        (@InnerProductSpace.toNormedSpace.{0,
                                                                                                                              0}
                                                                                                                          Real
                                                                                                                          Real
                                                                                                                          ⋯
                                                                                                                          ⋯
                                                                                                                          ⋯)
                                                                                                                        ⋯
                                                                                                                        ⋯)
                                                                                                                      ⋯))
                                                                                                                  ⋯))))
                                                                                                          ⋯ ⋯ ⋯ ⋯ ⋯))
                                                                                                      ⋯)
                                                                                                    ⋯)))
                                                                                              ⋯))))
                                                ⋯))))))))))
'OAI.SevenEighths.CenteredMomentEnergyPositiveHighSourceBounded.actual_positive_source_entry' depends on axioms: [propext,
 Classical.choice.{u},
 Quot.sound.{u}]
